lat,lon
49.6523125,18.8619971
49.7491128,18.6309751
49.7493935,18.6294921
49.7490924,18.6303964
49.7492169,18.6314385
49.7495776,18.6316642
49.7494169,18.6334656
49.7489943,18.6329258
49.7483386,18.6335791
49.7492965,18.633103
49.7488895,18.6339622
49.7487204,18.6321976
49.7497734,18.6399261
49.8810452,18.6148509
49.7201553,18.8109696
49.8009768,18.7886294
49.8006028,18.7874573
49.8031168,18.788175
49.8008586,18.7881466
49.7983074,18.7861421
49.8034463,18.7899705
49.8655022,18.6831364
49.9171452,18.7619449
49.9167237,18.7634536
49.5517938,18.9437972
49.7172943,19.0294048
49.7156517,19.0251315
49.7157903,19.0258023
49.5555801,19.088674
49.6052947,19.1147854
49.6089471,19.1238161
49.6447134,19.1611899
49.6808008,19.1879858
49.6810352,19.1881697
49.6825363,19.1895932
49.682407,19.1902798
49.6862808,19.1952192
49.6874967,19.1959183
49.6888855,19.2007459
49.687682,19.1967293
49.6878209,19.1966717
49.6877888,19.1969975
49.6887813,19.200522
49.6886012,19.1990392
49.6847485,19.2093564
49.6887098,19.2033029
49.688701,19.2033674
49.6871123,19.2084656
49.7215571,18.9192709
49.7974985,18.946835
49.7654201,19.0733582
49.8082424,18.9837151
49.8082263,18.9849239
49.8022362,19.0296467
49.8155987,19.014887
49.8217736,19.0263968
49.8236485,19.0270731
49.7826804,19.0676614
49.8059984,19.0564781
49.8168755,19.0435583
49.8221109,19.0453361
49.8229237,19.0484471
49.8233289,19.046308
49.8232601,19.0471428
49.823055,19.0486864
49.8235763,19.0477597
49.8208604,19.0519709
49.8215856,19.0544182
49.8230182,19.0541134
49.8229299,19.0537702
49.8232869,19.0541879
49.8222579,19.055167
49.8053264,19.0620902
49.8287434,19.042553
49.8266622,19.047323
49.8272485,19.0496171
49.8271243,19.0490948
49.9131737,19.0039573
49.9139695,19.0025629
49.9125434,19.0058617
49.9116297,19.0077068
49.9120134,19.0058668
49.9132364,19.0072281
49.9200182,19.0078305
49.7299598,19.1308524
49.8191934,19.2177376
49.8563036,19.0939934
49.8448782,19.1435277
49.8777497,19.1395665
49.8776058,19.2126394
49.8821712,19.2167135
49.8818641,19.2226557
49.8810449,19.2225001
49.8829841,19.2208318
49.8834196,19.2207567
49.8840383,19.221674
49.8836892,19.2221139
49.8835198,19.2221837
49.4799278,19.6936229
49.2963267,19.9473887
49.2923491,19.9588075
49.2952896,19.95264
49.2946769,19.9525922
49.2951358,19.951738
49.29395,19.9537938
49.297056,19.9636928
49.3008681,19.9617642
49.3411819,20.1041969
49.4825328,20.030082
49.4822707,20.0319465
49.4825548,20.0311687
49.4814785,20.0304683
49.4815964,20.0291586
49.629644,19.3325876
49.6538218,19.315599
49.7121731,19.3083965
49.7121682,19.307624
49.6603976,19.55705
49.8699237,19.3029303
49.8547657,19.340426
49.8547347,19.3396898
49.8552211,19.3430492
49.8550889,19.3412635
49.8552819,19.3435663
49.8567503,19.3335558
49.8569468,19.3483368
49.8906849,19.357805
49.8821979,19.4953967
49.8820589,19.4958228
49.8825719,19.4952009
49.8818334,19.4969851
49.8841694,19.4920174
49.8836012,19.4917938
49.8845905,19.4931557
49.8831553,19.4935555
49.8829935,19.4929489
49.7415602,19.5873698
49.7414373,19.5919296
49.7419592,19.6021226
49.7290891,19.6776999
49.8673234,19.6774496
49.8666348,19.6781391
49.8677603,19.6759638
49.8686896,19.6771682
49.8685435,19.6773948
49.5630674,19.8766928
49.6499829,19.8297654
49.6405171,19.9194202
49.6820049,19.9114447
49.6072026,19.9451986
49.6108006,19.9489258
49.6094723,19.9460459
49.6105199,19.9509098
49.6085809,19.9583868
49.6042445,19.9670102
49.6032689,19.9658347
49.6435958,20.1175446
49.6730592,20.078724
49.6745558,20.0777032
49.6751314,20.0763376
49.6776363,20.0819428
49.8457461,19.7149774
49.8444854,19.713624
49.8381902,19.7989214
49.8345891,19.9373229
49.8352942,19.9384797
49.8806084,20.090165
49.8791894,20.0918735
49.8798427,20.0936813
49.4027097,20.341004
49.461381,20.2659954
49.4405195,20.4276251
49.4270136,20.4799294
49.4412276,20.7152985
49.4897186,20.6820722
49.3555821,20.8957576
49.3549682,20.8959787
49.4139704,20.9563062
49.4211461,20.958183
49.4216875,20.9591453
49.525379,20.3211427
49.6820434,20.2340026
49.7160575,20.2475713
49.5569934,20.4355624
49.5735608,20.3450973
49.6063859,20.491489
49.7047988,20.4195171
49.7071539,20.4209935
49.7079015,20.4204351
49.7054814,20.4224277
49.7050958,20.4220202
49.7063835,20.4229527
49.7075217,20.425966
49.7096809,20.422662
49.706236,20.42338
49.7061071,20.4226437
49.7060389,20.422622
49.7094136,20.4232655
49.6409648,20.5030558
49.7533115,20.1782518
49.7777137,20.1903409
49.781929,20.1903053
49.7747184,20.2354276
49.7751565,20.235705
49.7290711,20.3246884
49.8451932,20.1408987
49.9086603,20.1982808
49.907038,20.198741
49.8645912,20.2893986
49.8649103,20.2919343
49.9087232,20.3392471
49.7218144,20.4039796
49.8032326,20.4187836
49.8044408,20.4178734
49.8449985,20.3731584
49.8265751,20.4892988
49.8586999,20.5255137
49.5259413,20.651217
49.5630739,20.6350778
49.5595276,20.7467129
49.6088549,20.7006795
49.6127295,20.7049985
49.5903267,20.7249721
49.6065029,20.7216606
49.6080641,20.7214615
49.63982,20.6166365
49.6678869,20.6211927
49.6185415,20.6955219
49.6226144,20.6933696
49.6238121,20.6920808
49.6235527,20.6926057
49.6237583,20.692365
49.6230103,20.6920405
49.6223969,20.6922497
49.622754,20.6920059
49.6191208,20.6966214
49.6177797,20.6968056
49.61502,20.7042933
49.6251956,20.7005438
49.6250833,20.6969171
49.6248078,20.6972582
49.6247899,20.7038636
49.6241856,20.7073154
49.6274572,20.704443
49.6218919,20.7208261
49.6290323,20.715123
49.602998,20.8808223
49.6254139,20.9451457
49.6247379,20.9501869
49.6253184,20.952673
49.7483807,20.7336789
49.8556894,20.8088873
49.8560462,20.8106458
49.8354002,20.9600137
49.5231014,21.0431432
49.6514029,21.1550497
49.6586712,21.1582802
49.6551165,21.1598096
49.6579138,21.1562749
49.6570648,21.1554353
49.657123,21.1571509
49.658579,21.1568369
49.6594305,21.1580051
49.6576115,21.1600593
49.6603617,21.157408
49.6602759,21.157755
49.6706015,21.173878
49.6200395,21.1974872
49.6554108,21.2536827
49.7838331,20.9740136
49.89479,21.05308
49.89479,21.0529
49.89555,21.05455
49.8955459,21.054008
49.8786016,21.1391227
49.8805424,21.1411136
49.7308565,21.2505486
49.7306322,21.2506909
49.877387,21.3049484
49.5112203,21.4997124
49.6049117,21.5244364
49.6048731,21.5244222
49.5547946,21.6844943
49.5554505,21.6828743
49.648155,21.67281
49.7121003,21.642051
49.7110391,21.655897
49.6959498,21.7562286
49.6949514,21.7545702
49.6788287,21.774439
49.6790948,21.7755436
49.6772728,21.776697
49.6792163,21.7766931
49.6900102,21.7708936
49.6866614,21.7742022
49.6873489,21.7728535
49.6894834,21.7727342
49.6944659,21.7643532
49.6956723,21.7580975
49.6939724,21.7648245
49.6927878,21.766102
49.6942031,21.7646099
49.6945834,21.7652969
49.6927642,21.7729015
49.7430415,21.4706031
49.7411073,21.4708646
49.7450827,21.4701721
49.7438573,21.4705854
49.7453222,21.4736944
49.7465655,21.4755874
49.7466085,21.4753435
49.7480656,21.4741688
49.8793713,21.410216
49.8793327,21.4115566
49.9144324,21.4160977
49.8684798,21.6529514
49.8688534,21.7870746
49.8686083,21.788988
49.8691201,21.7846397
49.8697786,21.7886076
49.869825,21.792323
49.2125505,22.3280333
49.4692497,22.3295297
49.4681817,22.3301791
49.4710966,22.3324148
49.4707641,22.3294985
49.4707393,22.32952
49.4303865,22.5869799
49.4298287,22.5890024
49.4308966,22.5865945
49.4309635,22.5868933
49.5754335,21.8676569
49.5599872,22.2020769
49.5597735,22.2028875
49.5599029,22.2042959
49.5583392,22.2095031
49.5596786,22.2050538
49.5588824,22.2040698
49.55534,22.2054064
49.5601684,22.20519
49.5606604,22.2051775
49.5587635,22.2039926
49.5580033,22.2109133
49.7510358,21.9403785
49.7520482,22.1163235
49.8858808,22.0994846
49.924632,22.1631132
49.8898311,22.284995
49.8243972,22.3930493
49.7988568,22.5460672
49.9068061,22.5162075
49.6954812,22.7449105
49.7846115,22.7517094
49.7820987,22.7735978
49.7836109,22.7718864
49.7825252,22.7730045
49.782179,22.7732022
49.782029,22.7720231
49.7878052,22.7666975
49.7875152,22.7666138
49.7876552,22.7666804
49.7865471,22.7666862
49.7866918,22.7666664
49.784567,22.7740986
49.782418,22.7822102
49.79066,22.7827525
49.8077691,22.9333862
50.9059938,14.9568056
50.906601,14.9568003
50.9067244,14.9555531
51.0245995,15.0622506
51.0250471,15.0627617
51.1378956,15.0129052
51.1460992,15.0091837
51.1503022,15.0048091
51.1501987,15.0056191
51.1503526,15.0028417
51.1504124,15.0032856
51.149779,15.0030107
51.1493265,15.0024981
51.1485885,15.0054354
51.149063,15.0059021
51.1492303,15.0060232
51.1492627,15.0066689
51.1491439,15.0059078
51.1561833,15.0071777
51.1497668,15.0099707
51.2482509,15.0429581
51.541132,14.735719
50.3025289,16.637633
50.2998376,16.6520998
50.2996158,16.6477055
50.2994513,16.6476552
50.4392255,16.239771
50.4376468,16.2395591
50.4384229,16.239862
50.7071972,16.000998
50.7673976,16.2830044
50.4039865,16.390058
50.4038433,16.3898605
50.4065567,16.5112917
50.4060156,16.5117172
50.4069765,16.5121969
50.5041532,16.4005819
50.547559,16.5520222
50.4389437,16.6394016
50.4353372,16.6514835
50.438279,16.651859
50.4387607,16.6518488
50.4371703,16.6570081
50.4389857,16.6537185
50.4384453,16.655108
50.5065721,16.740474
50.5783378,16.5019421
50.5811136,16.4975196
50.5812615,16.4972802
50.5789034,16.5017379
50.6014855,16.5042973
50.6858075,16.3719039
50.6856139,16.3720792
50.6855536,16.6178191
50.6838843,16.6229363
50.7302869,16.6484882
50.829262,15.5185578
50.9704865,15.3828596
50.9704173,15.3832085
51.0248974,15.2639592
51.1044601,15.2043999
51.1185086,15.288694
51.1197015,15.2887943
51.1203345,15.2888479
51.1204202,15.2885187
51.1191814,15.2894841
51.1187803,15.2892715
51.1208228,15.2898323
51.1192033,15.2896409
51.1192645,15.2896673
50.8487869,15.595645
50.775237,15.7592699
50.7956047,15.8329837
50.9009872,15.7332444
50.9032817,15.732048
50.9029649,15.7322632
50.9018739,15.7349985
50.9032059,15.7320878
50.9027821,15.7323389
50.9040464,15.7327747
50.9029937,15.7376505
50.9027443,15.7369581
50.9027917,15.7384736
50.903086,15.7386787
50.9032425,15.7391924
50.9030031,15.7405831
50.9031025,15.7391151
50.9030219,15.7388989
50.9032143,15.7397842
50.9053396,15.7335794
50.9115224,15.748687
50.9084603,15.7487267
51.1105542,15.5880316
51.1111364,15.5857404
51.1115896,15.5860627
51.1099969,15.5891734
51.1209,15.8170239
51.1243937,15.9163325
51.123353,15.9145857
51.1239908,15.9153066
51.1235111,15.9183962
51.1247697,15.9162599
51.1243352,15.916991
51.1245496,15.9159788
51.1243458,15.9161708
51.123517,15.9149353
51.2875917,15.2222838
51.399460500000004,15.1797509
51.5544257,15.4479786
51.2643454,15.5519717
51.2628545,15.5638139
51.2633132,15.5629322
51.2640398,15.560692
51.2626994,15.5691295
51.2616326,15.5658455
51.2613325,15.5719342
51.260192,15.5719374
51.2601322,15.5932539
51.232329,15.6663914
51.2716256,15.9297616
51.2714018,15.9318603
51.2717551,15.93258
51.2739405,15.9330581
51.2726119,15.9351062
51.4741203,15.6145036
51.5514804,15.5798563
51.566405,15.5370446
51.5664454,15.5374536
51.5664571,15.5375877
51.566162,15.5398113
51.5658238,15.539289
51.566078,15.5397088
51.6006267,15.6995992
51.5873771,15.7133418
51.4183721,15.9004481
51.4178606,15.9026301
51.4179275,15.9018334
51.4180296,15.9013909
51.4180431,15.9044645
51.5270018,15.7871696
50.7791764,16.0377225
50.7822923,16.0278858
50.7810626,16.030894
50.7818393,16.0318226
50.7817541,16.0331792
50.783137,16.0335798
50.7831878,16.0336346
50.7826172,16.0326036
50.8505777,16.0156672
50.9220216,16.1008408
50.7705841,16.2774008
50.7717634,16.2766535
50.7720042,16.2762297
50.7710075,16.2776462
50.7677248,16.2815679
50.7676876,16.2808254
50.7684404,16.2796852
50.8015548,16.2536412
50.80959,16.2794941
50.8080279,16.2802739
50.819934,16.2801633
50.8590927,16.3219917
50.8591998,16.3206604
50.8590781,16.3205713
50.8599726,16.3173266
50.8594266,16.3191445
50.8596836,16.3187065
50.8602812,16.3196004
50.8607368,16.3248317
50.8602415,16.3197748
50.8594943,16.3188668
50.9627053,16.3436727
50.963196,16.3436026
50.9596527,16.3470282
51.1482672,16.0448387
51.0502513,16.1942012
50.8447699,16.470243
50.8422834,16.486088
50.8416135,16.485393
50.8427312,16.4860784
50.84136,16.4840118
50.8427908,16.4883591
50.8422998,16.4878261
50.8416823,16.4884579
50.8436035,16.4857214
50.8398355,16.4873906
50.8435719,16.4864972
50.841901,16.4873734
50.8419094,16.487765
50.8418485,16.4879433
50.8418991,16.487384
50.8413236,16.4903992
50.84232,16.4894688
50.8407162,16.4950378
50.9149869,16.4278701
50.9130092,16.4327034
50.8794952,16.5813319
51.0295469,16.7710446
51.0335436,16.7630289
51.0305547,16.7706355
51.0298682,16.7718317
51.1632362,16.5994798
51.1633563,16.5957722
51.1629167,16.5967828
51.2063019,16.1570191
51.2055817,16.158692
51.2065347,16.1605747
51.2065599,16.1595984
51.2061785,16.1585054
51.2071286,16.1523198
51.2094597,16.1650822
51.2090146,16.1644577
51.208847,16.1639328
51.2086873,16.1640267
51.2085941,16.1635225
51.2080565,16.163012
51.2078823,16.1627461
51.2093075,16.1657584
51.2103355,16.1625694
51.2091165,16.1702019
51.2094959,16.1714663
51.2091712,16.1697001
51.2090898,16.1703992
51.2035915,16.188968
51.2013001,16.206332
51.3880814,16.2114666
51.3961496,16.2040972
51.5782133,15.9521781
51.5031869,16.068775
51.5030892,16.0676601
51.5051741,16.0690472
51.5041659,16.0680557
51.5039491,16.068336
51.5039405,16.0686028
51.5034732,16.067603
51.5036801,16.0686136
51.5036139,16.0686362
51.5047847,16.0707649
51.5046221,16.0702002
51.4029477,16.1735616
51.4021211,16.1736911
51.4021741,16.1735955
51.4044688,16.170705
51.3987654,16.1987922
51.4010671,16.2006213
51.3992444,16.2035614
51.4024469,16.2075652
51.2202567,16.4939434
51.2698422,16.7077193
51.2655888,16.7065919
51.265589,16.7052577
51.2655752,16.7054217
51.2704621,16.7077929
51.3365156,16.6437151
51.3366655,16.6439179
51.3366127,16.6442635
51.3362582,16.6476657
51.3363553,16.6491659
51.336026,16.6485011
51.335208,16.64932
51.3360331,16.6487014
51.5451411,16.5166123
51.5612822,16.6904228
51.5668545,16.6962421
51.6593918,14.7664763
51.6402987,15.0025694
51.7879877,14.9707764
51.788019,14.9709654
51.7847209,14.9691425
51.7883827,14.9728499
51.7880065,14.9708704
51.7902479,14.9735526
51.7525753,15.0119658
51.9466093,14.7283704
51.9516578,14.7231
51.9484231,14.7265586
51.9480223,14.7266771
51.9483496,14.7283709
51.9492374,14.7284688
51.9552486,14.7222864
51.9599661,14.7220465
52.3501347,14.5604556
52.3481669,14.560858
52.3521677,14.5620446
52.3532647,14.5609929
52.3518218,14.5603366
52.3536671,14.5612121
52.3543357,14.5688707
52.1953053,14.7961949
52.054326,15.0976874
52.4052957,14.7609767
52.3142694,15.05932
52.4941363,14.6539158
52.5868533,14.6504265
52.5942311,14.6301047
52.5960363,14.6398854
52.5893982,14.6502781
52.5898591,14.6494117
52.5889583,14.6539925
52.5882641,14.6557011
52.5883015,14.655745
52.8580745,14.3958006
52.785721,14.4953102
52.4529042,14.8755144
52.5847308,15.0064281
52.7379962,14.6965999
52.738303,14.6967618
52.739601,14.7033714
52.7408938,14.7055618
52.6733522,14.900378
52.7797315,14.9481625
52.963694,14.42682
52.960602,14.434708
52.964359,14.4319713
52.9654004,14.6070513
53.1268035,14.3920114
53.1004333,14.6604418
53.2539548,14.4900936
53.254387,14.4947554
53.0038623,14.9676876
53.0037138,14.970461
53.2016583,14.7276171
53.1420051,14.8915631
53.1463966,14.8921046
53.1045157,15.0761685
51.6310613,15.130712
51.6379917,15.1370774
51.6359586,15.1353683
51.6384051,15.133105
51.6394541,15.126958
51.6388353,15.1438096
51.638115,15.1413556
51.6380462,15.1404463
51.6379877,15.1390272
51.6382231,15.1411255
51.6357527,15.1391186
51.6355867,15.1426525
51.7989072,15.2343713
51.8008978,15.2466281
51.6162539,15.3217812
51.614479,15.3218067
51.6173726,15.3171584
51.6171798,15.3170124
51.6142261,15.3201759
51.61639,15.32301
51.6143557,15.322504
51.6144723,15.322614
51.6144157,15.3231008
51.614312,15.3228547
51.6144852,15.3225102
51.6144409,15.3228768
51.9263841,15.4880355
51.936962,15.4805071
51.939107,15.4842233
51.9351036,15.4802289
51.9288842,15.4935427
51.9322204,15.4949594
51.9290179,15.493401
51.9338516,15.5067447
51.9390497,15.5053126
51.9380109,15.50479
51.9391541,15.504819
51.9378859,15.5014609
51.9370417,15.5051153
51.9423103,15.505645
51.941114,15.5042486
51.942011,15.5055481
51.9416638,15.5056322
51.9411701,15.5048534
51.9352892,15.5118869
51.9396417,15.5063229
51.9396641,15.5121097
51.9365426,15.5104612
51.9422202,15.5058515
51.9429266,15.5099027
51.9427851,15.5068448
51.942702,15.5066811
51.9425631,15.5078493
51.9421587,15.5076484
51.9431625,15.5067123
51.9429872,15.507249
52.0125743,15.4217785
51.7456432,15.5945779
51.7456316,15.5944572
51.7460475,15.5952119
51.8040668,15.7023592
51.8022163,15.717126499999999
51.802889,15.7174001
51.8023604,15.7170964
51.8011835,15.7169883
51.8035454,15.7150055
51.807996,15.7136873
51.8036917,15.7171158
51.8031913,15.7172063
51.8060716,15.7163102
51.6906367,15.7309525
51.6248309,15.8835226
51.7307165,15.8241648
52.0539283,15.1014868
52.0540578,15.1037828
52.333397,15.2960128
52.4413506,15.1125628
52.442849,15.1114869
52.4384192,15.1160487
52.4412974,15.1131606
52.4418681,15.1136246
52.0833936,15.6256738
52.084716,15.6251366
52.0847838,15.6260487
52.0859284,15.6252883
52.0858469,15.6252722
52.0857192,15.6256482
52.0857027,15.6260358
52.0714134,15.8610829
52.2485643,15.5350035
52.2472926,15.5333713
52.2479537,15.5354462
52.247874,15.5355012
52.2483623,15.5348206
52.2481009,15.5350413
52.2496893,15.5328928
52.2489502,15.5334191
52.2496579,15.5341541
52.4442194,15.578735
52.4440788,15.577925
52.4441985,15.5931266
52.2451052,15.8154041
52.2420831,15.81626
52.2530251,15.9180276
52.2496356,15.9204057
52.2495156,15.9199787
52.2497443,15.9208235
52.2503612,15.924812
51.6519892,16.0605407
51.6525631,16.0652556
51.656828,16.0875297
51.6459635,16.11011
51.6651376,16.0788663
51.6665887,16.0804965
51.6648573,16.0873367
51.6647214,16.0879737
51.6650121,16.0867581
51.6600674,16.0835212
51.664581,16.0853431
51.6637931,16.0911291
51.6637811,16.0906169
51.664066,16.0901166
51.6637,16.0914604
51.66416,16.0892785
51.6639336,16.09008
51.6628334,16.0915512
51.6634207,16.0905132
51.6646132,16.0926509
51.6657254,16.0840017
51.7115504,16.241796
51.8065205,16.3184333
51.8053285,16.3183296
51.8074507,16.3155837
51.80926,16.3138017
51.807476,16.3153626
51.8796527,16.0671266
51.8788684,16.0688149
51.8789484,16.068957
51.9170271,16.1856074
52.0068881,16.3001057
51.6892561,16.36104
51.6679368,16.5380632
51.6683039,16.5368542
51.6691216,16.5392545
51.6680591,16.5382786
51.6678122,16.5388793
51.6679444,16.5375973
51.6683249,16.5357493
51.6718077,16.5381242
51.7859737,16.6674554
51.7119991,16.749737
51.9086814,16.4518131
51.9173973,16.5652985
51.8413416,16.5745056
51.841482,16.5838859
51.8416752,16.584721
51.8362438,16.5863886
51.8401232,16.5901413
51.8266024,16.5990339
51.8269028,16.5987841
51.8428962,16.570487
51.8429551,16.5710409
51.8431448,16.572956
51.8431434,16.5719044
51.8440385,16.5739585
51.8431566,16.5725734
51.8431994,16.5721524
51.8452765,16.5681968
51.8441185,16.5703427
51.8428206,16.5747937
51.8436472,16.5751197
51.8428253,16.5776678
51.842968,16.5741454
51.8445276,16.5791219
51.8476162,16.5810928
51.846599,16.5973384
52.1171391,16.1118358
52.1161525,16.1100992
52.1170317,16.1103759
52.1177043,16.1131701
52.1390986,15.9961608
52.1196851,16.3520966
52.1391859,16.2718621
52.3148136,16.1233363
52.3171975,16.1347769
52.3170293,16.1343376
52.3172871,16.13163
52.3161097,16.1302524
52.3158983,16.1322381
52.3172596,16.1324209
52.3158698,16.1317437
52.3171224,16.1367618
52.3971822,16.1192052
52.22501,16.3692445
52.2256023,16.3663441
52.225313,16.3668697
52.2254225,16.3662917
52.2238488,16.3678352
52.0850217,16.6436409
52.086384,16.6446634
52.0860691,16.6446856
52.0866608,16.6449484
52.0868486,16.644699
52.0863371,16.6446146
52.0867027,16.6452695
52.1423939,16.7581078
52.1434815,16.7647376
52.3091741,16.4166017
52.3089105,16.4139925
52.3088082,16.4186708
52.3533053,16.5205243
52.353859,16.520413
52.2794519,16.7014708
52.2811291,16.7060407
52.3580726,16.683365
52.3790862,16.7447761
52.7357041,15.1960181
52.7311216,15.2277205
52.7298261,15.2300616
52.7298613,15.2351949
52.7314958,15.2369603
52.7313682,15.2393449
52.7328487,15.2374618
52.7317801,15.2395974
52.7317925,15.2372806
52.73146,15.2411231
52.7304985,15.2372419
52.7302809,15.2387466
52.7322746,15.2393039
52.7324735,15.2389778
52.7319568,15.2417396
52.7311565,15.2407348
52.7315971,15.2387658
52.7334436,15.2457072
52.7374354,15.2105518
52.7387905,15.2135576
52.7350638,15.2121571
52.7364609,15.2184491
52.7400121,15.2273999
52.7399557,15.2274445
52.7396268,15.2321273
52.7407772,15.231909
52.7580049,15.2530398
52.7875786,15.213284
52.7605053,15.2600956
52.7608664,15.2589889
52.7613178,15.2674332
52.7614899,15.2676263
52.4452707,15.5758355
52.5778409,15.6803073
52.4794494,15.7790671
52.603086,15.8920125
52.6037328,15.8916137
52.60466,15.8940973
52.6055972,15.8974532
52.7240304,15.5311057
52.8568076,15.6786217
52.8350975,15.8308749
52.8396171,15.8300931
52.8397678,15.8306146
52.8400497,15.831487
52.8393295,15.8305923
52.840203700000004,15.831351
52.840479,15.8311255
52.8419911,15.8310002
52.9914091,15.2166276
52.9896572,15.2131501
52.9939974,15.2200113
52.9937101,15.2183987
52.9951594,15.2193659
53.0434815,15.3019641
53.0432407,15.3032551
53.1904244,15.2031281
53.1669534,15.4126132
53.0793779,15.4851551
53.1648244,15.4201103
53.1654342,15.4270821
53.1659712,15.4267631
53.1669628,15.4194086
53.167549,15.4187955
53.1690722,15.4193087
53.167874,15.417718
53.1677122,15.4163581
53.1673121,15.4151627
53.1678541,15.4167661
52.8788136,15.5338337
52.8796489,15.5348354
53.032919,15.6629791
52.9690071,15.7511706
52.9695946,15.7527074
53.2620893,15.551673
53.2594866,15.5474452
53.2186964,15.7607932
52.5510261,16.0845633
52.6509049,16.0775985
52.4482427,16.1798553
52.5088513,16.252085
52.509713,16.2559166
52.5084767,16.2555567
52.6276146,16.2174337
52.4484834,16.4002319
52.4485637,16.4053676
52.5639191,16.4380133
52.6255442,16.457009
52.4645218,16.6634489
52.4642821,16.6630768
52.4644111,16.6642126
52.4648799,16.6627896
52.5127918,16.5844143
52.5127895,16.7413887
52.5129818,16.7402391
52.6123755,16.5796294
52.6107115,16.5784822
52.6111041,16.5787159
52.611881,16.5797594
52.6114425,16.5779645
52.6116029,16.578775
52.6118144,16.5782783
52.6109187,16.5783516
52.6107101,16.5792038
52.603377,16.5915252
52.604587,16.5899279
52.7100217,16.3736493
52.7076335,16.3790905
52.7164091,16.3727401
52.7104623,16.3850819
52.7076775,16.5269659
52.8484104,16.5239501
52.8800772,16.0131441
52.8811652,16.015789
52.8918745,16.170125
52.8998986,16.5599722
52.9004806,16.5613869
52.9033328,16.5634444
52.9036883,16.5636036
52.9043077,16.5615199
53.0403263,16.4623663
53.0413361,16.4622336
53.0416472,16.4559405
53.0427081,16.4619789
53.0416704,16.4620545
53.0527175,16.7266768
53.2734351,16.468515
53.2731722,16.4680306
53.272658,16.472105
53.2721583,16.4693417
53.1478652,16.7355852
53.1495538,16.7373109
53.1491117,16.7337267
53.1492469,16.7331662
53.1478699,16.7372383
53.1475419,16.7386684
53.1474909,16.7391293
53.147514,16.7388253
53.1527064,16.7461159
53.153343,16.7481128
53.1532946,16.7472034
50.3439005,16.8782816
50.321209,17.5826022
50.3215124,17.5794941
50.3225294,17.5734661
50.520414100000004,16.8733039
50.5244845,16.8713912
50.464286,17.0068008
50.4640113,17.0068445
50.4653524,17.1729076
50.590479,16.8111952
50.5896713,16.8118743
50.5939194,16.8128789
50.5913762,16.8120316
50.5919569,16.8323035
50.5707262,17.1509559
50.4710756,17.33587
50.4737426,17.3321135
50.4741914,17.3325631
50.4742753,17.3326491
50.4741884,17.3308952
50.4738583,17.3329847
50.4753618,17.335117
50.4776698,17.3365216
50.5379231,17.5616403
50.6974429,17.3801354
50.6978635,17.3854127
50.6978849,17.3856137
50.6978918,17.3857023
50.6428047,17.6122495
50.6964499,17.5512917
50.7488499,17.6157134
50.0798203,18.0046264
50.0797982,18.0049122
50.2837459,18.0025979
50.0052887,18.2361355
50.0830473,18.2108919
50.0848294,18.2131
50.0847672,18.2131041
50.0846209,18.213122
50.0891917,18.2096973
50.0920616,18.2174893
50.0873967,18.2163162
50.0902621,18.2161385
50.0917801,18.2187257
50.0916689,18.2184798
50.0921632,18.2170032
50.0918828,18.2168024
50.0861209,18.2142207
50.0925802,18.216732
50.0882439,18.2205659
50.0913155,18.2221967
50.0911149,18.2217291
50.0905993,18.2229386
50.0906858,18.2242462
50.0908027,18.2239902
50.0907376,18.2224363
50.0919412,18.2202259
50.0908887,18.2195631
50.091755,18.2190568
49.9369235,18.3225776
50.0219593,18.3405802
49.961944,18.4055515
50.0407214,18.3055935
50.1199756,18.3932689
50.1085864,18.4309836
50.3339617,18.1460818
50.3346146,18.1463684
50.3341374,18.1439335
50.345037,18.2102048
50.3435641,18.2102995
50.3451856,18.2096665
50.3471709,18.2183749
50.3470333,18.2175893
50.345645,18.2202163
50.345503,18.2203882
50.3455685,18.2193506
50.2009242,18.310896
50.456839,17.727999
50.3532218,17.8604134
50.3548814,17.8616452
50.4728241,17.9629677
50.4763544,17.966294
50.4763419,17.9678808
50.4756229,17.9657515
50.4763029,17.9639455
50.4740969,17.9665249
50.6418407,17.6196547
50.7486782,17.6170455
50.7592099,17.6819458
50.5732572,17.9870223
50.6816105,17.8832597
50.6675771,17.9228059
50.6684606,17.9230842
50.6632521,17.9299596
50.6632413,17.9299946
50.6660721,17.9262229
50.6675835,17.9248333
50.664511,17.9249888
50.6642611,17.9250398
50.6656331,17.9248225
50.665798,17.924498
50.6670895,17.9254978
50.6632204,17.926381
50.6700082,17.9212668
50.7250083,17.900493
50.6681512,17.9374139
50.6724629,17.9702274
50.6706675,17.9703302
50.6715119,17.9738772
50.3871983,18.3491527
50.5111127,18.2812763
50.511441,18.3006091
50.5108039,18.2997164
50.5101601,18.3006142
50.5106079,18.3064336
50.7392697,18.0754517
50.6769178,18.2149732
50.7633483,18.3441002
50.7287505,18.4439119
50.9717588,16.9281426
50.7802426,17.0720998
50.8822089,16.989441
51.0487895,16.9596487
51.0643103,16.9789854
51.0635899,16.9830132
51.0634866,16.9825215
51.146193,16.8665641
51.1455037,16.8708393
51.1455202,16.8694805
51.1117061,16.9596656
51.1145083,16.9585272
51.1122755,16.9597417
51.1112985,16.9594237
51.1125591,16.959509
51.1256099,16.973245
51.1302358,16.9654028
51.1269655,16.9752771
51.1270794,16.977636
51.1249731,16.9859833
50.9819262,17.0435777
51.0602889,17.0032366
51.0591435,17.0080359
51.0591993,17.0075721
51.0798772,17.0408957
51.0596734,17.0846439
51.0320857,17.1502052
51.0352113,17.1523626
51.0883223,16.9984598
51.0887845,16.9986821
51.0886187,16.9984346
51.1008818,17.0079794
51.0889,17.0143
51.0890883,17.0145646
51.089402,17.0149307
51.0895851,17.0149226
51.0912114,17.0170392
51.0914169,17.0172538
51.0895037,17.0149426
51.0891095,17.014551
51.0909294,17.0152019
51.0888094,17.0210115
51.0835496,17.0368188
51.0835347,17.0392729
51.083545,17.0387678
51.0835655,17.0378397
51.0835856,17.0384896
51.0835588,17.0381379
51.0963565,17.0245644
51.095349,17.021551
51.1064198,17.0173498
51.1029123,17.0250315
51.1015306,17.0277138
51.1011947,17.0284495
51.0985809,17.030341
51.0980589,17.0321189
51.0982078,17.0325755
51.1006646,17.0310188
51.100027,17.0347595
51.1024366,17.0323848
51.1082567,17.038165
51.1075637,17.0355002
51.1081497,17.0377787
51.1074348,17.0380026
51.1070375,17.038263
51.1190815,16.9888289
51.1206878,16.9931551
51.1207507,16.9930375
51.1201124,16.9949464
51.1204832,16.9935173
51.1118967,17.0026973
51.1139474,17.005671
51.1173306,17.0007554
51.1226355,16.9890779
51.1227815,16.99115
51.1107322,17.014275
51.1101338,17.0257927
51.1114387,17.0232043
51.1098107,17.0299813
51.1109752,17.0305665
51.1123932,17.0306195
51.1102884,17.0273702
51.1090983,17.0383551
51.1098883,17.0334008
51.1101039,17.0344195
51.1089934,17.0338439
51.1097883,17.0333674
51.1084283,17.0381783
51.1103079,17.0386058
51.1215296,17.0347984
51.0873009,17.0407503
51.0873623,17.0401913
51.0835255,17.0394196
51.0850917,17.0453247
51.0906094,17.0620321
51.0993075,17.0398124
51.108186,17.0443321
51.1080071,17.0409665
51.1056378,17.0428607
51.1081018,17.0410283
51.1073028,17.0398298
51.1177045,17.0410069
51.117585,17.0413198
51.1185445,17.0423686
51.120576,17.0408718
51.1206337,17.042782
51.1107862,17.056619
51.112924,17.0564695
51.1122288,17.0601467
51.1138088,17.060165
51.1112839,17.0618677
51.1117133,17.0623585
51.1117908,17.0626482
51.1131774,17.0592332
51.1129397,17.0593863
51.115862,17.0582283
51.1305033,17.0410829
51.1301132,17.0430646
51.1288054,17.0532453
51.1321633,17.0663633
51.1323935,17.0663033
51.1363701,17.0243771
51.1386784,17.0317674
51.1347666,17.0370668
51.135124,17.0370042
51.1347395,17.0377216
51.153533,17.0441701
51.1422032,17.0880365
51.1465793,17.1131814
51.1469124,17.1136506
51.1474199,17.1144881
51.1458121,17.1118902
51.1477212,17.1158446
51.1552444,17.1179031
51.1454324,17.1275194
51.146273,17.1351323
51.1409797,17.1660899
51.1366364,17.1772942
50.813583,17.2002644
50.9482581,17.2745424
50.9427271,17.2943429
50.9427721,17.2976218
50.9424013,17.2953741
50.943384,17.2955338
50.9413501,17.2965503
50.9424753,17.2958624
50.942425,17.2964264
50.941293,17.2965031
50.9418673,17.2999734
50.9423269,17.2950138
50.9462473,17.2956425
50.8590897,17.4704955
50.8478772,17.4726817
50.8575815,17.4730857
50.8590271,17.4719667
50.858558,17.4727351
50.8614133,17.4692463
50.8598541,17.4700033
50.8600173,17.4696777
50.8606561,17.4699717
50.8620864,17.4682501
50.8605732,17.4687285
50.8604935,17.4677537
50.790815,17.5623276
50.9137878,17.5196785
51.0337546,17.3386941
51.0331401,17.3378466
51.3013502,16.9142415
51.3007855,16.9168869
51.3010751,16.9164886
51.3074414,17.0586333
51.3101396,17.0638126
51.3094837,17.0636825
51.3067156,17.0609156
51.4714417,16.9076852
51.2092128,17.3798316
51.208835,17.3797646
51.2070289,17.3793179
51.2071701,17.3793211
51.2099809,17.3793016
51.2070565,17.378936
51.2039202,17.3881504
51.210162,17.3814109
51.2140026,17.3701234
51.3640115,17.4696657
51.3647554,17.4678089
51.3655757,17.4716935
51.3658672,17.4686174
51.5323523,17.2744751
51.531566,17.2747386
51.5317123,17.2761584
51.569254,17.4585279
51.6061014,17.5320093
50.8209286,17.7414284
50.7788387,17.9995251
50.9074472,17.8421102
51.0735398,17.7084601
51.0753998,17.7191283
51.0752766,17.7202453
51.0763533,17.7168003
51.0771076,17.7166876
51.0770364,17.7173602
51.0754514,17.721489
51.0751227,17.7211507
51.0755413,17.7215865
51.0756348,17.7233599
51.1448086,17.8471325
50.8638805,18.0594722
50.8712561,18.2163392
50.8712561,18.2163392
50.9727932,18.2134203
50.9761841,18.2129754
50.9727522,18.2143192
50.9736931,18.2146106
50.8748767,18.4205223
50.8775385,18.4235139
50.8769305,18.4231709
50.8774536,18.4296302
51.0557012,18.4502881
51.0532089,18.4520653
51.1693623,18.3869799
51.3081801,17.7196261
51.2849047,17.9036681
51.277843,17.9859248
51.2783775,17.985164
51.2671075,18.0037531
51.2799055,17.98755
51.2790726,17.9862123
51.2791381,17.9862461
51.2806328,17.988496
51.2817569,17.9905636
51.3786177,17.8381286
51.3983061,17.6609637
51.5746548,17.6727838
51.5881528,17.8231182
51.2130176,18.1032846
51.1975625,18.1914057
51.2947937,18.1537026
51.2951609,18.1570361
51.294974,18.1546008
51.2950577,18.1607789
51.3426174,18.2456083
51.5075021,18.1184742
49.9684919,18.5279972
49.9995948,18.463297
50.0020218,18.4627242
50.0027631,18.4668213
50.0026921,18.4658247
50.0026239,18.4652513
50.0019777,18.4646304
50.0025974,18.4646403
50.0032706,18.4651479
50.0016281,18.4646911
50.003743,18.464095
50.0038736,18.4704413
50.0031712,18.4683979
50.0117765,18.4572424
50.0128443,18.455239
50.0101573,18.4742925
50.0183524,18.5118615
49.9500366,18.5737209
49.9398302,18.5939482
49.946088,18.5984848
49.9496794,18.5954704
49.9509456,18.5970423
49.9507985,18.5985073
49.950842,18.5988178
49.9494152,18.5941314
49.9458367,18.607899
49.9523374,18.6042796
49.9523159,18.6116313
49.9524347,18.6113202
49.9490873,18.6137955
50.0501218,18.4745156
50.0501836,18.474347
50.0497671,18.4745524
50.0475582,18.4735375
50.0491259,18.476254
50.0498821,18.4751441
50.04719,18.48159
50.0470326,18.4818478
50.0957264,18.5299158
50.0962873,18.5294386
50.0879703,18.5433899
50.0879053,18.5432831
50.0922786,18.5446491
50.0954678,18.5398243
50.096347,18.542463
50.0943856,18.5446985
50.0952712,18.5424878
50.0964036,18.5418298
50.0961578,18.5438763
50.0935128,18.5440754
50.0961698,18.5426506
50.0949164,18.5428036
50.0950952,18.5430565
50.0970031,18.5437219
50.0329042,18.6891714
49.9611472,18.7745024
50.0435354,18.6899111
50.0442643,18.6891643
50.0430197,18.6880522
50.0456038,18.6933885
50.0455729,18.6953357
50.0457711,18.693848
50.1403167,18.6266258
50.1427884,18.6334458
50.2164036,18.5620204
50.2294126,18.6635985
50.2297721,18.663828
50.2298672,18.6610969
50.2296786,18.6636251
50.2293662,18.6634489
50.276171,18.6581585
50.3021793,18.6410319
50.2991232,18.6524764
50.2993215,18.6521604
50.1492831,18.6773438
50.1478515,18.6757705
50.1487399,18.677897
50.15217,18.6749983
50.1518738,18.6751905
50.1534117,18.6737316
50.1833572,18.7623288
50.1432393,18.7747519
50.2411066,18.8324572
50.2826678,18.6668759
50.2952715,18.6683457
50.295418,18.6685105
50.2934842,18.6684895
50.2945912,18.6676431
50.2922286,18.6680958
50.2935543,18.6690519
50.2869104,18.7302797
50.2911611,18.7318296
50.2958719,18.6689193
50.2957712,18.6696453
50.2963863,18.670678
50.2966306,18.6672051
50.2981297,18.6730583
50.2987104,18.6765512
50.2958048,18.6732182
50.2981687,18.6731175
50.2980971,18.6736736
50.2958343,18.673419
50.2989726,18.6758872
50.2971038,18.6780373
50.3040878,18.6869419
50.3175567,18.7510907
50.2936837,18.8174795
50.2647344,18.861241
50.2712256,18.8678263
50.3074712,18.7811624
50.3070731,18.78095
50.3070354,18.7813875
50.3024686,18.7857249
50.3073907,18.7847879
50.3079174,18.7846117
50.3071194,18.7858207
50.3031566,18.7883635
50.3078592,18.7848222
50.3073113,18.7850644
50.307196,18.7850756
50.3058424,18.7854873
50.3064669,18.7855211
50.3064253,18.7876105
50.3066316,18.7857804
50.3027992,18.785793
50.3032227,18.7906858
50.3378851,18.7820368
50.3004135,18.835922
49.9740007,18.9446537
49.9683612,18.9442504
49.9686714,18.9421722
49.9772913,18.9455442
49.9773896,18.9456651
49.9774517,18.9462684
49.9778726,18.9477683
49.977745,18.9467083
49.9779292,18.9482544
49.9695852,19.051813
50.1038161,18.8825809
50.1262823,18.9772141
50.1112679,18.9848778
50.1074359,18.9846635
50.1119764,18.985856
50.1012045,19.0091518
50.1168764,18.9913429
50.1172354,18.9906946
50.1123969,18.9859906
50.1241126,18.9819884
50.1134148,18.9986265
50.1135608,18.9987512
50.1141994,18.9953081
50.1303106,18.9799384
49.9695281,19.1423427
49.9724778,19.1370981
49.9719597,19.138312
50.0155487,19.1007674
50.0151495,19.1103381
49.9858986,19.1582173
49.9507677,19.2637743
50.0587493,19.0964198
50.0805475,19.1636302
50.0759509,19.1794423
50.0935878,19.0919304
50.0929062,19.0923293
50.0354465,19.2056036
50.0444898,19.2069501
50.0360119,19.2202903
50.0382235,19.2206885
50.0383948,19.220738
50.0383278,19.2207183
50.0364752,19.2206742
50.0378757,19.2212356
50.0378747,19.2212566
50.0370464,19.221655
50.0386966,19.2216071
50.0382407,19.2220831
50.0378127,19.2217727
50.037713,19.223231
50.0384341,19.2221439
50.0413711,19.2164445
50.0338958,19.2392644
50.0354014,19.2420333
50.0359922,19.2550363
50.1086276,19.1956641
50.1006107,19.2582326
50.101466,19.2588795
50.1688505,18.9040852
50.1688832,18.9047715
50.168688,18.9042473
50.1682038,18.9040597
50.1704786,18.9056063
50.1664417,18.9028177
50.1681855,18.9049528
50.1671714,18.908131
50.177288,18.9670111
50.1997043,18.9783645
50.2146485,18.9748984
50.2254997,18.9645443
50.2251565,18.9658751
50.2194852,18.9742155
50.22583,18.9764039
50.2356178,18.9778118
50.1803106,19.0041548
50.2313012,18.9825705
50.2001445,19.0426167
50.2843919,18.8758943
50.283598,18.8760133
50.2867975,18.8758027
50.2843636,18.8764274
50.2840627,18.8759706
50.283036,18.8760325
50.2845258,18.8763648
50.2851932,18.8756872
50.2855132,18.8762669
50.2879464,18.9240578
50.2927128,18.9160065
50.2918367,18.916007
50.2907369,18.9177652
50.2640562,18.9362699
50.258982,18.9688891
50.2723443,18.9354057
50.2719605,18.938107
50.2955078,18.9496754
50.2947032,18.9493775
50.2953608,18.9495605
50.2950783,18.9496798
50.2781496,18.9763815
50.2804671,18.9730348
50.311847,18.9158772
50.338031,18.89166
50.3455918,18.9176681
50.3465863,18.9183225
50.3449876,18.9168802
50.344355,18.9163288
50.3466248,18.918635
50.3446315,18.9168158
50.3455036,18.917605
50.3462174,18.9182568
50.3456714,18.9177485
50.3469578,18.920123
50.3479574,18.918494
50.344389,18.918294
50.3478622,18.9204424
50.3478204,18.9205973
50.3478862,18.9231569
50.3469327,18.925172
50.3475042,18.9243456
50.298921,18.9525688
50.2986327,18.9521865
50.297293,18.9514598
50.2965059,18.9508304
50.2983404,18.951945
50.2976379,18.9513489
50.2972594,18.951056
50.2975686,18.9512953
50.296594,18.9505401
50.2975186,18.9523463
50.2988727,18.9571616
50.2541823,19.0182041
50.2523608,19.015411
50.2541927,19.0180674
50.2548289,19.0164023
50.254203,19.019146
50.2513606,19.0293134
50.2620007,19.0119214
50.2596841,19.0184644
50.2597251,19.0180976
50.2598888,19.0184417
50.259534,19.0173005
50.2588973,19.0184018
50.2592118,19.0184034
50.2595011,19.0175907
50.2651763,19.0173336
50.2635732,19.0137337
50.2609581,19.0227432
50.2616223,19.023018
50.2590615,19.023526
50.2593494,19.0237591
50.2592077,19.0245414
50.2615519,19.0244175
50.2591538,19.0247235
50.2587073,19.0221065
50.2573774,19.0233197
50.2613707,19.0218505
50.2591168,19.0231974
50.2590773,19.0234345
50.2576633,19.0255246
50.2586226,19.0284375
50.2580364,19.0291546
50.2639371,19.0202074
50.2652487,19.0224736
50.2643572,19.0203899
50.264542,19.0262705
50.2702368,19.0030363
50.2710909,19.0053237
50.2712209,19.0056078
50.2717827,19.0085176
50.2829378,19.0149091
50.2457126,19.035796
50.2435156,19.0388556
50.2596909,19.0526748
50.2439835,19.0822107
50.2447798,19.0801037
50.2724381,19.0731666
50.2991808,19.0029185
50.2988229,19.0029661
50.3198474,19.0042321
50.3026,19.0312
50.3026205,19.031609
50.3028629,19.0310828
50.3067988,19.0256808
50.3021647,19.0320045
50.2995154,19.0386205
50.3022511,19.0325196
50.3214206,19.0702752
50.3213977,19.0706436
50.3214657,19.0700564
50.1406689,19.1259384
50.1422398,19.1308466
50.1911497,19.103782
50.2391468,19.1347836
50.2398705,19.1363776
50.2420844,19.1418248
50.2430193,19.1413741
50.2423528,19.137936
50.2429589,19.1410572
50.2010079,19.2738
50.201524,19.273695
50.2018569,19.2727484
50.2019377,19.2726715
50.2017432,19.2728628
50.2026674,19.2719884
50.2031389,19.2730382
50.2020098,19.2725977
50.2012235,19.2731647
50.2034602,19.2753098
50.2038255,19.2777101
50.199096,19.2759394
50.2624568,19.09666
50.2626945,19.0943927
50.2504461,19.1192736
50.273925,19.1275405
50.2737836,19.1297823
50.2778182,19.1276029
50.2770038,19.128606
50.2787149,19.1287186
50.2774621,19.1260761
50.277817,19.1277046
50.280283,19.1309224
50.2902728,19.1144637
50.2906502,19.1181148
50.2906886,19.1175788
50.2879053,19.1318011
50.2441,19.1398
50.2863527,19.1793876
50.2926479,19.1859349
50.3207674,19.1043275
50.3161326,19.1185271
50.3156813,19.1179436
50.3187636,19.1339958
50.321611,19.1321392
50.3216079,19.1340129
50.3220832,19.1337531
50.3219248,19.1338973
50.3235676,19.1873058
50.3239493,19.183517
50.3232868,19.1838034
50.32552,19.1837191
50.3242369,19.1837652
50.3251162,19.1837428
50.3239164,19.1837771
50.3247871,19.1839548
50.3244642,19.1837655
50.3239549,19.1871311
50.3255577,19.1841268
50.3244784,19.1838958
50.3247872,19.183808
50.3238238,19.1835137
50.2934841,19.2406372
50.3213383,19.2045875
50.3177707,19.2142915
50.3221217,19.1968986
50.3263296,19.2072174
50.3278508,19.2219055
50.3278892,19.2219795
50.3981976,18.6258711
50.3976893,18.627792
50.4021562,18.625024
50.4005802,18.6271318
50.4026954,18.6267039
50.401105,18.6255373
50.4546471,18.5208853
50.4536092,18.5225182
50.4164509,18.7551184
50.4160843,18.7540756
50.4156115,18.7516284
50.3656202,18.7907409
50.3656264,18.7978582
50.3642918,18.7997787
50.4452841,18.8530333
50.445623,18.852206
50.4440563,18.8588808
50.4440503,18.8591011
50.445058,18.8549007
50.4441903,18.8567693
50.4443267,18.8565455
50.4442825,18.8576689
50.4446838,18.8604157
50.4431995,18.8602663
50.4454717,18.85683
50.4441625,18.8592313
50.4447734,18.8560027
50.4437264,18.8594515
50.4744065,18.7997763
50.6119331,18.4739745
50.668627,18.6805199
50.673623,18.6817775
50.6692992,18.6825629
50.6694968,18.6816667
50.6726891,18.6819738
50.6712341,18.6825519
50.6721062,18.6873693
50.6787988,18.6782621
50.3491849,18.9077678
50.3486409,18.9180991
50.3489476,18.9255756
50.3798785,18.8908626
50.3919922,18.8798778
50.3955082,18.8778651
50.3972888,18.8783562
50.3992139,18.9015029
50.3991615,18.902597
50.3738256,18.9442328
50.3710758,18.9438515
50.379751,18.9433363
50.3750365,18.9436361
50.4372794,18.9068298
50.4461261,18.9360184
50.4914507,18.9225497
50.3669109,19.2614781
50.4687459,19.2355802
50.4703806,19.2364851
50.5642528,18.8838382
50.5639257,18.8871883
50.564364,18.8861711
50.5868648,19.0594109
50.6715163,18.9135865
50.7271583,19.0077253
50.6770306,19.2145839
50.749945,19.2692551
50.0098692,19.3703388
49.9968122,19.4370219
49.9968013,19.4378105
50.1040841,19.3164015
50.1055575,19.328835
50.1047398,19.3308736
50.102828,19.3288833
50.1057073,19.3304606
50.0702975,19.4501924
50.130446,19.4087812
49.9654973,19.6317539
49.9873642,19.6784241
50.1350471,19.6342562
50.1329027,19.6378158
50.1420967,19.4039168
50.1406366,19.4019352
50.1426695,19.4048859
50.141826,19.404387
50.1403679,19.4017122
50.1419591,19.4053732
50.1418756,19.4057391
50.1425692,19.4059529
50.1476757,19.4099689
50.142337,19.4141313
50.1420707,19.4125185
50.1445674,19.4134075
50.159854,19.4697126
50.1595019,19.4706687
50.1600459,19.4716254
50.1596641,19.4720225
50.1958751,19.4270137
50.268022,19.4606486
50.1739062,19.531733
50.2357034,19.7010425
50.2784925,19.5612933
50.2766247,19.5663752
50.2780241,19.5629297
50.2765011,19.5668519
50.2754815,19.5717708
50.2698004,19.574522
50.2761677,19.5708556
50.3379688,19.5625714
50.3416165,19.5618568
49.9589518,19.7336196
49.9387606,19.8106679
49.9742878,19.8270109
49.9743187,19.8253324
49.9707996,19.8300896
49.9742224,19.8256662
49.9746168,19.8261673
49.975714,19.8262521
49.9756009,19.8269817
49.9749023,19.8276063
49.9748171,19.829375
49.9434399,19.8851393
50.0273668,19.9035957
50.0269742,19.9122251
50.0295846,19.9177376
50.1126488,19.7974481
50.1152775,19.7994071
50.1131576,19.7996056
50.0593584,19.8948014
50.045096,19.921217
50.052985,19.9193488
50.0721888,19.8912942
50.0716276,19.8958378
50.081207,19.8842353
50.0722749,19.9172676
50.0771435,19.903899
50.0729514,19.9147847
50.0738813,19.9129126
50.0741777,19.9175796
50.0738439,19.9165762
50.0784019,19.9184083
50.0914618,19.827962
50.0872388,19.8957519
50.0924487,19.8989371
50.1180949,19.921357
50.0181312,19.9312821
50.0332282,19.9241585
50.008032,19.94982
50.0129507,19.967035
50.0279867,19.9502388
50.0281351,19.9518466
50.0273417,19.9636047
50.0334005,19.970616
50.0139457,19.9959956
50.0152215,20.0089928
49.9839733,20.0622025
49.9842867,20.0634205
49.9845561,20.063126
49.9843857,20.063087
49.9844163,20.0628831
49.9841581,20.0623001
49.9833156,20.0608706
49.9844322,20.0714934
50.0208863,20.0522899
50.0149607,20.1104849
50.0350108,19.9251771
50.0356443,19.9407393
50.0394746,19.9418409
50.0391207,19.9419927
50.036635,19.9413224
50.0439773,19.9471726
50.0449382,19.9488192
50.0415358,19.943348
50.0414562,19.9433008
50.0430317,19.9453349
50.0594146,19.9276103
50.0570348,19.9301831
50.0596028,19.9325409
50.0571753,19.930368
50.0571096,19.9302826
50.056767,19.9298656
50.053058,19.9432535
50.0524963,19.9460638
50.0543159,19.9396527
50.0575717,19.944014
50.0580785,19.9452021
50.0567421,19.9449066
50.0543148,19.9478876
50.045772,19.9516501
50.0335618,19.971061
50.0335222,19.9704965
50.0542632,19.9554564
50.0547837,19.9561367
50.0535856,19.9559786
50.0583574,19.9624652
50.0601562,19.9291611
50.0643218,19.9318783
50.0652847,19.9344684
50.0686333,19.9268507
50.0683267,19.9271974
50.0622302,19.9361717
50.0609502,19.9364617
50.0629752,19.9401999
50.0653015,19.9369023
50.0627782,19.9415299
50.0656797,19.9424382
50.0647575,19.9491503
50.0714118,19.940437
50.0664569,19.9400248
50.0667255,19.9391228
50.0715563,19.9363158
50.0668483,19.9399094
50.0671606,19.9386456
50.0721825,19.9360557
50.0668468,19.9428414
50.0679864,19.9449974
50.0706211,19.94461
50.0781542,19.924526
50.0740041,19.9355607
50.0847373,19.9309537
50.0842388,19.934664
50.0647116,19.9515644
50.0624641,19.9609175
50.0618065,19.9611147
50.0629071,19.9608334
50.0632759,19.9731016
50.0665147,19.9627342
50.0792911,19.973909
50.0773929,19.9690544
50.0775886,19.9692716
50.0786637,19.9714663
50.0775346,19.9692375
50.0797569,19.9731813
50.0402896,19.9860649
50.0709346,19.9821827
50.0640656,19.9990018
50.0769923,20.0166933
50.0846066,20.0158742
50.0891188,19.9302983
50.0893131,19.9297388
50.0888473,19.9476364
50.0890557,19.946228
50.0876419,19.9644624
50.0872652,19.9751083
50.1193594,19.9685175
50.088849,19.975808
50.0878184,19.9861418
50.0947303,20.0013513
50.0937845,20.0028401
50.094986,20.011961
50.0907448,20.0193631
50.1032315,20.0119265
50.0705679,20.0392079
50.0721278,20.0385984
50.0716181,20.0383784
50.0727447,20.036114
50.0776089,20.0305004
50.075979,20.0327221
50.0730757,20.0285579
50.0731807,20.0380409
50.0736406,20.0347184
50.0733941,20.0430769
50.1402594,19.8631415
50.2296205,19.8508631
50.2302754,19.8541208
50.2224507,19.9781225
50.2200741,19.9794142
50.2431419,20.0830579
50.3378652,19.9256576
50.2436604,20.0818663
50.4278532,19.3938589
50.486589,19.3391411
50.476328,19.4095401
50.4842367,19.4235363
50.4839458,19.4235692
50.4836371,19.4236007
50.4834609,19.4236213
50.4813067,19.4258737
50.4816171,19.4279634
50.4814239,19.4255666
50.4835647,19.4249664
50.4807528,19.4272212
50.4910867,19.4327971
50.4911987,19.4360829
50.4936822,19.43304
50.5525639,19.4506771
50.4482008,19.5198016
50.4487397,19.5198019
50.4679506,19.6564439
50.5768783,19.3298834
50.7226622,19.4345033
50.7225651,19.4348199
50.5663105,19.5674277
50.6829343,19.6242896
50.3835452,19.7589758
50.3836557,19.7583968
50.3816076,19.7593206
50.3764905,19.768051
50.3851623,19.7677064
50.4844094,19.8625031
50.3974809,19.9443861
50.3570945,20.027682
50.3564564,20.0219769
50.3569674,20.0223037
50.6032272,19.9723659
50.5606551,20.0391292
50.5619699,20.0512475
50.5633672,20.0511255
50.7289519,20.1003862
50.9704086,18.7251523
50.9676169,18.7269057
50.9695748,18.7303708
51.0404285,18.7375665
50.8444064,18.9197499
50.8461855,18.9202666
50.7950836,19.0422016
50.9145745,18.9394942
50.8997897,19.028001
50.9698064,18.9812348
50.8024039,19.1063458
50.8167042,19.0939829
50.8162741,19.098354
50.8141371,19.1058077
50.814294,19.1096161
50.8117348,19.1157284
50.8084,19.1147
50.8117595,19.1141368
50.8122296,19.1154186
50.8117622,19.115929
50.8117497,19.1154961
50.8121907,19.1163974
50.8116104,19.1200493
50.8121788,19.1177341
50.811612,19.1225898
50.8120068,19.1253876
50.8120459,19.1235039
50.8113416,19.1274771
50.8082073,19.1300928
50.8081731,19.1317435
50.7832485,19.1420167
50.7830745,19.1421185
50.7832612,19.1401997
50.8263776,19.117137
50.8323382,19.1130604
50.8265276,19.1181615
50.8369338,19.1162902
50.8338931,19.117448
50.8338974,19.1185517
50.8448135,19.1282772
50.8295936,19.2859127
51.1461136,18.9952603
51.1455968,18.996351400000002
51.1474781,18.9972048
51.1467271,18.992748
51.1393679,19.1443565
51.2217858,18.4847688
51.2635493,18.4625418
51.2182087,18.5689378
51.2216486,18.5623578
51.2211663,18.5646776
51.2206237,18.5695001
51.2209099,18.5698248
51.2208505,18.5709002
51.2209703,18.569171
51.2198005,18.5703289
51.21807,18.57451
51.219344,18.5742595
51.2155996,18.5832549
51.2229335,18.5753407
51.3360458,18.6224956
51.2058995,18.666165
51.286198,18.7919882
51.3517132,18.8195052
51.4154761,18.6025899
51.4166423,18.6040703
51.4908051,18.626911
51.5887422,18.7231487
51.5870612,18.7207876
51.5888672,18.721186200000002
51.5904346,18.7269297
51.5928875,18.7273292
51.58983,18.7289422
51.5938056,18.7280398
51.5933833,18.7246815
51.1869206,19.2039012
51.3305478,19.1127626
51.3305754,19.1150614
51.3422413,19.236103
51.4387981,18.9414226
51.5415805,18.8846957
51.5940257,18.9295119
51.5995562,18.9387453
51.6019182,18.9342723
51.6030591,18.9345148
51.6016497,18.9337783
51.6005172,18.9366916
51.6020196,18.9340955
51.5981513,18.9424258
51.5967185,18.9442362
51.59654,18.9447671
51.5958195,18.9481003
51.6013599,18.945287
51.4657165,19.2155744
51.4650208,19.2178958
50.8024436,19.5271548
50.8422253,19.5575421
50.7710553,19.6745976
50.7722659,19.6752584
51.0580578,19.4483318
51.0681061,19.4406444
51.0677763,19.442229
51.0680545,19.4407733
51.0671344,19.4452702
51.0739046,19.4348793
51.0703222,19.4347145
51.0702858,19.4382135
51.0729771,19.4415695
50.8526143,19.9668778
50.8541008,19.9629868
50.85073,19.97544
51.1844847,19.808837
51.2038291,19.4984269
51.356242,19.3699312
51.3576352,19.3689676
51.3672,19.3701
51.3645931,19.3710345
51.3645747,19.3708277
51.5574003,19.3922107
51.4091799,19.6774239
51.4094136,19.678537
51.4099822,19.673481
51.4098836,19.6747793
51.4089669,19.6879689
51.4083187,19.6898465
51.4079108,19.688358
51.4089801,19.687738
51.4084,19.6938385
51.4084754,19.6946428
51.4063465,19.69383
51.1905536,19.8558936
51.3534839,19.8870355
51.3589617,19.8709375
51.5887348,19.744336
51.5058307,19.8323754
51.5276076,20.0123095
51.523305,20.0157378
51.5308208,20.004446
51.5304232,20.006023
51.5303861,20.005337
51.5303704,20.0050913
51.5313933,20.004542
51.5304328,20.0061718
51.5303606,20.0049397
51.5315669,20.0063383
51.5306808,20.0076725
51.5303939,20.0054666
51.5313484,20.0093229
51.530022,20.0102328
51.5348127,20.0092744
51.5304547,20.0180168
51.5445317,20.0138649
51.6062744,20.0526244
51.6093562,16.8619479
51.610167,16.8576142
51.608723,16.8586424
51.6096097,16.8575221
51.6094836,16.8598284
51.6084167,16.8582432
51.6095378,16.8560333
51.6096294,16.8569613
51.610002,16.8588718
51.6553751,16.9550006
51.7738942,16.9840905
51.7746564,16.9852416
51.614707,17.0566201
51.6172141,17.0571533
51.8606195,16.8432225
51.8785613,17.0123111
51.8823369,17.0091847
51.8770586,17.0138182
51.6939086,17.4302338
51.6954789,17.4323938
51.6947643,17.4369653
51.6949775,17.4360453
51.6962028,17.4359756
51.6952468,17.4366166
51.6955519,17.4382742
51.6978238,17.4346285
51.9169895,17.2434325
51.8274274,17.4526332
51.9638706,17.5095215
51.9713081,17.5006929
51.9718683,17.5009504
51.9726084,17.5010693
51.9424372,17.5649388
52.0778074,17.0122116
52.0820304,17.0066785
52.0944296,17.021049
52.156042,17.1610486
52.2317815,17.0960222
52.2450296,16.848791
52.2458502,16.8487041
52.2427935,16.8503888
52.244639,16.8540918
52.2447804,16.854666
52.2863341,16.8574002
52.2869219,16.8565986
52.3361793,16.808361
52.3359657,16.8070894
52.2881166,16.8571555
52.3683137,16.8117651
52.3685269,16.8121427
52.3494054,16.8738842
52.3501492,16.880984
52.3479158,16.8803995
52.3866249,16.8640342
52.3966064,16.801991
52.4244265,16.7858126
52.4207869,16.7875072
52.4263409,16.7863855
52.426652,16.7853711
52.4262312,16.7856907
52.4280273,16.7840378
52.3939598,16.8600528
52.3950551,16.8625473
52.411131,16.8618168
52.4082213,16.8674365
52.3524161,16.8830227
52.3635245,16.903843
52.3842237,16.8877851
52.3906353,16.8951618
52.3804559,16.8956525
52.3720292,16.9323521
52.385579,16.9145204
52.3865615,16.9127166
52.3867683,16.916928
52.3920969,16.9202913
52.3922066,16.9202376
52.3902471,16.9453802
52.3803987,16.9579762
52.3878984,16.9538823
52.3753029,16.9640239
52.3793429,16.9831357
52.3857989,16.9773325
52.4028327,16.8922573
52.394116,16.8990419
52.3954317,16.8998457
52.3937799,16.8979981
52.394327,16.8986009
52.3946705,16.8989931
52.395644,16.9000737
52.3962333,16.901343
52.3948965,16.8998454
52.4050164,16.8975812
52.4161868,16.8897943
52.4098595,16.9033926
52.4127801,16.9040237
52.4127379,16.9042266
52.3928032,16.9196113
52.4048282,16.921282
52.4056171,16.9154484
52.4008865,16.9208802
52.3998483,16.9197992
52.3939,16.9219
52.3934081,16.9219519
52.4005795,16.9269366
52.4001998,16.9278761
52.4003925,16.9263311
52.4018186,16.9291356
52.4049499,16.9323402
52.4048319,16.9311349
52.4031159,16.9297793
52.4017397,16.9290831
52.4047987,16.9308191
52.4108606,16.9114134
52.4092869,16.9121514
52.4070991,16.9117506
52.4070196,16.9115952
52.4084049,16.9094173
52.4070146,16.9192134
52.4069128,16.9205602
52.4078799,16.9197943
52.4083534,16.9212812
52.4064447,16.92535
52.4085075,16.9275754
52.407125,16.9223335
52.4069904,16.9232819
52.4066852,16.9248048
52.4079095,16.9233661
52.4092876,16.9236338
52.4078607,16.9246482
52.4086787,16.9261707
52.4088285,16.9344628
52.4072448,16.9292648
52.4069554,16.9289463
52.4075511,16.9293325
52.4062992,16.9320204
52.4291644,16.9263586
52.4292129,16.9275138
52.4286426,16.926567
52.4311983,16.9299755
52.4357938,16.9117047
52.4352744,16.9247815
52.4353101,16.9246022
52.4353101,16.9246953
52.3970891,16.9460918
52.3969617,16.9467866
52.396809,16.9564818
52.3975913,16.9552268
52.4087908,16.9360945
52.4086751,16.937909
52.4113715,16.9380189
52.4108831,16.9407543
52.4124016,16.9390449
52.4116578,16.9346911
52.4089897,16.938001
52.4060928,16.9358856
52.4082326,16.9378808
52.4115057,16.937172
52.3928698,16.9815788
52.4302852,16.9345421
52.4315037,16.9355939
52.431191,16.9346743
52.2471228,17.0890019
52.2483811,17.0881371
52.2472089,17.0901347
52.3633021,17.0079967
52.3996314,17.0633848
52.4014554,17.0596529
52.399503,17.0646891
52.4056201,17.0746174
52.4106254,17.0779933
52.4098187,17.0781616
52.4099587,17.0772197
52.410351,17.0788057
52.4097913,17.0848535
52.4139057,17.0850628
52.0599216,17.2404093
52.1108911,17.3755663
52.2287958,17.2747062
52.2288253,17.2765862
52.2279188,17.2791269
52.2286125,17.2842982
52.2266945,17.2856308
52.229015,17.2797045
52.2292868,17.2790797
52.2289345,17.2798979
52.0895797,17.410967
52.1275171,17.4806768
52.0682477,17.5633032
52.0683408,17.5627451
52.393717,17.2236023
52.3247747,17.5661516
52.3236326,17.5664261
52.3260468,17.5655271
52.3248219,17.5698801
52.3241605,17.5673045
52.3244576,17.5680632
52.3259295,17.5652576
52.3256752,17.5653418
52.3264355,17.5653
52.3245621,17.5689382
52.3251683,17.5706695
52.3280137,17.566999
52.4262585,17.4877267
51.6265688,17.7915473
51.6557016,17.7855676
51.6369769,17.8117523
51.643988,17.8106272
51.6452768,17.8137793
51.6396416,17.8149891
51.6491727,17.8111464
51.6482184,17.8106749
51.6487135,17.8105487
51.6518315,17.8126259
51.6487808,17.8126823
51.6467858,17.8112951
51.6486918,17.8111321
51.6488282,17.8121783
51.6532507,17.8107181
51.6491429,17.8173753
51.6485159,17.8151529
51.6489579,17.8168407
51.6508756,17.8151749
51.6509805,17.8149845
51.6511134,17.8146964
51.6487391,17.8136029
51.6478716,17.817446
51.6500772,17.8166252
51.6508488,17.8146897
51.647747,17.8153251
51.6502606,17.8136052
51.6488573,17.8145239
51.6488364,17.8175395
51.6465139,17.8204498
51.7163319,17.7254929
51.6399301,17.8283484
51.7021147,17.9798755
51.7851144,18.0092391
51.8866085,17.776888
51.8879633,17.778763
51.894678999999996,17.7856114
51.8957803,17.7857128
51.8980281,17.7828475
51.8954198,17.7856748
51.8966035,17.7836563
51.8949471,17.7856377
51.8956163,17.7854147
51.8965581,17.781918
51.8956255,17.7856845
51.8964339,17.7856236
51.8953745,17.7869642
51.8954585,17.7896158
51.9522232,17.7468106
51.7525369,18.0599399
51.7502302,18.0758727
51.7529914,18.0643367
51.7508232,18.0764176
51.750682,18.0762941
51.7508973,18.0764961
51.7517273,18.0773242
51.7531622,18.0774724
51.7548872,18.080735
51.7516717,18.0806821
51.752939,18.0786181
51.7537162,18.0773839
51.7586988,18.0800022
51.7620231,18.0875898
51.7604634,18.0876013
51.7618141,18.0814838
51.740755299999996,18.0890568
51.7628315,18.0890799
51.7626831,18.0935452
51.7666154,18.0616526
51.7664721,18.0858887
51.766753,18.0874659
51.7639875,18.0917245
51.9185508,18.1098796
52.0409236,17.7710836
52.168107,17.8924916
52.168315,17.8978197
52.4390953,17.7676981
52.2870217,17.8702861
52.2899667,17.8736354
52.2894591,17.8732895
52.2890764,17.873436
52.2891495,17.873631
52.4130346,17.9184088
52.2314499,18.2421267
52.2125422,18.2546268
52.228817,18.2486783
52.2277682,18.2522244
52.2276844,18.2522164
52.2303086,18.2505292
52.2306399,18.2502092
52.2300382,18.2506011
52.2289811,18.2475326
52.2296946,18.2504688
52.2304428,18.2507461
52.2329119,18.2532467
52.2322667,18.2539637
52.2329733,18.2523498
52.2329848,18.2528981
52.2321134,18.2554137
52.2320841,18.2556092
52.2320404,18.2559002
52.2320762,18.2556618
52.2318973,18.2568243
52.2319277,18.2565637
52.2318306,18.2571951
52.2309738,18.2531884
52.2285236,18.2733047
52.1950057,18.4372252
52.3823615,18.0455385
52.37004,18.178383
52.3166824,18.3553097
52.3690966,18.3067833
52.4734647,16.8745195
52.4746646,16.8728984
52.4748207,16.8794083
52.4745465,16.8799045
52.450347,16.9162234
52.4633841,16.9182485
52.4610484,16.9201992
52.4660368,16.9214048
52.4523312,16.9481886
52.5584099,16.8437965
52.6457332,16.8100966
52.6451221,16.8111906
52.6469806,16.8101788
52.6456997,16.8120106
52.6455553,16.8114915
52.6508969,16.817848
52.4481599,16.9933814
52.4519629,16.9932754
52.4677801,17.1720299
52.5679053,16.9950118
52.5763456,17.0099205
52.7512,16.98633
52.7516627,16.9925979
52.7509917,16.9959761
52.7488805,17.003541
52.7491149,17.003785
52.7513399,17.0030809
52.7489734,17.0038509
52.4768671,17.2866433
52.4786447,17.2834357
52.59102,17.25597
52.51259,17.4571
52.5342455,17.6011027
52.5348311,17.5987519
52.5357643,17.5999343
52.5353884,17.5990805
52.5350616,17.5988499
52.5353084,17.5979953
52.5356169,17.5992129
52.5339279,17.6017984
52.5357428,17.6002252
52.5360857,17.6007779
52.5337427,17.6015808
52.5352192,17.5989414
52.5342982,17.601171
52.5343801,17.6001444
52.5343346,17.5985838
52.5340652,17.6008868
52.5348165,17.6038777
52.536221,17.6071063
52.5421297,17.6105262
52.5498925,17.6054707
52.5492679,17.6059285
52.6309307,17.4262741
52.74166,17.33144
52.8084889,17.1986206
52.8117506,17.200685
52.8095225,17.2118275
52.8123837,17.2031089
52.8124584,17.2019015
52.8138188,17.2062355
52.6697004,17.4936189
52.7570797,17.4887338
52.8407733,17.499888
52.991459,16.9170478
52.9914551,16.9168485
52.9922914,16.9193854
52.9924065,16.9176274
52.9920875,16.9178244
53.181834,17.0804079
52.9434793,17.3001358
52.9073777,17.47526
53.1526,17.2658748
53.1528475,17.2679521
53.1565549,17.2633285
53.1538386,17.2668702
53.1582372,17.453177
53.1360343,17.5998317
53.1375015,17.6027528
53.1367384,17.6003392
53.1368893,17.6002692
53.1376406,17.6037989
52.4689742,17.6871496
52.5318765,17.6198994
52.5396784,17.6168747
52.5436677,17.6170724
52.5084997,18.0132169
52.8507316,17.7118441
52.8518061,17.7177363
52.8472546,17.7239386
52.8492252,17.7212023
52.8471162,17.7235099
52.8483227,17.7237448
52.8470078,17.7252627
52.6582434,17.9556406
52.6579257,17.9560822
52.6587015,17.9541557
52.6551794,17.9543759
52.6552075,17.9550968
52.7440404,17.9428826
52.7440051,17.9428009
52.7514838,18.1104618
52.7529157,18.1080908
52.8085775,18.0887634
52.7801002,18.2418465
52.673736,18.3211759
52.673312,18.3212502
52.6749294,18.3210574
52.6731686,18.3239892
52.6769343,18.3300865
52.7951989,18.2581413
52.7979718,18.2567397
52.7980106,18.2570739
52.7967856,18.2532861
52.7949343,18.2603397
52.7995941,18.2639918
52.7966722,18.2725763
53.0057592,17.727016
53.2050265,17.7999236
53.132399,17.9291148
53.1420003,17.9126792
53.1541399,17.91753
53.1541773,17.917514100000002
53.1551919,17.9170666
53.117869,17.9638981
53.1190056,17.972024
53.1115446,17.9938873
53.1132399,18.0012033
53.1236331,17.9856799
53.1247108,17.9847326
53.1140813,18.0011092
53.1175005,18.0017919
53.1223777,18.0009202
53.1238421,18.0023454
53.1244187,18.0024327
53.1245031,18.0011466
53.124532,18.0009553
53.1218806,18.0011265
53.1267144,18.0041085
53.123718,18.0090255
53.1239736,18.0030161
53.1207308,18.0034897
53.1069,18.02294
53.1047136,18.0285089
53.1077327,18.0330196
53.1089417,18.0301287
53.1159434,18.0099911
53.1160627,18.0110517
53.1155689,18.0107864
53.1235892,18.010037
53.1243251,18.018512
53.1238857,18.0181596
53.124,18.0175856
53.1239614,18.0178109
53.1305145,17.9499975
53.1319331,17.9946931
53.1322475,17.9943635
53.1335473,17.9930621
53.1308885,17.9996018
53.1305553,18.0004019
53.1308016,17.9993836
53.1287893,18.0068815
53.1288907,18.0069887
53.1292319,18.0066347
53.1308832,18.0084084
53.1302595,18.0084516
53.1276282,18.0056359
53.128054,18.0065332
53.1324714,18.0105829
53.1331124,18.0106587
53.1319774,18.0095287
53.1332552,18.0192081
53.1336,18.0188
53.1290752,18.0278874
53.1391814,18.0282063
53.1396096,18.0296672
52.9702121,18.0904492
52.9694861,18.0906931
53.1075,18.0519
53.1073236,18.0488575
53.107134,18.0499159
53.1077767,18.0523039
53.1079243,18.051738
53.1264856,18.0525865
53.1263717,18.0529956
53.1242766,18.0666348
53.1369096,18.1142608
53.1524562,18.125131
53.0777106,18.2242017
53.0803887,18.2269063
53.1524586,18.1405455
53.157637,18.1505873
53.1580137,18.1545241
53.1587103,18.1538489
53.1577571,18.1550308
53.1563296,18.1547366
53.1543107,18.1549577
53.1543226,18.1554841
53.1569451,18.1542535
53.1850105,18.0682222
53.1869613,18.0719316
53.1765813,18.3015488
51.7928671,18.6467831
51.8033582,18.7227625
51.9168317,18.614169
52.015152,18.4971905
52.0155476,18.4993897
52.0141806,18.5004548
52.0155052,18.4963517
52.0157546,18.5004593
52.0172027,18.5053935
52.0149552,18.5035669
52.0115924,18.5103653
52.0154373,18.5087614
52.0131212,18.518486
51.8534415,18.7305222
51.936904,18.8610477
51.974819,18.795552699999998
51.9736261,18.7960824
51.6903843,18.9726224
51.6921818,18.9742509
51.6119458,19.2040392
51.7439621,19.1184867
51.7210261,19.148372
51.7547517,19.2116511
51.8935931,18.9523298
51.893264,18.9524055
51.8927284,18.953566
51.8932198,18.9588854
51.8930486,18.954307
51.8928415,18.9545115
51.892953,18.9558888
51.8967392,18.9576992
51.9787418,19.0015545
51.8804997,19.0991197
51.9496827,19.2070247
51.9537246,19.2862908
51.9562252,19.282042
51.9625868,19.2921734
52.1037377,18.4765273
52.1731556,18.5713884
52.1933551,18.6335135
52.2015897,18.6380494
52.2002499,18.6343589
52.1999205,18.6353893
52.2033923,18.6374294
52.201132,18.639326
52.088062,18.819769
52.3884573,18.5026778
52.3883362,18.5019126
52.0602001,19.1977359
52.0591607,19.2010115
52.0598967,19.2019734
52.060751,19.1991336
52.0609071,19.2004476
52.1482951,19.2893635
52.4055059,19.0270813
52.2545464,19.1676258
52.3037527,19.1656657
51.6553829,19.3822097
51.6547186,19.3833099
51.6627257,19.3332787
51.6644302,19.3469843
51.6645891,19.3526685
51.6642616,19.3517647
51.6642775,19.3516207
51.6642977,19.3509779
51.6647983,19.3492276
51.6643456,19.3498776
51.6643736,19.3493931
51.6643838,19.349231
51.6644088,19.3554076
51.664517,19.354171
51.6645073,19.3544023
51.6644,19.3569651
51.6651196,19.3528721
51.6794738,19.4222893
51.6619803,19.4903448
51.7110773,19.4921979
51.7468344,19.3253491
51.7481059,19.3235851
51.748021,19.3226969
51.7472756,19.3240733
51.7471118,19.3295921
51.751483,19.3281834
51.7444607,19.3895874
51.7467645,19.3972631
51.7464249,19.3972354
51.74665,19.3973678
51.7478888,19.3960803
51.8127833,19.3199387
51.7960726,19.3946011
51.7924086,19.3945419
51.7972106,19.3919278
51.7973744,19.3926288
51.7984143,19.3929968
51.7405806,19.4044106
51.7423031,19.4106728
51.7451846,19.3992365
51.7484977,19.4070345
51.7455425,19.4059936
51.7290755,19.45651
51.730748,19.4749626
51.717559,19.4858823
51.7176586,19.4855428
51.7170176,19.4847867
51.7189595,19.48775
51.7417003,19.4626216
51.741793,19.4635156
51.7422141,19.4625613
51.7406647,19.4601983
51.7413042,19.4627087
51.747307,19.4609564
51.7484213,19.4613958
51.7387017,19.4674303
51.7387265,19.4675179
51.7389794,19.4667889
51.7395392,19.4655075
51.7514032,19.4605167
51.7557931,19.4584583
51.7616071,19.4549022
51.7622711,19.4560692
51.7595268,19.4564324
51.7590783,19.4593314
51.760526,19.4624432
51.7604544,19.4592263
51.762535,19.4609958
51.7599393,19.4597899
51.7585639,19.459171
51.7590336,19.4596453
51.7579986,19.4591442
51.7596619,19.4577855
51.7593,19.4642
51.7605018,19.4667095
51.7378175,19.4956
51.7379965,19.4956119
51.7619826,19.4856799
51.7687851,19.445955
51.7698943,19.4469086
51.7640768,19.4478284
51.77202,19.4382191
51.7863894,19.4311899
51.7797233,19.4456606
51.7973244,19.409443
51.7930762,19.4482688
51.7914871,19.4492231
51.7974672,19.4392016
51.7975647,19.443046
51.7972805,19.4407941
51.7699634,19.4560171
51.7648227,19.4571092
51.7679322,19.4568412
51.76441,19.4599421
51.7683091,19.4593683
51.7680896,19.4612582
51.7742485,19.4554298
51.7714527,19.4556912
51.7755349,19.4551315
51.7675051,19.4656143
51.7714866,19.4670553
51.7718648,19.4711684
51.7718738,19.4714314
51.778122,19.4522468
51.777963,19.4522627
51.7791766,19.4591115
51.787608,19.4537749
51.7639273,19.4838333
51.7811842,19.4833896
51.7797076,19.4822454
51.7993326,19.4567309
51.7987736,19.4550201
51.7991692,19.4552198
51.7568522,19.5341573
51.756851,19.5363377
51.756391,19.5367164
51.758234,19.5352263
51.7573129,19.5365806
51.7598037,19.538929
51.7409582,19.5681847
51.741691,19.5639012
51.7492503,19.5707088
51.7490509,19.5718429
51.725603,19.637986
51.8193452,19.303103
51.8180337,19.3098391
51.8166631,19.3154
51.8164141,19.316397
51.816331,19.3156229
51.8609758,19.3943594
51.8615771,19.3937425
51.8625435,19.3983343
51.8553377,19.4116846
51.8543133,19.4081506
51.8547219,19.4076695
51.8547087,19.4068607
51.8553621,19.4169835
51.8535747,19.4158656
51.8541711,19.4193628
51.8565674,19.4051649
51.8564265,19.4054992
51.9978457,19.4505229
51.9007578,19.6033345
51.9005346,19.6024076
51.6654573,19.7828638
51.7351026,19.7250164
51.7421774,19.8155248
51.7458959,19.8150252
51.8003012,19.7511451
51.80021,19.7521537
51.8006278,19.7536545
51.7997269,19.7571997
51.7995568,19.7589216
51.8000522,19.7573145
51.7393072,19.8228879
51.7405099,19.8275234
51.8611885,19.8179221
51.8170212,19.8875306
51.8165778,19.8878182
51.9540581,19.7166652
51.9627541,19.7142055
51.9653386,19.718652
51.965379,19.720255
51.966031,19.7201976
51.9662778,19.720244
52.0059297,19.8033925
51.9854045,19.9067978
51.9848199,19.9060093
51.8558149,19.9677261
51.9025361,19.9445138
51.9468836,20.0531414
52.0220241,20.034358
52.0687252,19.4816188
52.2311052,19.3583361
52.2342507,19.3533424
52.2309274,19.35765
52.2335838,19.3577246
52.2321763,19.3593165
52.2322071,19.3592275
52.2322842,19.3589921
52.2324699,19.3591173
52.2323734,19.3587298
52.2342631,19.3557362
52.232148,19.3593986
52.2289868,19.3722293
52.2290437,19.3729706
52.0759001,19.6563349
52.4263102,19.460155
52.4290793,19.4621164
52.4288916,19.4620887
52.427993,19.461798
52.2625432,19.5644685
52.0999372,19.9214474
52.1463588,19.8116135
52.1025914,19.9260227
52.1040902,19.9345456
52.1035777,19.9348538
52.1023791,19.9325179
52.1021681,19.9315687
52.1009852,19.941377
52.1030164,19.9386843
52.1045665,19.9347074
52.1047018,19.9344603
52.1065344,19.9356198
52.1064579,19.934763
52.1081107,19.9387344
52.1070325,19.9422783
52.1068664,19.9405764
52.1078692,19.9362196
52.1065846,19.9363137
52.1066301,19.9387629
52.1068223,19.9387681
52.1068389,19.9400856
52.107877,19.9363267
52.1079008,19.9395156
52.1067086,19.9403469
52.1070381,19.9423406
52.1071285,19.9428758
52.1072649,19.9444812
52.1050673,19.9479452
52.1050276,19.9594791
52.0693203,20.0710159
52.2230796,20.0214563
52.2678781,19.8715005
52.33371,19.8572978
52.33877,20.02444
52.3398241,20.0241499
52.2982806,20.0388646
52.6289099,18.5295593
52.5029161,18.7122604
52.7552133,18.6217634
52.8562668,18.6435715
52.46537,18.88273
52.6386921,19.0495183
52.6398236,19.0507572
52.654027,19.0642583
52.6543399,19.0643249
52.6546172,19.0619352
52.6539767,19.0626374
52.6540093,19.0627606
52.6545289,19.0647465
52.6531,19.0674
52.6544409,19.0645276
52.5286945,19.1508122
52.6512623,19.0862248
52.6552484,19.0630126
52.6574047,19.0707818
52.6838715,19.0992159
52.742077,19.2618688
52.7427246,19.2611583
52.8491182,19.1769405
53.015987,18.5550321
52.9935114,18.596014
53.0160917,18.5628237
53.0158734,18.5624416
53.015372,18.570151
53.0085806,18.5942686
53.0218515,18.5965426
53.018562,18.5971965
53.0121042,18.6036451
53.0150765,18.6006264
53.0123602,18.6037128
53.0118016,18.6038706
53.011335,18.6041993
53.0113279,18.6045645
53.0113248,18.6115609
53.0106398,18.6072125
53.0105785,18.610581
53.0125979,18.6060688
53.0113245,18.6094987
53.0154432,18.6010365
53.016,18.6014907
53.0159506,18.6014211
53.0163075,18.6025193
53.017315,18.6042907
53.0188468,18.609131
53.0184358,18.6070588
53.0183406,18.6399105
53.0244309,18.6091039
53.0244249,18.6087623
53.0318222,18.6096947
53.0238604,18.6126879
53.0287481,18.6131395
53.0323752,18.6239469
53.0249605,18.6375354
53.0247295,18.6389952
53.0296149,18.6542894
52.8752936,18.6947257
52.8754536,18.6945494
52.8751438,18.6948535
52.8726952,18.6979107
52.8780252,18.6914641
52.8797123,18.7913288
52.8796551,18.7913581
52.8792165,18.7907007
53.0264069,18.6649506
53.0262989,18.6739779
53.0280876,18.6722645
53.0281416,18.6726384
53.0237011,18.6818563
53.0265416,18.6813016
53.0243203,18.6821126
53.0281479,18.692243
53.0326176,18.6941776
53.0326959,18.6938193
53.0307362,18.7520595
53.0267303,18.7688773
53.0571027,18.7182334
53.007915,18.8367366
53.0257269,18.7702063
53.0244817,18.7709807
53.1411062,18.4795923
53.0851449,18.6265759
53.1847856,18.6047392
53.1073071,18.7310356
52.943858,18.9375987
53.0565995,18.9244247
52.9400143,19.2514551
53.1156284,18.9122099
53.1544304,18.8990788
53.1569021,18.9011778
53.1063026,19.0542822
53.1048101,19.0556519
53.1038873,19.0550869
53.1033135,19.0531645
53.1093302,19.0534174
53.1133964,19.0543897
53.1084785,19.0535917
53.2726808,18.9462584
53.2796756,18.9463731
53.2807762,18.9462483
53.2802929,18.9477364
53.2800269,18.9526242
53.2800909,18.9494718
53.2799416,18.958409
53.2654316,18.9819253
53.0865938,19.1969038
53.2568505,19.096902
52.5429975,19.6932895
52.544249,19.6910417
52.5439544,19.6907738
52.547372,19.6936338
52.5466222,19.6973319
52.5462338,19.6962791
52.5494103,19.6941563
52.5478595,19.6984778
52.5456572,19.7042783
52.5538391,19.6825296
52.553671,19.6884829
52.5582635,19.6951139
52.8537732,19.6685258
52.5437609,19.7196824
52.5369193,19.7485384
52.53379,19.75811
52.5346766,19.7579633
52.5353391,19.7612006
52.5429402,19.7540731
52.5741832,19.8924986
52.5440237,20.114342
52.6308995,19.9800653
52.7826329,20.1189108
52.7804233,20.1174839
52.8680543,19.3560274
52.8668032,19.3579372
52.8722558,19.36465
53.06631,19.40802
53.06532,19.40883
53.068600000000004,19.40968
53.06593,19.41178
53.0659,19.41686
53.06524,19.41932
53.0618049,19.4295183
53.0173821,19.6213726
53.1688921,19.3877731
53.2598501,19.3986534
53.2462882,19.40872
53.2537974,19.4017741
53.2542365,19.4022767
53.2555126,19.4033589
53.2564992,19.4024133
53.2551873,19.4029223
53.2566593,19.4026544
53.2566016,19.4026632
53.2570554,19.4025585
53.256059,19.4027228
53.2585707,19.4017854
53.1983732,19.6447495
53.0658477,19.9084638
53.06834,19.90888
53.067238,19.9113952
53.0655832,19.9099617
52.8796544,20.0347661
53.2618216,19.8229772
53.2627217,19.8254583
53.910351,14.2494953
53.908292,14.2496173
53.908063,14.2497925
53.908379,14.2513322
53.9095507,14.2549302
53.9088758,14.2541681
53.378733,14.6552992
53.3820672,14.6550795
53.3818249,14.6567256
53.38232,14.6561282
53.3819705,14.65399
53.3820903,14.6547809
53.383183,14.6562753
53.3828985,14.6562264
53.3828207,14.6562154
53.38263,14.660978
53.3810172,14.6715572
53.4039894,14.4999208
53.4040535,14.5002806
53.4237759,14.4913396
53.4329717,14.5127062
53.4413263,14.5121239
53.4408625,14.5137914
53.4411211,14.51282
53.4076022,14.5282422
53.4076254,14.5280746
53.4077021,14.5277165
53.4081035,14.5274282
53.4022464,14.5294924
53.4277568,14.5321032
53.4257579,14.5296042
53.4267387,14.5386424
53.4222147,14.5381241
53.4266476,14.5421078
53.4263104,14.5419308
53.4263384,14.541751
53.4266516,14.5396867
53.4267631,14.5389877
53.4262894,14.5463111
53.4265459,14.5460434
53.4261228,14.5427801
53.4259422,14.5479182
53.4298534,14.5316641
53.4307862,14.5422942
53.4308278,14.5416343
53.4323224,14.5398058
53.4305811,14.5470516
53.4294219,14.5472094
53.4303504,14.5489575
53.4303348,14.5426362
53.4347881,14.5483018
53.4352271,14.5397666
53.4412365,14.5487065
53.4255206,14.5542216
53.4253943,14.5503083
53.42532,14.5516896
53.427855,14.5533751
53.4270021,14.5522768
53.4281673,14.5512444
53.4224198,14.5634109
53.4315773,14.5542143
53.432465,14.5515077
53.4282418,14.5502337
53.4289926,14.5538219
53.4299421,14.5542793
53.4312081,14.5540305
53.4295401,14.5521609
53.4285761,14.5501788
53.4285984,14.5497521
53.4325885,14.5558236
53.4323374,14.5555611
53.4292665,14.5600793
53.4335259,14.5568115
53.4358516,14.5543342
53.4351692,14.5545699
53.4423295,14.5056025
53.4417063,14.5106347
53.456828,14.4970408
53.4565442,14.4970341
53.441975,14.547422
53.4415398,14.5492713
53.4450869,14.5536757
53.4532569,14.5498948
53.4534941,14.5633105
53.4546473,14.5518461
53.4552967,14.5612361
53.5405006,14.5397053
53.5397319,14.5459592
53.5397399,14.546114
53.540368,14.5465736
53.5418849,14.5509728
53.5425625,14.5580219
53.5421939,14.5582508
53.5513774,14.5530257
53.5506511,14.5663361
53.6583551,14.5136987
53.6515212,14.6237491
53.338987,15.0330109
53.3389123,15.0347056
53.3372023,15.0393704
53.338874,15.0345203
53.3368411,15.0389693
53.3391412,15.0358025
53.3400797,15.0365442
53.339054,15.0354197
53.3389467,15.0348752
53.3392638,15.0363705
53.337358,15.0386343
53.5615366,14.8239258
53.5617019,14.82494
53.561884,14.8315488
53.5621389,14.8317741
53.5606679,14.8352568
53.5599258,14.8377159
53.4966869,15.0606069
53.8458981,14.6123017
53.8470209,14.6083086
53.8468299,14.6117936
53.8445998,14.6149396
53.9304731,14.4505174
53.9646458,14.6149788
53.755137,14.7836646
53.8229732,14.9769702
53.9724337,14.7680906
53.9729625,14.7689666
53.9704214,14.7729957
53.9712157,14.7738768
53.9673431,14.7737212
54.0226496,14.7441814
54.0226265,14.7474198
54.0829223,15.0204907
53.4667573,15.3334999
53.4680695,15.3376023
53.6666311,15.1192644
53.668023,15.1237056
53.6678167,15.1241127
53.6676808,15.1248037
53.668248,15.1242068
53.667757,15.1226469
53.6682904,15.1223668
53.4371373,15.5413479
53.4362071,15.5504577
53.5410327,15.559142
53.6368135,15.619478
53.636821,15.6204762
53.6362448,15.6185214
53.5265006,15.8158195
53.77281,15.40442
53.77238,15.40609
53.9136682,15.1992391
53.9168915,15.197913
53.9154596,15.198459100000001
53.9141634,15.1988317
53.9151662,15.1983331
53.9154185,15.1996252
54.0627666,15.2663032
54.0627118,15.2664115
54.0623182,15.2648107
53.9570962,15.3566743
53.772569,15.7704423
53.7756733,15.7728901
53.782586,15.7750772
53.9439595,15.5285368
54.0493253,15.6543024
53.4456281,16.0925892
53.55943,16.2325552
53.560898,16.23168
53.7033985,16.6984857
53.7655269,16.0939587
53.7687031,16.0920394
53.7455973,16.3559932
54.0062356,15.9810364
54.005038,15.9907336
54.0067595,15.9861197
53.7095352,16.690288
53.7098322,16.6896539
53.7095098,16.6937158
53.7097352,16.6926698
53.7096827,16.694274
53.7090925,16.6983346
53.7065041,16.6948725
53.7063371,16.6986373
53.9549998,16.5858885
54.1753215,15.5732089
54.1722785,15.5728341
54.1806561,15.5686259
54.1783804,15.5708076
54.1791933,15.5752652
54.1768089,15.5744511
54.1758171,15.5772497
54.17754,15.5717096
54.1801495,15.5767189
54.178673,15.576903
54.1766436,15.5780102
54.178270500000004,15.581264
54.1377903,15.7296722
54.2158121,15.7597628
54.1900642,16.1738839
54.190032,16.1726348
54.1883627,16.1824669
54.1868932,16.184366700000002
54.1880536,16.1824877
54.1900763,16.1793201
54.1900909,16.1778869
54.1886014,16.1780868
54.1897871,16.1812881
54.1911245,16.182529
54.1890252,16.1823966
54.2069376,16.1863115
54.2066107,16.1869768
54.1980197,16.2081381
54.2290645,16.295772500000002
54.4186978,16.408431
54.4208,16.41023
54.42148,16.41086
54.4398005,16.3809035
54.3633713,16.6783604
54.3609708,16.6768373
53.4199442,16.816244
53.3627229,17.0357729
53.3596628,17.0455431
53.4131436,17.1501917
53.3706119,17.3255415
53.3542381,17.4897493
53.3540217,17.4904884
53.3510029,17.4881022
53.3506953,17.48832
53.3498439,17.4870832
53.3543045,17.4896724
53.3520504,17.4893238
53.3592326,17.490283
53.4511723,17.5316045
53.4530583,17.5322051
53.4537072,17.5327826
53.4561994,17.5387686
53.4562563,17.5389515
53.5357514,17.2357383
53.5412799,17.2357984
53.49599,17.25374
53.6647598,17.3584309
53.6655696,17.3569262
53.6647738,17.3597119
53.5329763,17.5203242
53.6941949,17.5619216
53.6941975,17.5625859
53.694958,17.5618245
53.6939225,17.5610937
53.695908,17.5610061
53.6951071,17.5606078
53.69503,17.56119
53.6957562,17.5571974
53.6956663,17.5576643
53.694854,17.5629139
53.6970616,17.5603841
53.6947067,17.5638198
53.7564679,17.1121572
53.9990349,16.9747079
54.000222,16.977037
53.79811,17.25154
53.7059147,17.5769238
53.4861176,17.809351499999998
53.5874,17.8616
53.5866471,17.8615717
53.5874888,17.8596365
53.5876477,17.8591122
53.5068882,17.9941214
53.3330269,18.1962025
53.3497949,18.423862
53.3499007,18.4266839
53.350852,18.429953
53.4079182,18.4236055
53.4071583,18.4334843
53.4068426,18.4345391
53.4083968,18.4418237
53.4106099,18.4296501
53.4079974,18.4516689
53.4080258,18.4521396
53.4083398,18.4525356
53.4071,18.4496
53.409,18.4481
53.4088222,18.4494796
53.4088674,18.4509744
53.7961025,17.9753601
53.7965728,17.9738133
53.7965331,17.975358
53.8988813,17.9345062
54.0978177,17.7836733
54.1189246,17.968744
54.1228473,17.9760375
54.1219461,17.9772641
54.1223578,17.9779395
54.1213986,17.9814293
54.1218364,17.9770443
54.1216229,17.9769561
54.1190153,17.9772773
53.8447885,18.0995383
53.8513919,18.4001936
54.0758236,18.4450405
54.4617652,16.9902828
54.460326,16.9897031
54.4586114,16.9935572
54.4635965,17.02105
54.464549,17.0229989
54.4671157,17.0227754
54.4674439,17.0232321
54.46737,17.0254799
54.4671371,17.0321384
54.4663787,17.0291214
54.4670611,17.0308113
54.4662943,17.0303242
54.4665732,17.0264012
54.4661348,17.0279334
54.4666789,17.0263837
54.4651976,17.0283605
54.4674064,17.0266539
54.4673433,17.026341
54.4566413,17.0614087
54.1720247,17.4906
54.1696581,17.4882426
54.169526,17.4879209
54.1791653,17.494909
54.584354,16.8558985
54.5828652,16.8655049
54.6188,17.36751
54.66084,17.21336
54.7559959,17.5581648
54.7630751,17.5563857
54.7589233,17.557422
54.2326071,17.7743356
54.1231841,17.9772673
54.2071685,17.952092
54.2074836,17.9514831
54.5400345,17.7462171
54.5399709,17.7475235
54.5418742,17.7496352
54.5391094,17.7483393
54.5406965,17.7474846
54.5416659,17.7490006
54.540509900000004,17.7477555
54.3448543,17.8938588
54.3511104,17.888817
54.4507,17.93524
54.1325386,18.2009472
54.3261841,18.1005899
54.2718723,18.1950115
54.3323825,18.2027612
54.3316574,18.2019276
54.3339273,18.2012618
54.3335679,18.2015172
54.333899099999996,18.2011027
54.3333303,18.2016204
54.3331756,18.2023785
54.3330066,18.2024772
54.3337576,18.2010604
54.4868751,18.2229479
54.3782499,18.2873263
54.3362125,18.3560354
54.3423309,18.3643616
54.3428533,18.3651527
54.3515031,18.3670624
54.3473727,18.3655806
54.3926004,18.4071968
54.4718366,18.3842245
54.4942206,18.4447548
54.5436624,17.7511156
54.5901658,17.8625006
54.7157034,18.0289027
54.7875208,18.0018712
54.566646,18.1042799
54.613112,18.1770766
54.6053725,18.2277369
54.6036598,18.2285148
54.6009176,18.2329741
54.6029812,18.2357652
54.6022641,18.237549
54.6025139,18.2324593
54.6023724,18.2363061
54.6023443,18.237994
54.6025549,18.2342923
54.6015619,18.2431171
54.603591,18.2421928
54.6017161,18.2449166
54.6021082,18.2395822
54.6028483,18.2409695
54.6038513,18.2415706
54.6030637,18.2449936
54.6025521,18.2428285
54.6049367,18.2526291
54.6043165,18.2618487
54.6036475,18.2634744
54.6015051,18.3499323
54.5642193,18.3904998
54.5635515,18.3922406
54.5681512,18.3963213
54.5680617,18.3980283
54.5682128,18.3960272
54.5687549,18.3903
54.5696208,18.3911745
54.568646,18.3944251
54.603442,18.3543252
54.6024113,18.3543485
54.6022253,18.3514016
54.6751558,18.4149149
54.7180677,18.408047
54.7180522,18.4085416
54.7178057,18.4081319
54.7178547,18.4116004
54.7183629,18.4137301
54.7189538,18.409583
54.7202245,18.4108727
54.7207056,18.4116985
54.7161839,18.4159147
54.7782168,18.1626858
54.799222,18.3942723
54.7964771,18.4057346
54.7941479,18.4039149
54.7941287,18.4036225
53.2967701,18.6860189
53.296417,18.7762673
53.4549269,18.7196449
53.4656738,18.7677838
53.4783588,18.746405
53.4849552,18.7516056
53.48417,18.7543887
53.4843,18.7515987
53.4913198,18.7474103
53.4931897,18.7492708
53.4907,18.7525
53.4910523,18.7528078
53.4899731,18.7518401
53.4888736,18.7507351
53.4933701,18.7522356
53.4915499,18.7509584
53.490597,18.7523714
53.4637014,18.7713315
53.4939949,18.7511845
53.4943288,18.7513085
53.6462149,18.725668
53.391403,19.1563104
53.5197066,19.0874963
53.6078837,19.259828
53.8345339,18.8258554
53.9607549,18.5263724
53.9642139,18.5290031
53.9674394,18.5312122
53.9700892,18.5290656
53.9674431,18.5310667
53.9677754,18.5326975
53.9694332,18.5303997
53.9714389,18.5303068
53.9271549,18.7013721
54.0961027,18.7677789
54.0963376,18.7667012
54.0962842,18.7680295
54.0961277,18.7668102
54.0962926,18.766582
54.0853599,18.7939287
54.0866857,18.7942088
54.0870167,18.7944675
54.0871437,18.7944324
54.0930985,18.7891402
54.0943239,18.7888197
54.0878,18.7971
54.0870185,18.7969109
53.7325414,18.9293903
53.733379,18.9278231
53.7330479,18.9289506
53.7324889,18.9296344
53.7332289,18.9304506
53.758107,19.1982123
53.8512695,19.1669628
54.1149315,18.9134826
54.0340859,19.0247275
54.0367598,19.0308592
54.0342329,19.0280762
54.0363374,19.0289345
54.0349192,19.0300648
54.0345341,19.0288253
54.0347396,19.0291082
54.036841,19.0344483
54.0340155,19.0380961
54.0344472,19.0347496
54.0361988,19.0367237
54.036292,19.0331726
54.0367766,19.0333474
54.0364799,19.0349185
54.0367291,19.0335171
53.3522045,19.7025371
53.42565,19.58861
53.4239073,19.5926718
53.4248701,19.59261
53.424381,19.5924806
53.5884928,19.5662122
53.5956393,19.5653917
53.5942596,19.5656356
53.3822967,19.9342239
53.3839037,19.9317328
53.4324758,20.0366577
53.5044181,19.750167
53.5036853,19.7492273
53.5041909,19.7491003
53.5065303,19.7513102
53.5029094,19.7518093
53.7032438,19.9601663
53.7023546,19.9608261
53.699088,19.9612307
53.6931236,19.9662585
53.6931008,19.9662738
53.6976168,19.962754
53.6975486,19.9660511
53.6865045,19.9784878
53.8445313,19.3982271
53.8463522,19.6058598
53.9224126,19.3462378
53.9218408,19.3464637
54.0584421,19.6600807
53.769708,19.9551566
53.7694472,19.9563569
53.8057269,20.0863701
53.9116,19.9274
53.9105184,19.9374726
53.9199708,19.7451289
53.9138329,19.9223741
53.9149675,19.9258838
53.9149463,19.9258751
53.9145078,19.9252524
54.1161148,20.1300234
54.1158107,20.1298316
54.1158245,20.1300311
54.2706055,18.4723116
54.2603257,18.6327406
54.2598351,18.6373967
54.2599895,18.6356167
54.2603768,18.6370686
54.2615154,18.635756400000002
54.2619719,18.6363551
54.2614762,18.6380726
54.2611559,18.6379632
54.2623956,18.6364887
54.259409,18.6500959
54.2609033,18.6395516
54.3116516,18.5676878
54.311689,18.5677759
54.325084,18.6157074
54.325202,18.6189054
54.1351915,18.7216364
54.2589617,18.6731364
54.3645071,18.4806193
54.4305139,18.4695008
54.4319289,18.4708042
54.426562,18.4904087
54.4253284,18.4901165
54.4301674,18.5560656
54.3385281,18.5641937
54.3586863,18.5824927
54.3572661,18.5882583
54.3583394,18.5876757
54.3581753,18.5874825
54.3778929,18.608925
54.3783756,18.6057128
54.3763868,18.6118434
54.377865,18.6063985
54.382,18.6
54.3797351,18.60488
54.3825886,18.5997605
54.3826869,18.600291
54.3825036,18.6020996
54.3785642,18.6052693
54.3806562,18.6048297
54.3789984,18.6057781
54.3785954,18.6067135
54.33597,18.6125288
54.3405947,18.6199469
54.3487369,18.6206385
54.3486955,18.6192648
54.3514222,18.6365535
54.3509894,18.641646
54.3496212,18.6435499
54.3491243,18.6444725
54.3516345,18.6473949
54.3463664,18.6504412
54.3501867,18.6493541
54.3483883,18.6498394
54.3492891,18.6463456
54.3553612,18.648896
54.3566971,18.6515216
54.3550454,18.6492422
54.355131,18.6491546
54.3554612,18.648798
54.3523395,18.6466841
54.3558115,18.64835
54.3558189,18.6496233
54.3553473,18.6495428
54.3527082,18.6474523
54.3473197,18.6588338
54.3471519,18.6609889
54.3471715,18.6617882
54.376146,18.6157925
54.3761493,18.612615
54.3760147,18.6130045
54.3600395,18.647404
54.4025175,18.5710714
54.4026546,18.571689
54.402856,18.5720818
54.4031719,18.5718481
54.4013326,18.5746186
54.4017317,18.5790024
54.4017277,18.5787796
54.4004199,18.5752112
54.4008702,18.5753207
54.4001041,18.5755205
54.3899087,18.6096079
54.4041436,18.589739
54.404321,18.5890874
54.4096153,18.5966832
54.4095839,18.5954209
54.3987437,18.6056681
54.3994391,18.6064246
54.4233593,18.5651662
54.4203619,18.5824408
54.4184006,18.580089
54.4126637,18.5911071
54.4125823,18.5924801
54.3886658,18.6230384
54.4059106,18.6401071
54.4679533,18.4646302
54.4715856,18.4892244
54.4707389,18.48784
54.4708289,18.4881105
54.4710178,18.4879342
54.4432651,18.559414
54.4832417,18.5374709
54.4831614,18.5371782
54.4847874,18.5373061
54.4841365,18.5373194
54.4894891,18.5457984
54.4791445,18.5522158
54.4799463,18.5530801
54.5016443,18.4570668
54.541846,18.4621595
54.5423,18.4615
54.5417299,18.4625511
54.5295946,18.5009843
54.4977055,18.5091086
54.5038266,18.5309934
54.50401,18.5318093
54.5066123,18.5323413
54.5063168,18.5330039
54.5048082,18.5320395
54.5062964,18.5329969
54.4921539,18.5346306
54.4961488,18.5408233
54.4908722,18.5423281
54.5098466,18.5387019
54.5114268,18.5388097
54.5129217,18.5398869
54.5160669,18.5388419
54.5104574,18.5384281
54.5117682,18.5394097
54.5152774,18.5409524
54.5157552,18.5411681
54.5161615,18.5324094
54.5218743,18.5314919
54.5210401,18.5348887
54.5187048,18.5392984
54.5189912,18.5353054
54.5163736,18.5395043
54.521165,18.5391527
54.5194528,18.5375938
54.5207155,18.5391494
54.5198381,18.5386051
54.5192747,18.5413472
54.5206636,18.543886
54.5196943,18.5445663
54.5184268,18.5423751
54.5219139,18.5435839
54.5195952,18.5404955
54.5218137,18.5460586
54.5201164,18.5449589
54.5225822,18.5434453
54.5193124,18.5405028
54.5228722,18.5426066
54.4410458,18.5649197
54.4418415,18.5637472
54.4393147,18.5608299
54.4428904,18.563371
54.4408856,18.5635433
54.441331,18.5629946
54.4415437,18.5622801
54.4424673,18.570707
54.4422618,18.5715909
54.4415931,18.5718349
54.3609168,18.7158596
54.214239,19.1144795
54.2118261,19.1197504
54.2118293,19.1195606
54.211571,19.1177162
54.2118498,19.1184553
54.5429954,18.4611561
54.5426943,18.4610119
54.5447487,18.4627983
54.5450372,18.4624173
54.5440481,18.4624122
54.543596,18.4621193
54.5427293,18.469623
54.564828,18.5042168
54.5881862,18.4928666
54.5508346,18.5093751
54.5509566,18.5090458
54.5583107,18.5127744
54.1594378,19.3960935
54.184434,19.3984767
54.1599233,19.4036401
54.1582457,19.4041452
54.1596798,19.4010813
54.1601146,19.4040258
54.1584613,19.40475
54.1580924,19.4049619
54.1614713,19.3991626
54.1596311,19.4005908
54.1594845,19.4023167
54.1595452,19.4037689
54.1591276,19.4052558
54.1595773,19.4052363
54.1595161,19.4067122
54.1595068,19.4068378
54.1518126,19.4158199
54.1544619,19.4117982
54.1523908,19.4180061
54.153776,19.4200298
54.1586067,19.4134185
54.1588544,19.4189188
54.1632056,19.3986733
54.1642884,19.4050214
54.1657277,19.401417
54.163701,19.408846
54.1678046,19.4071507
54.1664041,19.407433
54.1667166,19.4075227
54.1706296,19.402702
54.1702564,19.4023808
54.1805934,19.405394
54.1805675,19.405394
54.186195,19.4061813
54.358441,19.6815195
54.1389019,19.9427578
54.2334903,20.126339
54.2358864,20.1288238
50.0330564,20.2164155
50.0323108,20.2117212
50.0333408,20.2177401
50.0329542,20.216623
50.0325628,20.2184425
50.0329373,20.2179281
50.0335151,20.216668
50.0336534,20.2153996
50.1062311,20.2902596
50.1114348,20.297743
49.9646839,20.4170723
49.9673789,20.4275043
49.9675799,20.4279828
49.9689075,20.4297124
49.9696146,20.4310668
50.0948468,20.4521188
50.1902096,20.2860445
50.1912705,20.2940132
49.9726575,20.6034618
49.96846,20.60572
49.96809,20.60637
49.96975,20.60562
49.9685402,20.6104272
49.968364,20.6096202
49.9693282,20.6098852
49.9599092,20.8422535
50.0005,20.9581
50.01496,20.9231766
50.08374,20.84822
50.0842,20.84845
50.10637,20.89594
50.16867,20.57552
50.2031586,20.9313007
50.3876223,20.2730504
50.519689,20.1910409
50.6410575,20.3022282
50.638728,20.3027297
50.6456794,20.2947734
50.6403363,20.3048735
50.6398788,20.304095
50.6399978,20.304042
50.5841751,20.4484396
50.4697423,20.7197448
50.4709053,20.7167648
50.4708169,20.7190846
50.4697237,20.7175579
50.4708602,20.7170704
50.4712879,20.7193642
50.4708585,20.7185667
50.470881,20.7169627
50.4696029,20.7197034
50.4704548,20.7237108
50.3674743,20.8875846
50.4395286,20.9397803
50.6143221,20.750383
50.0058679,20.9758765
50.00757,20.9739
50.0099325,20.9778572
50.01142,20.97717
50.0132009,20.9758353
50.0082161,20.9766251
50.00971,20.98158
50.0109319,20.9819628
50.0114471,20.9824141
50.0112386,20.9828811
50.0106133,20.9818378
50.0169634,20.9765294
50.011619,20.9848906
50.0119521,20.9870843
50.0137544,20.986692
50.01222,20.99473
50.01298,20.99144
50.01304,20.99205
50.0141119,20.9860982
50.0177831,20.9973441
50.0179358,21.0017713
50.017949,21.0016204
50.0175124,21.0004865
50.01781,21.0029141
50.01813,21.00098
50.0178237,21.0033397
50.0146835,21.0057793
50.0159543,21.0046217
50.029849,21.002607
50.0304592,21.0012159
49.9953225,21.0549006
50.08529,21.02528
49.977699200000004,21.2904372
50.0613731,21.2489533
50.1751371,20.9871031
50.1756054,20.9862275
50.2051508,21.1110818
50.3084224,21.0757694
50.1957856,21.2776436
50.1968467,21.2771072
50.1963522,21.2751438
50.2659731,21.2823117
50.0506884,21.40864
50.0502124,21.4089664
50.0502796,21.4097335
50.0521948,21.4070422
50.0526005,21.4061954
50.0503904,21.4089476
50.0522537,21.4129789
50.0506719,21.4106151
50.0540845,21.4353519
50.0292263,21.7551044
50.0522837,21.6112112
50.052551,21.6119364
50.0521999,21.6109269
50.0535034,21.6116756
50.0705768,21.6898186
50.0690771,21.691456
50.070137,21.6977571
50.1944015,21.4794423
50.1861107,21.4979527
50.286075,21.4205159
50.2862559,21.4213238
50.286672,21.4222571
50.2871923,21.4235898
50.2842741,21.423471
50.2873443,21.4237696
50.2927918,21.4357527
50.2934165,21.4366745
50.2944545,21.4400926
50.2951348,21.4406275
50.2935047,21.4368609
50.2944913,21.438047
50.2946432,21.4393564
50.2949099,21.4389456
50.2872122,21.4591639
50.2255776,21.6389221
50.2424263,21.778821
50.2421127,21.7787397
50.2937854,21.7446069
50.244709,21.7758547
50.2447283,21.7753027
50.2467261,21.7774174
50.2470399,21.7823752
50.2465872,21.7776328
50.3996204,21.0402857
50.4493195,21.0656909
50.4112552,21.1493981
50.5176068,20.9933656
50.4295803,21.2747925
50.4146896,21.3831271
50.5907723,21.002497
50.5666955,21.1680234
50.5648911,21.167355
50.5646874,21.1679574
50.5589906,21.1796592
50.5646286,21.1681642
50.6751645,21.0430777
50.6517127,21.2609078
50.3709865,21.4625773
50.5188296,21.4421542
50.4996905,21.5409764
50.4754245,21.5540025
50.4775614,21.554307
50.3762411,21.7463094
50.4189488,21.7487679
50.4189422,21.7486114
50.4189989,21.7497417
50.4192667,21.7502005
50.6579402,21.4472933
50.5609683,21.5217512
50.5933223,21.5837624
50.7317569,21.4925673
50.5739336,21.6716658
50.572226,21.6670135
50.5741296,21.6734814
50.573009,21.6750363
50.5736622,21.6768974
50.5720443,21.6728952
50.5737614,21.6728737
50.5737331,21.6755577
50.5733304,21.6733696
50.5732654,21.6805443
50.6442672,21.6461575
50.7458217,21.6574588
50.68512,21.7410255
50.6850501,21.7383574
50.6854675,21.7433174
50.6781989,21.7498009
50.8122268,20.2655626
50.8008472,20.4631638
50.8821379,20.4652813
50.8656702,20.6305497
50.8711471,20.628258
50.8720413,20.6247375
50.872191,20.624188
50.8519152,20.6317543
50.8633815,20.6418324
50.8694495,20.6352718
50.8719319,20.6308356
50.8717639,20.630848
50.8723136,20.6325494
50.8691191,20.6354128
50.8699687,20.6320493
50.867165,20.639451
50.8826497,20.5824251
50.8748647,20.6068288
50.8749499,20.6187682
50.8737958,20.6200606
50.873035,20.6216127
50.8741827,20.6299222
50.8738464,20.6263293
50.8743081,20.6292696
50.8730867,20.6294048
50.8735351,20.6295379
50.87375,20.6285787
50.8856199,20.6296055
50.8728169,20.6327059
50.8730741,20.6328217
50.8752121,20.6331892
50.8773243,20.6361584
50.8762606,20.6337525
50.8765805,20.6349809
50.875505,20.6349626
50.8758148,20.6334739
50.8785764,20.6379243
50.8798733,20.6466665
50.8806997,20.6471299
50.8797279,20.6476354
50.8794809,20.6478021
50.8809103,20.6465846
50.8909561,20.6476788
50.8888851,20.6459219
50.888125,20.6465372
50.8905649,20.6471145
50.9300452,20.5690512
50.8465696,20.9396447
50.9404613,20.9590704
50.9802082,20.6635321
51.1382002,20.5640567
51.1370261,20.5737371
51.047709,20.8321943
51.0473647,20.834426
51.1143513,20.8608551
51.1194224,20.8758121
51.1172531,20.8807478
51.1172391,20.8806097
51.1172783,20.8804817
51.1174381,20.8810563
51.1173271,20.8803783
51.3764728,20.2751759
51.3760753,20.2827385
51.3761756,20.2828446
51.3762399,20.2831876
51.3761663,20.2831969
51.3762093,20.284548
51.3760834,20.2840836
51.3763266,20.2849219
51.3771749,20.2894311
51.1891264,20.4079352
51.1890902,20.4083474
51.1889532,20.409891
51.1889472,20.4100386
51.1889447,20.4101325
51.5412763,20.1353655
51.5221485,20.2229005
51.5221379,20.2229623
51.3570761,20.6270053
51.3592378,20.6250241
51.3585199,20.6280566
51.3579857,20.6279799
51.2245679,20.8569347
51.2267961,20.8591502
51.5071407,20.7211
51.4671477,20.9051561
51.5577029,20.8684157
50.86407,21.0900618
50.7971203,21.2329302
50.8578091,21.3694569
50.9404877,21.3741712
50.9393608,21.3895974
50.9389837,21.38778
50.9387764,21.3901352
50.9405764,21.3874738
50.9391676,21.3867834
50.9406719,21.3884903
50.939797,21.3881873
51.0741433,21.0106273
51.0539861,21.0724374
51.0541731,21.0733119
51.0580139,21.0661652
51.0571708,21.0673022
51.056047,21.073679
51.0421809,21.0819338
51.0364028,21.0872595
51.0533331,21.0821149
51.0495967,21.0790934
51.0175148,21.201917
51.1631288,21.2374758
50.7999475,21.4239889
50.9422519,21.3911063
50.9443787,21.3950682
50.9426291,21.3910749
50.8913008,21.5084168
50.8923769,21.5027037
50.8420597,21.6275066
50.8858918,21.6648498
50.8874797,21.6638336
50.8892097,21.6598435
50.8876521,21.6657458
51.018077,21.5439601
51.0851057,21.4713004
51.002297,21.7145526
51.158128,21.6500661
51.1596131,21.6507681
51.1571877,21.6491979
51.1342071,21.7667779
51.2487522,21.0708696
51.3806967,20.9770522
51.3642477,21.1267388
51.3873155,21.1263898
51.3919476,21.1491473
51.3953357,21.1537486
51.3956226,21.1532783
51.3917593,21.1537705
51.3916814,21.1535024
51.3945935,21.1549149
51.3945164,21.1549149
51.3944869,21.1544625
51.3932116,21.1544548
51.3815826,21.1718302
51.3897869,21.1715626
51.3105533,21.2515819
51.3109496,21.2543359
51.4048909,21.1285192
51.4059117,21.130086
51.4020868,21.1478554
51.4013402,21.1536189
51.4019825,21.1486466
51.3979712,21.1544289
51.4019032,21.1492898
51.4017146,21.1490465
51.4014512,21.151161
51.4014848,21.1509229
51.4009862,21.1543654
51.4025476,21.1541723
51.3993281,21.1524172
51.3993535,21.149883
51.3980188,21.1517847
51.3980966,21.151823
51.3995191,21.1525054
51.402472,21.1544138
51.407237,21.1435969
51.4081079,21.1529714
51.40008,21.1569216
51.3976147,21.1556717
51.4014458,21.1612411
51.4000337,21.1623019
51.3983303,21.1620903
51.3989628,21.1661665
51.3989464,21.1663828
51.3998399,21.1641462
51.3998095,21.1645015
51.3997198,21.1653845
51.4053235,21.1595434
51.4057159,21.1572031
51.4061116,21.1573248
51.4059019,21.1552051
51.409799,21.1629328
51.4210339,21.1623296
51.4101177,21.1759482
51.4259411,21.1555665
51.4299425,21.1603883
51.5461932,20.9774664
51.5120145,21.1215166
51.5133589,21.1225824
51.4318611,21.3260228
51.274931,21.4681667
51.354513,21.5813624
51.3577616,21.580839
51.3088951,21.7387979
51.4761243,21.4415465
51.4714612,21.443615
51.4717191,21.4440294
51.4711683,21.4440819
51.5856051,21.5476184
51.5844859,21.5505441
51.58188,21.5533345
51.5862432,21.5497799
51.4906811,21.6258893
51.491855,21.6261742
51.5416756,21.7455574
49.9453183,21.8367295
49.966934,21.9114436
50.012326,21.8569863
50.0011105,21.8908378
50.0300786,21.9937771
50.0271098,21.9958358
50.0297043,22.0055903
50.0295297,22.0062319
50.0205142,22.0177301
50.0243249,22.0173784
50.0262173,22.0174954
50.0287958,22.0072878
50.0313666,22.008327
50.0296221,22.0088961
50.0295243,22.0092818
50.0294203,22.0095939
50.0290276,22.0179322
50.0290685,22.0178278
50.02912,22.01777
50.02922,22.01772
50.027038,22.0164708
50.0715088,21.8986174
50.1155341,21.862978
50.0446209,21.9859229
50.0576466,21.9778623
50.0352987,21.99808
50.0365189,21.9979085
50.0391112,22.0002625
50.0365366,21.9990448
50.038815,22.0028673
50.0376104,22.0026755
50.0374243,22.003536
50.0390332,22.0004481
50.0374066,22.0015161
50.0394581,22.002822
50.0398705,22.0027868
50.0358346,22.0008376
50.0407081,22.0057561
50.0407597,22.0055094
50.0407933,22.0053524
50.0393125,22.0134058
50.0384281,22.0107073
50.0397703,22.009432
50.0384222,22.0098119
50.0382606,22.0097593
50.0393227,22.0076376
50.0405561,22.0074545
50.0928392,21.9973383
49.962364,22.0332159
49.9532466,22.0999151
50.0264392,22.0447738
50.0278261,22.0415998
50.0173363,22.2271254
50.078211,22.0351607
50.0427224,22.0925171
50.1130242,22.0550532
50.0656227,22.2292684
50.0665207,22.2291444
50.150569,21.9624643
50.2664625,21.8608263
50.1939983,22.105186
50.2300736,22.1177988
50.0234671,22.2952442
49.9948617,22.3544767
50.0651104,22.2309539
50.0668672,22.2311059
50.0669242,22.2299282
50.0684691,22.2305293
50.0717164,22.3276725
50.0901542,22.2321886
50.1015228,22.3382977
49.9651608,22.4887504
49.9869969,22.5372051
49.9868641,22.5386454
50.0588694,22.4890096
50.0568633,22.4923244
50.057091,22.4926376
50.0600721,22.4946847
50.0601386,22.4960312
50.0599139,22.4930555
50.0598088,22.4949407
50.0597258,22.5042466
50.1087091,22.4981424
50.1606558,22.3076253
50.2264676,22.4010278
50.2531491,22.4240083
50.2520415,22.421658
50.2524617,22.4213254
50.2617943,22.4198623
50.2579609,22.4183494
50.2598955,22.4197658
50.2580619,22.4211734
50.2597881,22.4204777
50.258429,22.4210769
50.3200531,22.3445645
50.17531,22.44886
50.1590206,22.5516628
50.1790924,22.6087448
50.4224377,21.9502199
50.4830496,21.9954253
50.3739853,22.1567795
50.5179308,22.1444968
50.518086,22.1447977
50.5189579,22.1419588
50.5191593,22.144162
50.5189851,22.1445625
50.5190345,22.1444547
50.5184387,22.1451979
50.5651441,21.8751658
50.6599382,21.8405894
50.6503295,21.8926527
50.663046,21.8376068
50.570539,22.0565413
50.5689796,22.0590776
50.5678912,22.0635013
50.5677478,22.0635548
50.5701365,22.0654255
50.5699159,22.0655322
50.5697564,22.0656288
50.5695793,22.0657154
50.5707595,22.0714288
50.5743462,22.0537221
50.57338,22.0588345
50.5754274,22.0580526
50.5716142,22.0565304
50.5913388,22.046993
50.5861028,22.0639101
50.6901879,22.0663318
50.7577775,22.1005448
50.4432085,22.2491807
50.4424711,22.2496745
50.4028628,22.339024
50.4893022,22.2635463
50.3832955,22.5385742
50.4748114,22.4748154
50.5707978,22.3062217
50.7543335,22.3281967
50.7065169,22.4117234
50.7070655,22.4114824
50.7031406,22.4193905
50.7038325,22.4154123
50.7041815,22.413866
50.7473777,22.4965195
50.6688839,22.6234024
49.9441944,22.6745965
50.0118926,22.681644
50.0143258,22.6786756
50.0152376,22.6780136
50.0160402,22.6763573
50.0161467,22.678891
50.0159233,22.6778112
50.016567,22.6793129
50.017153,22.6811434
50.0185496,22.681775
50.0156692,22.6766426
50.0145779,22.6911632
49.9523905,22.8184327
50.019584,22.8911258
50.2587246,22.6939381
50.258678,22.6993802
50.2444922,22.934373
50.0243519,23.1642628
50.1585373,23.119378
50.157873,23.1217963
50.1579199,23.1221628
50.157845,23.1220346
50.1581317,23.1226625
50.1587951,23.1221523
50.1905041,23.3630048
50.3605769,22.7407482
50.3570812,22.7400952
50.3618759,22.7423268
50.4016796,22.6498761
50.4230157,22.7355346
50.5306543,22.7171217
50.5308117,22.7191903
50.5344894,22.7186571
50.5317133,22.7204512
50.5345107,22.718975
50.5348167,22.720431
50.5359132,22.7202554
50.5318756,22.7174123
50.5325945,22.7185518
50.5335756,22.7187802
50.5320387,22.7174921
50.5333266,22.7196276
50.5425541,22.72012
50.5384526,22.7201957
50.3740095,22.943616
50.466768,22.8826612
50.467053,22.8812036
50.6723102,22.6700769
50.7214304,22.6663577
50.7215312,22.6676802
50.678135,22.8536424
50.7450803,22.8318335
50.5723942,22.8834088
50.6144614,22.9752847
50.6952127,22.9791255
50.3483511,23.3267054
50.4439574,23.416886
50.4458006,23.4163187
50.4483054,23.4159771
50.4478388,23.4161972
50.450128,23.4173719
50.4482585,23.4164003
50.4464437,23.4166209
50.4487871,23.4166292
50.4491071,23.4173338
50.4510138,23.4183442
50.451777,23.4182315
50.4525472,23.4189489
50.45384,23.4206513
50.4550799,23.4184146
50.5937124,23.1730549
50.7113483,23.2697961
50.7116858,23.268999
50.7126544,23.2671413
50.7126963,23.2670013
50.7109718,23.2727729
50.7121497,23.2754926
50.710126,23.2750635
50.7096114,23.2762268
50.7103167,23.2752668
50.7136774,23.2774024
50.7158983,23.251339
50.7272379,23.2510611
50.7266664,23.2502996
50.7270588,23.2510974
50.7233896,23.2500652
50.7247094,23.2519905
50.7279414,23.2510502
50.7310378,23.2453558
50.7166996,23.2555427
50.7176969,23.2548242
50.7213573,23.259632
50.7246482,23.2534809
50.7246767,23.2618988
50.7175201,23.2669488
50.7151508,23.2767899
50.58699,23.38161
50.7056791,23.282846
50.7493762,23.3630869
50.8686202,22.007136
50.885373,21.8549683
50.8846723,21.8540973
50.7849677,22.2252345
50.8409746,22.1828905
50.8944701,22.1222569
50.9583205,22.0865153
50.9213991,22.2193907
50.9213277,22.2227626
50.9215051,22.2216477
50.9236577,22.2271349
50.9228386,22.2265315
50.9220817,22.2246853
50.9599378,22.1542989
50.9614097,22.1552968
50.962838,22.1633383
50.9629326,22.1633383
50.9630462,22.1639024
50.9630541,22.164348
50.9301789,22.2209248
50.925782,22.2269797
51.1469497,21.9715252
51.1469382,21.9694767
51.146439,21.9709977
51.1496394,21.9708589
51.1517326,21.9713986
50.9928456,22.1426359
50.8521359,22.3347055
50.9507759,22.3847188
50.8138352,22.5293374
51.0044142,22.3389076
51.1758606,22.2877085
51.1768952,22.2914939
51.0146802,22.5362522
51.0145385,22.5350935
51.0156352,22.5343208
51.0506092,22.4476755
51.0971806,22.5792049
51.2561577,21.8719535
51.2328897,21.9959126
51.3397579,21.9913915
51.1910852,22.0710534
51.1922586,22.0675324
51.1916971,22.067549
51.2854372,22.2150076
51.3603361,22.1157696
51.38946,22.1860138
51.4878819,21.8754202
51.4106696,21.9327607
51.4179434,21.9650988
51.4178628,21.9626363
51.4170455,21.9612765
51.4167018,21.9641702
51.4175087,21.9661964
51.4145198,21.9701441
51.4178113,21.9703986
51.5620576,21.8647139
51.4090236,22.04936
51.4981629,22.0712005
51.497896,22.0714154
51.5574083,22.1354736
51.2350138,22.246378
51.2216452,22.4289064
51.3552191,22.3318828
51.355161,22.3327414
51.3033695,22.4362547
51.2284047,22.4810127
51.230121,22.5136716
51.2301683,22.5148931
51.2341789,22.5091411
51.2378515,22.5285659
51.2387162,22.5256446
51.2392667,22.5259193
51.2380519,22.5276782
51.2380267,22.5279059
51.2417833,22.517264
51.2491275,22.5161753
51.2401046,22.5281093
51.2393554,22.5255716
51.2488221,22.5183532
51.2648783,22.521793
51.2680468,22.5409755
51.2679187,22.540513
51.2141342,22.5704696
51.2350706,22.5471892
51.2347885,22.5703231
51.22963,22.57971
51.2379725,22.5717826
51.237112,22.5714778
51.2317796,22.5918989
51.2319533,22.5920977
51.2315114,22.5919649
51.2204762,22.629491
51.2204502,22.6295804
51.2445902,22.5538973
51.2403664,22.5571657
51.2474603,22.5507739
51.2464627,22.5544971
51.2498767,22.5516705
51.2475994,22.5547624
51.2478311,22.5538094
51.2478374,22.5540426
51.2470943,22.5554307
51.2476563,22.5570722
51.2472139,22.5546499
51.2475627,22.5541591
51.2495764,22.5524232
51.249749,22.5529024
51.2484512,22.5543746
51.2452899,22.5590474
51.2450914,22.5585811
51.2471332,22.5619168
51.2472118,22.5620188
51.2477168,22.5594128
51.2464443,22.5624709
51.2476306,22.5583695
51.247385,22.5614262
51.2512722,22.5697294
51.2511548,22.5699441
51.2475035,22.5641441
51.2471615,22.565728
51.2470836,22.5658146
51.2467504,22.5662436
51.2469645,22.5649718
51.2620355,22.5530118
51.2612041,22.5537067
51.2590303,22.5701577
51.256234,22.5829394
51.2649028,22.5716996
51.2629646,22.5714144
51.2565444,22.5930022
51.2663951,22.5606403
51.2694343,22.5606251
51.2454852,22.6088125
51.2454406,22.6089527
51.3625294,22.4691615
51.5234141,22.3162862
51.462133,22.608234
51.4612638,22.609305
51.4516802,22.6111504
51.5916922,22.6129693
50.821794,22.743651
50.8218425,22.744383
50.8075903,22.8015438
50.9082163,22.6655936
50.9100374,22.8363969
50.9113149,22.837835
50.9114673,22.8384354
50.7677431,22.9612057
50.8167763,23.0349632
50.9465468,23.0133037
50.9464364,23.0133913
50.8242687,23.1865321
50.893378,23.1543756
50.9031357,23.2093513
50.8517116,23.3684248
50.9317169,23.3526733
50.9834261,23.173347
50.9828914,23.1695644
50.9833291,23.1721073
50.9818343,23.168225
50.9849564,23.1621889
50.9837527,23.164837
50.9837613,23.1717391
50.9843555,23.1715507
50.9844474,23.1714971
50.9840471,23.1712175
50.9853892,23.1712445
51.0020013,23.2991592
51.1252238,23.4689589
51.1280382,23.4736135
51.1306581,23.4716731
51.1317863,23.47248
51.1310204,23.4718792
51.1308097,23.4712811
51.1300339,23.4711769
51.1308854,23.4723151
51.1305529,23.4728985
51.1343769,23.4690398
51.132547,23.4760811
51.1445367,23.4410294
51.1352299,23.4684491
51.1348069,23.4688933
51.217561,22.6987798
51.2200611,22.7004986
51.219999,22.7009233
51.2199728,22.6990717
51.2201053,22.6981666
51.2270676,22.6998803
51.2153662,22.7046945
51.2302875,22.7807093
51.2908827,22.888764
51.2992073,22.8885134
51.303918,22.892193
51.3085654,22.9744085
51.5359817,22.6902024
51.5380314,22.6910018
51.1967009,23.1603541
51.3959647,23.1956822
51.2615652,23.3091866
51.7633238,20.2520058
51.7630647,20.2530804
51.7630475,20.2523021
51.7630148,20.2520918
51.7632533,20.2565894
51.7643565,20.2538491
51.7655212,20.2554085
51.7639555,20.2522338
51.7646666,20.2515083
51.8062502,20.4703703
51.9595668,20.1438186
51.9588729,20.1434101
51.9569495,20.1432615
51.9550722,20.1447867
51.9559619,20.1435637
51.9550149,20.14483
51.9566622,20.1436143
51.9572216,20.1427337
51.9571106,20.1421067
51.9561958,20.143368
51.9584061,20.1447728
51.9560896,20.1434646
51.9562706,20.1467469
51.9715142,20.1447862
51.8897744,20.4175242
51.9743657,20.5146592
51.9735067,20.5129548
51.9738521,20.5214121
51.61819,20.5811
51.6955707,20.7238196
51.6633546,20.8513475
51.6425698,20.9504823
51.6440463,20.9506195
51.6773979,20.9549421
51.8658284,20.8663406
51.8649441,20.8695369
51.978639,20.8335113
51.9805608,20.834939
51.9821731,20.8341089
52.0766035,20.164456
52.2256407,20.2437591
52.2273705,20.2423124
52.2273824,20.2422109
52.2286268,20.2446695
52.2327165,20.2430658
52.2323179,20.242205
52.2294094,20.2404642
52.2295137,20.2404722
52.2325221,20.2448948
52.2324648,20.245557
52.2328989,20.2493897
52.0518968,20.4418638
52.0539182,20.4262394
52.0549892,20.443461
52.0848967,20.5483814
52.0859269,20.5511633
52.201544,20.4182617
52.3037164,20.1994397
52.3027424,20.2019009
52.2541709,20.2803658
52.3858545,20.1918663
52.3989046,20.310506
52.4030308,20.3129291
52.0869181,20.5548339
52.1036264,20.6238737
52.1042812,20.6217511
52.1043621,20.6214931
52.1039886,20.6205084
52.1034515,20.6264806
52.1074958,20.6217946
52.1057084,20.6264723
52.1105522,20.6396712
52.0719199,20.6993177
52.1251339,20.665258
52.1228599,20.7245804
52.1970461,20.6111586
52.1964942,20.6179419
52.0392321,20.8600687
52.0909642,20.7994899
52.0929431,20.8081709
52.1480021,20.8130084
52.1675518,20.7990535
52.1621868,20.8036569
52.1619928,20.804359
52.1625362,20.8071221
52.1633436,20.8044897
52.1628276,20.8039947
52.1625751,20.8068998
52.1632524,20.8075192
52.1629892,20.8086509
52.1636849,20.806762
52.1652037,20.8044702
52.165038,20.8072892
52.1739559,20.80509
52.2104455,20.8007637
52.2105606,20.8006456
52.2099755,20.8013806
52.1844179,20.8388805
52.1839648,20.8381901
52.1861517,20.8405427
52.2109156,20.8188954
52.1347661,20.896558
52.1547625,20.9251355
52.1546172,20.9257495
52.159033,20.9258924
52.1604013,20.9276231
52.1766672,20.9459349
52.1720486,20.9712775
52.1945991,20.8707444
52.1944294,20.869666
52.1881368,20.8905121
52.1934806,20.8880415
52.1924687,20.8880585
52.1943439,20.8897088
52.1873732,20.8997658
52.1879317,20.8998303
52.2006437,20.8954462
52.2295515,20.8948401
52.2284991,20.9120145
52.2282067,20.9148027
52.2284749,20.913205
52.2281097,20.9137355
52.229901,20.9145389
52.2308972,20.9142016
52.2031461,20.9268955
52.2015258,20.96759
52.207883699999996,20.9648884
52.2252761,20.940663
52.2130256,20.9554458
52.2124838,20.9554161
52.2321537,20.9607393
52.2329539,20.9656825
52.2331235,20.9678946
52.2331446,20.967604
52.3913583,20.7322877
52.4361708,20.6666422
52.4342203,20.6985915
52.4184697,20.7362306
52.4180634,20.7383
52.4294791,20.7150602
52.4280085,20.711089
52.4304108,20.7124209
52.4286891,20.7178864
52.2474702,20.8461956
52.2396648,20.9119513
52.2400292,20.9118966
52.2395514,20.9110287
52.2404215,20.9145098
52.2517327,20.8963748
52.251072,20.9149996
52.2416347,20.931188
52.2423016,20.930065
52.242102,20.930901
52.2415813,20.9323803
52.241513,20.9332338
52.2393366,20.9395087
52.2519864,20.9251764
52.2601325,20.9221015
52.2559449,20.9215618
52.2558791,20.9198871
52.2716009,20.9347745
52.2758482,20.936668
52.2675989,20.9476393
52.2705859,20.9506164
52.2806684,20.9507829
52.2783947,20.9616763
52.3244614,20.9025279
52.3319385,20.9021428
52.3391568,20.8939412
52.3345313,20.8998079
52.2897773,20.9309038
52.2897086,20.9297892
52.2913645,20.9374122
52.2893634,20.9338348
52.2894696,20.933557
52.3320989,20.9406874
52.3169939,20.9514362
52.318697,20.9512697
52.3184677,20.9514382
52.3199789,20.9568515
52.3177468,20.9528875
52.321152,20.9547044
52.3166742,20.9668387
52.3181271,20.9663913
52.3171951,20.9666022
52.3178816,20.9669576
52.3216993,20.9704766
52.3322624,20.9494926
52.332512,20.9492725
52.3779884,20.917413
52.345696,20.9536367
52.3745798,20.9335513
52.3919541,20.9191115
52.395833,20.9317358
52.3956394,20.9313932
52.3953482,20.9309789
52.3962697,20.9315406
52.3946665,20.9294793
52.3938411,20.9296154
52.3974565,20.9354229
52.3957884,20.938205
52.3973613,20.9336498
52.397315,20.9335681
52.3972038,20.9333855
52.3972399,20.9334434
52.3964339,20.9332992
52.3995052,20.9380929
52.3998295,20.9368769
52.4210569,20.9275297
52.4217013,20.9392313
51.6203775,21.3199021
51.7838653,21.1912878
51.7603632,21.385459
51.9813176,21.2178703
51.9820278,21.21583
51.9828719,21.2162289
51.7893105,21.5915404
51.790078,21.5921266
51.9586035,21.5338367
51.9609103,21.5291591
51.899334,21.613387
51.895626,21.615981
51.895737,21.6165193
51.8478563,21.7057685
52.052601,21.0029304
52.0750946,21.0212024
52.0729341,21.0227084
52.0712993,21.0268368
52.0699239,21.0248231
52.0725196,21.0269622
52.0754514,21.0244317
52.0781123,21.0256614
52.0736228,21.027144
52.0756136,21.0273025
52.0825343,21.0106574
52.0907426,21.003078
52.0864624,21.1209989
52.0932212,21.1151756
52.0956726,21.1167907
52.0942433,21.1178872
52.0945392,21.1168577
52.1693518,21.009291
52.1759066,21.0029579
52.1791959,21.0044754
52.1792448,21.0050018
52.1815512,21.0218485
52.1566761,21.0345729
52.1564037,21.033155
52.1537279,21.0360522
52.1451265,21.043095
52.1452615,21.0430547
52.1475858,21.048257
52.1535842,21.0402699
52.1525635,21.0457334
52.1428817,21.0536258
52.1412391,21.0610485
52.1413944,21.0621462
52.1394907,21.0584891
52.1323652,21.0655064
52.1319257,21.0661594
52.1315479,21.0635118
52.1316504,21.0647734
52.1458046,21.0507508
52.160687,21.0277164
52.1639053,21.0473814
52.1730091,21.0250272
52.1770575,21.0434731
52.1614809,21.0761717
52.1615439,21.0763115
52.1649716,21.0689963
52.1756726,21.0628026
52.182634,21.0556953
52.1827404,21.0555805
52.1823544,21.0560678
52.1758864,21.063544
52.1908768,20.9820269
52.1830934,21.002944
52.1841864,21.0011433
52.1835547,21.0007958
52.1831532,21.0056688
52.194125,21.0023129
52.1927783,21.0133159
52.1951881,21.0235708
52.2048684,20.9980377
52.2073371,21.0078765
52.2031559,21.0105773
52.1985061,21.0119272
52.2004723,21.0233309
52.2014586,21.0231816
52.200949,21.023265
52.2071685,21.0217954
52.2124068,20.9771283
52.211229,20.9775066
52.2149318,20.9803486
52.2137732,20.9794032
52.2147037,20.9801494
52.2154523,20.9807998
52.222178,20.9776938
52.2219206,20.9866742
52.2297378,20.9774478
52.2301462,20.9815143
52.23096,20.9824485
52.2327715,20.9800678
52.2338462,20.9840059
52.22956,20.9841736
52.2285925,20.9849231
52.2250071,20.9912334
52.2309773,20.9888715
52.2303829,20.9863163
52.230759,20.9935977
52.2338786,20.9973277
52.2326069,20.9925264
52.2327426,20.9913604
52.21808,21.0083446
52.2217472,21.0098385
52.2134052,21.0222968
52.2104522,21.0215001
52.2098501,21.0217598
52.209643,21.0208397
52.2111797,21.0214019
52.2203728,21.0159914
52.2195774,21.0186043
52.2277374,21.003828
52.2272494,21.0007018
52.2270281,21.0018576
52.2287144,20.9991954
52.2279079,21.0046277
52.2275766,21.0060533
52.231796,20.9998141
52.2301,21.0024
52.2300171,20.9992182
52.2332924,21.0002481
52.2334749,21.0011335
52.2324528,20.9993779
52.2330447,20.999451
52.231133,21.0027944
52.2289804,21.0039504
52.2333117,21.0015275
52.2346796,21.0093411
52.2348134,21.0092673
52.2339564,21.0102295
52.2354161,21.0106363
52.2229052,21.0168778
52.2262389,21.0133859
52.2265412,21.0132238
52.2267933,21.0130721
52.2268728,21.0140249
52.2244835,21.0154231
52.2252893,21.0149382
52.2281794,21.0121891
52.2238049,21.0211263
52.2302722,21.0149258
52.2293484,21.0154386
52.231193,21.0170463
52.2303948,21.0122312
52.2333959,21.0142422
52.2308285,21.0176859
52.2313107,21.0201714
52.1845213,21.0253605
52.2063655,21.0318106
52.1971128,21.0485528
52.1873557,21.0620989
52.1859987,21.0604591
52.186199,21.062449
52.1862943,21.0626181
52.1860476,21.0630736
52.1863846,21.0636327
52.2353902,21.0326741
52.2256596,21.0381143
52.2333359,21.0543981
52.2313119,21.055783
52.2314171,21.05638
52.2256146,21.0680764
52.2258813,21.0704181
52.1664,21.085
52.2221317,21.0915898
52.225516,21.0822886
52.2265588,21.0854166
52.2255058,21.0830077
52.2274443,21.0931892
52.2242031,21.0926583
52.2234462,21.0923225
52.2241884,21.0926625
52.2243592,21.0932363
52.2242559,21.0938346
52.2271514,21.0941311
52.2252312,21.1024177
52.2332203,21.0949425
52.2298377,21.1050448
52.2350743,21.1187475
52.2041823,21.1678542
52.2062822,21.1680571
52.2059924,21.1733281
52.2256978,21.1597896
52.0786204,21.2443965
52.0883872,21.2490415
52.0964819,21.2683627
52.1024399,21.2663268
52.1024931,21.266418
52.1086015,21.2616141
52.1054805,21.2630416
52.1053611,21.262164
52.1067866,21.2625049
52.105277,21.2613667
52.1074379,21.2627795
52.1046604,21.2624431
52.1054448,21.262482
52.104498,21.2631691
52.0586759,21.3839027
52.0591587,21.3855626
52.1627676,21.2130572
52.1374687,21.2341728
52.2229143,21.233651
52.2230042,21.2310648
52.2163631,21.2374306
52.2355248,20.9731283
52.2387268,20.981785
52.2363811,20.9842684
52.2401631,20.9802833
52.2397522,20.9805103
52.2387991,20.9808931
52.2473494,20.9797441
52.2406468,20.994008
52.2391353,20.9952492
52.2408611,20.9938427
52.2372446,20.9957233
52.2389996,20.9953104
52.2421914,20.995228
52.2574562,20.9843227
52.2574558,20.9844068
52.2574586,20.9845071
52.255613,20.9808902
52.2564,20.9856
52.2576033,20.9864696
52.2381834,21.0030156
52.2356008,21.0088026
52.2365083,21.0061994
52.2386126,21.0053139
52.2385086,21.0055049
52.2380714,21.0073606
52.244055,21.0021859
52.2430329,20.9978011
52.2447121,21.0098719
52.2439952,21.0078389
52.238781,21.0142299
52.2383673,21.0173851
52.2381542,21.014499
52.2504459,20.9991541
52.2618468,20.9720732
52.2710281,20.9747935
52.2708695,20.9745738
52.270722,20.9746562
52.2644243,20.9894979
52.2693571,20.9871969
52.2696155,20.9861309
52.2695852,20.9879593
52.2721547,21.0176005
52.2378245,21.0270354
52.2476946,21.0499692
52.2484003,21.0468168
52.2513599,21.0343023
52.2509188,21.0322197
52.2534042,21.0366962
52.2531936,21.0368517
52.2541081,21.0347957
52.2518377,21.0371357
52.2509065,21.0405534
52.2514612,21.0379281
52.2545153,21.037281
52.2547789,21.0373353
52.2545911,21.0375637
52.2516354,21.037641699999998
52.2372102,21.0519862
52.2395386,21.0602668
52.2455186,21.0761094
52.2700261,21.0454908
52.2868451,21.0747435
52.2953214,21.0018479
52.294754,21.0229543
52.2900632,21.0299694
52.2935349,21.0331799
52.2890789,21.0306348
52.2927909,21.0433787
52.2925171,21.0479151
52.2925072,21.0471474
52.2926013,21.0481023
52.2924859,21.0473804
52.2925504,21.0479796
52.2914746,21.0480158
52.2911971,21.0503797
52.291466,21.0505708
52.3046929,21.057223
52.3052885,21.057434400000002
52.2417699,21.0825448
52.2355077,21.0857077
52.2457699,21.0816698
52.2457105,21.085155
52.2436302,21.0850548
52.2444504,21.0866386
52.2439495,21.0855874
52.2439995,21.0856847
52.2434578,21.0849961
52.2434791,21.083837
52.2430126,21.1006176
52.2515204,21.0819246
52.2373851,21.1039602
52.2368149,21.1049264
52.2365435,21.1139432
52.2425225,21.1029192
52.2858022,21.109361
52.2874005,21.120827
52.2356079,21.1359807
52.2600577,21.1623212
52.2601856,21.1624959
52.2802158,21.1307131
52.2794647,21.1302148
52.3022333,21.0888733
52.2909847,21.1113022
52.2912442,21.1154678
52.2914626,21.1159938
52.3266552,21.1069989
52.3215806,21.1042766
52.3214891,21.1041976
52.3301406,21.1037968
52.3111973,21.1547188
52.308751,21.1543102
52.3040851,21.1603666
52.3015027,21.1579216
52.4166368,21.1798395
52.4172646,21.1803502
52.4168278,21.1800172
52.4187769,21.1799474
52.2472805,21.2776889
52.2475179,21.2770297
52.2473619,21.2757896
52.2470407,21.2841542
52.3345855,21.2149915
52.2414138,21.2985999
52.3454747,21.245034
52.3464735,21.243618
52.3453676,21.2421331
52.3470171,21.2434726
52.3471579,21.2445046
52.3485644,21.2592537
52.3641469,21.2807213
52.4184665,21.1816659
52.4190031,21.1818992
52.1827915,21.5589191
52.1786994,21.5565892
52.182761,21.5573658
52.1797175,21.5571483
52.180036,21.5663302
52.1834482,21.5562254
52.4307642,21.4388523
52.4301815,21.4392128
52.4302397,21.4375514
52.3213751,21.6765999
52.6278154,20.2328
52.5064371,20.5346348
52.6252719,20.3745883
52.6281958,20.3733557
52.6222694,20.373146
52.6329862,20.364805
52.6312495,20.3667463
52.8183264,20.2883182
52.8178449,20.2849483
52.69194,20.46973
52.5752988,20.766716
52.5892822,20.8071685
52.5896521,20.8078435
52.6436642,20.9431037
52.6696305,20.7618586
52.8917728,20.2838993
52.9970847,20.46308
53.2342648,20.176533
53.1115891,20.3796513
53.1113586,20.3814988
53.111269,20.38381
53.1200924,20.3685922
52.8753826,20.6166915
52.87822,20.61763
52.87955,20.61764
52.8793839,20.6191638
52.8812896,20.6209754
52.8813914,20.6191952
52.881248,20.6218683
52.8812188,20.6223918
52.8825045,20.619067
53.0212205,20.8788582
53.0203046,20.8805784
53.0212386,20.8817926
53.0205018,20.881259
53.2597298,20.8978158
53.2586412,20.8966013
53.2582351,20.8962884
52.6198247,21.0207713
52.6056372,21.1848623
52.7077796,21.0834178
52.835891,20.9908299
52.7155165,21.2402732
52.7140498,21.3672714
52.8352378,21.3331104
52.5940015,21.4530166
52.6013681,21.4503663
52.6033641,21.4555306
52.6034638,21.4549232
52.5287056,21.6855262
52.8667891,21.1014997
52.8651072,21.098647
52.8653782,21.103092
53.0048448,21.3056727
53.0317257,21.7297267
53.0832,21.5721
53.0840466,21.5732747
53.0809816,21.5718935
53.0819462,21.5679332
53.0794206,21.5759656
53.0747627,21.5816348
53.0831549,21.5826472
53.2428402,21.7856285
51.7225514,21.9562815
51.7960653,22.1990845
51.96207,21.96777
51.7709364,22.3130163
51.6391478,22.4450738
51.6396297,22.4443548
51.6392517,22.4468932
51.813962,22.4790563
51.7823524,22.6152136
51.7831226,22.6168991
51.7832328,22.6214396
51.7834727,22.6216574
51.9266068,22.384482
51.9272044,22.383414
51.9268758,22.38403
51.9291067,22.380654
51.9294226,22.3811962
51.9989994,22.4082597
52.1771048,22.0698668
52.2700282,21.9118696
52.3089503,21.8578009
52.3983728,22.0163971
52.169426,22.2713309
52.1677422,22.2792609
52.169093,22.2774647
52.1674041,22.2760992
52.1696677,22.279764
52.1674392,22.2781437
52.1700485,22.2731808
52.3423494,22.2460303
52.4052916,22.2546426
52.4073517,22.2391348
52.4068136,22.2403074
52.4068194,22.2401654
52.4073343,22.2424586
52.4068088,22.2471638
52.4071953,22.2467104
52.4072361,22.2441865
52.4073406,22.2492346
52.4071747,22.2530003
52.4060966,22.2548019
52.3837132,22.3915742
51.7554903,22.7885785
51.6344198,22.8884665
51.6390671,22.9034727
51.6412529,22.8986273
51.6399376,22.9006547
51.6406563,22.9006096
51.6391245,22.902277
51.6393984,22.9025202
51.8032499,22.9438266
51.8998194,22.7009368
51.9830434,22.7798474
51.9765988,22.7847183
51.9851238,22.7850884
51.9832041,22.7846427
51.9835508,22.7871663
51.912988,22.8705565
51.7887308,23.2083446
52.0233809,23.1288432
52.2131005,22.7111495
52.2113217,22.7197322
52.2116704,22.7159817
52.2114683,22.7184562
52.1867932,22.934555
52.1352413,23.0256294
52.3031922,22.8227536
52.396868,22.658676
52.3307307,23.0449173
52.4279814,22.8617777
52.0314034,23.1182188
52.0322461,23.1201921
52.0335934,23.1200696
52.0353484,23.1169405
52.0332265,23.1191271
52.0346517,23.1194503
52.0454037,23.1097676
52.0457852,23.1094447
52.0472344,23.1114122
52.0346083,23.1239091
52.0346104,23.123432
52.0340522,23.1227107
52.0345738,23.1237165
52.0274452,23.1355537
52.1954266,23.2080127
52.035966,23.3666886
52.5438126,21.8998497
52.4669046,22.0930947
52.6977613,21.8495525
52.6913384,22.0532241
52.5728765,22.5565889
52.6679739,22.3189385
52.7979208,22.3113891
52.6786967,22.4995201
53.039504,21.9868265
53.1660899,22.0612159
53.1782451,22.0578379
53.177802,22.0578645
53.1774402,22.0723158
53.1751943,22.0700944
53.1739457,22.0688772
53.1738172,22.0685525
53.1734739,22.0694925
53.159856,22.0747326
53.1659533,22.084121
53.1729752,22.0778457
53.1776388,22.0725353
53.1787654,22.0776238
53.1783221,22.0747461
53.1775104,22.0731803
53.1766879,22.0731072
53.1789425,22.0801797
53.1726851,22.0816
53.1800876,22.0768111
53.180168,22.0764405
53.1806389,22.0750681
53.1794514,22.0827207
52.9765865,22.2452801
52.9788031,22.2448403
52.976289800000004,22.2452488
52.9788074,22.2465733
52.9844925,22.2420671
52.9853992,22.243199099999998
52.987011,22.2429681
52.986716,22.2435353
52.9909522,22.2494543
52.9186159,22.5126676
52.9191839,22.6490119
53.1922018,22.3851566
53.0898653,22.4396057
52.8552734,22.7072284
52.841385,22.9802895
52.515676,23.3523143
52.57325,23.32598
52.6538179,23.4344212
52.7628977,23.1855982
52.7706534,23.1864494
52.76792,23.1905418
52.7685794,23.1912507
52.7667515,23.1894283
52.766863,23.1897518
52.7700091,23.1926692
52.7695768,23.1923907
52.7700435,23.192158
52.7697216,23.1925061
52.7725593,23.1931785
52.7719845,23.1930218
52.771721,23.1934039
52.7720355,23.1935485
52.7053409,23.3318298
52.9931,22.8804
52.9913195,22.8796471
52.9910619,22.8821446
52.991002,22.8813324
52.9919911,22.8851719
53.0158579,23.0574757
53.1552414,22.6656129
53.2071335,22.7691976
53.277042,22.8706199
53.0693772,23.0813119
53.1266173,23.0780613
53.1230139,23.0958308
53.1230286,23.095913
53.1248519,23.0949866
53.1087594,23.1242598
53.1218287,23.1459732
53.1136008,23.1473395
53.1277143,23.0989279
53.1319275,23.1055462
53.1471638,23.1102002
53.1353897,23.1330307
53.1329221,23.1382396
53.1319237,23.1388801
53.1348938,23.1471679
53.144779,23.1323156
53.1409389,23.1338229
53.1454522,23.1333486
53.1520771,23.1253281
53.1508002,23.1221246
53.1295194,23.1536081
53.127951,23.1532374
53.1332625,23.1523764
53.1330314,23.153822
53.1295806,23.1539215
53.1328919,23.1593286
53.1292993,23.1552125
53.1313426,23.1556655
53.1292637,23.1551196
53.1320705,23.1602367
53.1337062,23.149636
53.133356,23.1518214
53.1340575,23.1491961
53.1348397,23.1585039
53.1328296,23.1604891
53.1332024,23.1698537
53.130819700000004,23.173329
53.1307268,23.1734972
53.1292015,23.1730107
53.1289192,23.1734627
53.1281116,23.172796
53.1280604,23.1726666
53.1365746,23.1631379
53.1377176,23.1649187
53.1348283,23.1624696
53.136257,23.1647541
53.1345021,23.1680711
53.1499122,23.1561738
53.1512081,23.155139900000002
53.1226321,23.1773614
53.1235651,23.1791957
53.1256266,23.2504368
53.1307989,23.1817647
53.2052882,23.2063028
53.2044872,23.3384271
50.5329752,23.7256508
50.5273545,23.8421377
50.7418839,23.507098
50.6514231,23.8991527
50.7537769,23.7623061
50.7530647,23.7661932
50.5865434,24.0352445
50.8052029,23.8913941
50.8056299,23.8924725
50.8065454,23.8882843
50.8029863,23.8920665
50.8059807,23.893094
50.8032795,23.9005392
50.8075124,23.8908697
51.1368879,23.4945062
51.1403549,23.4946134
51.5438924,23.5535143
51.5528882,23.5431298
51.5457424,23.5563679
51.5439465,23.5538823
51.5471082,23.5554564
51.5469635,23.5549671
51.5448809,23.5544058
51.5449377,23.5544595
51.5493862,23.5544766
51.7196788,23.5027399
52.07412,23.61203
52.073511,23.6107815
52.0743807,23.6138563
52.7386822,23.5840671
52.7382371,23.5868174
52.7344989,23.5915569
52.7386087,23.5876918
52.913844,23.5179128
53.0331396,23.6056829
53.3586924,20.4219927
53.3607023,20.4280448
53.2923023,20.5246101
53.5826859,20.2832461
53.5832245,20.2861019
53.40043,20.9432198
53.8284533,20.3110124
53.74014,20.4828059
53.7407731,20.4895885
53.7411476,20.4958791
53.740831,20.4944684
53.7408921,20.49428
53.7357655,20.5042702
53.7418967,20.4999717
53.7413253,20.5012784
53.7418256,20.5013438
53.7492324,20.5038473
53.7706296,20.4721207
53.7778004,20.4797033
53.7795928,20.4841857
53.7786851,20.4806712
53.7778125,20.4801411
53.7807337,20.4812732
53.7802808,20.481952
53.7753483,20.4901045
53.7733586,20.4979163
53.7732566,20.4983202
53.7766863,20.4885804
53.7763979,20.4890791
53.7759439,20.4885185
53.7764548,20.4886877
53.7766307,20.488364
53.7785736,20.4962027
53.7822021,20.4875833
53.7923847,20.4969305
53.8364397,20.4750387
53.9873007,20.3930663
53.9870298,20.3926005
53.9869443,20.3934326
53.9878487,20.3934832
53.988556,20.3952494
53.9863357,20.3955257
53.986378,20.3956352
53.9864038,20.3957262
53.9865172,20.3960208
53.8325784,20.6927737
53.8633249,20.9550362
53.8672208,20.9550808
53.8642309,20.9537628
53.8640102,20.9564269
53.8651178,20.9531865
53.8643129,20.9545251
53.8627315,20.9557154
53.976419,20.7467858
53.3551456,21.199119
53.5621496,20.9907612
53.5658518,20.9900406
53.5652361,20.9912694
53.5650583,20.9916486
53.5663,20.9917725
53.5573407,21.0031492
53.5608537,21.000209
53.5608871,21.0027525
53.5655054,21.2188315
53.3646882,21.5552534
53.6300588,21.8028696
53.6279084,21.8049164
53.7583928,21.3402281
53.8696302,21.3045039
53.8703209,21.3035423
53.8673957,21.3066655
54.0484683,21.1457836
54.0511453,21.1453428
54.0766562,21.374601
54.0779395,21.3740148
54.0784892,21.3741111
53.799811,21.5744524
54.0357262,21.7692614
54.0358623,21.7682572
54.03295,21.773785
54.0357016,21.7727533
54.0361768,21.7715311
54.0361571,21.7719547
54.1266774,20.5766161
54.1271295,20.5781275
54.1268402,20.575303
54.1263714,20.5804208
54.1297701,20.5802855
54.2512619,20.8066129
54.2479913,20.8080677
54.2483057,20.8081714
54.2513833,20.8102965
54.2511476,20.8097843
54.2685877,21.0156015
54.2685329,21.0137949
54.211701,21.7415968
53.4148697,21.9229531
53.4072767,21.9359598
53.4132033,21.9298287
53.30481,22.02124
53.37972,22.15372
53.6111214,22.0607613
53.2854426,22.3042351
53.3689664,22.3109581
53.4108188,22.4142915
53.5220419,22.322045
53.6508519,22.4548438
53.6504513,22.4549307
53.649272,22.454872
53.6488085,22.4548596
53.6491649,22.4548731
53.6461335,22.4531298
53.6453383,22.4547017
53.6466978,22.4550601
53.647050900000004,22.4554311
53.8100045,21.9458607
53.8108219,21.9447717
53.8107334,21.9450377
53.9815725,22.0305071
53.9237081,22.1745473
53.8006359,22.3549573
53.8001627,22.3558252
53.7997519,22.3566314
53.8001663,22.355824900000002
53.8213753,22.3475769
53.8213261,22.347334
53.811229,22.360881
53.819512,22.3487397
53.8203699,22.3480741
53.8190022,22.3505898
53.8199545,22.3512434
53.8188627,22.351178
53.8195999,22.3485299
53.8197861,22.3480685
53.8196099,22.3495679
53.8275065,22.3470835
53.8257821,22.3452446
53.822092,22.3464633
53.8221841,22.3456655
53.823222,22.3451845
53.8248614,22.3543004
53.822556,22.3508647
53.8216013,22.3505464
53.8216969,22.3499384
53.8217479,22.3503625
53.8218449,22.3491406
53.8249117,22.3493977
53.8225399,22.3519469
53.8249,22.3501096
53.8235878,22.3553998
53.9984634,22.3183447
54.0378044,22.501809
54.0375386,22.5064199
53.3452101,22.6801216
53.4890519,22.7391759
53.4017092,22.7998014
53.404014599999996,22.801088
53.4041807,22.8013981
53.4048214,22.8108427
53.4062623,22.8082337
53.4738454,22.9554856
53.3035033,23.283252
53.3019431,23.2857952
53.6487557,23.3540583
53.6487601,23.3537204
53.7717909,22.8175979
53.8374219,22.9731378
53.8433472,22.9756597
53.8430103,22.982703
53.845077,22.9780521
53.845938,22.9831029
53.844856,22.9786827
53.9894723,22.7811904
54.0981528,22.9283007
54.0989809,22.9287366
54.1000556,22.9297736
54.1014528,22.9309783
54.1022928,22.9279245
54.0989848,22.928816
54.0991414,22.9331487
54.1014979,22.9321755
54.1049543,22.9320464
54.1062289,22.9312615
54.1037783,22.9377237
54.105712,23.3456303
54.14171,21.85456
54.2529441,21.8795986
54.2458686,22.0361278
54.3069597,22.3020423
54.1791177,22.6230013
54.2512131,22.6585335
54.323334,22.9703292
53.4033794,23.4919575
53.4072025,23.496051
53.4068561,23.4955914
53.4056716,23.498617
53.397825,23.5215352
53.5133449,23.6456671
49.5027124,19.100558
49.7497891,18.6312913
49.7482082,18.635567000000002
49.7496327,18.6318616
49.7357057,18.7373618
49.7223593,18.8067786
49.719529,18.8124347
49.8940703,18.8147202
49.6654391,19.2605395
49.6895273,19.2032574
49.8156332,18.9195442
49.7654811,19.0732996
49.8226196,19.0287533
49.8231442,19.044727
49.8225775,19.0508748
49.821942,19.0575404
49.9129008,19.0074053
49.8457291,19.1442678
49.9154437,19.1519083
49.91256,19.1517378
49.2905842,19.8894988
49.4778991,20.0257085
49.6596963,19.5585674
49.8559572,19.3352697
49.8845815,19.4956012
49.7319753,19.5241204
49.7777685,19.6743623
49.5766213,19.8262487
49.6017247,19.9092276
49.6500293,19.8296802
49.67316,20.077205
49.9050493,19.9955448
49.4217544,20.4893197
49.5523504,20.4513567
49.5290517,20.5144364
49.7317904,20.3201239
49.9088298,20.199838
49.7602246,20.4512108
49.5633732,20.6374858
49.6241685,20.7063612
49.8132433,20.5954396
49.5210647,21.1378329
49.8085344,21.2444111
49.684259,21.4647321
49.6968833,21.7483225
49.6952696,21.7587484
49.7679052,21.4198691
49.7315981,21.5795421
49.58177,22.014742
49.6944031,22.0189255
49.5599655,22.2007566
49.6940276,22.0219472
49.9251908,21.9408914
49.7737332,22.2078693
49.8858807,22.0995041
49.5098248,22.2622987
49.8142089,22.2327952
49.3250083,22.6691419
49.7816847,22.7767767
49.7822292,22.7759142
49.7822225,22.7767486
49.7820738,22.7752181
49.8989458,22.951569
51.2489749,15.0443211
51.2474984,15.0426533
50.4399805,16.2398997
50.5854401,16.6995665
50.6834849,16.619641
50.6829255,16.6216393
50.7277591,16.6521179
50.6807912,16.7536553
50.909317,15.3337531
51.1203964,15.2887863
51.0282566,15.4139285
51.0279817,15.4139133
51.0650715,15.3775195
51.0284985,15.4149364
51.0289811,15.4154718
51.0124766,15.5112792
50.8278859,15.5194556
50.8640798,15.6889458
50.9016498,15.7340617
50.9016768,15.7338198
50.9012158,15.7335128
51.0157585,15.67287
51.1087401,15.5830954
51.1110641,15.5845409
51.1102067,15.5886559
51.1107585,15.5864991
51.1220036,15.9134905
51.197403,15.3972287
51.4996534,15.1976758
51.2617598,15.5679079
51.2723873,15.9327897
51.3614046,15.7634736
51.5263824,15.7892312
50.7811696,16.0307356
50.781063,16.0310616
50.7810809,16.0309382
50.864511,16.31102
50.8593061,16.3203924
51.0509598,16.1926012
51.0503675,16.1921821
51.0528038,16.1927554
51.0501634,16.1941085
51.0522846,16.1970638
51.042171,16.2722259
50.8398177,16.4892685
50.9425777,16.4939515
50.9421782,16.4932693
50.9433398,16.4925303
50.8976127,16.7447924
50.9791367,16.6509792
51.0452214,16.6136674
51.5738658,15.9483278
51.5972675,16.0467062
51.3995345,16.205699
51.3992724,16.2065269
51.6006599,16.1692463
51.5100079,16.2632489
51.4134979,16.4331276
51.4408445,16.5109531
51.4682549,16.6134227
51.469959,16.6135565
51.7856127,14.9675986
51.7846208,14.9695818
51.7526125,15.0119638
52.047268,15.0994219
52.0547248,15.0989306
52.4941701,14.6538616
52.5920784,14.6434875
52.4532213,14.8749378
52.6736776,14.8948753
52.6876144,15.0668204
52.9229124,14.8655176
52.9231859,14.8647339
52.9235956,14.8678622
52.9260266,14.8663671
53.1433246,14.8943147
53.1436307,14.8940292
51.6178892,15.3020063
51.799228,15.2353432
51.8019106,15.2475266
51.6164979,15.3103131
51.6130509,15.3316177
51.9404837,15.4907883
51.9362725,15.5057021
51.9394338,15.5146831
51.9418575,15.5102612
51.9418757,15.5109193
51.9442117,15.5134469
51.8040113,15.6935894
51.8003384,15.7155791
51.8001144,15.7136715
51.8022212,15.7201212
51.8015279,15.717212
51.8081496,15.7143971
51.6908209,15.7317737
51.6248523,15.8834783
51.627456,15.8818585
51.9529105,15.8090107
52.4442342,15.1182261
52.0865429,15.6221619
52.0705329,15.8613959
52.1599695,15.8263195
52.2485322,15.5345598
52.2483958,15.5339039
52.2460442,15.8122311
52.2479232,15.8149628
52.3624132,15.8670296
51.6651478,16.0773257
51.6669081,16.0794024
51.6667984,16.0798528
51.8067631,16.3185208
51.8072383,16.3204553
51.7067778,16.7496202
51.8555023,16.501561
51.8431047,16.5675948
51.9326367,16.3708196
52.0056215,16.3828902
51.8360242,16.597966
51.8431749,16.5734011
51.8443423,16.5784011
51.842753,16.5842529
52.1173532,16.1103377
52.3163639,16.1289441
52.1633778,16.4619885
52.0844517,16.6426556
52.0816755,16.6397369
52.5173535,15.4138203
52.600406,15.5012347
52.7271185,15.238555
52.7378689,15.2315555
52.7403806,15.4076978
52.6049385,15.8934191
52.6045685,15.8960356
52.6054313,15.8968331
52.8408536,15.830965
52.8388985,15.8359806
52.9942862,15.2204021
52.9939583,15.220144
52.8763307,15.5319904
52.8788789,15.5317886
52.4478785,16.1783814
52.5130757,16.2555573
52.4526069,16.4061397
52.4642219,16.666069
52.6072206,16.5828432
52.7107003,16.3817471
52.7973303,16.7371831
53.0870729,16.1198397
53.0377886,16.4542357
53.039259,16.4628451
53.1485651,16.7195135
50.2973956,16.8734053
50.3213051,17.5766334
50.4432742,16.8729343
50.5899548,16.8109145
50.5896735,16.8108026
50.4770093,17.3374959
50.696052,17.3832995
50.050023,17.7967878
50.0176765,18.1221818
50.0835867,18.0909766
50.0903348,18.2139626
49.9859275,18.266757
49.9592127,18.4009864
49.9588181,18.407451
49.9820412,18.4093788
50.0621405,18.4206356
50.3360385,18.1460892
50.2009271,18.3101593
50.1925849,18.4494564
50.373575,18.0014416
50.4916352,18.0227018
50.6672866,17.9236396
50.6730139,17.9180683
50.5126673,18.286912
50.5121678,18.2973226
50.57235,18.1554779
50.6658316,18.0721598
50.6769746,18.2136141
50.6540202,18.3853234
50.7812623,17.0654597
50.7801185,17.0668237
50.7802565,17.0682854
50.8664771,17.0665964
51.0420432,16.9698632
51.0943559,16.981352
51.0763074,17.0421608
51.0951795,17.0193237
51.0938431,17.0192807
51.0969851,17.0354929
51.0972532,17.0342556
51.0973444,17.0336669
51.1197109,16.9909616
51.1195463,16.9907657
50.9447646,17.2800553
50.9464027,17.2956381
50.8582143,17.4748375
51.0340412,17.3382904
51.0350801,17.3399645
51.1769251,17.2007383
51.3007582,16.9148631
51.2995837,16.9120729
51.2080562,17.3792614
51.2095769,17.3800003
51.2646106,17.3444858
51.5241141,17.273584
50.9591494,17.7563266
51.0436294,17.8876658
50.9770963,18.215534
50.9735029,18.2140942
50.8761576,18.4215673
50.8775156,18.423046
51.0284892,18.4222059
51.0539974,18.4489534
51.2340848,17.7111888
51.2743947,17.8098381
51.2798047,17.9828295
51.2775805,17.9862424
51.2814867,17.9881437
51.5734039,17.6708231
51.4290664,17.9191893
51.4281148,17.927282
51.4299875,17.9245392
51.5307512,17.9698205
51.5321804,17.9728792
51.2928066,18.1573264
51.3722114,18.4352878
51.4971036,18.4476574
51.5967867,18.2510894
50.0037274,18.4687435
50.0081739,18.6428212
50.0586532,18.497122
50.0952318,18.5444853
50.093049,18.5440154
50.0448943,18.6935195
50.0336226,18.786424
50.2330046,18.6613928
50.1496977,18.6761701
50.1491945,18.6783671
50.1478502,18.8390639
50.2753948,18.8661245
50.2752045,18.8655299
50.2765134,18.8649687
50.3114249,18.7870803
49.9783225,18.9465083
50.1083719,18.9817891
50.1145073,18.9884644
50.08907,19.0920457
50.1667911,18.9033898
50.2244056,18.9864401
50.2242318,18.9864522
50.2242387,18.9862453
50.2895858,18.875889
50.2879556,18.9240565
50.3119272,18.9149609
50.3452554,18.9214901
50.2978489,18.9513579
50.2515442,19.0067576
50.2588672,19.0163672
50.2584894,19.017582
50.259438,19.0176051
50.270471,19.0039911
50.2717395,19.0039935
50.2706737,19.0030626
50.3041761,19.0200939
50.1463406,19.1859253
50.1466224,19.1858795
50.2152919,19.1582561
50.2814248,19.1139156
50.2784981,19.1297845
50.3202348,19.1290271
50.3212099,19.1348792
50.3273442,19.182085
50.4438097,18.82669
50.4429121,18.8608972
50.6072899,18.4798944
50.6379859,18.8418888
50.6719728,18.6881259
50.4440057,19.1288914
50.470159,19.235874
50.587908,19.059847
50.1358602,19.6347091
50.1359942,19.6332292
50.1407387,19.4013156
50.1408831,19.4077367
50.1597998,19.4697
50.16047,19.4710422
50.1595251,19.4719579
50.2784744,19.5615974
50.277457,19.5654611
50.269803,19.5744652
50.2756828,19.5712233
49.9718046,19.8308956
49.9748533,19.830632
50.0390732,19.7677869
50.0450971,19.9228911
50.091746,19.9028237
50.1169258,19.920366
50.0134522,19.9314722
50.0132896,19.9501451
50.0533437,19.9403473
50.0537688,19.9547985
50.0682507,19.9460576
50.0677638,19.9463804
50.0681843,19.9456575
50.0668869,19.9459942
50.0764503,20.0164132
50.0849989,20.0207635
50.0845973,20.0214515
50.0872684,19.9826223
50.0726289,20.0362048
50.1377894,20.1148796
50.2128454,19.7489404
50.1620849,19.9789643
50.4847463,19.4236252
50.4907776,19.4246839
50.4909386,19.4233147
50.4850761,19.4324174
50.4823266,19.4337156
50.5744111,19.3269781
50.5757321,19.3279032
50.5750058,19.3355062
50.5790512,19.3334281
50.6264867,19.3643214
50.4842423,20.0245956
50.6257281,19.8163847
50.625521,19.8177162
50.6271605,19.8219847
50.9330882,18.5364417
50.883736,18.6903827
50.8841911,18.6912285
50.8825751,18.7466157
50.9471806,18.8189786
51.0386132,18.5985012
51.1170323,18.8634568
51.1173778,18.872388
50.7788271,18.9591293
50.7788687,18.9613642
50.9060886,18.9394533
50.967616,18.98312
50.8081563,19.1148832
50.808218,19.1145067
50.9205447,19.1976571
51.026956,18.9299855
51.1161642,18.8748299
51.1471119,18.9988684
51.1471246,18.9994029
51.0817014,19.1875035
51.2208836,18.5712203
51.2204899,18.5724153
51.5878759,18.7203256
51.594123,18.7250466
51.5935169,18.735478
51.5938493,18.737685
51.5945372,18.7394039
51.5943732,18.7372525
51.2030154,18.8981676
51.2217493,19.0414087
51.2395781,18.9862642
51.3245867,18.9852596
50.9632079,19.4689451
51.0656181,19.4429108
51.0682709,19.4413324
51.0654201,19.44851
51.0649397,19.4471627
51.0605019,19.4519513
51.1671807,19.4843895
50.8890971,20.1175717
51.355169,19.3703695
51.3559482,19.3689618
51.3011614,19.6445937
51.4055753,19.6779616
51.4168904,19.6729063
51.4058607,19.7079526
51.3535404,19.8808051
51.5973138,19.9268788
51.7635729,16.8084944
51.6522478,17.1686732
51.6533423,17.1690669
51.7584766,17.1179481
51.8793416,17.0150332
51.884381,17.0718687
51.9869806,17.0639878
51.8217028,17.2326989
51.8232644,17.2309137
51.8634488,17.6022957
51.9727443,17.5012566
51.9726914,17.500092
51.9735416,17.5001337
52.0914755,17.0053019
52.0951719,17.0196937
52.3905305,16.7889603
52.3515757,16.8681314
52.366663,16.9302858
52.4026865,16.9251172
52.3971362,16.9459869
52.396912,16.9559874
52.2885655,17.0455205
52.3834469,16.9951453
52.0873967,17.4055799
52.228211,17.2793659
52.2281387,17.2823805
52.228436,17.2815694
52.2289264,17.279318
52.2016737,17.4885189
52.3972155,17.2224412
52.397898,17.2258895
52.3938507,17.2280144
52.3243253,17.5664169
51.6442602,17.813754
51.6487226,17.8095543
51.652497,17.8120989
51.6514456,17.8132657
51.6418635,17.8291671
51.6584162,17.8481113
51.9170061,17.653345
51.8976593,17.7876426
51.8501572,17.9312719
51.9745742,17.8693972
51.7468922,18.0722449
51.7538517,18.0765589
51.7544379,18.0938567
51.7385625,18.2094185
51.7389051,18.2150789
51.6522248,18.4339476
51.7981587,18.3390482
51.9185288,18.1099345
51.8543414,18.1788871
51.952177,18.3919551
51.9539443,18.3939708
52.1682742,17.6879337
52.310044,17.8141452
52.4397882,17.7718009
52.0696608,18.1647224
52.154707,18.053522
52.1812983,18.2208441
52.2067172,18.2537155
52.2261201,18.2496901
52.2282972,18.2568119
52.227161,18.2520565
52.2292113,18.249736
52.2296177,18.2728239
52.4364915,18.0831475
52.3706222,18.1797799
52.450158,16.9157204
52.4500444,16.9213546
52.5738669,17.0086714
52.6717606,17.1571691
52.6713635,17.1583828
52.4769573,17.2806362
52.8083854,17.2013192
52.8108609,17.2002429
52.9923103,16.9140979
52.9942944,17.4959602
53.1193041,17.2899969
53.2553544,17.2507923
53.1365679,17.5921831
52.5654656,17.8251745
52.770051,17.758276
52.8479507,17.7349308
52.6553744,17.9537892
52.6267518,18.1690101
52.4825308,18.3317211
52.7528097,18.1148306
52.6750675,18.3219349
53.0079757,17.7335915
52.9524344,17.9183546
53.1211678,17.9943617
53.1223427,18.0063477
53.1224341,18.0035549
53.123356,18.0048852
53.1315466,17.9949214
53.1270761,18.0041728
53.1280169,18.0101326
53.1295157,18.0146103
53.1279149,18.0100083
53.1361658,18.0146118
52.9012008,18.1477024
53.1201006,18.0556336
53.0811608,18.2248404
53.2649275,18.1444252
53.0962173,18.3288718
51.7074102,18.6259663
51.9085256,18.5321516
52.0156039,18.5028321
52.0175995,18.505739
51.963449,19.2927993
52.0984902,18.6057641
52.1992633,18.6361452
52.2015736,18.6383548
52.2733683,18.6030448
52.3892434,18.5041251
52.4429305,18.5083193
52.343744,18.6663105
52.3535552,18.7301212
52.4217231,18.7584561
52.1273013,19.0106643
52.0582534,19.194431
52.1483014,19.2893347
52.2538061,18.9176792
52.335218,18.8973669
52.3349602,18.8977125
52.4057208,19.0315666
51.8107933,19.3186881
51.8000543,19.3846453
51.729872,19.4584679
51.7357628,19.4596579
51.7187056,19.4874535
51.7381435,19.4685938
51.7556237,19.4590481
51.7621094,19.4860725
51.7685346,19.4394841
51.7795343,19.4436831
51.778594,19.4427811
51.7790569,19.4442565
51.7793588,19.445516
51.7926937,19.4470625
51.7681517,19.4543746
51.7640319,19.4604177
51.6634253,19.6513483
51.7624305,19.5074256
51.7586695,19.5354404
51.7944844,19.5099993
51.7261115,19.6363462
51.8202273,19.2990655
51.8210658,19.431517
51.8543926,19.4204297
51.8533249,19.4243325
51.9648392,19.7197245
52.2326666,19.3598681
52.2317742,19.3602517
52.2318151,19.3614827
52.4255833,19.4611837
52.4265015,19.4618913
52.4281533,19.4620257
52.2411355,19.6263375
52.2978541,19.7129553
52.2434891,20.1077318
52.3683441,19.9394072
52.6222199,18.5270061
52.6303615,18.5346564
52.557784,18.5939516
52.5411093,18.8327753
52.6294494,18.7232945
52.8060145,18.8726964
52.4888076,19.0170638
52.6408526,19.0516322
52.653963,19.0629634
52.5079417,19.0870394
52.8497952,19.1758157
52.8442655,19.1781773
52.8478956,19.1781478
53.0123663,18.6013948
53.0251846,18.6383297
52.8762345,18.6929373
52.878049,18.7011229
52.9933802,18.711398
53.1865851,18.6115554
53.2500442,18.5662923
53.1061009,19.0547416
53.1046539,19.0557601
52.541948,19.6962556
52.5542248,19.6840879
52.5507137,19.7129907
52.6064827,19.652871
52.8514277,19.6663449
52.8497212,19.6664014
52.8497646,19.6667912
52.4599429,20.1064165
53.2595498,19.3986467
53.4253889,14.5540407
53.4270188,14.5501026
53.4288713,14.5551608
53.5418945,14.5635729
53.3439156,15.0337938
53.5627101,14.8258377
53.5612019,14.8329298
54.0318199,15.0533686
53.5263094,15.8152663
53.7750503,15.7764056
53.5283205,16.0125714
54.006055,15.9812134
53.709379,16.6914149
53.7081548,16.6949783
54.1175842,16.680393
54.1767656,15.5738262
54.1913112,16.1723601
54.1911932,16.1732371
54.1921684,16.1825561
54.3100527,16.5188491
54.4212504,16.4090993
54.4181103,16.4097403
53.4200884,16.8149627
53.2977484,16.992432
53.3619349,17.0380265
53.3619282,17.0461631
53.3610296,17.0516657
53.4114719,17.1504236
53.6634341,17.3586447
53.6685372,17.3620674
53.533305,17.5183421
53.9996767,16.9732695
53.8228722,17.3795481
53.3916052,17.6851344
53.5868818,17.8642212
53.5779014,18.0245318
53.3498918,18.4301625
53.5272183,18.2125606
53.5966132,18.3480951
53.8852351,17.7208995
54.1228239,17.9775748
53.7109442,18.1792012
53.934132,18.3277615
54.0725816,18.4521546
54.4544305,16.9903902
54.460168,16.9899966
54.1692909,17.4881608
54.1694914,17.486067
54.3330194,18.1981869
54.3398768,18.3521174
54.5428,17.7466665
54.54254,17.7459568
54.742276,17.890816
54.6029556,18.240663
54.5638532,18.411972
54.6030571,18.350699
53.4619491,18.7305624
53.5109084,18.4943641
53.3900232,19.1550157
53.6106455,18.947081
53.6707247,18.8844084
53.5171282,19.0854205
53.7224988,18.4917565
53.7470668,18.6880156
53.96707,18.53321
53.9745274,18.5391406
54.0870822,18.7956666
53.7571925,19.198779
53.9194717,19.0310432
53.9193157,19.0333737
54.0748093,18.9240942
53.9242297,19.1739874
54.054001,19.2042279
53.3253203,19.6033629
53.4238717,19.5915829
53.5006565,19.3519663
53.5900514,19.5671276
53.5893593,19.5658247
53.5882096,19.566344
53.5881026,19.5664987
53.5879889,19.5664856
53.5902451,19.5654753
53.5901003,19.5655443
53.5968904,19.5627701
53.7020021,19.9613079
53.7234236,19.3289159
53.7181947,19.3381546
53.846417,19.5995042
53.9210846,19.3493482
54.0886708,19.3074161
54.0583618,19.6571245
53.7048978,19.9601502
54.1708296,18.53778
54.1443921,18.6023435
54.2571382,18.6326987
54.2608434,18.6401339
54.3149737,18.6297762
54.2055965,18.7679969
54.2440997,18.8435136
54.371866,18.5204175
54.3495414,18.6465504
54.3494491,18.6469094
54.5425795,18.4685479
54.6050453,18.8030144
54.1629786,19.4038001
54.1635179,19.4047942
54.1698116,19.4031125
54.16973,19.4035138
54.1831619,19.4205003
54.2180397,19.5472853
54.1873289,19.7212536
54.3809857,19.8228299
54.3838506,19.828502
54.3835559,19.8294682
54.3828519,19.8313644
50.2893732,20.3035438
50.3191256,20.3994696
50.2686899,20.4873323
50.2688349,20.4871498
49.968321,20.6105901
49.968991,20.6096004
50.0666063,20.7074513
50.1335054,20.8839472
50.2429449,20.7237956
50.298876,20.8099822
50.3645343,20.3532541
50.6420141,20.3001991
50.6384292,20.3029648
50.7001881,20.4510278
50.465621,20.7194679
50.4691876,20.7210041
50.7446829,20.6183523
50.082245,21.0251421
50.1758804,20.9866777
50.1752281,20.9876475
50.3091907,21.0742272
50.310151,21.0763725
50.339295,21.3328939
50.0515709,21.4120763
50.0493294,21.4147911
50.0528432,21.4113951
50.0511671,21.4106089
50.0838177,21.3923492
50.0984379,21.5915409
49.9451718,21.613227
50.2884499,21.4247935
50.293176,21.4303872
50.2942875,21.4228972
50.4248341,21.2824266
50.5272493,21.2064536
50.5610419,21.1734456
50.5639948,21.1706937
50.5698852,21.6736597
50.574732,21.679237
50.7379826,21.7907329
50.8103436,20.2626244
51.1477239,20.2216285
50.8710045,20.6205957
50.8715311,20.6259983
50.8787734,20.6370505
50.8024563,20.8077861
50.8502276,20.8229172
50.9908078,20.6159453
51.1382357,20.5642124
51.1181179,20.8616625
51.1166573,20.8767871
51.2981479,20.294543
51.3757864,20.2893411
51.3787675,20.2943153
51.1886044,20.4094586
51.1891068,20.4109846
51.1898687,20.4116597
51.2254744,20.8597196
51.5071573,20.7210916
51.5100999,20.7212282
50.9575934,21.1204211
50.897143,21.2228775
50.9290813,21.3845354
51.0423153,21.0815783
51.15976,21.6530361
51.1603256,21.6500766
51.3148037,20.9912596
51.3149979,20.9914653
51.381721400000004,21.1715158
51.2755268,21.4664222
51.247836,21.5751325
51.3278299,21.4459683
49.9840404,21.9424941
50.0243436,21.9910285
50.0299411,21.9948289
50.0434913,21.9769926
50.0382958,21.9988583
50.0361311,22.0039855
50.0345045,22.0013928
50.0348954,22.0013359
50.0347975,22.0033812
50.0419852,22.0003106
50.0366227,22.0004686
50.1521237,21.9633236
50.2588457,21.9698464
49.9346325,22.3494686
50.0283644,22.3732859
50.0880073,22.2315073
50.0559918,22.4952885
50.1631562,22.3098689
50.2643159,22.4161929
50.3222539,22.3486579
50.2995351,22.4687278
50.3736811,22.1553165
50.6912531,22.0686716
50.7032542,22.4173497
50.6943689,22.5653605
50.0165634,22.6813801
49.9411193,22.8313482
49.9515869,22.8191136
49.9522117,22.8172967
50.3138085,22.955116
50.2456288,23.1321064
50.5322577,22.7190387
50.3960037,22.8625785
50.6950346,22.9769143
50.4146707,23.2235062
50.5457815,23.2109397
50.5454704,23.2107096
50.7146816,23.2602031
50.7133118,23.2657161
50.7108901,23.2733045
50.725708,23.2504687
50.7162785,23.2601169
50.7493902,23.3630908
50.8072798,21.8541519
50.7852886,22.2265371
50.9205726,22.2208847
51.0417899,21.8303251
51.1416117,21.8764592
51.1469418,21.967346
51.0904472,22.2824739
51.1113985,22.3854992
51.170642,22.5026093
51.3231973,21.890149
51.2937568,22.1489679
51.4142764,21.9720059
51.4181946,21.9695478
51.4182037,21.9714023
51.563215,21.8666569
51.2781093,22.3707713
51.3744719,22.2608935
51.3633281,22.300526
51.2286209,22.5212283
51.1919649,22.596089
51.2365068,22.5717612
51.2357281,22.5711071
51.23604,22.5711983
51.2354018,22.5971673
51.2474839,22.5537924
51.2465243,22.5521239
51.2499818,22.5761391
51.2639013,22.6308761
51.3589337,22.6250134
51.4608746,22.3028363
51.6011786,22.2782768
51.4601665,22.6096341
51.4590761,22.6093026
51.4584319,22.6101151
51.5592606,22.5086434
51.0073675,22.7101252
51.1390572,22.844906
51.1367687,22.8536595
51.0916903,22.9640312
50.8903868,23.1563754
50.9856049,23.1785036
50.9843573,23.1736868
50.9842839,23.173746
51.0204836,23.1838287
51.1204072,23.2438604
51.0914316,23.2805194
51.1262459,23.4687621
51.1235546,23.4710822
51.1315893,23.4718855
51.1343506,23.4838812
51.1348594,23.4734008
51.2268596,22.9277242
51.4936137,22.8536719
51.303831,23.1268605
51.273534,23.4340791
51.5214084,23.0877748
51.3999958,23.4057801
51.5614441,23.3954498
51.8067041,20.4714011
51.8059236,20.469301
51.9558507,20.1446648
51.7772764,20.6942093
51.6453384,20.9546476
51.6477159,20.9508953
52.0034708,20.5573022
51.826177,20.8096777
51.8956907,20.7817397
51.8668706,20.871593
51.8671676,20.8716159
51.8649734,20.8723481
51.8654181,20.8679775
51.866998,20.8722208
51.8205738,20.9438833
52.2283518,20.240156
52.2279895,20.2401487
52.0649985,20.445176
52.0874583,20.384482
52.1268924,20.4718734
52.1997594,20.4173524
52.3242659,20.2660411
52.108575,20.625486
52.1089112,20.6326082
52.194174,20.6168425
52.1393675,20.7169964
52.0910848,20.931771
52.1569633,20.7976685
52.1651371,20.7923263
52.1645302,20.8045527
52.1828352,20.8413873
52.1834798,20.8397225
52.1358216,20.8909469
52.1726625,20.8886337
52.1751665,20.9419831
52.2236151,20.9277259
52.437605,20.611742
52.3396931,20.8856236
52.2955039,20.9314702
52.295661,20.9313219
52.2957489,20.9317101
51.6469745,21.0851818
51.7835573,21.1863748
51.7841331,21.1858177
51.901769,21.0793846
51.8534795,21.3766778
51.9844867,21.2159107
51.9836348,21.2164794
51.9835194,21.2177498
51.9327703,21.3043849
51.6942914,21.5508476
51.6925957,21.5520871
51.9005985,21.6114209
51.9485378,21.7644379
52.0513797,20.9877192
52.0711169,21.0272621
52.075715,21.0258646
52.0749982,21.0241489
52.179294,21.0044445
52.2355088,21.0142157
52.2330874,21.1063477
52.2316643,21.1059674
52.2054827,21.1730002
52.1353756,21.2335918
52.1735649,21.2922235
52.2264325,21.3530013
52.2443693,20.9908124
52.2865465,21.0760146
52.311149,21.1545627
52.2521179,21.2241117
52.2475133,21.2770399
52.3466143,21.2405801
52.3462264,21.2441066
52.3466964,21.2424919
52.350508,21.2580463
52.0641862,21.4820874
52.1823331,21.5615492
52.1811252,21.5578581
52.182396,21.5581145
52.0922116,21.6181812
52.148111,21.7374201
52.1653084,21.8001141
52.2911514,21.5499257
52.5064588,20.2501331
52.5292639,20.3623246
52.5128686,20.5298942
52.6222829,20.3727055
52.6919451,20.4696777
52.8681441,20.1984838
53.2337457,20.1791782
53.2328875,20.1800775
53.1139333,20.3746969
52.8843195,20.6015438
52.8751494,20.6154619
52.8819345,20.6201442
52.8807252,20.6247965
53.0214211,20.8831072
53.0190869,20.8824842
53.0239747,20.8805606
52.7032806,21.0807041
52.8636424,21.1001701
52.4762261,21.6335702
52.8653661,21.1020726
52.8666077,21.0975686
53.0330969,21.1594788
53.1743781,21.2953393
52.889916,21.3975614
53.0804922,21.5754528
53.0801241,21.5751488
53.2347963,21.4625347
51.6259569,21.9347958
51.6264029,21.9309663
51.6267243,21.936626
51.6264507,21.9362389
51.8113023,21.898112
51.8836288,21.8246262
51.7016688,22.3336497
51.6390577,22.4482523
51.6744584,22.6374039
51.7215041,22.5218256
51.7769272,22.6089464
51.7811943,22.6163102
51.9868175,22.5425665
52.1781482,22.0700415
52.3984199,22.0158872
52.0711006,22.2944433
52.1700614,22.272436
52.1682579,22.2755068
51.628033,22.7718777
51.6376697,22.8970135
51.6396749,22.9010939
51.8600929,23.1410228
52.4259988,22.8603921
52.4270753,22.8632346
52.1211817,23.2925295
52.6393595,21.8472895
52.8052551,21.8966841
52.8053355,21.8954119
52.7165294,22.4029804
52.8629005,22.3492215
52.7760754,22.5074018
52.9319407,21.9303495
53.2276393,21.8780354
53.178556,22.077863
52.9868623,22.2487023
53.022076,22.3739701
52.9152023,22.5131027
52.9180911,22.5117343
52.8669108,22.5458513
52.5814121,22.7342874
52.6505906,23.0440609
52.7215714,22.7295189
52.7419974,22.8393431
52.7445477,22.8419086
52.7667859,23.1895958
52.7701443,23.1928743
52.7716274,23.192861
52.9237974,22.8273471
52.9920263,22.7025845
52.9872364,22.8758101
53.1428116,22.9874935
53.1990587,23.0165094
53.1162354,23.1454176
53.1526811,23.085235
53.1327367,23.1594944
53.1364791,23.1546375
53.1362062,23.1662793
53.1279714,23.1755148
53.1990115,23.2040501
53.2044585,23.338449
50.3403187,23.5224635
50.532843,23.7254415
50.9185455,23.5492889
50.9880643,23.510686
51.0205105,23.6739181
51.170039,23.7928762
50.8941731,24.0471623
51.2360707,23.5938354
51.3204017,23.6240994
51.9146142,23.606175
52.0732305,23.6095815
53.0340201,23.6047228
53.0953974,23.6689786
53.2633883,23.7732097
53.4002032,20.9439196
53.526802000000004,20.7213085
53.6515546,20.7917139
53.75847,20.4598812
53.787311,20.4830794
53.7819995,20.5017499
53.9884814,20.3960939
53.7075554,20.7007898
53.705125,20.9600182
53.9743754,20.7466129
53.5623835,20.9944915
53.6407598,21.5343117
53.6293941,21.8020375
53.6300809,21.8043356
53.8759238,21.3037269
53.9378398,21.5502587
54.0354439,21.7681393
54.2504642,20.8085528
53.3797218,22.1536811
53.6421262,22.4602263
53.6417919,22.459471
53.6453293,22.4552757
54.0902162,21.9234699
53.4052608,22.7982623
53.404567,22.8000335
53.3139623,22.9176638
53.3957153,23.0369165
53.4670849,23.2318208
53.3015276,23.288219
53.6811685,23.0952548
53.8732946,22.6741206
54.1043821,22.9312119
54.1075163,22.934407
54.1155232,23.2050642
54.1637518,22.4156883
54.3091965,22.3042546
54.3674305,22.8695985
54.2513559,23.1781655
53.4061911,23.4954983
52.3141437,15.0731136
50.031705,22.034531
