lat,lon
-14.293929,-178.1588013
-13.2815828,-176.1865647
-13.2804501,-176.1754341
-17.6179244,-149.6143626
-17.761386,-149.506304
-17.7613604,-149.503535
-17.7616738,-149.5035251
-17.7277394,-149.31869
-17.5191835,-149.7807409
-17.4817174,-149.8077
-17.4821525,-149.807266
-17.4817112,-149.8074992
-17.5807187,-149.6151096
-17.5563986,-149.6050782
-17.5463625,-149.5862166
-17.5430033,-149.567982
-17.5423936,-149.567332
-17.5418578,-149.571609
-17.5415652,-149.571812
-17.540981,-149.569832
-17.5404201,-149.569324
-17.5403879,-149.567537
-17.5388182,-149.5663194
-17.5402437,-149.568952
-17.53751,-149.568053
-17.5379147,-149.5672838
-17.5385517,-149.568102
-17.539869499999998,-149.5660283
-17.5381289,-149.5649827
-17.5359807,-149.559301
-17.5323144,-149.5678194
-17.5320689,-149.5704582
-17.5314254,-149.570604
-17.5327506,-149.5679219
-17.5313329,-149.552948
-17.530783,-149.5523963
-17.5071407,-149.4914857
-16.7312846,-151.4418841
-16.7309575,-151.4420492
-16.6359251,-151.4918801
-16.5830249,-151.4951134
-16.5068552,-151.7514868
-16.5103653,-151.7496651
-16.5017985,-151.7514515
-16.7144425,-151.0341432
-16.7081419,-151.034651
-14.9449947,-147.708233
-14.9564034,-147.6597821
-15.8249291,-140.8899889
-8.9123302,-140.0965138
-9.3608338,-140.0486889
5.4939338,-54.0206471
14.4713596,-60.8792782
14.4711155,-60.8795652
14.4733314,-60.8746421
14.4734083,-60.873844
14.4727589,-60.8759483
14.472812,-60.8748377
14.6093309,-61.0971688
14.6049327,-61.0836778
14.6164466,-61.0843239
14.6179796,-61.0828418
14.6184336,-61.0819741
14.6187812,-61.0833092
14.6031026,-61.0688657
14.6039205,-61.0691907
14.6057645,-61.0701639
14.6172103,-61.0425463
14.6172988,-61.0319946
14.5254886,-60.9812938
14.5253859,-60.9810586
14.5712892,-60.9808881
14.5763271,-60.9727282
14.6167532,-61.0172635
14.6167569,-61.0032808
14.6194791,-61.0204164
14.6226126,-60.9892666
14.6736881,-60.9448288
14.6761421,-60.9406037
14.8325994,-61.054908
14.8329482,-61.0554907
14.8681814,-61.122385
14.7393367,-60.9632343
14.739748,-60.9632764
14.7838265,-60.9950399
14.7831426,-60.9914355
15.882751,-61.315526
15.8826143,-61.3152852
15.9911052,-61.7276692
15.9936103,-61.7264657
15.9945368,-61.7297561
15.9997312,-61.718994
16.0119402,-61.7417436
16.3318318,-61.6966811
16.3319128,-61.6954912
15.9754181,-61.6428858
16.042358,-61.5650387
16.0425327,-61.5654055
16.0445904,-61.5629901
16.0523356,-61.5636546
16.047093,-61.5627377
16.1330691,-61.5800611
16.2409654,-61.5843577
16.2392635,-61.5849387
16.2394711,-61.5714717
16.2407839,-61.5718427
16.240974,-61.5719068
16.2428128,-61.5554535
16.2563579,-61.570508
16.2076509,-61.5009364
16.215322,-61.5023793
16.241286,-61.5354338
16.2367462,-61.5372881
16.2369314,-61.5364096
16.2411415,-61.534934
16.2423228,-61.5346216
16.2184337,-61.5163875
16.2472644,-61.5391935
16.2519532,-61.5406589
16.254112,-61.5234182
16.2542098,-61.5226274
16.2673692,-61.5156962
16.2707224,-61.6361525
16.272499,-61.5182542
16.2759092,-61.5107715
16.2242015,-61.3855517
16.224389,-61.3855469
16.3306625,-61.355302
16.3337674,-61.3571442
16.2930935,-61.2905523
4.8877861,-52.3319688
4.887729,-52.3329924
4.8999519,-52.3279101
4.9396688,-52.3332036
4.9386114,-52.3328344
4.9411425,-52.3335144
4.939345,-52.3344429
4.9405538,-52.3265947
4.888756,-52.28434
4.9046987,-52.3216882
4.9024834,-52.3194373
4.9056239,-52.3197576
4.9288988,-52.3020883
4.9357503,-52.3127506
4.939317,-52.3158449
4.9259213,-52.2891519
4.9258231,-52.2884603
4.9232184,-52.2831926
4.9361205,-52.2966347
5.1602645,-52.642984
5.1655696,-52.641017
5.1708435,-52.6511542
17.9033625,-62.8400023
17.9031196,-62.8408146
18.0599073,-63.0862638
18.0970025,-63.0412469
18.0971039,-63.0416436
18.0970195,-63.0414757
46.776979,-56.1767031
46.7811428,-56.1712391
43.1794843,-1.340053
43.1627977,-1.2401371
43.1640195,-1.2381198
43.1619957,-1.2385208
43.165839,-1.2334483
43.1671295,-1.233377
43.1165147,-0.8629204
43.1159997,-0.8630411
43.1168812,-0.8637343
42.9879445,-0.4260231
42.9877174,-0.4267602
43.1033363,-0.4265525
43.1876279,-0.61791
43.1883898,-0.6108234
43.1964529,-0.6192426
43.1925515,-0.6132533
43.1927393,-0.6115303
43.1931519,-0.6041476
43.1921047,-0.6072347
42.9573321,-0.3314603
42.8895996,-0.1149312
42.8906604,-0.1139091
42.8722807,-0.0050766
43.0065993,-0.1013551
43.0059784,-0.100634
43.0057173,-0.1007842
43.0058751,-0.1002741
43.0066469,-0.1008264
43.1800801,-0.2622348
43.1796474,-0.2625011
43.1800464,-0.2616969
43.1799955,-0.260981
43.0935707,-0.0460514
43.0949869,-0.0465276
43.0952691,-0.0460884
43.0959892,-0.0460616
43.0963197,-0.0459771
43.3447149,-1.7618599
43.3579824,-1.776503
43.3594726,-1.7757888
43.3587899,-1.7759216
43.3569425,-1.7744695
43.3577172,-1.7745744
43.3565179,-1.7742048
43.3712143,-1.7727775
43.3744536,-1.67777
43.3810911,-1.6685171
43.3843055,-1.6665933
43.3877265,-1.6605418
43.3874443,-1.6630156
43.3873969,-1.6620134
43.3875796,-1.6615985
43.3871517,-1.6608325
43.3874925,-1.6618038
43.3849992,-1.6535791
43.3895399,-1.6586267
43.3893664,-1.6580733
43.3886704,-1.6582263
43.3881996,-1.6593341
43.4051229,-1.6273981
43.356285,-1.5504107
43.3556861,-1.5506675
43.3609555,-1.3984675
43.3613428,-1.3996288
43.3626461,-1.403175
43.3627193,-1.4038664
43.3626173,-1.4018385
43.392725,-1.4559505
43.3924457,-1.4557238
43.3964925,-1.4546995
43.3835908,-1.3059436
43.3854273,-1.3053047
43.3852912,-1.3053731
43.3838048,-1.3047489
43.3848908,-1.3052535
43.3857974,-1.3045988
43.3834871,-1.3068268
43.3864125,-1.3047008
43.4392711,-1.5905062
43.4454667,-1.5838582
43.4442382,-1.5841533
43.4462535,-1.583118
43.4481765,-1.5752093
43.4642761,-1.5526336
43.4732407,-1.5669293
43.4734081,-1.5664465
43.4717669,-1.5556709
43.4676611,-1.5541906
43.4702744,-1.5553839
43.4592494,-1.540945
43.4663389,-1.4943311
43.4768226,-1.4934978
43.4811172,-1.5617585
43.4819326,-1.5629011
43.4820902,-1.560695
43.4819664,-1.5602635
43.4825347,-1.5628494
43.4821986,-1.5596275
43.4823616,-1.5591698
43.4818854,-1.5586199
43.4821228,-1.5586575
43.4817249,-1.5590993
43.4837137,-1.5586538
43.4860495,-1.5517407
43.4865229,-1.5502131
43.481025699999996,-1.5416511
43.4956134,-1.5300751
43.4952254,-1.5299028
43.4947019,-1.5297577
43.4955653,-1.530392
43.4946698,-1.529151
43.4806747,-1.5167944
43.4804937,-1.5162094
43.4805491,-1.5156447
43.4808873,-1.5150842
43.4819115,-1.5102346
43.4808681,-1.5089352
43.4817061,-1.5085146
43.4929209,-1.5145195
43.4824125,-1.5048333
43.4821488,-1.5064748
43.4821771,-1.5050921
43.4821593,-1.5051
43.4886046,-1.498106
43.4937763,-1.5182299
43.4934722,-1.5197334
43.4948231,-1.51999
43.4969956,-1.5079996
43.4827775,-1.4828139
43.4896445,-1.475355
43.4921661,-1.4745787
43.4926814,-1.4782351
43.4915009,-1.4771842
43.4928522,-1.4751795
43.492548,-1.4749013
43.4929096,-1.4772724
43.4924026,-1.4765333
43.4928865,-1.4765139
43.4926505,-1.4730021
43.5010641,-1.4924911
43.4932853,-1.4771815
43.49471,-1.4791029
43.493389,-1.4759947
43.4950973,-1.4698344
43.494716,-1.4689842
43.4948619,-1.4692953
43.495072,-1.4692001
43.4958542,-1.4692833
43.5138146,-1.5007697
43.5195298,-1.5015831
43.5238496,-1.4898868
43.5262538,-1.4912062
43.5476075,-1.4885341
43.4793958,-1.4590141
43.4788649,-1.459317
43.4705805,-1.446833
43.4739909,-1.4520804
43.4818361,-1.4447746
43.4932815,-1.4660741
43.5042512,-1.4453947
43.5255765,-1.4633891
43.5269757,-1.4642823
43.528649,-1.390661
43.538283,-1.4611516
43.5372524,-1.4607076
43.5356128,-1.4605361
43.5383706,-1.4607619
43.5411761,-1.4611489
43.5392591,-1.4607803
43.541013,-1.4597711
43.5639632,-1.4455057
43.5885998,-1.4288764
43.5939006,-1.4256521
43.2207044,-0.8910483
43.2218183,-0.886929
43.2197838,-0.8898723
43.3270752,-1.0341772
43.3288911,-1.0331714
43.3275017,-1.0325431
43.3277184,-1.033122
43.3993052,-0.9391335
43.3984259,-0.9404518
43.4837437,-1.1401326
43.5452885,-1.1036935
43.5454085,-1.1025521
43.4718096,-0.9242543
43.4708549,-0.9254536
43.4726083,-0.925782
43.4670532,-0.9260371
43.471897,-0.9238948
43.526077,-0.9147761
43.602826,-1.0019856
43.6402968,-1.4317768
43.6419007,-1.4323727
43.643538,-1.4327439
43.6439287,-1.4326922
43.6440532,-1.4309702
43.643863,-1.4308588
43.6417577,-1.4255117
43.6476117,-1.4269289
43.6444202,-1.4263632
43.6509422,-1.4308452
43.6572193,-1.4292867
43.658268,-1.4287445
43.6581888,-1.4282309
43.6586495,-1.4279007
43.6581169,-1.4278815
43.669784,-1.3860554
43.6603805,-1.306324
43.6604728,-1.3049116
43.6611424,-1.308209
43.6598851,-1.3044034
43.6605911,-1.3039572
43.6608916,-1.3028597
43.6607927,-1.3010865
43.6606651,-1.3029805
43.7861705,-1.4009394
43.7862915,-1.4020063
43.754325,-1.327884
43.7546286,-1.3275077
43.7550536,-1.3287529
43.7552609,-1.3272376
43.8750586,-1.3019856
43.8763803,-1.3040528
43.7060837,-1.0603485
43.70775,-1.0544908
43.708101,-1.0550586
43.7076844,-1.0533206
43.7109809,-1.0560364
43.7101848,-1.0554935
43.7098668,-1.0557523
43.7106461,-1.0567958
43.7113129,-1.0529853
43.7112903,-1.0538183
43.7103868,-1.0513988
43.711737,-1.053084
43.7109396,-1.054115
43.7222266,-1.0515936
43.7219679,-1.051683
43.7244696,-1.0559367
43.7237703,-1.0534366
43.7232171,-1.050849
43.72405,-1.0524191
43.7224027,-1.0515144
43.7068535,-1.0412102
43.713627,-1.0485541
43.7109317,-1.0463898
43.7325002,-1.0431796
43.7321122,-1.0397825
43.7018193,-0.9285509
43.7859625,-0.9297375
43.8806395,-1.1493104
44.0322773,-1.2561603
43.9344265,-0.9226462
44.03372,-0.9096064
44.0317603,-0.9090753
44.0318225,-0.9098532
44.0322999,-0.9097652
44.0331576,-0.9094468
43.3705637,-0.6307969
43.3197584,-0.5791606
43.3202403,-0.5803423
43.316415,-0.4285595
43.3925849,-0.5642033
43.3979579,-0.571136
43.3924958,-0.5567816
43.3242377,-0.4375657
43.3351673,-0.4297351
43.4881286,-0.7741738
43.4879738,-0.7736417
43.4890214,-0.7757262
43.4900059,-0.7753177
43.4878546,-0.7729643
43.4888916,-0.7720939
43.6291922,-0.8294592
43.5899329,-0.7488995
43.4648644,-0.6157311
43.2299544,-0.386792
43.2876771,-0.389445
43.2873237,-0.380419
43.2872037,-0.3808737
43.2860093,-0.3818985
43.29558,-0.367852
43.2956976,-0.3670459
43.2962268,-0.3675838
43.2948415,-0.3691519
43.294331,-0.3685377
43.2943528,-0.3673193
43.2943789,-0.3695125
43.2962938,-0.368863
43.2943627,-0.3672214
43.3028062,-0.3951015
43.3024503,-0.3963659
43.3026962,-0.3960722
43.3016073,-0.3950061
43.301158,-0.395139
43.3059463,-0.4010449
43.3055426,-0.4016737
43.3222064,-0.4021496
43.3003147,-0.377126
43.2964211,-0.3675591
43.3009753,-0.3695999
43.3005588,-0.3697757
43.3001275,-0.3699759
43.2967058,-0.3674231
43.29812,-0.3678685
43.2966103,-0.3685849
43.3073274,-0.3766357
43.3083102,-0.3764373
43.3030482,-0.3707511
43.3193443,-0.3785121
43.2916411,-0.3577595
43.2904553,-0.3563195
43.301781,-0.3553485
43.3018239,-0.3567598
43.3012054,-0.3561051
43.3075714,-0.3639198
43.3028495,-0.3518498
43.3031591,-0.3523841
43.3106673,-0.3641941
43.3112252,-0.3654232
43.314853,-0.3611333
43.3183129,-0.3562739
43.3188447,-0.359017
43.3184083,-0.3592031
43.3184488,-0.3596727
43.3104877,-0.3487763
43.3062929,-0.3353157
43.3056127,-0.3383338
43.30541,-0.339242
43.2984493,-0.3053331
43.3203322,-0.3039733
43.323418,-0.3791859
43.3765678,-0.379801
43.3769269,-0.3789553
43.3448828,-0.2637754
43.3462081,-0.2622141
43.3467007,-0.2620587
43.2659036,-0.1881422
43.536323,-0.4140945
43.5354589,-0.4119407
43.5609082,-0.2730586
43.5607395,-0.2716274
43.4487082,-0.1116531
43.4487803,-0.1120781
43.750152,-0.7501067
43.7502715,-0.7493454
43.8334805,-0.8084546
43.8326206,-0.8098573
43.6562,-0.5922773
43.6554096,-0.5933895
43.6547847,-0.5937973
43.7597784,-0.5736207
43.759609,-0.5747782
43.7601733,-0.5745261
43.7591635,-0.5730558
43.7601061,-0.5745836
43.7727682,-0.4287537
43.8661495,-0.4824382
43.8828454,-0.5180894
43.8779597,-0.5058219
43.8857003,-0.499938
43.8879191,-0.5075831
43.8888299,-0.5023281
43.8882203,-0.5006787
43.892322,-0.5021165
43.8912411,-0.501607
43.8912687,-0.5011772
43.8880149,-0.5001445
43.8885012,-0.5003856
43.8898284,-0.5010423
43.8936337,-0.5056992
43.8931813,-0.5011677
43.8949236,-0.4934311
43.8952357,-0.4935728
43.8986408,-0.4873001
43.8962994,-0.4908305
43.897047,-0.489526
43.9003552,-0.483041
43.6404607,-0.3787346
43.6401962,-0.3786181
43.6832606,-0.2758874
43.7007221,-0.2629223
43.7022827,-0.2625346
43.700011,-0.2632657
43.7016194,-0.2624764
43.6999416,-0.2627728
43.7018959,-0.2624587
43.7022268,-0.2608816
43.7029203,-0.2373762
43.7574619,-0.0354988
43.7577539,-0.0334558
43.7580651,-0.0333794
43.7575056,-0.033115
43.8914566,-0.304801
43.8921571,-0.3068704
44.0344989,-0.3220505
44.0344469,-0.321671
43.934041,-0.0659274
44.2017364,-1.2298548
44.2031038,-1.2283085
44.2040132,-1.225925
44.2129807,-0.918472
44.213066,-0.9191788
44.2134272,-0.9193226
44.3490178,-1.0738752
44.3488547,-1.0739985
44.3493372,-1.0713526
44.3493198,-1.0661421
44.3952276,-1.1668315
44.3967351,-1.1663141
44.3949631,-1.1661342
44.3960172,-1.1650076
44.3946502,-1.1645949
44.3958285,-1.1653415
44.4840419,-1.075654
44.6623832,-1.1688709
44.6621679,-1.1686472
44.6623838,-1.1691588
44.6608862,-1.1709974
44.6329996,-1.1510932
44.6321334,-1.1462672
44.6391086,-1.1147104
44.6360973,-1.0761974
44.6362413,-1.0778967
44.6366965,-1.071599
44.6366839,-1.0718911
44.6373311,-1.0673599
44.639034,-1.0625783
44.6380218,-1.0654622
44.6396372,-1.0594765
44.6396362,-1.0597642
44.6393141,-1.0589831
44.5514405,-0.8666647
44.5507696,-0.8706977
44.5517604,-0.8665474
44.6827122,-1.0149978
44.6836209,-1.0152311
44.6833389,-1.0148922
44.6387475,-0.9700001
44.6371369,-0.9700149
44.6376853,-0.9679553
44.6380617,-0.9679508
44.6381848,-0.9670077
44.6376971,-0.9689014
44.6348269,-0.963982
44.6353997,-0.9645642
44.6384195,-0.9698585
44.6334776,-0.9628497
44.6056191,-0.9381612
44.7165602,-1.2129123
44.7415272,-1.0973203
44.7423864,-1.0981989
44.7429807,-1.0969125
44.7418825,-1.0983987
44.7411829,-1.0967027
44.7410808,-1.0964721
44.7422658,-1.0991216
44.6919856,-0.8545855
44.1489939,-0.7405263
44.1042947,-0.5449303
44.3101396,-0.7781477
44.3216513,-0.5858593
44.4284353,-0.4899017
44.2927469,-0.261473
44.4942495,-0.7905764
44.6075545,-0.7695909
44.6812829,-0.5270818
44.6820649,-0.5269623
44.6818318,-0.5268072
44.6820656,-0.5271776
44.6817015,-0.5278804
44.7408313,-0.6867533
44.7412822,-0.6858627
44.7408046,-0.6865263
44.7416264,-0.6858917
44.7805704,-0.6899195
44.7396483,-0.6801262
44.7511366,-0.6411506
44.7736198,-0.634051
44.8099589,-0.7838162
44.811014900000004,-0.7826146
44.8108854,-0.7787444
44.841057,-0.7750859
44.8400969,-0.7743876
44.8373368,-0.6932661
44.7959068,-0.6677725
44.7963668,-0.6661998
44.7911543,-0.6332425
44.8061073,-0.6307035
44.8050387,-0.6307535
44.8058672,-0.6322799
44.806024,-0.6323547
44.8058254,-0.6325898
44.8285103,-0.6657874
44.8328434,-0.6429442
44.8414984,-0.6534183
44.8411243,-0.6467046
44.8414255,-0.6456249
44.8412155,-0.6443721
44.8324976,-0.6408046
44.8949117,-0.7174186
44.8951198,-0.7175629
44.8953704,-0.7150377
44.8517031,-0.6443376
44.85144,-0.6443864
44.8506605,-0.6445725
44.8513948,-0.644403
44.8623286,-0.6436603
44.8732589,-0.6782819
44.8740774,-0.6788614
44.872781,-0.6771206
44.8851434,-0.6509575
44.8872353,-0.6413148
44.883699,-0.6326283
44.882486,-0.6302297
44.7308444,-0.6001956
44.7295587,-0.6008507
44.7296769,-0.6004499
44.7319828,-0.5997678
44.7717692,-0.6145377
44.7733338,-0.6139221
44.7731343,-0.6142503
44.7741392,-0.613171
44.7728404,-0.6144559
44.7746399,-0.6130802
44.7745353,-0.6123383
44.7688521,-0.5796505
44.7668316,-0.5798651
44.7693265,-0.5784274
44.7676438,-0.5803533
44.765681,-0.582262
44.7505315,-0.5483467
44.7830419,-0.566354
44.783682,-0.5663889
44.782756,-0.565855
44.7818247,-0.5672206
44.783402,-0.565989
44.7836065,-0.5658616
44.7815423,-0.5671849
44.7770344,-0.5336089
44.7670049,-0.4878969
44.7843899,-0.496545
44.7854879,-0.4918336
44.807888,-0.6261915
44.791096,-0.5889268
44.8114755,-0.5905041
44.8119742,-0.5922753
44.8104062,-0.5915297
44.8132157,-0.590321
44.8127407,-0.5904611
44.8117742,-0.5913782
44.8112382,-0.5913877
44.8139911,-0.5892435
44.8138139,-0.5896151
44.8239375,-0.6243173
44.8381636,-0.617344
44.8326209,-0.6123086
44.8322679,-0.6097304
44.8324239,-0.6111442
44.8321767,-0.6105836
44.832636,-0.6126681
44.8305165,-0.6036968
44.8383099,-0.6147387
44.8248864,-0.5900735
44.8261223,-0.5899946
44.8239858,-0.5914466
44.8253052,-0.5889648
44.8253287,-0.589525
44.8254839,-0.5892203
44.8400988,-0.5994702
44.8357793,-0.5876553
44.8307304,-0.5782849
44.8418884,-0.5789287
44.840097,-0.5809078
44.8391462,-0.5823868
44.8404322,-0.580657
44.8421817,-0.5792116
44.8401633,-0.5821013
44.841373,-0.5812593
44.8369333,-0.5813898
44.8366921,-0.5812892
44.8365155,-0.5812657
44.8366204,-0.5808222
44.8129835,-0.5735635
44.812715,-0.564326
44.8130197,-0.5646897
44.8133394,-0.5650315
44.8124914,-0.5643158
44.8097113,-0.5623185
44.8078997,-0.5537619
44.8074807,-0.5483788
44.8199789,-0.5725066
44.8205405,-0.5722477
44.8184809,-0.5724406
44.820263,-0.5725166
44.8196991,-0.5724858
44.8294807,-0.5670525
44.8276752,-0.5580935
44.8279676,-0.5593837
44.8280964,-0.5527335
44.8351058,-0.573891
44.8350889,-0.5753101
44.8303345,-0.5723467
44.831152,-0.5735917
44.8302872,-0.5732684
44.8305533,-0.5718421
44.8355016,-0.5694899
44.8357688,-0.568316
44.8372677,-0.5763475
44.8425797,-0.5716619
44.8430006,-0.57221
44.8372962,-0.5760154
44.8373668,-0.5754416
44.842203,-0.5716836
44.8420268,-0.5739762
44.8407493,-0.5600535
44.8404988,-0.5604661
44.8396753,-0.5597911
44.8420955,-0.5627449
44.8408425,-0.5599021
44.8399551,-0.5593267
44.8523478,-0.6170809
44.844471,-0.6096053
44.8446503,-0.6095304
44.8517011,-0.614164
44.8524074,-0.6151919
44.8523529,-0.6146319
44.8519834,-0.6141624
44.8523169,-0.6160032
44.8532807,-0.6102962
44.8523421,-0.6130432
44.8540095,-0.5935546
44.8532606,-0.594105
44.854941,-0.5953597
44.855255,-0.5957986
44.854626,-0.5944947
44.8546824,-0.5945704
44.8534741,-0.5931512
44.8431805,-0.5865896
44.8460317,-0.5789847
44.8460408,-0.5776827
44.844719,-0.5796931
44.8609548,-0.5999643
44.861737,-0.6017504
44.8657986,-0.6004083
44.8597516,-0.5824361
44.8603408,-0.58201
44.8649072,-0.5788408
44.8811868,-0.6290009
44.8811442,-0.6132226
44.8818892,-0.6117378
44.8821059,-0.6130968
44.8829271,-0.6124278
44.8469173,-0.5765384
44.8445102,-0.5760793
44.8430216,-0.5753176
44.8436334,-0.576585
44.8552541,-0.5717794
44.8554713,-0.5712546
44.8518959,-0.5745971
44.8542493,-0.5724295
44.8518944,-0.5734818
44.8522559,-0.5736508
44.8544197,-0.5723301
44.8521796,-0.5734268
44.8528593,-0.5730114
44.8431505,-0.5590256
44.8437582,-0.5603452
44.8445814,-0.5524065
44.8430873,-0.5558637
44.862019,-0.5562504
44.8635992,-0.5581155
44.863272,-0.5577372
44.8655241,-0.5608499
44.8581216,-0.5454998
44.8729785,-0.5726171
44.8734786,-0.5464636
44.8241247,-0.4443743
44.8235784,-0.4447202
44.8559107,-0.5198365
44.8555983,-0.5189815
44.8533531,-0.517148
44.8472745,-0.5104082
44.8578767,-0.5194617
44.8750204,-0.5198814
44.5527839,-0.2461134
44.5528967,-0.2464671
44.5531728,-0.2468889
44.5532279,-0.2463409
44.551362,-0.2453494
44.5546695,-0.2504691
44.6554111,-0.3646733
44.6366262,-0.3218779
44.6368007,-0.3200072
44.6359662,-0.3190943
44.6372525,-0.3195702
44.6609966,-0.1846912
44.5832021,-0.0699289
44.582041,-0.0363788
44.5832318,-0.0339181
44.5820756,-0.0366806
44.7132911,-0.3958481
44.7747632,-0.348783
44.774674,-0.3489758
44.7734601,-0.346077
44.7733869,-0.3468318
44.7762558,-0.3462941
44.7719079,-0.3441671
44.8583429,-0.3213899
44.7794176,-0.124423
44.6932599,-0.0862076
44.6931493,-0.0865134
44.692856,-0.0870612
44.8279099,-0.1851776
44.8939351,-0.1557672
44.8050865,-0.0321473
44.8549084,-0.0462674
44.8537228,-0.0519814
44.8532822,-0.0470852
44.854211,-0.0522613
44.8534687,-0.0433382
44.853217,-0.0430802
44.8536331,-0.0441497
44.8541719,-0.0448414
46.497205,-1.7968222
46.5029176,-1.7991498
46.495993,-1.794684
46.4966219,-1.7837168
46.4973252,-1.7844042
46.4971767,-1.7868462
46.4992157,-1.7835378
46.4986489,-1.7826687
46.4990382,-1.783253
46.4984038,-1.7852529
46.4941934,-1.7754004
46.4933177,-1.7619
46.4926757,-1.748896
46.4989955,-1.7810141
46.4977154,-1.7824936
46.4972696,-1.780925
46.4946018,-1.7754893
46.5145068,-1.7595115
46.5042988,-1.7364889
46.5302411,-1.7744296
45.0008762,-1.1989142
45.0785188,-1.0436006
45.1853592,-1.0572824
45.307445,-0.9414262
45.3075971,-0.9410146
45.3106005,-0.9393515
45.5155304,-1.1266031
45.5146185,-1.1241222
45.5142557,-1.1250361
45.5145209,-1.1259231
45.4306989,-1.0350031
45.6290084,-1.0544745
45.6438978,-1.0896739
45.6432587,-1.0896193
45.691111,-1.054037
45.732305,-1.0990504
45.5596417,-0.9537564
45.6025281,-0.9975547
45.6022993,-0.9983131
45.6223362,-1.0308488
45.6245324,-1.030016
45.6238213,-1.0298524
45.6250044,-1.0295817
45.6269095,-1.0303554
45.6270858,-1.0304869
45.625629000000004,-1.0300769
45.6241389,-1.02773
45.6243845,-1.0275227
45.6244827,-1.0270536
45.624949,-1.0280801
45.6250465,-1.0287411
45.6494529,-1.0468209
45.6304823,-0.9934335
45.6725407,-0.9266098
45.6747008,-0.9258011
45.6746576,-0.9251415
45.6732932,-0.9236535
45.675924,-0.9240978
45.6758254,-0.9242225
45.6753547,-0.924481
44.9050149,-0.6688261
44.9049808,-0.6691461
44.9063586,-0.6692021
44.9079643,-0.6690984
44.9055436,-0.6683854
44.9076684,-0.6388111
44.9106983,-0.6378021
44.9101308,-0.6356956
44.9564595,-0.6292245
45.0272289,-0.8003963
44.9472155,-0.6051956
44.947224,-0.6042863
44.9019185,-0.5142698
44.9023106,-0.5126471
44.906534,-0.4905168
44.9259711,-0.4886074
44.9270221,-0.4904331
44.91894,-0.43542
44.9170335,-0.428773
44.9942539,-0.4460357
44.9959518,-0.4449787
45.1510129,-0.8215417
45.1998851,-0.7496519
45.2001252,-0.7504557
45.1986643,-0.7488437
45.1288464,-0.6619903
45.1253738,-0.6640663
45.1253395,-0.6641648
45.2904951,-0.610759
44.8975485,-0.3156965
44.9136416,-0.2466564
44.9162633,-0.2430145
44.9158028,-0.2438984
44.9156934,-0.2425369
44.915352,-0.2429588
44.9156381,-0.2439104
44.9165429,-0.2397275
44.9164537,-0.2407429
44.9162985,-0.2413496
44.9161291,-0.2393837
44.9158858,-0.2401355
44.9195914,-0.2422897
44.9197766,-0.2422268
44.9037919,-0.2229659
44.9040042,-0.2234672
44.9049566,-0.228761
44.9045798,-0.2249557
44.9022442,-0.2191526
44.9198595,-0.2309143
45.1003534,-0.3897055
45.1002694,-0.3896905
45.0994398,-0.3894212
45.0404203,-0.129728
45.2850337,-0.4094588
45.2855118,-0.4079159
45.2900459,-0.4082814
45.3040857,-0.231807
45.2159178,-0.1870328
45.2164101,-0.1874005
45.2151794,-0.1868519
45.215792,-0.1869722
45.3737481,-0.5703611
45.3763781,-0.5702187
45.3768491,-0.5699771
45.4787605,-0.5702271
45.4443743,-0.4372551
45.4412119,-0.4372181
45.4452673,-0.4339001
45.4454887,-0.4347253
45.441762,-0.4352092
45.4476331,-0.4385081
45.4542003,-0.4412923
45.5831557,-0.8334489
45.5833554,-0.8327328
45.5848484,-0.8349522
45.5794097,-0.549522
45.5789764,-0.5497328
45.5791908,-0.549149
45.5794337,-0.5476966
45.521505,-0.3000005
45.4712418,-0.1529101
45.4707739,-0.1517327
45.4711119,-0.1543827
45.5272611,-0.3032747
45.6178337,-0.218627
45.617092,-0.2183594
45.693027,-0.3265776
45.6930718,-0.3263642
45.6935769,-0.3248747
45.6913696,-0.3227297
45.6929536,-0.3250718
45.6930349,-0.3255196
45.6930053,-0.3254355
45.685805,-0.3046445
45.5799453,-0.132088
45.6808141,-0.1738063
45.9155227,-1.3303105
45.9432572,-1.3058476
45.9414934,-1.3066066
45.9383087,-1.3106754
45.9430904,-1.3068993
45.9411316,-1.3085433
45.9442951,-1.3053856
45.7684647,-1.1410932
45.7690973,-1.1415344
45.7690361,-1.1415618
45.7702562,-1.1422728
45.8226348,-1.1047734
45.8227925,-1.1050099
45.824317,-1.1039098
45.8842129,-1.1956447
45.8868836,-1.1944229
45.8870582,-1.1944005
45.8866296,-1.194442
45.8876072,-1.198196
45.8471561,-1.1485997
45.8282547,-0.8749092
45.8295347,-0.8680862
45.9258823,-0.9604626
45.9371733,-0.9624416
45.9357457,-0.9593034
45.9354688,-0.9603323
45.9350049,-0.9615863
45.9358259,-0.9633075
45.9353471,-0.9611175
45.9351567,-0.9626717
45.9386248,-0.9667525
45.9384911,-0.9668092
45.9393503,-0.9695647
45.9433224,-0.8900556
45.9434727,-0.8909282
45.9487721,-1.076914
45.9882259,-1.0936074
46.1432921,-1.1542175
46.142881,-1.1543252
46.1485452,-1.1536898
46.1488716,-1.1583507
46.0722923,-1.08966
46.0745801,-1.0903166
46.0723295,-1.0892378
46.0740211,-1.0904925
46.0752065,-1.0911688
46.0764447,-1.0914627
46.1394002,-1.1451454
46.1468329,-1.152423
46.1479776,-1.1531056
46.1484337,-1.1435062
46.1341289,-1.1171328
46.1346256,-1.1199622
46.1088969,-1.1005996
46.1313931,-1.0951849
45.9545747,-0.9764356
45.9478806,-0.9683401
45.9517437,-0.897145
46.1158493,-0.9347264
46.1179715,-0.9357552
46.2100104,-1.5127686
46.1957449,-1.4324267
46.195644,-1.4199811
46.1847861,-1.3932522
46.2049557,-1.3667281
46.2046104,-1.3672887
46.198551,-1.3578398
46.1984015,-1.3576349
46.1982096,-1.3526472
46.1971183,-1.3533896
46.1801643,-1.3259949
46.1883769,-1.3252533
46.1869034,-1.3225602
46.3439363,-1.4384537
46.3445134,-1.4370707
46.345097,-1.4343251
46.3373625,-1.3117531
46.3344947,-1.3076362
46.4159618,-1.5762496
46.4174345,-1.5756226
46.466315,-1.6189455
46.4653361,-1.6194418
46.466801,-1.618686
46.4654114,-1.6182878
46.424322,-1.4900503
46.4704496,-1.4932139
46.4088965,-1.4014462
46.4907406,-1.4267768
46.4907013,-1.4274641
46.5068156,-1.3468941
46.1639046,-1.2064702
46.1641902,-1.2019465
46.1587912,-1.1806568
46.1613681,-1.1856718
46.1597902,-1.1671111
46.1640734,-1.1759435
46.1663635,-1.1794623
46.1598384,-1.1659248
46.1596676,-1.1663032
46.15945,-1.1538016
46.1584008,-1.1537353
46.1581717,-1.1535203
46.158317,-1.154034
46.1596717,-1.1534891
46.1585855,-1.1535794
46.1619536,-1.1549603
46.1631495,-1.1540642
46.1693118,-1.170341
46.1722123,-1.1669948
46.2025235,-1.1762235
46.2018151,-1.1741112
46.1585766,-1.1506245
46.1602903,-1.1532738
46.1586018,-1.1417022
46.1598311,-1.1407375
46.1542622,-1.1460923
46.1606479,-1.1482777
46.1607006,-1.1533955
46.1624376,-1.1523485
46.1612591,-1.1502921
46.1629181,-1.1527927
46.1663545,-1.1375995
46.1694897,-1.1464365
46.1694568,-1.1288354
46.1682446,-1.1326615
46.153747,-1.110142
46.1762737,-1.1146129
46.1777112,-1.1185856
46.1761446,-1.1167259
46.19006,-1.145215
46.1858624,-1.1178027
46.2049837,-1.1021855
46.1551631,-1.096428
46.1550207,-1.0954866
46.1552922,-1.0960584
46.3532626,-1.2508918
46.3012011,-1.0963518
46.3038628,-0.9899241
46.3117762,-0.9914045
46.3124869,-0.992399
46.3310034,-0.9487327
46.3624317,-0.857175
46.4545142,-1.1648418
46.4557294,-1.1666729
46.4568232,-1.1667533
46.4552782,-1.1668393
46.4552554,-1.1671724
46.5357085,-1.2232827
46.5358015,-1.2231208
46.5544365,-1.0619442
46.554277,-1.0620233
46.3924947,-1.0228148
46.5190482,-0.9005584
45.7461376,-0.8127335
45.7471091,-0.637122
45.7451543,-0.6389259
45.7450639,-0.6321419
45.7472495,-0.6326155
45.747021,-0.6322487
45.7472202,-0.6321356
45.7469845,-0.6315664
45.8768199,-0.6792899
45.7467339,-0.6235306
45.7467314,-0.6235521
45.8518712,-0.5288307
45.9671754,-0.7064794
46.1070444,-0.752438
46.1070496,-0.7505803
46.1074882,-0.7515216
46.1066833,-0.7503419
46.1059998,-0.7508876
46.1067577,-0.7517608
45.9456797,-0.5183079
45.9449699,-0.5196433
45.945618,-0.5232247
45.9445308,-0.5182847
45.9444657,-0.5188019
45.945431,-0.519807
45.9442336,-0.5195199
45.7753629,-0.063829
45.7761838,-0.064087
45.8827734,-0.1862901
46.0203944,-0.3478215
46.0206184,-0.3463744
46.0209318,-0.3469578
46.1177879,-0.3458883
46.1410159,-0.2207507
46.1412717,-0.2197327
46.1431134,-0.2186143
46.2431807,-0.8130559
46.243614,-0.8072005
46.1970163,-0.6704475
46.1955533,-0.67111
46.1951021,-0.6707452
46.2620606,-0.7110187
46.253887400000004,-0.5401687
46.3219137,-0.5867067
46.3171029,-0.5561849
46.3160312,-0.5546245
46.299069,-0.4298716
46.2986279,-0.4288711
46.3165709,-0.4800865
46.3137605,-0.4845061
46.3165955,-0.4720731
46.3175873,-0.4810824
46.3406872,-0.474468
46.3423157,-0.4745474
46.3388044,-0.4733959
46.3169522,-0.4715042
46.3211702,-0.4658488
46.3212896,-0.465764
46.3221343,-0.4591096
46.3220851,-0.4608907
46.3225164,-0.4603174
46.3231072,-0.4600693
46.3235509,-0.4597073
46.3212195,-0.4643829
46.3210998,-0.4628137
46.3220153,-0.4613945
46.3201238,-0.456318
46.3221949,-0.4563426
46.3218956,-0.4563555
46.3201359,-0.451475
46.3258384,-0.4638714
46.3241728,-0.4613117
46.3241845,-0.4580665
46.3265184,-0.438708
46.3707037,-0.7396679
46.4521807,-0.8089329
46.4535646,-0.805486
46.4655863,-0.8041678
46.4658302,-0.8049028
46.4652528,-0.8030923
46.4647244,-0.8015406
46.4701399,-0.6659254
46.367663,-0.5977295
46.3687056,-0.5968595
46.4809946,-0.5960199
46.3371012,-0.4129126
46.335323,-0.4046159
46.3358915,-0.4050672
46.3396051,-0.3861465
46.3567951,-0.3804759
46.2930881,-0.2837222
46.2674349,-0.2249247
46.2646612,-0.2148564
46.2616291,-0.2116129
46.3617827,-0.2997957
46.3615595,-0.3001509
46.3612274,-0.3006141
46.3610416,-0.3003034
46.2222981,-0.1450916
46.2213141,-0.1446863
46.2214646,-0.1434942
46.2217803,-0.14251
46.2216032,-0.1431665
46.2655055,-0.0097764
46.4855816,-0.4036953
46.4857783,-0.4040466
46.4129895,-0.2053561
46.4146022,-0.202047
47.7957558,-4.2815366
47.7962434,-4.280832
47.7954126,-4.2815137
47.7978355,-4.2133072
47.8183724,-4.228591
48.036727,-4.8504831
48.0362909,-4.8503224
48.0271241,-4.5552782
48.024468,-4.5409571
48.0238032,-4.5401494
48.0246291,-4.5360855
48.0218913,-4.5382616
48.0248085,-4.5358944
48.0235526,-4.5386499
48.0226836,-4.5396337
47.9855144,-4.4266389
47.9855564,-4.4258338
47.8414821,-4.2837064
47.8396771,-4.2855474
47.8650405,-4.2240433
47.864297,-4.2218566
47.8654781,-4.2198954
47.8653466,-4.2185286
47.9030871,-4.2822291
47.9032187,-4.2826732
47.9543822,-4.3597294
48.0434014,-4.4892876
48.2448841,-4.4898129
48.2480822,-4.4907722
48.2463447,-4.4900173
48.0907365,-4.3468429
48.0924481,-4.3300903
48.0929167,-4.3303837
48.0929556,-4.3294757
48.0928878,-4.3296196
48.0928439,-4.3310218
48.0932676,-4.3290955
48.0933674,-4.3292944
48.0964494,-4.3438379
48.0964841,-4.3436867
48.0937702,-4.3295338
48.0945278,-4.3269767
48.1253706,-4.2200996
48.1244468,-4.2188387
48.2314555,-4.3552869
48.1815757,-4.2324732
47.8131494,-3.629864
47.8142239,-3.6284382
47.8141253,-3.6282771
47.8142361,-3.6284043
47.813172,-3.6291634
47.6378916,-3.4541035
47.7060314,-3.3827989
47.7061552,-3.3831747
47.7064817,-3.3837358
47.70531,-3.3834403
47.7058387,-3.3820331
47.7885215,-3.4892584
47.7891969,-3.4882478
47.7901611,-3.4890014
47.7901188,-3.4887989
47.7372044,-3.4292927
47.7356347,-3.429013
47.7353598,-3.4288214
47.7362198,-3.4278049
47.7349291,-3.4282863
47.7365813,-3.4262332
47.736192,-3.4271899
47.7333938,-3.3775855
47.7333,-3.37802
47.7334855,-3.3753422
47.7312473,-3.3632446
47.7456033,-3.3593005
47.7505723,-3.3656224
47.7487947,-3.3631777
47.7489452,-3.3630581
47.748615,-3.3641135
47.7502994,-3.3675702
47.7519437,-3.3651411
47.7516239,-3.3646588
47.750584,-3.3655606
47.7502618,-3.3618998
47.7464928,-3.3599057
47.7472491,-3.3601466
47.7477526,-3.3617153
47.7582346,-3.3907816
47.7581705,-3.3870721
47.76071,-3.38456
47.7617154,-3.3881758
47.7529561,-3.3797461
47.756987,-3.3654493
47.7880919,-3.4162105
47.7882392,-3.4162129
47.7869624,-3.4160547
47.8320777,-4.1752021
47.835066,-4.1691617
47.876882,-4.1123941
47.876581,-4.1130991
47.8901344,-4.0137739
47.8944269,-4.0112917
47.8933209,-4.0116144
47.8935732,-4.0114607
47.8921177,-4.0130543
47.8942674,-4.0106526
47.9368565,-4.1552053
47.9368309,-4.1546247
47.9796293,-4.181587
47.9801272,-4.1809621
47.9808539,-4.1211782
47.9821569,-4.1029196
47.9781294,-4.1045347
47.9817046,-4.1025126
47.9821072,-4.1020136
47.9878792,-4.0922724
47.9944217,-4.1055272
47.9950093,-4.1028392
47.9948581,-4.1043708
47.9947291,-4.1061621
47.9946327,-4.106121
47.994296,-4.106291
47.9947433,-4.1055485
48.00173,-4.1138153
47.9958706,-4.1031884
47.9953235,-4.1080901
47.9955109,-4.1083824
47.9961873,-4.1062279
47.9941751,-4.0937092
47.9945412,-4.0950367
47.9942093,-4.0938332
48.0093614,-4.0962529
48.010283,-4.096331
48.0104102,-4.0970418
47.9861348,-4.0804448
47.9867746,-4.0819279
48.0141218,-4.0885704
47.9991169,-4.0533386
48.0179054,-4.0845587
47.8696611,-3.9061861
47.8706669,-3.9076639
47.8713663,-3.9185037
47.8747707,-3.9172475
47.8708207,-3.9177887
47.9080872,-3.9808149
47.8555668,-3.8530647
47.8551115,-3.8513069
47.8554029,-3.8530299
47.9069535,-3.8349075
47.9675768,-3.9346157
47.9675563,-3.9374833
47.9958897,-3.888489
47.9590668,-3.8295368
47.9590573,-3.8284451
47.9586216,-3.8281005
47.9592553,-3.8283505
48.0777996,-4.1905067
48.0776257,-4.1902586
48.1021059,-4.0011533
48.1016057,-3.9996795
48.1025299,-4.0011591
48.1964439,-4.0942894
48.1956383,-4.0939366
48.1962155,-4.0923652
48.1957473,-4.0936519
48.1977336,-4.0915715
48.1958671,-4.0932715
48.0608704,-3.8302422
48.2252272,-3.9699571
48.225539,-3.9705068
48.1866607,-3.8166537
48.186984699999996,-3.8152742
47.8559138,-3.7478864
47.855984,-3.7464633
47.8432415,-3.6930954
47.8430491,-3.6935954
47.9320814,-3.6982809
47.9321627,-3.6977915
47.8675141,-3.5746308
47.8681154,-3.5751164
48.0267543,-3.7013039
47.8707806,-3.5487138
47.8734347,-3.5520648
47.8714189,-3.5494942
47.8723488,-3.5464717
47.8714711,-3.5491725
47.8725373,-3.5497732
47.8716236,-3.5452972
47.8345807,-3.4008758
48.0326709,-3.488535
48.0487932,-3.6456726
48.1397075,-3.6069147
48.1400709,-3.6051933
48.1047603,-3.4918252
48.145858,-3.3877677
48.4572702,-5.0967656
48.4564132,-5.0947922
48.3415438,-4.7186156
48.3409336,-4.7189623
48.3602529,-4.773518
48.3592507,-4.7742253
48.3596531,-4.7739124
48.3744485,-4.6435306
48.4316072,-4.6209401
48.4330249,-4.6228196
48.4335715,-4.6213177
48.4338922,-4.622942
48.4349467,-4.6212531
48.4369337,-4.6194909
48.5123752,-4.764395
48.5416425,-4.6592087
48.2755089,-4.5955099
48.2759105,-4.5956561
48.2868709,-4.4615117
48.3718085,-4.5903536
48.3797976,-4.5372718
48.3797176,-4.5352551
48.3797807,-4.534721
48.38845,-4.5259787
48.3864611,-4.5280215
48.3819759,-4.5270928
48.3877772,-4.5255084
48.3826744,-4.515444
48.424421,-4.5595105
48.4289798,-4.5154709
48.3837629,-4.5039415
48.3839837,-4.5020406
48.3876423,-4.4894045
48.3875459,-4.4892377
48.3857629,-4.4890589
48.3883841,-4.4884
48.3881453,-4.4879796
48.3879197,-4.4890723
48.3829531,-4.4853965
48.3918368,-4.4844333
48.3923783,-4.482917
48.391547,-4.4837243
48.388755,-4.4885386
48.3912423,-4.4866258
48.3912865,-4.4833175
48.4036857,-4.5069821
48.4034957,-4.5067998
48.40442,-4.5074871
48.4038692,-4.5077711
48.4014208,-4.4842389
48.4040882,-4.4889965
48.4027382,-4.4891732
48.3862084,-4.4757188
48.3925225,-4.4822242
48.3928484,-4.4806422
48.4043325,-4.4673793
48.4023797,-4.4677554
48.4020354,-4.4676333
48.402794,-4.4664792
48.4022727,-4.4679921
48.3976438,-4.4541564
48.39863,-4.4549154
48.3983121,-4.453893
48.4144005,-4.4916876
48.4139413,-4.4914167
48.4154802,-4.4926192
48.4160386,-4.4921127
48.4157276,-4.4930112
48.4502867,-4.4653063
48.4515207,-4.4664945
48.4508253,-4.4651154
48.4101938,-4.4549417
48.4190197,-4.4493888
48.4140299,-4.4416114
48.4108782,-4.4186557
48.374161,-4.3686948
48.3745333,-4.3701485
48.3742962,-4.3689568
48.3751235,-4.3708094
48.374092,-4.370988
48.3765475,-4.3713226
48.4076715,-4.39834
48.4077964,-4.3963496
48.4062966,-4.3902116
48.4339484,-4.4018849
48.4345918,-4.4016058
48.4346984,-4.4014005
48.4345758,-4.4026338
48.434564,-4.4021420000000004
48.3623708,-4.259767
48.449052,-4.261667
48.4493712,-4.2550764
48.4495064,-4.2568407
48.4505418,-4.2496934
48.4508539,-4.2489423
48.4507817,-4.249037
48.4496678,-4.252261
48.4509723,-4.248787
48.4505269,-4.2532349
48.4663991,-4.5670205
48.4990401,-4.5061839
48.5037711,-4.4254779
48.5025804,-4.4282548
48.5299815,-4.4510833
48.5695853,-4.5208667
48.5691661,-4.5211103
48.6069929,-4.5079361
48.6063837,-4.5050557
48.6062207,-4.5066569
48.606407,-4.5051577
48.5619006,-4.3357378
48.5628352,-4.3377803
48.5714212,-4.3229565
48.5717004,-4.3230429
48.5714061,-4.321661
48.5719045,-4.3252624
48.5730479,-4.3229151
48.6450191,-4.3673349
48.65841,-4.32917
48.6169381,-4.2120566
48.294648,-4.1798585
48.2973195,-4.1806383
48.2528753,-4.0861331
48.4055687,-4.0775029
48.4060008,-4.0758653
48.2530648,-3.8256621
48.2530091,-3.8258181000000002
48.5097177,-4.0699707
48.5087073,-4.0703129
48.5088703,-4.0703949
48.5108028,-4.0690058
48.5104602,-4.0689827
48.6060667,-4.1129224
48.6568774,-4.1754808
48.6571071,-4.173393
48.6583118,-4.1739556
48.6627221,-4.1022913
48.5787764,-4.0377625
48.5786768,-4.0369796
48.5050803,-3.8758042
48.504133,-3.8752355
48.5075533,-3.8730765
48.6026679,-3.8978899
48.6586089,-3.9194954
48.5731069,-3.8519598
48.5771344,-3.8274282
48.5781761,-3.8283413
48.5769718,-3.8277859
48.5821562,-3.8321827
48.5820881,-3.8321417
48.5786605,-3.8287688
48.5751433,-3.8214871
48.5769495,-3.8257736
48.5760312,-3.8255816
48.5772578,-3.8264027
48.5874816,-3.812913
48.276297,-3.5720456
48.276319,-3.5719359
48.2764753,-3.570523
48.2765023,-3.5701055
48.2763913,-3.5713038
48.2766738,-3.5705587
48.2769359,-3.5686936
48.3633181,-3.7481392
48.3646318,-3.7460649
48.4043613,-3.4288395
48.4040981,-3.427124
48.5156081,-3.5845704
48.5684834,-3.7021948
48.5674928,-3.7003897
48.6468628,-3.716249
48.6538765,-3.631751
48.6537957,-3.6310922
48.6564195,-3.6309227
48.6567903,-3.6305657
48.5441914,-3.3973619
48.6100034,-3.4714832
48.6832036,-3.9867404
48.6804095,-3.9878574
48.6844864,-3.9870122
48.68429,-3.9863743
48.6855574,-3.987383
48.684776,-3.9876131
48.6845691,-3.9881038
48.6861271,-3.9870151
48.7263345,-3.9851703
48.6940478,-3.7883871
48.6961912,-3.7925842
48.7689669,-3.564023
48.7720176,-3.5173767
48.7325439,-3.4621168
48.7326491,-3.4630337
48.7321838,-3.4614954
48.7318676,-3.460921
48.7299563,-3.4607424
48.7447191,-3.471814
48.7289617,-3.4583002
48.7307043,-3.4597083
48.7312134,-3.4600675
48.7342565,-3.4438686
48.8266131,-3.511596
48.8138398,-3.4439
48.8144318,-3.4449632
48.8154995,-3.4441405
48.8154858,-3.4438074
48.8160778,-3.444189
48.816047,-3.4435942
48.8093245,-3.3712005
47.3471367,-3.154677
47.3465436,-3.1546122
47.3472455,-3.1564995
47.379741,-2.5481034
46.7255855,-2.3500729
46.7259798,-2.3501352
46.7264318,-2.3499163
46.8313328,-2.1326673
46.8302929,-2.1317004
46.8907861,-2.1373411
46.6965627,-1.9409299
46.6972106,-1.9434173
46.6960204,-1.9402684
46.6964242,-1.9401906
46.6967231,-1.9415586
46.7014286,-1.9401028
46.7119282,-1.9605527
46.7195305,-1.945433
46.6964058,-1.9365402
46.6960949,-1.9395442
46.6965704,-1.9390936
46.6962706,-1.9336501
46.696644,-1.9322057
46.6951953,-1.913339
46.6269026,-1.858162
46.6261136,-1.8587139
46.6266618,-1.8555576
46.6282272,-1.8576543
46.761687,-1.8374808
46.7553256,-1.6862319
46.7931369,-2.0600814
46.7937484,-2.0619737
46.8204784,-1.9936131
46.7960442,-1.9009198
46.8545758,-1.8956087
46.9155116,-2.0451234
46.9158593,-2.0431083
46.9158098,-2.0430078
46.9153825,-2.0423741
46.9731444,-1.9962367
46.8468013,-1.8820283
46.8464235,-1.8784189
46.8461272,-1.8794074
46.847277,-1.879178
46.847071,-1.8793742
46.8478598,-1.8784213
46.8471044,-1.8790112
46.8369349,-1.8742472
46.8485914,-1.8785581
46.8254651,-1.7615875
46.9925015,-1.8184382
46.9919824,-1.8173599
46.992404,-1.8194059
46.9918873,-1.8191344
46.9919843,-1.8197567
47.0002592,-2.2492982
47.0012884,-2.2497534
46.9996888,-2.2458141
46.9999579,-2.2456459
47.0042198,-2.2454688
47.0004793,-2.2464501
47.1149174,-2.1025863
47.1159392,-2.1021448
47.1155004,-2.0987253
47.1154882,-2.0987252
47.1278646,-2.1245382
47.1256047,-2.1252206
47.1647562,-2.1642111
47.2938522,-2.5107502
47.2936231,-2.5106899
47.2931354,-2.5093184
47.2946436,-2.511363
47.2783879,-2.4284235
47.2761865,-2.4275094
47.2784377,-2.4290097
47.2861225,-2.3952705
47.2863087,-2.3934491
47.2863931,-2.3910867
47.2864732,-2.3911859
47.2872146,-2.3907837
47.2872519,-2.3906188
47.2863782,-2.3891611
47.2872001,-2.3913369
47.2949742,-2.3603714
47.2601341,-2.3394676
47.2596694,-2.3380213
47.2675572,-2.3416877
47.2688884,-2.3428862
47.2685865,-2.3426537
47.2681198,-2.3420583
47.3279897,-2.4264035
47.3272048,-2.4265692
47.3271007,-2.4264765
47.3285092,-2.4200075
47.2563671,-2.2679606
47.2560313,-2.2712085
47.2879963,-2.2594236
47.2638426,-2.2350356
47.2641354,-2.2346265
47.2649659,-2.2257736
47.2793169,-2.2165933
47.273885,-2.20958
47.2741533,-2.2116448
47.2742954,-2.2126913
47.2743825,-2.2134041
47.2802192,-2.2142239
47.2785037,-2.2120932
47.2764189,-2.2128777
47.274424,-2.2139338
47.2763966,-2.2087705
47.2876632,-2.2515783
47.2822565,-2.2116748
47.2822425,-2.2112603
47.298686,-2.2085967
47.2963,-2.2068635
47.2965097,-2.2068834
47.2466925,-2.1668204
47.2467422,-2.1665797
47.2470499,-2.1646283
47.2467778,-2.1645877
47.2467231,-2.1636804
47.2473728,-2.1639847
47.248574,-2.1653818
47.3266256,-2.1499951
47.080699,-2.0369465
47.1123835,-2.0748863
47.114986,-1.949272
47.1167992,-1.9433313
47.1036471,-1.8122343
47.1033881,-1.8104521
47.1035429,-1.8097642
47.1444148,-1.6864564
47.1438154,-1.686409
47.1435003,-1.6871017
47.1975825,-1.7580773
47.1972774,-1.7583221
47.2090352,-2.0470688
47.207178,-2.0441071
47.2897107,-2.0325847
47.3181571,-2.0755928
47.3191935,-2.0739298
47.3174116,-2.0750188
47.3589619,-1.9438658
47.3594587,-1.9433519
47.3592346,-1.9438154
47.3595562,-1.9450607
47.3708787,-1.9355073
47.2752382,-1.7837479
47.2752748,-1.784145
47.2110455,-1.726707
47.2112162,-1.7285039
47.2153134,-1.6808026
47.2151522,-1.6838692
47.2704247,-1.7742653
47.4792851,-3.1231924
47.4794721,-3.1223488
47.4807189,-3.122097
47.4823942,-3.1202561
47.4809821,-3.1209565
47.4849842,-3.1187338
47.5837596,-3.0815003
47.5841708,-3.0817883
47.5841255,-3.0820972
47.5861528,-3.0857105
47.5836716,-3.0807504
47.5833913,-3.0801714
47.5698813,-2.9458578
47.7096265,-3.3459739
47.7083321,-3.3455245
47.7233149,-3.340882
47.7145303,-3.3122961
47.6962214,-3.2512759
47.6571204,-3.2070074
47.6570839,-3.2019582
47.6950873,-3.2440713
47.6742776,-3.1713325
47.7652845,-3.3467138
47.7652325,-3.3451331
47.7685776,-3.3523201
47.7689288,-3.3516431
47.7696625,-3.3506785
47.7742557,-3.3471357
47.8108955,-3.3411094
47.8108212,-3.3410329
47.8100998,-3.3407459
47.8050606,-3.2769977
47.8054666,-3.277212
47.8058186,-3.2768766
47.8058824,-3.2783232
47.8058757,-3.2754881
47.8054055,-3.2766516
47.7639209,-3.2390045
47.6647127,-3.0058021
47.6650193,-3.0022457
47.6636362,-3.0052001
47.6624781,-3.0072574
47.6699948,-2.9901656
47.6671209,-2.9868539
47.6664034,-2.984239
47.6675762,-2.9869609
47.6685118,-2.9863762
47.6720442,-2.9620579
47.6791464,-2.9992666
47.76216,-3.1208
47.7617569,-3.1220473
47.5001754,-2.8359529
47.5461433,-2.8969584
47.526234,-2.769027
47.5269139,-2.7695902
47.5247559,-2.7695388
47.6188371,-2.7362598
47.578107,-2.6300668
47.5774033,-2.6297486
47.6563575,-2.8694627
47.6289602,-2.8222281
47.6701157,-2.7876475
47.6488118,-2.7706196
47.6488419,-2.7702629
47.6587301,-2.7596395
47.6565752,-2.7599327
47.6563324,-2.7591024
47.6555806,-2.7598984
47.6555759,-2.7594888
47.6554879,-2.7603619
47.6559564,-2.7590948
47.6559077,-2.76043
47.6546281,-2.7593413
47.6580457,-2.7604268
47.6586949,-2.75508
47.6585736,-2.7583551
47.6720708,-2.7661011
47.6717627,-2.7664712
47.6635509,-2.7651066
47.6724459,-2.7653803
47.653393,-2.7333567
47.6539899,-2.7366314
47.6989415,-2.8055753
47.6882207,-2.7980413
47.697751,-2.8040558
47.6770078,-2.7735293
47.6781525,-2.7742589
47.6823803,-2.7656756
47.6901741,-2.7350053
47.6904596,-2.7362055
47.7583727,-2.8445317
47.7582838,-2.8455972
47.758086,-2.8435041
47.6515193,-2.7214793
47.6512617,-2.7255956
47.6541028,-2.7210814
47.6293752,-2.6531581
47.6293478,-2.6534598
47.6297158,-2.650767
47.6289503,-2.6496308
47.7328997,-2.5905452
47.9155791,-3.3355912
47.9155067,-3.3349322
47.9145867,-3.3341786
47.9146214,-3.3333748
47.8339177,-3.1596273
47.8343934,-3.1589595
47.8339062,-3.158596
47.8339017,-3.1587326
47.9580558,-2.9737205
47.9585211,-2.9745722
48.0676519,-3.2060634
48.0675015,-3.2065707
48.0680322,-3.204677
48.237141,-3.3192782
48.2371556,-3.3200859
48.2376651,-3.3189188
48.2364732,-3.3171623
48.1240461,-3.0701653
48.1253042,-3.0706095
48.0642462,-2.9662645
48.0666129,-2.9653955
48.0655423,-2.9658256
48.0659255,-2.9656696
48.0651945,-2.9653916
48.0566401,-2.9612423
48.0545748,-2.9520905
48.0682814,-2.9635169
48.0674737,-2.945102
48.1990964,-2.988648
48.200903,-2.9861078
47.8873719,-2.8348123
47.888047,-2.8370206
47.8923354,-2.8331593
47.8440277,-2.7209156
47.8382596,-2.6380061
48.0667864,-2.8828632
48.0670015,-2.8810608
48.0697329,-2.752091
48.0697364,-2.7517413
48.1773499,-2.7539205
48.1779192,-2.7538937
48.1733832,-2.7545121
48.1765211,-2.7547681
48.1802745,-2.7570664
48.1806787,-2.7571673
48.0608947,-2.6878169
48.1312171,-2.6545826
48.1316107,-2.6567067
48.05157,-2.52517
48.1769691,-2.5917181
47.4835821,-2.4739197
47.480616,-2.4763334
47.5529965,-2.4838304
47.5532064,-2.481907
47.553879,-2.4836312
47.553916,-2.4819448
47.5528771,-2.4831581
47.4466838,-2.239537
47.4823367,-2.1598907
47.5183135,-2.2969704
47.5184769,-2.2978935
47.544385,-2.155062
47.822695,-2.5056571
47.8107375,-2.3845533
47.8103769,-2.384347
47.6745332,-2.2965166
47.7131062,-2.2201388
47.6371512,-2.1651078
47.6362132,-2.1638413
47.7655483,-2.1326861
47.7638394,-2.1309626
47.7663254,-2.130624
47.8163838,-2.1334288
47.4353554,-2.0907383
47.4371203,-2.0890139
47.4353575,-2.0892758
47.4366649,-2.0899303
47.4336083,-2.0855256
47.5143629,-2.038586
47.41234,-1.9692482
47.4153003,-1.7911623
47.4141403,-1.7925883
47.4757947,-1.7644312
47.4739102,-1.7611882
47.4759966,-1.7625801
47.5414097,-1.8869786
47.6440273,-2.0703793
47.6498146,-2.0865515
47.6518283,-2.0848207
47.6519608,-2.0841408
47.6508952,-2.0845714
47.6510815,-2.0872738
47.6523438,-2.0825529
47.6652819,-2.070875
47.8083974,-1.9421073
47.6285565,-1.8396107
47.6286662,-1.8329531
47.7239107,-1.7328084
47.7229215,-1.7324407
47.8218156,-1.8319231
47.9315392,-2.3978535
47.9314724,-2.3974986
47.9314372,-2.3970912
47.9307548,-2.3973852
47.909244,-2.1239857
47.9043398,-2.1204768
48.0022338,-2.0982018
48.1914856,-2.4149613
48.0832011,-2.2844949
48.1888686,-2.1917336
47.9200072,-1.8601173
47.8434623,-1.6943608
47.8431778,-1.6863356
47.8429605,-1.6846286
47.8431694,-1.6796215
47.8428931,-1.6835865
47.8429739,-1.6813868
47.8431628,-1.6814936
47.8556721,-1.6882488
47.896313,-1.7510319
47.9668494,-1.7977904
47.9672559,-1.7957953
47.9685839,-1.7954776
48.0060557,-1.8477396
47.9782447,-1.7219238
47.97864,-1.7199902
48.0287635,-1.759984
48.024844,-1.7477701
48.0246697,-1.7467864
48.0244445,-1.7466731
48.0243177,-1.7451098
48.0244794,-1.7475994
48.0258115,-1.7480354
48.0236891,-1.7461398
48.1384106,-1.9533732
48.1375789,-1.9543668
48.1386262,-1.9522999
48.1383604,-1.9528677
48.179527,-1.9190449
48.2134508,-1.8914978
48.0499498,-1.8682203
48.0576686,-1.8713479
48.0725826,-1.848573
48.0720462,-1.850234
48.0724398,-1.8494758
48.073146,-1.8478476
48.079929,-1.8355733
48.0525726,-1.7876509
48.0527107,-1.7887937
48.1013007,-1.7958735
48.1002941,-1.7958109
48.100486,-1.7934661
48.1002755,-1.7932078
48.1253871,-1.8173352
48.0413175,-1.7061424
48.041992,-1.7053836
48.0418839,-1.7058639
48.0797,-1.7136898
48.0916014,-1.6921907
48.0902033,-1.6931272
48.0907153,-1.6927313
48.0908919,-1.6926049
48.089208,-1.6932439
48.1190935,-1.754547
48.1193317,-1.7554264
48.1419381,-1.7676468
48.1092888,-1.7074683
48.109253,-1.7092477
48.0975935,-1.6983386
48.0982347,-1.6880107
48.1054651,-1.6892332
48.1065138,-1.6779765
48.1063373,-1.6779613
48.1058511,-1.680654
48.1083684,-1.6843044
48.1106487,-1.6854452
48.1076125,-1.6842917
48.1087436,-1.6836255
48.1090411,-1.6800535
48.1130957,-1.6792717
48.1108808,-1.6793784
48.1106388,-1.6791468
48.1130823,-1.6816534
48.1124054,-1.6818711
48.1097593,-1.6834188
48.1082937,-1.6799864
48.1092376,-1.6836226
48.1119816,-1.6839784
48.1121788,-1.6835682
48.1075996,-1.6822573
48.1097629,-1.6827831
48.1141304,-1.6805531
48.1146504,-1.6794425
48.121473,-1.7098102
48.1215253,-1.7077863
48.1292517,-1.699206
48.1228848,-1.6844637
48.1234101,-1.6843726
48.1227957,-1.6844527
48.1227692,-1.6841202
48.1268026,-1.686723
48.1428025,-1.6872521
48.1556653,-1.829221
48.154332,-1.8297441
48.2211287,-1.7907069
48.2212461,-1.7884565
48.1486219,-1.7730232
48.1485255,-1.7737611
48.1484414,-1.772644
48.1461364,-1.7700756
48.17812,-1.73433
48.1558359,-1.7155947
48.1513434,-1.6849645
48.1521299,-1.6849603
48.1520854,-1.6854477
48.1520871,-1.6856489
48.1536492,-1.6839645
48.2143315,-1.7432182
48.2171654,-1.6974349
48.2141014,-1.7023689
48.2142673,-1.7020293
46.5742641,-1.5067745
46.57446,-1.5063339
46.738154,-1.60921
46.73897,-1.6098458
46.7393468,-1.6087675
46.7394098,-1.6071729
46.7397332,-1.6073692
46.7399611,-1.6080075
46.6848164,-1.5103999
46.6862124,-1.5136383
46.7688528,-1.51006
46.7669343,-1.505673
46.7641527,-1.4939234
46.5967569,-1.4530465
46.6436378,-1.4368513
46.647942,-1.4346547
46.6648202,-1.4513439
46.6650706,-1.4500961
46.6520856,-1.4409001
46.67079,-1.428952
46.6700008,-1.432243
46.6690617,-1.4327723
46.6710635,-1.4328469
46.669865,-1.4293634
46.6699864,-1.4296617
46.6692296,-1.4328767
46.6723913,-1.4328911
46.6694818,-1.4284422
46.668913,-1.4259614
46.6703562,-1.4248619
46.6695435,-1.4247356
46.671847,-1.4223614
46.6606208,-1.4028624
46.6607078,-1.4061981
46.5934476,-1.3154908
46.5934347,-1.3161117
46.6726115,-1.29223
46.671883,-1.2915686
46.671887,-1.2915606
46.6811411,-1.4410007
46.6792405,-1.4226353
46.679244,-1.4231254
46.6792173,-1.4220773
46.7205308,-1.4595374
46.7205823,-1.4588267
46.7822037,-1.4305699
46.7820457,-1.4308626
46.7377963,-1.3852034
46.7382908,-1.3854656
46.714446,-1.3127404
46.714629,-1.3132249
46.8424845,-1.494281
46.9396915,-1.5113015
46.9864589,-1.5205516
46.8231032,-1.3576477
46.8284944,-1.2713838
46.9711142,-1.4329136
46.9779861,-1.3108024
46.9775684,-1.3143885
46.9788591,-1.315067
46.9456343,-1.2919758
46.9474934,-1.2963724
46.7681217,-1.2336027
46.7665674,-1.2358223
46.7663326,-1.2363455
46.7694564,-1.2308293
46.6866957,-1.0497185
46.6867157,-1.050828
46.6893362,-1.0519169
46.6868835,-1.0507882
46.6871802,-1.0510276
46.7794141,-1.06236
46.7805694,-1.0623734
46.6190832,-0.9111303
46.6775113,-0.849866
46.7734339,-0.8427296
46.8535064,-1.179205
46.8578122,-1.1722809
46.8587801,-1.1722151
46.8915614,-1.2507677
46.892554,-1.2507463
46.9851469,-1.2300344
46.9849836,-1.2291431
46.9424894,-1.0647724
46.9428841,-1.0651835
46.8566105,-1.0105047
46.8725906,-1.0285469
46.8712925,-1.0104909
46.8708242,-1.0116892
46.870578,-1.01082
46.8705056,-1.0104874
46.8712028,-1.0144068
46.8711897,-1.0146265
46.7950921,-0.9283945
46.8317926,-0.8614896
46.8310136,-0.8592618
46.9587907,-0.9990909
46.9924204,-0.952577
46.9912476,-0.9520754
46.9588524,-0.8957291
46.9585281,-0.8902799
46.9588568,-0.889895
47.0378459,-1.6419008
47.0368217,-1.6418091
47.0371932,-1.6425024
47.0368435,-1.641098
47.0930651,-1.6121033
47.0542634,-1.5119267
47.0560651,-1.5125208
47.122959,-1.5841418
47.1233145,-1.5838227
47.1311724,-1.5804748
47.1796822,-1.6236484
47.1791152,-1.6230197
47.1798604,-1.589015
47.2001329,-1.58951
47.200237,-1.5894878
47.1492606,-1.5321758
47.1480401,-1.531356
47.1598729,-1.5464472
47.149915,-1.5329797
47.1886988,-1.5514828
47.1887608,-1.5515579
47.1922825,-1.5702459
47.1892214,-1.5512443
47.1910686,-1.5480071
47.1893677,-1.5506739
47.1906474,-1.5500321
47.1909738,-1.5496945
47.1895243,-1.5525337
47.1853966,-1.5465081
47.1862941,-1.5464227
47.1838488,-1.5460812
47.1968671,-1.5401208
47.19358,-1.5299092
47.191085,-1.5232399
47.1694574,-1.4735176
47.1681347,-1.4737527
47.168417,-1.4737559
47.1683073,-1.4737555
47.1689675,-1.4731031
47.1876292,-1.4691726
47.0818471,-1.4114133
47.0749853,-1.3980341
47.0045263,-1.3337195
47.0030975,-1.3326515
47.087991,-1.2828627
47.0876785,-1.2835202000000001
47.0885023,-1.2828798
47.1856336,-1.4631628
47.1542852,-1.398935
47.1608816,-1.2664083
47.1607551,-1.2659593
47.161351,-1.2656038
47.1621481,-1.2668091
47.1623271,-1.2667096
47.1621972,-1.268888
47.2111634,-1.6531907
47.2106547,-1.6512732
47.2238081,-1.6313155
47.2304154,-1.6293924
47.2112121,-1.6125658
47.2067835,-1.610539
47.2074797,-1.6120686
47.2213761,-1.6050972
47.2057021,-1.5877113
47.2059541,-1.5880866
47.2073197,-1.5877344
47.2136199,-1.5861876
47.2141659,-1.5866661
47.2040863,-1.5810902
47.213716,-1.5849209
47.2141778,-1.5854748
47.2143638,-1.5856318
47.213509,-1.5842526
47.2144931,-1.5858432
47.2147759,-1.5744954
47.222893,-1.5974378
47.2220558,-1.5857896
47.2422343,-1.6079158
47.2460839,-1.6041606
47.2456735,-1.6045481
47.2348729,-1.5824915
47.229002,-1.5746512
47.2324394,-1.5763667
47.2329459,-1.5765189
47.232054,-1.5771928
47.2322845,-1.5768191
47.2326324,-1.576466
47.235458,-1.5829392
47.2527606,-1.5942089
47.2533681,-1.5962359
47.2534788,-1.5967142
47.2531135,-1.5955004
47.2528164,-1.5759327
47.2487899,-1.5773597
47.2529259,-1.5765173
47.2504566,-1.576538
47.254409,-1.5764494
47.2533849,-1.5758764
47.2623178,-1.6716762
47.2614097,-1.6654571
47.2615496,-1.6668821
47.2615567,-1.6663639
47.2618839,-1.6705237
47.2706236,-1.6223868
47.270823300000004,-1.6218045
47.2617256,-1.5865428
47.2058754,-1.5602481
47.2131627,-1.5627673
47.215308,-1.5637821
47.2137578,-1.5640191
47.2120383,-1.5653185
47.2130002,-1.5629349
47.2129032,-1.5625821
47.2137469,-1.5645573
47.2152682,-1.5617745
47.214488,-1.5604341
47.2153978,-1.5646532
47.2049586,-1.554216
47.2049932,-1.5565724
47.2028805,-1.553885
47.2049911,-1.5587309
47.2141508,-1.5582356
47.2141107,-1.5585198
47.2141715,-1.5588511
47.2147049,-1.5555163
47.2145392,-1.5536028
47.2154041,-1.5559665
47.2133996,-1.5551693
47.2152855,-1.5590143
47.2166932,-1.5618197
47.220029,-1.5615868
47.216881,-1.5632933
47.2157524,-1.5653519
47.2158334,-1.5655102
47.2154642,-1.5647844
47.224283,-1.5711278
47.2164409,-1.5561938
47.2202659,-1.5584604
47.2216234,-1.5577051
47.2159682,-1.5569352
47.2212539,-1.5562327
47.2174383,-1.5540641
47.2184752,-1.5515253
47.2184435,-1.5517321
47.2181917,-1.5518634
47.2169964,-1.5522642
47.2181395,-1.5523054
47.2059991,-1.5363671
47.212864,-1.5451944
47.2116861,-1.5442296
47.2142317,-1.5371339
47.2150687,-1.5371788
47.214835,-1.5376675
47.2145636,-1.5398483
47.2236507,-1.5302918
47.2259446,-1.5231363
47.2255186,-1.5238412
47.2328477,-1.5669802
47.2292233,-1.572209
47.2331602,-1.5664862
47.233114,-1.5568616
47.2534428,-1.5593047
47.2336706,-1.5358596
47.2333898,-1.5361191
47.2318782,-1.5376559
47.2341398,-1.5353971
47.2333179,-1.5366304
47.2332597,-1.5367119
47.2411638,-1.5301146
47.242899800000004,-1.5338639
47.2427544,-1.5337749
47.2067556,-1.5055128
47.206505,-1.5062337
47.2070956,-1.5050522
47.2067892,-1.5053897999999999
47.2071661,-1.5040745
47.2061551,-1.5072787
47.206903,-1.5049925
47.206955,-1.504813
47.2387411,-1.5146682
47.2391167,-1.5140882
47.2357272,-1.504158
47.2496526,-1.518634
47.2546358,-1.5120873
47.2507845,-1.4831869
47.2503624,-1.4852771
47.2500543,-1.485923
47.2499859,-1.4860984
47.2496897,-1.4874404
47.2495677,-1.4863156
47.2499829,-1.4873844
47.2684957,-1.5211272
47.2988508,-1.5506065
47.2989591,-1.5507134
47.2989943,-1.550982
47.2990974,-1.5521453
47.2985696,-1.5505694
47.2983104,-1.5510035
47.2585353,-1.5154373
47.2697067,-1.5190417
47.2975051,-1.4950407
47.298429,-1.4972276
47.2982226,-1.4975287
47.2972064,-1.4923343
47.2974544,-1.4939724
47.2970335,-1.4914274
47.2966152,-1.4919795
47.2973775,-1.4920869
47.2975421,-1.487245
47.3305131,-1.6233437
47.33009,-1.6229832
47.3300579,-1.6228007
47.3312148,-1.6175823
47.3439772,-1.5290408
47.3414901,-1.5265121
47.3401541,-1.5264376
47.3404196,-1.5263399
47.2158665,-1.4655206
47.216851,-1.4650297
47.2545773,-1.3859874
47.2539783,-1.385273
47.2664291,-1.4409996
47.266654,-1.4409541
47.2668432,-1.4406411
47.2381237,-1.3481872
47.237794,-1.3482684
47.4104198,-1.3760336
47.0380129,-1.1173347
47.0172171,-1.060752
47.09673,-1.1254111
47.1187113,-1.1245392
47.1807271,-1.1111242
47.0414716,-0.9021292
47.0051003,-0.8518719
47.0626034,-0.9403442
47.0620846,-0.9403447
47.0495612,-0.8967184
47.061831,-0.8960288
47.0457664,-0.8757908
47.0505054,-0.8709263
47.056907699999996,-0.8776525
47.0566007,-0.8772448
47.0622689,-0.8807891
47.0611462,-0.8796766
47.059863,-0.8800591
47.0612771,-0.8794484
47.0627639,-0.880588
47.0615419,-0.8817927
47.0626639,-0.8762982
47.0628971,-0.8762499
47.0626828,-0.8774981
47.0649354,-0.8699295
47.123643,-0.9919214
47.1240088,-0.9954866
47.124247,-0.994944
47.1246553,-0.9949657
47.2017356,-0.9937746
47.2017167,-0.9906565
47.201692799999996,-0.9913884
47.2021404,-0.9896359
47.1365379,-0.8925828
47.1380833,-0.8923897
47.1372157,-0.8911425
47.2868355,-1.1904027
47.371942,-1.1812398
47.3652249,-1.1780613
47.3657803,-1.1769388
47.3699591,-1.1795146
47.3696692,-1.1790873
47.3706161,-1.1774178
47.2115938,-0.9830859
47.2635156,-1.0345778
47.2640981,-1.0326574
47.3604501,-1.0159028
47.3615202,-1.0170145
47.3866755,-1.0339889
47.4054057,-0.9226111
46.6482301,-0.7424086
46.6478241,-0.741789
46.7818418,-0.8374101
46.781473,-0.8377734
46.7827439,-0.8380895
46.7425531,-0.765519
46.632638300000004,-0.5782591
46.631919,-0.5762575
46.612265,-0.4205538
46.7219808,-0.5872298
46.7215066,-0.5892136
46.723021,-0.5872089
46.7828884,-0.8380643
46.7934321,-0.7336794
46.8209997,-0.6694458
46.8219367,-0.6689248
46.8219436,-0.6692346
46.8208969,-0.6680658
46.9231277,-0.7440318
46.8405106,-0.4921437
46.8401251,-0.4939173
46.8386352,-0.4926836
46.8381803,-0.4927606
46.8428272,-0.493733
46.9851626,-0.4493756
46.6509624,-0.3531784
46.6451625,-0.2522805
46.6486306,-0.2476859
46.6481086,-0.2236082
46.575555,-0.0253007
46.9784517,-0.2164744
46.9785203,-0.2138981
46.978588,-0.2152117
46.9794609,-0.215085
46.9793291,-0.2145097
46.9795911,-0.2155804
46.8262872,-0.1394051
46.8814708,-0.0185746
47.0081343,-0.7485791
47.0076683,-0.7462677
47.0746632,-0.8380436
47.1221304,-0.7881457
47.1220396,-0.7885788
47.1205252,-0.7125225
47.1458532,-0.5343591
47.1453882,-0.534001
47.1455506,-0.5352358
47.2148515,-0.7222232
47.2385517,-0.7251493
47.3519936,-0.7626422
47.3517424,-0.7641368
47.3519773,-0.7635179
47.352079,-0.7608409
47.3524198,-0.7616731
47.3510281,-0.7629756
47.4111181,-0.7609149
47.2674017,-0.5004954
47.2672743,-0.5016166
47.3972471,-0.5281216
47.3972299,-0.5291395
47.3964646,-0.5300742
47.3982134,-0.5294856
47.3556044,-0.4488376
47.3511823,-0.4452875
47.3483224,-0.4424179
47.0447986,-0.2624081
47.1938501,-0.2756984
47.1929103,-0.2762741
47.1926011,-0.2757115
47.1943129,-0.2764969
47.1914149,-0.2755246
47.1914522,-0.2752412
47.1299352,-0.1534975
47.1316591,-0.1564405
47.3408244,-0.2314669
47.3408966,-0.2313145
47.2492131,-0.0907743
47.2496645,-0.0898876
47.2593316,-0.0783996
47.2590726,-0.0769501
47.2587711,-0.0756741
47.261318,-0.0769559
47.4145979,-1.6535336
47.4126344,-1.6509306
47.4395199,-1.4989982
47.4406171,-1.4976074
47.440211,-1.4978454
47.4394606,-1.4991912
47.4398806,-1.4941487
47.5656951,-1.6240561
47.4122245,-1.3788895
47.5166094,-1.2928822
47.6205235,-1.3727545
47.6663798,-1.6700293
47.6221469,-1.3727492
47.7182832,-1.377079
47.7186548,-1.3765879
47.7183775,-1.3763845
47.7174656,-1.3765009
47.7182133,-1.3761714
47.7183353,-1.3761996
47.7182201,-1.3755755
47.7185615,-1.3717842
47.8308388,-1.3183563
47.4329708,-1.2311145
47.5244417,-1.1849419
47.5237879,-1.1850123
47.7944468,-1.0577723
47.7940978,-1.0551438
47.7936561,-1.0526073
47.6843813,-0.8703012
47.9375478,-1.6629508
47.9779478,-1.5869762
47.9958736,-1.6683849
47.9992171,-1.6673624
47.9552301,-1.502832
47.9607297,-1.4977673
47.9603714,-1.496397
47.9595547,-1.4976151
47.9126177,-1.3810734
47.9133667,-1.3797435
48.0095736,-1.4299135
48.042733,-1.6663158
48.0416941,-1.6670115
48.0413651,-1.666993
48.0412484,-1.6670827
48.0637433,-1.6253353
48.0864278,-1.675446
48.0860003,-1.6682558
48.0892495,-1.6753113
48.0915575,-1.6407875
48.0927541,-1.6393381
48.0459013,-1.6022762
48.0457058,-1.6025493
48.0451154,-1.6035415
48.0451486,-1.602973
48.0449819,-1.603125
48.088972,-1.6206691
48.0909012,-1.6247654
48.0884102,-1.6186132
48.0884983,-1.6175749
48.0987709,-1.6751524
48.0946761,-1.6742385
48.0975983,-1.6745645
48.1064701,-1.6734006
48.1049237,-1.6724853
48.1032436,-1.6771705
48.1036198,-1.6774187
48.1060805,-1.6672746
48.0980945,-1.6551009
48.0982868,-1.655695
48.1025955,-1.6627306
48.1074826,-1.6717742
48.1122811,-1.6772031
48.1148135,-1.6773717
48.114815,-1.6768939
48.1194851,-1.667385
48.1145003,-1.6571856
48.1089099,-1.6458336
48.1232785,-1.6602853
48.1224656,-1.6617569
48.1216177,-1.6633117
48.1213297,-1.663442
48.1237392,-1.659093
48.1308588,-1.6407644
48.1317206,-1.6348842
48.130671,-1.6327525
48.1301509,-1.6329708
48.1144621,-1.6179178
48.1180206,-1.6070716
48.1173932,-1.6090467
48.1178642,-1.6058943
48.117930200000004,-1.6053777
48.1175797,-1.6054701
48.1184684,-1.6051043
48.1185844,-1.604552
48.1149078,-1.5893764
48.0413633,-1.5152874
48.0468838,-1.5023363
48.047365,-1.5032152
48.113862,-1.5227368
48.113702,-1.5230293
48.114176,-1.5228992
48.1331881,-1.5345899
48.1335143,-1.532936
48.1840549,-1.6469923
48.1809029,-1.6360944
48.1822106,-1.6373288
48.1807814,-1.6357803
48.156185,-1.581027
48.15592,-1.5810382
48.2141697,-1.5063458
48.1210117,-1.4605326
48.12039,-1.4606119
48.1077932,-1.4041658
48.1072444,-1.4048636
48.1074239,-1.4044911
48.1068606,-1.4055106
47.8404309,-1.1361572
47.9412396,-1.2315853
47.8481223,-0.9513695
47.8473713,-0.9479738
47.9462633,-0.9116858
48.0569768,-1.1535919
48.0566691,-1.1542045
48.1110345,-1.2128025
48.1101651,-1.215465
48.1096627,-1.2148154
48.1232571,-1.2088846
48.1235591,-1.2121053
48.1233208,-1.2116104
48.1231778,-1.2109711
48.1205102,-1.2100685
48.1232263,-1.2091331
48.1233042,-1.2085095
48.1152669,-1.0268111
48.0603203,-0.9355664
48.0608723,-0.9360631
48.1635254,-0.9699947
48.1595535,-0.9672113
47.4746806,-0.6311402
47.474887,-0.6310689
47.4601905,-0.6167726
47.424257,-0.5248644
47.4507489,-0.5551258
47.4613743,-0.5638383
47.4516262,-0.5561551
47.4521352,-0.555577
47.4514969,-0.5561988
47.4517079,-0.5558886
47.4622223,-0.5624071
47.4643166,-0.5606667
47.4620863,-0.5546609
47.4621985,-0.5532311
47.4618054,-0.5546111
47.4513987,-0.5480479
47.4525362,-0.5270329
47.4531641,-0.5264204
47.4532951,-0.5263844
47.4525893,-0.5265111
47.4600479,-0.5373939
47.4582081,-0.5327389
47.4695288,-0.6090899
47.4684211,-0.5955381
47.4687581,-0.5925597
47.4654844,-0.5958565
47.4692132,-0.59255
47.4733913,-0.5862014
47.473491,-0.5840503
47.5034606,-0.5852366
47.5033918,-0.5854806
47.5045906,-0.5864729
47.5045443,-0.5871998
47.5058524,-0.588714
47.5068504,-0.5895945
47.5061857,-0.5887744
47.4668262,-0.557061
47.4661702,-0.5573442
47.4673139,-0.5515488
47.4681252,-0.5512551
47.4698899,-0.5523512
47.466744,-0.5530466
47.4668377,-0.5529118
47.4668197,-0.5522073
47.4655195,-0.5552945
47.4656414,-0.554394
47.471686,-0.552027
47.4716446,-0.5538081
47.4752201,-0.5546996
47.4790282,-0.5651293
47.4792578,-0.5638849
47.4784223,-0.56443430000000006
47.4787198,-0.5640345
47.4780447,-0.5650115
47.478526,-0.5655131
47.4785843,-0.564224
47.4701734,-0.5500447
47.4700414,-0.5469999
47.4692194,-0.5490001
47.4697991,-0.5472557
47.4673231,-0.5499731
47.4736049,-0.5442931
47.4732322,-0.5434236
47.4729976,-0.5423333
47.4728439,-0.5426565
47.4737445,-0.5425232
47.4865199,-0.5394449
47.4479316,-0.5086758
47.4405189,-0.4895129
47.440581,-0.4896632
47.4411823,-0.4907036
47.4409848,-0.49068
47.4667191,-0.4948839
47.4681833,-0.4934124
47.4682122,-0.4936114
47.466754,-0.495321
47.4669019,-0.4959518
47.4669733,-0.4939013
47.5286815,-0.611954
47.5281518,-0.6118722
47.528226,-0.6114779
47.5278366,-0.6115276
47.5182405,-0.4725999
47.5187658,-0.4726882
47.6147405,-0.4655617
47.6160261,-0.4678014
47.6280865,-0.7143548
47.6278596,-0.7145461
47.6283856,-0.7141271
47.8260292,-0.7081008
47.8268511,-0.7072196
47.8264371,-0.7076155
47.8264695,-0.7071676
47.8291721,-0.7015956
47.8289938,-0.6991153
47.8284668,-0.6872322
47.6802127,-0.4888589
47.6802386,-0.4884017
47.6821187,-0.4919388
47.6810941,-0.4866027
47.4398841,-0.2162843
47.440318,-0.2185576
47.4408355,-0.2161536
47.5739606,-0.3585514
47.5737819,-0.3577713
47.5727083,-0.3557888
47.6714246,-0.245848
47.7662273,-0.3252795
47.6993489,-0.0748398
47.8140002,-0.0866206
48.0235235,-0.7696504
48.0227371,-0.7684731
48.0411095,-0.4773179
48.039743,-0.4760747
48.0663445,-0.8109834
48.0695254,-0.8273912
48.0695812,-0.8287133
48.0695238,-0.8322592
48.0596238,-0.7636699
48.0602759,-0.7638251
48.0528018,-0.7396409
48.0617608,-0.7542166
48.0617939,-0.754721
48.0714376,-0.7734721
48.0715407,-0.7778636
48.0704629,-0.772721
48.0701319,-0.7715845
48.0716519,-0.7724839
48.0729862,-0.7725249
48.0716691,-0.7722088
48.072029,-0.7727924
48.0730537,-0.7723026
48.06987,-0.7720495
48.0720414,-0.7643722
48.0987433,-0.7842813
48.0706876,-0.7001657
48.1227165,-0.7202745
48.1219711,-0.7190696
48.1346823,-0.5551617
47.840965,-0.3355394
47.8399232,-0.333356
47.8401419,-0.3334737
47.8398637,-0.3329102
47.8404631,-0.333954
47.8392775,-0.3264352
47.8712066,-0.0980464
47.9947215,-0.1511057
48.1568393,-0.4012966
48.1560485,-0.4027021
48.1534909,-0.4009621
48.1562221,-0.3993815
48.2498245,-0.3611388
48.1213328,-0.0158624
48.1214569,-0.0161255
48.1215344,-0.0163749
48.182715,-0.1295017
48.1835671,-0.127417
48.1838558,-0.1290976
48.1836502,-0.1290798
48.1835315,-0.1296274
48.314859,-3.1616373
48.3161658,-3.0566317
48.4731891,-3.1880284
48.4757966,-3.1871431
48.560997,-3.1569438
48.5609344,-3.1553084
48.5590647,-3.147086
48.5599214,-3.1486739
48.5608318,-3.1494066
48.5625573,-3.1518235
48.561988,-3.1496003
48.6279209,-3.3004944
48.6294412,-3.301111
48.6293036,-3.3002811
48.5586206,-3.1443746
48.5425402,-2.9689012
48.5420183,-2.9679001
48.6296106,-2.9851135
48.2797698,-2.8403007
48.3468864,-2.7572426
48.346853,-2.7563765
48.4030899,-2.9123626
48.4034214,-2.910238
48.4033855,-2.91066
48.4031681,-2.9114348
48.4068257,-2.8161658
48.4074755,-2.8174454
48.4470801,-2.7477369
48.4458236,-2.7465147
48.2805126,-2.7033272
48.2784432,-2.7056043
48.2767037,-2.6185555
48.2767037,-2.6185555
48.3008894,-2.5204207
48.3603734,-2.6337311
48.4210331,-2.6582943
48.422824,-2.659567
48.4900353,-2.793444
48.4913984,-2.7942408
48.4901503,-2.7926201
48.4942282,-2.7612346
48.5040347,-2.7678758
48.5122727,-2.7605371
48.512898,-2.7633344
48.5122448,-2.7593036
48.5129075,-2.7618748
48.5113302,-2.7580643
48.5119454,-2.758476
48.5118026,-2.7582667
48.5098906,-2.7567141
48.5122393,-2.7588004
48.5110109,-2.7584998
48.5120471,-2.7577276
48.4909538,-2.7378591
48.4948143,-2.7282008
48.5049587,-2.7426738
48.506999,-2.7494483
48.5195812,-2.7859544
48.5188306,-2.7916952
48.5187812,-2.783289
48.5491693,-2.7933128
48.547382,-2.7892376
48.535163,-2.770653
48.5352998,-2.7695974
48.5343349,-2.7720503
48.5354647,-2.7706782
48.535873,-2.7614318
48.5348178,-2.7607725
48.5218759,-2.728819
48.5418122,-2.7285562
48.6525099,-2.8324348
48.5710755,-2.8183647
48.5704618,-2.8184664
48.6482934,-2.8260988
48.4843041,-2.678089
48.4842167,-2.6768676
48.4974982,-2.7227014
48.494924,-2.7164863
48.4946996,-2.7145313
48.494503,-2.7140307
48.4948839,-2.7164649
48.5139117,-2.6681288
48.4699982,-2.5172251
48.4682273,-2.5176251
48.4689191,-2.5167314
48.4676924,-2.5182497
48.4673562,-2.5180508
48.5841533,-2.5371703
48.5848137,-2.5361044
48.6723386,-3.3463547
48.7463413,-3.2601268
48.696988,-3.1622447
48.6972747,-3.1596376
48.811711,-3.2958308
48.8121902,-3.2952637
48.7870419,-3.231161
48.7870579,-3.2310485
48.7874112,-3.2300806
48.786011,-3.2234857
48.7484543,-2.9853152
48.7776673,-3.0498278
48.7806534,-3.0493552
48.7791455,-3.0437229
48.840602,-3.1400869
48.8425659,-3.139058
48.6766328,-2.9283773
48.3631596,-2.4011375
48.4091898,-2.3238952
48.4086137,-2.3216289
48.316197,-2.2597148
48.3167469,-2.2626749
48.3174622,-2.2607819
48.2885585,-2.1547436
48.2876808,-2.1544737
48.431838,-2.2170076
48.4615058,-2.5149621
48.4691251,-2.515302
48.4679444,-2.5165251
48.4694432,-2.5138306
48.4680195,-2.5145139
48.6288745,-2.465309
48.6299331,-2.4648789
48.6289379,-2.4648158
48.6290482,-2.4661136
48.6313404,-2.4649476
48.5227819,-2.2358729
48.5220818,-2.2349756
48.5219346,-2.2297402
48.5226207,-2.233505
48.522691,-2.23279
48.5961199,-2.2913242
48.5968059,-2.2907916
48.6324751,-2.2562673
48.5808252,-2.1405535
48.5804273,-2.1408855
48.5801016,-2.1414589
48.4454569,-2.0684047
48.453404,-2.045622
48.453627,-2.0485753
48.4539956,-2.0486489
48.4538339,-2.0456417
48.4562821,-2.0539319
48.4540699,-2.0520065
48.4554394,-2.0493559
48.4550807,-2.0488663
48.4537743,-2.0440664
48.4533677,-2.0239995
48.4567564,-2.0286014
48.3814261,-1.9797653
48.3812154,-1.9796205
48.3278968,-1.8399704
48.3287314,-1.8381651
48.3295401,-1.8423987
48.4089699,-1.7510621
48.4107606,-1.7490674
48.4112415,-1.7487765
48.4110846,-1.7496785
48.5320844,-2.0116249
48.5101617,-1.9523645
48.5104827,-1.9516958
48.5149356,-1.8997762
48.5140806,-1.8998978
48.5793465,-2.0587427
48.5800753,-2.0588234
48.5798702,-2.0593932
48.6332432,-2.0584955
48.63243,-2.0582213
48.6330623,-2.0579443
48.6335312,-2.0575232
48.6331887,-2.0567145
48.6333154,-2.0569807
48.6332139,-2.0559651
48.6331935,-2.0550518
48.6372477,-2.0158671
48.6363298,-2.0149346
48.635012,-2.0139504
48.6356293,-2.014134
48.6379435,-2.0165156
48.6383274,-2.0171405
48.6489479,-2.0259653
48.6490674,-2.0252237
48.6504456,-2.0236086
48.6453028,-2.0086999
48.6490574,-2.0081963
48.6482957,-2.0082014
48.6506594,-2.0081028
48.6483524,-2.0065434
48.6486135,-2.0048108
48.6577307,-1.9961994
48.603926800000004,-1.9791323
48.6231173,-1.9901097
48.6325045,-1.9833632
48.6580851,-1.9846813
48.6582629,-1.9855482
48.6371286,-1.9024856
48.5502811,-1.7574091
48.549751,-1.7567737
48.5485213,-1.7548588
48.5499691,-1.754041
48.550125800000004,-1.7535727
48.62409,-1.8583315
48.6758249,-1.8519077
48.6752497,-1.8512106
48.6751939,-1.8509115
48.6751877,-1.8520234
49.334843,-1.69885
49.3348017,-1.6997163
49.3810873,-1.7522461
49.3813317,-1.7521512
49.3816989,-1.7524614
49.5134526,-1.8082384
49.513291,-1.8078789
49.5138911,-1.8075024
49.514902,-1.8065907
49.5151522,-1.805836
49.6635244,-1.8380067
49.663886,-1.8350821
49.6648575,-1.6865773
49.6625148,-1.684343
48.260775,-1.6057591
48.3323708,-1.5360467
48.4268476,-1.574793
48.4604824,-1.4862076
48.2593234,-1.408363
48.2604801,-1.3994958
48.260695,-1.3983342
48.2602143,-1.3987327
48.2611161,-1.3997464
48.3279182,-1.4262344
48.3270544,-1.4262032
48.46114,-1.48468
48.533433,-1.5647599
48.5541832,-1.5101115
48.6205681,-1.2907842
48.3535105,-1.2008083
48.3525585,-1.199808
48.3548615,-1.2010007
48.3537145,-1.1994436
48.353858,-1.2011763
48.3517627,-1.200892
48.3520203,-1.1983278
48.2969552,-0.9386622
48.2967839,-0.9371565
48.4795635,-1.1252874
48.6192457,-1.1716077
48.5775361,-1.0921942
48.5774323,-1.0940851
48.5780984,-1.0920438
48.577922,-1.0920607
48.5790369,-1.0917097
48.4803011,-1.0343854
48.6467393,-0.9424444
48.6479835,-0.942579
48.648423,-0.9427882
48.8379378,-1.5958885
48.838019,-1.5955103
48.8377489,-1.5966315
48.8370311,-1.5964527
48.8373126,-1.5933914
48.8380477,-1.5984255
48.8376271,-1.5917981
48.8376431,-1.5916025
48.8473922,-1.5796213
48.8475694,-1.5792029
48.7754747,-1.567397
48.8155295,-1.570133
48.8154466,-1.5710235
48.8153269,-1.5708822
48.7521729,-1.4559746
48.7524915,-1.456871
48.6839868,-1.3631107
48.6849758,-1.3587529
48.6859768,-1.3600932
48.6860402,-1.3610736
48.6852943,-1.3604828
48.685002,-1.3600704
48.6867365,-1.3612217
48.6861424,-1.3598597
48.795662,-1.3976625
48.796837,-1.3974158
48.8984377,-1.5130325
48.8985947,-1.513627
48.8979942,-1.5128461
49.0482345,-1.5972065
49.0484912,-1.5974439
49.048246,-1.5983827
49.0480161,-1.5987998
49.0476291,-1.4464979
49.0467575,-1.4449932
49.0479868,-1.4448293
49.047996,-1.4445347
49.049038,-1.4446813
49.048271,-1.4444475
49.0483544,-1.4446726
49.0497126,-1.4443468
48.7249867,-1.1671318
48.723427,-1.1676513
48.7243975,-1.1686039
48.8371913,-1.2219475
48.8374738,-1.2223418
48.8374666,-1.2226714
48.8365117,-1.2206144
48.8369925,-1.2198708
48.8387662,-1.2238708
48.7231523,-0.9197663
48.8402179,-1.0471513
48.8370297,-0.8916387
48.8395716,-0.8890557
48.8396364,-0.8896884
48.8394751,-0.890458
48.8391122,-0.8887591
48.838122,-0.8893771
48.8396537,-0.8899468
48.8390574,-0.889715
48.9163003,-1.190745
48.9154789,-1.1909462
48.9173485,-1.1907292
48.971667,-1.0600282
48.9737484,-1.0598269
49.0758989,-1.1752476
49.0513753,-1.037843
48.4111493,-0.8068043
48.4107642,-0.8120394
48.4094422,-0.8053369
48.3031368,-0.6203628
48.303039,-0.6204279
48.3020093,-0.6128387
48.3006796,-0.6128476
48.3037557,-0.6209024
48.3037837,-0.62031
48.3033295,-0.6213182
48.3036861,-0.6171272
48.3039927,-0.6169405
48.3036509,-0.6203504
48.3042457,-0.6184711
48.4375259,-0.4966463
48.4380902,-0.4972071
48.5179699,-0.7575744
48.5193066,-0.7550257
48.6005624,-0.8329381
48.5990971,-0.8297763
48.5916256,-0.646399
48.5915623,-0.643502
48.5919493,-0.6450891
48.5917599,-0.6442027
48.5918454,-0.6460377
48.5315306,-0.4766398
48.5339781,-0.4810602
48.6621003,-0.5191493
48.3440943,-0.2819465
48.3458021,-0.2787062
48.418347,-0.3350877
48.4171082,-0.3369323
48.4588903,-0.2053468
48.3998591,-0.0991193
48.3989469,-0.0995866
48.5137389,-0.4139779
48.5571122,-0.4142736
48.5576708,-0.4151084
48.5897312,-0.3590416
48.5915732,-0.3570085
48.5901674,-0.359181
48.5899081,-0.3585092
48.5896725,-0.3576318
48.5893406,-0.3582374
48.5672129,-0.1449981
48.5665693,-0.1446266
48.6813892,-0.7897867
48.7648739,-0.72864
48.8531047,-0.6759319
48.7486118,-0.5706047
48.7487735,-0.5683905
48.7478035,-0.5679732
48.7478001,-0.5701232
48.7484926,-0.5688961
48.7449287,-0.5625383
48.7499085,-0.5672557
48.750911,-0.5676177
48.7491919,-0.5651849
48.7501617,-0.5681113
48.7493882,-0.5691091
48.7490435,-0.5692205
48.7705423,-0.5735361
48.849111,-0.5510779
48.8486185,-0.5505629
48.8475648,-0.5518048
48.8504959,-0.5518151
48.8491727,-0.5507742
48.8501338,-0.5497164
48.8502529,-0.5504872
48.8108915,-0.4989138
48.8112316,-0.4984573
48.8107229,-0.4991767
49.0214957,-0.6318139
49.020747,-0.6316216
49.0214805,-0.6332763
49.0803269,-0.6565736
49.0804801,-0.6577539
49.0801301,-0.6585756
49.0805065,-0.6574794
49.0807565,-0.6524901
48.9861795,-0.4784935
48.986176,-0.4772624
48.9854776,-0.4765821
48.6979121,-0.3680344
48.6988568,-0.3685211
48.7637176,-0.2438604
48.7641907,-0.2436779
48.718682,-0.1258599
48.7442497,-0.0210154
48.7428541,-0.0233212
48.7424659,-0.0232778
48.7439506,-0.0198425
48.7432506,-0.0227695
48.7438638,-0.0217412
48.7443304,-0.0202582
48.7442582,-0.0199174
48.744112,-0.0197744
48.7446408,-0.0170889
48.745001,-0.0192081
48.7501957,-0.0281553
48.9711999,-0.2429245
49.0452782,-0.3266259
48.8964245,-0.200487
48.8969497,-0.1989473
48.8963252,-0.1994516
48.8959238,-0.1997975
48.8975605,-0.199432
48.8966368,-0.1997018
48.896635,-0.2003798
48.8975023,-0.1981305
48.8957421,-0.1999268
49.0187271,-0.0332476
49.0198686,-0.0319672
49.0197839,-0.0317525
49.0190437,-0.0320705
49.019099,-0.031627
49.0718005,-0.0742017
49.071782,-0.0746476
49.0728562,-0.076944
49.1988657,-1.5682125
49.2012876,-1.5668995
49.219098,-1.5340605
49.2902769,-1.5436495
49.2901851,-1.5426651
49.2898732,-1.543844
49.2905305,-1.5440046
49.1865687,-1.4095451
49.185031,-1.4084434
49.1862976,-1.4065745
49.3864334,-1.5291862
49.3854128,-1.5296979
49.470146,-1.6337737
49.4704306,-1.6334908
49.5088904,-1.4695257
49.5087964,-1.4691099
49.5082808,-1.4689115
49.5082403,-1.4705621
49.378819,-1.4228453
49.5088293,-1.4679164
49.4087374,-1.3190032
49.4087641,-1.3179486
49.1158479,-1.1138137
49.1166414,-1.1144521
49.0995674,-1.0795985
49.1143748,-1.0979489
49.115216,-1.0909268
49.1158143,-1.0898807
49.1142303,-1.0902418
49.1150542,-1.0898305
49.1145919,-1.0905831
49.1140121,-1.0920714
49.1109089,-1.0671112
49.1172428,-1.0993885
49.0938379,-0.9740747
49.1939385,-0.9367783
49.2418893,-0.8723909
49.2426354,-0.8730267
49.2419114,-0.8726827
49.3045764,-1.24587
49.3049946,-1.2458049
49.3047189,-1.2459466
49.3045801,-1.2449802
49.3038926,-1.2421596
49.3032594,-1.2449426
49.3882596,-1.0466781
49.5092752,-1.4701446
49.6258188,-1.6267989
49.6279706,-1.6418948
49.6280864,-1.6417432
49.6295605,-1.6417671
49.638154,-1.6261519
49.6372925,-1.6257798
49.6371378,-1.6254221
49.6488111,-1.649439
49.6489009,-1.6498086
49.6477072,-1.6477629
49.6386694,-1.6225756
49.6389161,-1.6251872
49.6380448,-1.6241976
49.6383445,-1.6232823
49.6395777,-1.6252588
49.6382082,-1.6222722
49.6383182,-1.6115074
49.6392907,-1.6052523
49.6404088,-1.580608
49.6436467,-1.5817295
49.6439263,-1.5820135
49.5877222,-1.2660415
49.668203,-1.4044945
49.6678451,-1.405845
49.6688903,-1.4051342
49.2790275,-0.708055
49.2798026,-0.7082236
49.2779633,-0.7051674
49.2774216,-0.7028766
49.2783517,-0.7063733
49.27852,-0.7064481
49.2792327,-0.7071681
49.2791597,-0.7072492
49.1758342,-0.6264338
49.0997778,-0.5024896
49.1556817,-0.4505497
49.1557995,-0.4508402
49.210173,-0.5109889
49.3445372,-0.7528095
49.3477958,-0.7552777
49.3306379,-0.4572583
49.3336826,-0.4577167
49.3326078,-0.4577581
49.1390851,-0.376866
49.1407217,-0.3761099
49.1399177,-0.3764334
49.1398763,-0.353072
49.1401709,-0.3532879
49.1608046,-0.4006909
49.1733167,-0.3934468
49.1794241,-0.3946236
49.1791515,-0.3946161
49.1809506,-0.3963955
49.1866491,-0.4111102
49.1819159,-0.4012695
49.1822401,-0.4004893
49.1740263,-0.3912614
49.1734778,-0.3929663
49.1736104,-0.3916996
49.1932082,-0.3929166
49.1927941,-0.3913957
49.1820574,-0.3702411
49.1828906,-0.3683063
49.1499427,-0.3511847
49.1501249,-0.3505114
49.16772,-0.3517867
49.173473,-0.3539457
49.1734464,-0.35432
49.1811129,-0.3629657
49.1807823,-0.3626923
49.1781811,-0.3593123
49.1783746,-0.3540695
49.1806481,-0.3564616
49.1696851,-0.3525724
49.1816945,-0.3640206
49.1816404,-0.3618876
49.1837162,-0.3644968
49.1832489,-0.3609221
49.182591,-0.364038
49.1815408,-0.3645117
49.1820141,-0.3635207
49.1838174,-0.3595299
49.1825598,-0.3582267
49.1816921,-0.3588518
49.1824359,-0.3596585
49.1845436,-0.3568317
49.1909715,-0.3598758
49.1745705,-0.3391113
49.1735044,-0.3253833
49.1734711,-0.3251741
49.1761757,-0.3224326
49.1490281,-0.2621551
49.1882682,-0.305403
49.180954,-0.2812645
49.2009633,-0.3826324
49.198927,-0.3824612
49.2034817,-0.3792585
49.2002567,-0.36107
49.1988658,-0.3608289
49.1991106,-0.3607881
49.2132666,-0.3431151
49.2027202,-0.3347354
49.2018932,-0.3328969
49.2045883,-0.3305444
49.2029913,-0.3308867
49.2885531,-0.3789666
49.2964794,-0.3737741
49.2987386,-0.373669
49.2975509,-0.3738837
49.2984984,-0.3728669
49.2966621,-0.3734062
49.2967746,-0.3731582
49.2982361,-0.373255
49.2040262,-0.2977618
49.2043238,-0.2998269
49.2276271,-0.3009653
49.2840214,-0.2601391
49.2841838,-0.2606649
49.2843322,-0.2610238
49.2847406,-0.2597501
49.2851013,-0.2597542
49.2854753,-0.2596327
49.2853478,-0.2599327
49.2802644,-0.2508576
49.2864278,-0.2588418
49.1272138,-0.1643547
49.1270173,-0.1645183
49.1274034,-0.1650709
49.1256165,-0.1638652
49.1824637,-0.1820436
49.1820024,-0.181821
49.2852893,-0.1058582
49.2907953,-0.1161316
49.2887306,-0.1162592
49.2915275,-0.1160982
49.2918154,-0.1159853
49.231316,-0.042976
49.2861439,-0.0969786
49.2858766,-0.0972831
49.3184965,-0.3552817
49.3221072,-0.0064359
49.3221337,-0.005512
49.3219856,-0.0051251
-12.9116618,45.1927532
-12.8504721,45.0992334
-12.847607,45.1008792
-12.8336419,45.1325913
-12.7897553,45.1125618
-12.7898857,45.1337107
-12.7846007,45.2243379
-12.776827,45.2303303
-12.7807968,45.2327774
-12.7769977,45.2302512
-12.7772288,45.2307719
-12.7777559,45.2316771
-12.7888149,45.271967
-12.7819411,45.2774122
-12.7756064,45.2245599
-12.7566481,45.2291779
-12.7566428,45.2294765
-21.2180325,55.3010554
-21.2596381,55.3570531
-21.2630926,55.3622941
-21.2612378,55.3596334
-21.2165748,55.3083189
-21.1714623,55.2881723
-21.1714181,55.2878778
-21.1720469,55.2881193
-21.1679069,55.2877232
-21.1668675,55.2876156
-21.1670676,55.2876371
-21.1677954,55.2865447
-21.0883529,55.255631
-21.0807427,55.2711609
-21.0792961,55.2691618
-21.0482371,55.2217308
-21.0513069,55.2249307
-21.0519146,55.2259836
-21.0388611,55.2194512
-21.0234269,55.2664434
-21.0234482,55.2654232
-20.9858881,55.2964573
-20.9865823,55.297203
-20.9330707,55.2922013
-20.9318752,55.2956682
-20.9329036,55.3346828
-20.9326177,55.3347379
-20.93278,55.3352315
-20.93244,55.3345063
-20.9311547,55.3337231
-20.9306087,55.3331909
-21.3793033,55.6155276
-21.3774145,55.616873
-21.3777715,55.6165694
-21.3400279,55.4617873
-21.2925328,55.4031078
-21.2880779,55.4086536
-21.2867862,55.4083016
-21.2872788,55.408616
-21.2885639,55.4108199
-21.271969,55.437594
-21.2717003,55.4395149
-21.3420788,55.4734576
-21.3418748,55.4735267
-21.3434577,55.4760805
-21.339092,55.472319
-21.3402272,55.4772479
-21.3408417,55.4771245
-21.3373,55.4785478
-21.3256608,55.4726364
-21.3256083,55.4853068
-21.3145164,55.4770517
-21.2850425,55.4704976
-21.2831538,55.4724571
-21.2858151,55.4696863
-21.2825125,55.4745777
-21.2772713,55.5033475
-21.2794151,55.5155309
-21.2789345,55.515117
-21.2817504,55.519048
-21.2816761,55.5187679
-21.2801796,55.5167198
-21.2795673,55.5157454
-21.2769935,55.5219107
-21.2669754,55.3661234
-21.264913,55.4381412
-21.2654428,55.4371597
-21.2478425,55.4709768
-21.2603699,55.5032749
-21.259036,55.5031128
-21.2205355,55.5541698
-21.2191877,55.5520768
-21.1687292,55.4750481
-21.065879,55.5184548
-20.9621107,55.6495537
-20.9621005,55.6492747
-20.9615336,55.6516371
-20.9609529,55.6502467
-20.962871,55.6595838
-21.0382802,55.7173985
-21.0336608,55.7102139
-21.0333532,55.7121557
-20.8893977,55.4228168
-20.8892322,55.4244247
-20.8938071,55.457166
-20.8941087,55.4574774
-20.8957279,55.4575656
-20.8950117,55.4681909
-20.8951678,55.4681931
-20.8854099,55.4510349
-20.8812503,55.4488687
-20.876627,55.4520591
-20.8794803,55.4555698
-20.8819387,55.451200300000004
-20.8811404,55.4502346
-20.885166,55.4584711
-20.8828949,55.4628833
-20.8828706,55.4628158
-20.8762349,55.4491639
-20.8762016,55.4493135
-20.8763714,55.4491924
-20.8745182,55.4471906
-20.8758891,55.449239
-20.8763766,55.4491659
-20.876077,55.4505094
-20.8750545,55.4502592
-20.8734116,55.4520265
-20.921151,55.5286474
-20.9206383,55.5287966
-20.8921073,55.4816446
-20.8911444,55.4807589
-20.8932088,55.4840114
-20.8928545,55.4869519
-20.8927304,55.48614
-20.8959799,55.4903861
-20.9021907,55.5011528
-20.9022215,55.4999434
-20.8976504,55.5481146
-20.8967059,55.5511149
-20.9055385,55.6071605
-20.9068744,55.6081547
-20.9288905,55.6356866
-20.5573413,164.2848996
-20.5561518,164.2878498
-22.3033359,166.4465237
-22.2982663,166.4387078
-22.2936908,166.4466342
-22.2951866,166.4457571
-22.2936679,166.4466706
-22.2916068,166.4392749
-22.2913962,166.4477942
-22.2837875,166.4447229
-22.285318,166.4548547
-22.2724292,166.440794
-22.274562,166.4454208
-22.2746028,166.4448113
-22.2746385,166.4444907
-22.2695422,166.4416942
-22.2717993,166.4400281
-22.2704371,166.442686
-22.2757454,166.4591003
-22.2691093,166.460967
-22.2689597,166.4604446
-22.2683402,166.4621255
-22.2409783,166.4472109
-22.2355656,166.4439263
-22.2360686,166.4475796
-22.2362349,166.4473198
-22.2631962,166.4637258
-22.2469563,166.4635438
-22.2468882,166.4634242
-22.24536,166.4694122
-22.2257827,166.4810827
-22.2213875,166.4750183
-22.2231741,166.4845468
-22.2234806,166.4841991
-22.2313938,166.5254564
-22.2381582,166.5858324
-22.6688618,167.4896353
-21.5658657,165.4958862
-21.5685981,165.4981042
-21.702447,165.8159524
-21.710345,165.8293417
-21.7106857,165.8293345
-21.7091856,165.8268932
-21.0601542,164.8607267
-20.9328379,165.3268725
-22.0129369,166.2234994
-22.1297926,166.3645069
-22.1300578,166.3682545
-22.1299237,166.3686626
-22.1966711,166.4435672
-20.6384819,166.5609821
-20.9057396,167.2538776
-21.5490857,167.8785096
42.7917332,0.5886523
42.7896391,0.591641
42.7885817,0.5921546
42.7913992,0.5906127
42.7895166,0.5917255
42.7892562,0.592324
42.8158662,0.3203758
42.9035251,0.3604675
43.0650927,0.1501284
43.0653771,0.149608
43.0632451,0.1481395
43.0644192,0.1497146
43.0639912,0.1504501
43.0638972,0.1499769
43.1848511,0.2443914
43.1254562,0.3853133
43.1259712,0.3850263
43.125195,0.3843435
43.1254092,0.3831428
43.1264755,0.3850569
43.0854131,0.5688445
43.0844638,0.5707549
43.1084468,0.7222955
43.1083774,0.7239604
43.1082848,0.7233474
43.108821,0.7243705
43.1087132,0.7265541
43.1088234,0.721438
43.1092494,0.7246027
42.9615335,1.0910709
42.9868386,1.1453561
42.9864657,1.1432854
42.9855409,1.1412123
42.9844522,1.1458566
42.9834696,1.1429412
42.9861453,1.1407169
42.983278,1.143507
42.9824367,1.1464734
43.1030274,0.9583771
43.1034352,0.95949
43.1038437,0.9599505
43.1983895,1.0106956
43.2049716,1.0838395
43.211636,1.0842897
43.1256567,1.1746033
43.206814,1.2287869
42.8475538,1.6055605
42.9637205,1.6047896
42.963379,1.6073071
42.96392,1.606305
42.9634557,1.6076513
42.9633036,1.6066825
42.9624331,1.6082322
43.0797994,1.3613943
43.0120734,1.4289016
43.1452938,1.3043081
43.1744933,1.4083375
43.1745297,1.408272
43.046002,1.6293173
43.0458731,1.6290058
43.1047674,1.6196363
43.1003421,1.6239821
43.1041932,1.6246918
43.0948163,1.6261318
43.1158074,1.6104157
43.1159511,1.6113278
43.1147773,1.6096779
43.1163281,1.6109085
43.1162632,1.6096881
43.1185343,1.6142799
42.4337536,1.9420519
42.4594917,2.0391293
42.5046989,2.0435694
42.5773835,2.0713761
42.5780646,2.0722206
42.7211326,1.8382036
42.7224414,1.8359811
42.4041329,2.4803977
42.4039203,2.4789929
42.5474128,2.3889809
42.6161358,2.4222475
42.6184537,2.4231039
42.6177122,2.4231212
42.6174633,2.4235309
42.6173879,2.4226653
42.9324439,1.8461998
42.9322433,1.8471397
42.9317315,1.8464418
42.9319472,1.8486936
42.9321917,1.84886
42.9324769,1.8490346
42.9329959,1.8488713
42.9339032,1.849426
42.9699799,1.8661428
42.8166924,1.9581344
42.9831119,2.0066397
43.0892698,1.873704
43.0882334,1.8750118
43.0881901,1.8750208
43.0872852,1.874656
42.8768292,2.184174
42.8754999,2.1834518
42.8734186,2.1832407
42.8745677,2.1839886
42.8750406,2.1838698
42.8053539,2.2357767
42.9338876,2.2213199
42.9341298,2.2215613
42.9345664,2.2209741
43.0563871,2.2149759
43.056866,2.2144073
43.0535332,2.2172643
43.0536689,2.216563
43.0559537,2.215125
43.0546666,2.2170196
43.0542349,2.2175253
43.0548339,2.2168211
43.202937,2.3115039
43.2007917,2.3135485
43.2079827,2.3094614
43.2080395,2.3092961
43.2097417,2.3396496
43.2109542,2.3415126
43.2135411,2.3521466
43.213507,2.3519708
43.2149209,2.3520847
43.2128746,2.3522413
43.2125823,2.3525674
43.2117058,2.3551004
43.2141411,2.35332
43.2127397,2.3546478
43.2114035,2.353422
43.2092251,2.3686047
43.209143,2.3688856
43.2097952,2.4430778
43.2094438,2.4423669
43.20959,2.442515
42.3835129,2.6151552
42.3855013,2.612018
42.4734417,2.6699595
42.4733035,2.6688556
42.4734238,2.6684311
42.464684,2.8632799
42.4849076,2.744849
42.4851786,2.7448409
42.4862699,2.7493965
42.4867006,2.7502917
42.4855736,2.7475699
42.4857854,2.747423
42.5149466,2.7876373
42.5436261,2.9213923999999998
42.6459736,2.5293093
42.6703451,2.6228058
42.6711726,2.6219487
42.672815,2.6231424
42.6918735,2.6961189
42.773559,2.699516
42.6333844,2.7570335
42.6332501,2.7569837
42.6319801,2.7568458
42.6314163,2.7601284
42.6255864,2.8135532
42.6823393,2.7347803
42.6817078,2.7943361
42.6843539,2.8104173
42.6374227,2.9142825
42.6376768,2.9207251
42.6636563,2.8448046
42.6689575,2.8317784
42.6705106,2.8312131
42.6711074,2.8313181
42.6694862,2.8819656
42.6790851,2.8810152
42.6676919,2.8965925
42.6900696,2.8942316
42.6865085,2.9016682
42.684431,2.9070301
42.6871493,2.9012393
42.6869427,2.9016546
42.6910075,2.8983112
42.6873922,2.9080617
42.6870521,2.9065684
42.6859279,2.9190331
42.6922274,2.919362
42.6805526,2.9343317
42.6810996,2.9334354
42.6815909,2.9333772
42.6902619,2.924183
42.6916031,2.9321892
42.7030575,2.8286992
42.7495882,2.8108623
42.7089311,2.8439087
42.7161422,2.8417841
42.7138104,2.8525689
42.7150796,2.853814
42.6940933,2.8703123
42.6944698,2.8721188
42.6947882,2.87152
42.6948621,2.8722325
42.696496,2.8783313
42.6997102,2.8869485
42.6947522,2.889352
42.6942924,2.8886224
42.6976381,2.8846636
42.6981197,2.8890771
42.6985734,2.8894265
42.6994848,2.8886016
42.6991962,2.8906688
42.6990727,2.8936962
42.6989104,2.8917699
42.6991476,2.8938052
42.69909,2.8908829
42.7003511,2.8893493
42.7012934,2.8942718
42.7009198,2.8915299
42.7014599,2.8903162
42.6965314,2.9031847
42.696145,2.9027885
42.69748,2.9042973
42.702475,2.9037353
42.7142494,2.8889477
42.693975,2.9103456
42.6962257,2.9156752
42.6938397,2.9321152
42.6937739,2.9313409
42.6934492,2.930306
42.6991667,2.9322784
42.7238785,2.8871343
42.7330602,2.8921992
42.7400292,2.8913516
42.7312393,2.9330301
42.7315352,2.9329697
42.7315637,2.9301142
42.7454809,2.9181158
42.7437254,2.9199359
42.7551731,2.8540125
42.7681326,2.8702171
42.7679023,2.8710151
42.7676812,2.8707609
42.7681243,2.8712813
42.7769151,2.9185597
42.4804607,3.131277
42.547145,2.9405334
42.5511276,2.9709038
42.5498208,3.0125839
42.5451837,3.0233393
42.5438949,3.0260856
42.5247766,3.0825994
42.5266487,3.083187
42.5175758,3.1062155
42.5170521,3.1057472
42.5180542,3.1066366
42.5196951,3.1072481
42.5540974,3.0427402
42.4413029,3.1643574
42.6010362,2.9741619
42.6010854,2.9721819
42.6014058,2.9703267
42.6011136,2.9745742
42.6017611,2.9703572
42.6065711,2.9770381
42.6084007,2.997724
42.6182286,3.003633
42.6228649,3.0353755
42.62136,3.035633
42.6287629,3.0327094
42.6282991,3.03213
42.655144,2.9530042
42.6814841,2.9382145
42.7008457,2.9377917
42.7265329,2.9832934
42.7038344,3.0042831
42.6995232,3.0231795
42.7031649,3.0223574
42.7030695,3.0229523
42.6941519,3.033906
42.6945347,3.0338123
42.6945669,3.0333129
42.6941655,3.034515
42.6945776,3.0356648
42.7312959,3.0242892
42.7741609,2.9883624
42.7735682,2.9880271
42.7733891,2.9878957
42.7740782,2.9886065
42.7740211,2.9888103
42.7912339,3.0363573
42.7911414,3.0363627
42.8636159,2.5666179
42.8873568,2.7218414
42.8334778,2.919315
42.9968402,2.8172111
43.0846005,2.7003638
43.2007061,2.7592867
43.2009051,2.7592008
43.2010239,2.7598869
42.8580563,3.0383538
42.9111481,3.0253634
42.9110855,3.0246597
42.911206,3.0251523
42.9063702,3.0370303
43.0304675,2.9750412
43.0284586,2.9783378
43.0194572,3.0456847
43.0227426,3.0426983
43.0223741,3.0447346
43.108004,3.0897134
43.1116151,3.1029451
43.1619909,2.9832859
43.1830778,2.9790498
43.1899939,2.9851254
43.1760273,2.994392
43.1844023,2.9998257
43.1850312,2.994077
43.1831581,3.0048663
43.1828666,3.0053283
43.1833025,3.0078571
43.1834387,3.0044401
43.1824754,3.0062717
43.1846879,3.0015701
43.1822272,3.0069917
43.1823025,3.0067342
43.1792287,3.0035879
43.184589,3.0018097
43.1811731,3.0091294
43.214575,5.5397063
43.2135571,5.5412198
43.2146944,5.5394677
43.2136138,5.54024
43.2137614,5.5401607
43.2136143,5.5401138
43.17405,5.6058423
43.1738108,5.6047066
43.1737991,5.6045216
43.1757699,5.6054506
43.1744021,5.606464
43.1896223,5.6025563
43.1892067,5.603354
43.1878903,5.6047284
43.1916727,5.6172591
43.0927686,5.8407554
43.0926015,5.8406707
43.0937502,5.8378939
43.0951767,5.8332598
43.093907,5.8371443
43.0941695,5.8357174
43.0944207,5.8344732
43.1089676,5.8582653
43.1366843,5.752784
43.136595,5.752597
43.1356672,5.7538632
43.1361803,5.7531313
43.1781793,5.6904197
43.1833568,5.6934432
43.1827278,5.6959726
43.1825546,5.6955356
43.1809407,5.7109441
43.1818152,5.7104203
43.1818817,5.7106384
43.1952753,5.7525997
43.1953754,5.7557501
43.1165669,5.805258
43.1176252,5.8027409
43.1166627,5.8048555
43.116731,5.804746
43.1167506,5.8052979
43.1172119,5.8038384
43.1141689,5.8118453
43.1144379,5.8117261
43.1229456,5.8471221
43.126967,5.8469146
43.1268902,5.8461794
43.1274535,5.8541374
43.138632,5.8474332
43.1388143,5.8476752
43.1271926,5.8598891
43.1273056,5.8607349
43.1967965,5.8020745
43.1972275,5.8017078
43.1974687,5.8023854
43.195767,5.8013199
43.0830577,5.8763017
43.0795137,5.8921743
43.0793371,5.8933211
43.0791835,5.893181
43.0789825,5.8929613
43.080331,5.8937948
43.1009947,5.883352
43.1027999,5.8816982
43.0773648,5.9292094
43.1122818,5.9374723
43.1122427,5.9370029
43.1118926,5.9362341
43.1123207,5.9342777
43.1118859,5.9363791
43.1128006,5.9394307
43.1125048,5.9384934
43.1059971,6.0221037
43.106537,6.022556
43.1070032,6.0184942
43.1063177,6.0233714
43.1063275,6.0232346
43.0939668,6.0748436
43.0934049,6.0737248
43.0944491,6.0737232
43.0942813,6.0742224
43.1230331,5.8778146
43.1284197,5.9057998
43.1371966,5.9068629
43.1376878,5.9071402
43.1283794,5.9165015
43.1278509,5.9172632
43.1286036,5.9149914
43.1288424,5.9146427
43.1477147,5.90245
43.1252674,5.9301393
43.1256137,5.9295664
43.1247111,5.9309204
43.1258469,5.9283943
43.1249074,5.9318444
43.1249672,5.9329362
43.1242969,5.9320551
43.1251767,5.9317559
43.1196783,5.9340816
43.1244466,5.9355614
43.1246349,5.9331993
43.1175227,5.9469245
43.1200678,5.9424455
43.1199284,5.9393415
43.1209426,5.9409978
43.1225402,5.9455283
43.1304929,5.9264799
43.1308124,5.9285311
43.1311154,5.9265317
43.1262036,5.9285253000000004
43.1268654,5.941081
43.127041,5.941542
43.1161992,5.9612475
43.1161694,5.9601408
43.1260081,5.9588602
43.1529803,5.94036
43.1243296,6.0094809
43.1240328,6.0092673
43.1389402,6.018187
43.1476285,6.0700565
43.2047323,6.0285016
43.1948787,6.0428158
43.1096622,6.1243687
43.1094012,6.1243698
43.1097107,6.1251834
43.1102616,6.1257487
43.1094625,6.1249596
43.1109354,6.1242535
43.1100443,6.1242214
43.119142,6.1284198
43.1183261,6.1283816
43.1185319,6.128805
43.1182789,6.128796
43.1195826,6.1275018
43.1203365,6.1290909
43.1199777,6.1286853
43.1196129,6.1286572
43.1196912,6.1280657
43.1198609,6.1295295
43.1386792,6.2365203
43.1412136,6.3266003
43.1373607,6.3633898
43.1374944,6.3638724
43.1387776,6.3694391
43.1735369,6.5289496
43.1723557,6.5314031
43.1722482,6.5310226
43.1734326,6.5321739
43.2078832,6.5683712
41.3882941,9.1664954
41.8887561,8.8033324
41.9127084,8.7232603
41.9180817,8.7352004
41.9190433,8.7379849
41.9186018,8.7374806
41.9185755,8.7380871
41.9265019,8.7348229
41.9248875,8.7378399
41.9202373,8.7369143
41.9318778,8.7398915
41.9360718,8.7362987
41.9336229,8.7436626
41.9347682,8.7449082
41.9345697,8.7506195
41.9433158,8.7527838
41.9523153,8.7792265
41.9553793,8.796918
41.6210986,8.9726696
41.6752777,8.8994071
41.6754488,8.9008399
42.1161321,8.6936014
42.3062526,9.1506865
42.3024365,9.1583183
42.3021783,9.1570803
42.3020128,9.1571919
42.3078133,9.1503712
41.592196,9.2783339
41.5969497,9.2755598
41.5981616,9.274897
41.5986534,9.2741294
41.5972486,9.2766001
41.5988001,9.2751399
41.5988513,9.274787
41.5958235,9.2749144
41.5988683,9.2753513
41.9183635,9.3894842
42.017053,9.4063278
42.0235338,9.4106274
42.330981800000004,9.4905916
42.3745208,9.5297314
42.3743106,9.5300425
42.3726248,9.5290469
42.5651722,8.7555809
42.5673671,8.7578342
42.4590391,9.2081793
42.487832,9.1181416
42.6152439,8.9074433
42.6332858,8.9383711
42.633892,8.9377402
42.6317691,8.9384897
42.6329038,8.9383861
42.6334891,8.9379278
42.4443265,9.507768
42.5515193,9.4424612
42.5498219,9.4424284
42.5499405,9.4451587
42.5655927,9.4404101
42.6807349,9.3026349
42.680558,9.3026701
42.6835864,9.3056658
42.7841272,9.3449536
42.6241694,9.437328
42.654629,9.4405893
42.6785529,9.4428737
42.6789867,9.4429046
42.6802793,9.4438943
42.6962549,9.4477312
42.6970938,9.4489898
42.6996227,9.4496326
42.7037132,9.4416271
42.7012426,9.4495253
42.7005773,9.4493158
42.7007492,9.44959
42.7024417,9.4501976
42.6991349,9.4507823
42.7015465,9.4508894
42.7011577,9.4505028
43.2370633,0.0519786
43.2205469,0.0647242
43.2211548,0.0594809
43.2210885,0.0602698
43.219695,0.0596461
43.229163,0.0562645
43.230444,0.075905
43.2321404,0.0754712
43.232869,0.0733944
43.2324438,0.0738478
43.2310926,0.0750268
43.2338191,0.07408
43.2335948,0.073005
43.2322863,0.0728231
43.2317302,0.0736767
43.2306709,0.0818193
43.231789,0.0822162
43.2319738,0.0788347
43.2310413,0.0847221
43.2340683,0.0920304
43.2334936,0.0921684
43.2326403,0.0926878
43.233657,0.0937981
43.2333228,0.0920996
43.2445441,0.0734067
43.2459854,0.073039
43.3865508,0.0545927
43.3862146,0.0552821
43.3859408,0.055388
43.3849456,0.0552709
43.3880735,0.1500599
43.3878577,0.1512267
43.4020116,0.2006562
43.3209538,0.3713844
43.320257,0.3706947
43.4685241,0.0348903
43.5235705,0.1608955
43.5236037,0.1610205
43.6053047,0.045708
43.4293204,0.3058719
43.5156265,0.4043028
43.2947351,0.5060612
43.697847,0.0840149
43.7584439,0.3023788
43.7571701,0.3030923
43.7578896,0.3031554
43.7583075,0.3032977
43.7584098,0.301594
43.8592556,0.099999
43.8606078,0.1009299
43.9503943,0.200172
43.8817392,0.3821982
44.0548211,0.2614552
44.0565397,0.257781
43.9539471,0.3639284
43.9575454,0.3657353
43.9575154,0.3734276
43.9574764,0.3731776
43.9576482,0.3724252
43.9574961,0.3715077
43.957361,0.3717918
43.9577283,0.373787
43.956643,0.3760706
43.638159,0.5840783
43.6501226,0.5788479
43.64768,0.5848627
43.646409,0.58433
43.6479761,0.5931994
43.6485001,0.5931291
43.6483918,0.593079
43.6489168,0.5906961
43.6486143,0.591382
43.6483453,0.5925449
43.6484205,0.5927628
43.6632451,0.602117
43.8060801,0.4271675
43.9352475,0.6180817
43.9351193,0.6185241
43.9341791,0.6237651
43.8491472,0.6637326
43.8491183,0.6628829
43.8495038,0.6627974
43.8488385,0.662757
43.8487989,0.6635947
43.8488152,0.6625917
43.8921878,0.7701096
43.9980108,0.7567145
43.217871100000004,0.8805346
43.2818122,1.0665988
43.2580164,1.1953684
43.2951355,1.2254978
43.2954743,1.2261448
43.295586900000004,1.2261106
43.2946816,1.2264357
43.4118111,1.1172201
43.4124348,1.1203444
43.412465,1.1186404
43.4755581,0.9096701
43.4902474,0.9291438
43.4932178,0.9313141
43.6277599,0.8767288
43.6268016,0.8751718
43.5142092,1.1764565
43.5145444,1.1771547
43.5129973,1.1751405
43.5286312,1.2092699
43.6138297,1.0822889
43.6123263,1.0820528
43.6129956,1.0826031
43.6132397,1.0821378
43.6114831,1.0815378
43.6156794,1.0815968
43.5353068,1.2293916
43.5335363,1.2262107
43.5343574,1.228441
43.5998289,1.2334684
43.5992606,1.2346625
43.5997395,1.2345297
43.2829007,1.346499
43.3285919,1.3223559
43.4258583,1.3579082
43.3128884,1.5316626
43.2352646,1.5750224
43.2502871,1.6762304
43.3504577,1.4740622
43.3501952,1.4723623
43.3509296,1.4710378
43.3512855,1.4775934
43.3585754,1.6237807
43.4593822,1.3256699
43.4599059,1.3250658
43.4593393,1.3257359
43.458789,1.3263467
43.4631242,1.3255467
43.4604922,1.3243117
43.4608903,1.3254696
43.4607472,1.325822
43.4665982,1.3279006
43.4627388,1.325204
43.4729746,1.3308133
43.498739,1.3110455
43.4987888,1.31096
43.5161289,1.3252126
43.5167096,1.3256283
43.5230945,1.3423411
43.5257136,1.3433929
43.5261837,1.3407273
43.4526457,1.4003052
43.4526081,1.4010047
43.479635,1.3871453
43.4638923,1.3957944
43.433391,1.4322874
43.4341037,1.4436601
43.4810126,1.3861101
43.5018585,1.3912477
43.5047471,1.411224
43.5129453,1.3703906
43.5227266,1.4077014
43.523605,1.4070142
43.5220763,1.4078242
43.5219674,1.4077009
43.5776042,1.2732182
43.5762849,1.2728117
43.5650047,1.2951564
43.5646512,1.2942871
43.5661474,1.2964432
43.5656475,1.2979567
43.5694907,1.3083367
43.5374017,1.3432638
43.5374254,1.3427164
43.5372054,1.3443257
43.5374336,1.3445508
43.537473,1.3446096
43.5368711,1.3437998
43.5367258,1.3441489
43.5377927,1.3451751
43.5749347,1.3208265
43.5836509,1.3456356
43.5843464,1.3470085
43.5844194,1.3471411
43.5845317,1.3444972
43.6027974,1.2623734
43.6081635,1.2857285
43.6107711,1.3087422
43.6171464,1.2804455
43.617575,1.2806131
43.6111523,1.3098111
43.6120325,1.3090218
43.6136462,1.3073642
43.610539,1.3300127
43.6099996,1.3350016
43.6098179,1.3349307
43.6103573,1.3352072
43.5849333,1.3482508
43.584829,1.3452461
43.5850039,1.3456068
43.5865924,1.3483946
43.5882553,1.3568743
43.607963,1.3393678
43.6106343,1.3398202
43.6083048,1.3389477
43.6079925,1.3385651
43.6083028,1.3387742
43.6085775,1.3391526
43.600302,1.3534884
43.6111366,1.3334248
43.6126203,1.3388785
43.5584647,1.3656519
43.5573249,1.3812008
43.5572803,1.3802059
43.5337494,1.4029393
43.5813576,1.3875453
43.5816111,1.3891968
43.5819576,1.3885303
43.5669239,1.3927856
43.5659339,1.3998211
43.5798678,1.4237663
43.5816189,1.425196
43.5834761,1.4268248
43.5838454,1.4271013
43.5674887,1.4576176
43.5763151,1.4512554
43.5770515,1.4509657
43.577529,1.4503561
43.5766723,1.4507179
43.5844845,1.4476639
43.581233,1.4489031
43.5811293,1.4489283
43.5815204,1.4492581
43.5899201,1.3775793
43.590078,1.3772982
43.6096723,1.3941945
43.6067071,1.3997024
43.6067996,1.3995158
43.6009927,1.4111274
43.6027502,1.40919
43.629705,1.3749126
43.6193881,1.3971815
43.6287666,1.3943732
43.6250737,1.3987376
43.6343669,1.3973236
43.6347396,1.3967657
43.6343513,1.3975167
43.6336991,1.3968515
43.6340504,1.3969447
43.5855808,1.4283586
43.5955396,1.4190547
43.5955262,1.4188741
43.5953805,1.4165312
43.596077,1.4230442
43.5963621,1.4235719
43.5966107,1.4249643
43.5972727,1.4309275
43.5973277,1.4299061
43.5974313,1.430729
43.5974354,1.4294409
43.5986052,1.4345555
43.5981003,1.4303917
43.5982133,1.4313112
43.6096461,1.4347335
43.6096485,1.4332368
43.6105947,1.4363545
43.5855601,1.4472628
43.5859601,1.4470838
43.5850637,1.447785
43.5970407,1.4466229
43.5913018,1.4535856
43.5874144,1.4610327
43.5879788,1.4613103
43.5871739,1.4621606
43.5849851,1.4675915
43.5959256,1.4628942
43.6004278,1.4471558
43.6004735,1.4436934
43.6038057,1.4436573
43.6001251,1.4430681
43.5982847,1.4457453
43.6002376,1.4453405
43.6006963,1.4482848
43.6032913,1.4479183
43.6004342,1.4466002
43.6008415,1.4451639
43.6038968,1.4502142
43.6003999,1.4514684
43.6004679,1.4511304
43.5999118,1.4487429
43.6001842,1.4524604
43.5994302,1.4544466
43.5992681,1.4547547
43.6010423,1.4515699
43.6014795,1.4515559
43.6029829,1.4518154
43.6008203,1.4516023
43.6053491,1.4476116
43.608868,1.4457615
43.6080584,1.4465765
43.6095695,1.4471169
43.6053655,1.4477211
43.6052405,1.4455518
43.6055482,1.4455521
43.6064021,1.4483284
43.607367000000004,1.4472989
43.6069683,1.4455041
43.60854,1.4469992
43.606311,1.4484279
43.6044114,1.4496809
43.6069114,1.4497738
43.6068193,1.4495368
43.6014635,1.4589971
43.6009727,1.4614034
43.6004934,1.4642009
43.6006856,1.4629258
43.6007508,1.4637248
43.6007658,1.4670193
43.6007474,1.4660348
43.6109998,1.4349916
43.6111156,1.4380386
43.6111338,1.4362388
43.6109482,1.4375507
43.6110225,1.4377764
43.6224728,1.4350079
43.6235753,1.4346435
43.6204139,1.4356654
43.6214988,1.4354871
43.620602,1.4355649
43.6265545,1.433606
43.6269155,1.4344459
43.6332249,1.4355692
43.6109596,1.4428908
43.6162342,1.4530886
43.6138833,1.4611681
43.6200289,1.4574311
43.6215517,1.4578226
43.6183373,1.4555518
43.6182738,1.4558599
43.6193085,1.4566637
43.6175895,1.4655074
43.6346555,1.4634729
43.634587,1.4634337
43.634508,1.4633648
43.6348235,1.4635286
43.6360571,1.4637545
43.636324,1.4644231
43.635506,1.4647488
43.5167899,1.4982518
43.5162438,1.4986199
43.5158579,1.4988482
43.5153582,1.4991174
43.5154164,1.4993616
43.5177085,1.4974586
43.5188639,1.4971659
43.5201767,1.4958931
43.5298061,1.5358224
43.5309085,1.5346888
43.5309824,1.5342787
43.454873,1.6150175
43.5482833,1.471332
43.5466233,1.47366
43.5518598,1.4697175
43.5516946,1.4695032
43.5471778,1.4769932
43.5529271,1.469014
43.5536844,1.4683646
43.5453941,1.5038456
43.5486043,1.5056297
43.5793211,1.4837348
43.5795177,1.483175
43.5547191,1.5321582
43.5535181,1.5327945
43.5493636,1.5368118
43.5499468,1.5352534
43.5505591,1.534802
43.5520614,1.5343008
43.6006025,1.4680212
43.600686,1.4704586
43.6057178,1.4816904
43.6087989,1.4938964
43.6090079,1.4934925
43.608567,1.4933101
43.6105752,1.4981366
43.6106414,1.4976765
43.6097756,1.4970135
43.6098858,1.4956486
43.6099812,1.4982586
43.6229378,1.4724911
43.6224864,1.4720874
43.5856302,1.5257676
43.5855683,1.5264269
43.5855985,1.5261618
43.5857924,1.5295558
43.5850962,1.5277063
43.561235,1.6553754
43.7218088,0.9769939
43.6668307,1.1948376
43.8828598,0.9866355
43.8533761,1.2331283
43.851807,1.2335467
44.0391353,1.1069924
44.0393761,1.1074999
44.0397252,1.1075557
44.0402338,1.1082651
44.0396975,1.1087943
43.6606139,1.3069211
43.6499945,1.3346493
43.6530934,1.3296339
43.6526332,1.3297308
43.6525733,1.3276069
43.6532768,1.3291352
43.6819757,1.3182186
43.6838088,1.3232273
43.7215761,1.2975498
43.6476369,1.369229
43.641335,1.3793278
43.6558851,1.3715441
43.6559015,1.3718121
43.6701376,1.3684293
43.6623257,1.4308952
43.639941,1.4518945
43.6657297,1.4299377
43.6656252,1.429987
43.6642479,1.4304213
43.7269135,1.4124321
43.725137,1.411068
43.6912574,1.4269433
43.693127,1.4284346
43.6927392,1.429647
43.6928671,1.4292017
43.692615,1.4291052
43.7034821,1.4668035
43.7676611,1.297337
43.7723667,1.2939135
43.7722596,1.2940218000000001
43.772313,1.2928099
43.771984,1.2930988
43.7801295,1.3606712
43.8270714,1.2972068
43.8276974,1.2954765
43.7460287,1.3662931
43.6553025,1.4785372
43.656174300000004,1.4797674
43.655941,1.4781628
43.655394,1.47882
43.6559155,1.4795185
43.6559525,1.4775056
43.6550583,1.476347
43.6569687,1.4794636
43.6632672,1.4981965
43.6651629,1.5057441
43.6649613,1.505728
43.6647445,1.5046596
43.6652121,1.5058299
43.6563785,1.6608158
43.6579404,1.662449
43.7222989,1.5855645
43.7179532,1.5906466
43.718405,1.590648
43.772524,1.6766022
43.8005607,1.593728
43.9061264,1.4540865
43.9672844,1.3394252
44.0023802,1.3554143
44.0107532,1.288799
44.0168364,1.3439686
44.0167815,1.3443033
44.0158657,1.3559269
44.016625,1.3563856
44.0167638,1.3564308
44.0166062,1.3536868
44.0166718,1.3568637
44.0171728,1.3584522
44.0235341,1.3421159
44.0173503,1.3530223
44.0222284,1.35572
44.0097929,1.3757581
44.0065606,1.3769069
44.0329501,1.3751262
44.0340572,1.3749187
44.0341555,1.3749268
44.0314532,1.3723234
44.0359684,1.3778781
44.0494976,1.4633666
43.864394,1.5043346
43.8633867,1.5059379
44.1344727,0.3376937
44.1351501,0.3366101
44.1346651,0.3374799
44.1347511,0.3393512
44.1355445,0.3383928
44.1353536,0.3385493
44.1353746,0.3389153
44.1353876,0.3396562
44.179391,0.2987642
44.1782741,0.2966577
44.1788849,0.2965718
44.3848954,0.103884
44.3905159,0.3093082
44.3907596,0.3089383
44.3890205,0.3084186
44.3908335,0.308813
44.1795748,0.6278812
44.1802377,0.6271118
44.1856077,0.6205786
44.1815093,0.6229809
44.1932754,0.6043321
44.1924524,0.6050052
44.1934132,0.6047157
44.1946603,0.6036874
44.194827,0.6070629
44.1946413,0.6047102
44.2005318,0.6180546
44.2045088,0.6140429
44.2034674,0.6113617
44.2051707,0.6192707
44.2046969,0.6182371
44.2042703,0.6182869
44.2064639,0.6209214
44.2051967,0.6194443
44.2049212,0.6187128
44.2051888,0.6208999
44.2047719,0.6177272
44.2067464,0.6209628
44.20389,0.6174665
44.2053625,0.6254706
44.2045738,0.6254443
44.2074426,0.6206785
44.2192724,0.5504012
44.1845401,0.6654736
44.2329113,0.639975
44.4469581,0.5262875
44.2826854,0.765725
44.4039177,0.704006
44.4039742,0.699347
44.404461,0.6997547
44.4085913,0.7073265
44.4089112,0.7065521
44.408122,0.7080064
44.4075384,0.7087816
44.4074784,0.70874
44.397197,0.8050858
44.3963763,0.8058266
44.5192852,0.0316749
44.5301762,0.0949242
44.4993521,0.16175899999999999
44.5005406,0.1686541
44.5007269,0.1685283
44.4997694,0.1662562
44.4997866,0.1658727
44.499436,0.1655695
44.4996421,0.1688466
44.6504599,0.080839
44.6500469,0.0810297
44.6501646,0.0815984
44.6000497,0.3599606
44.6020714,0.3612205
44.6667061,0.3987729
44.6692991,0.3994629
44.6668578,0.3956942
44.8411704,0.2136247
44.8417824,0.2168145
44.6368951,0.7428173
44.6368237,0.7421767
44.6368035,0.7417112
44.6372166,0.741815
44.8434196,0.4790205
44.843259,0.481924
44.8433834,0.4787378
44.8503289,0.4842648
44.8523065,0.4831155
44.8532183,0.4847654
44.853118,0.4835635
44.8539688,0.4840627
44.8474455,0.4929264
44.8530076,0.486173
44.8522608,0.4855643
44.8524919,0.4858862
44.8549794,0.5929612
44.7656579,0.7668057
44.836228,0.7384917
44.8364107,0.7377272
44.8362999,0.7384899
44.1083218,0.8910419
44.108616,0.8900028
44.106873,0.8904589
44.108086900000004,0.8912912
44.1098307,0.8917218
44.0646269,1.0222629
44.1023995,1.0859507
44.1031351,1.0856292
44.1035007,1.0850052
44.1041536,1.0847115
44.1041575,1.0853861
44.1033131,1.0861558
44.1035738,1.0874029
44.2549945,1.1384417
44.227182,1.2036217
44.2777225,0.8812035
44.4020096,0.9987817
44.3384742,1.2108503
44.0904813,1.4475262
44.0751404,1.5221147
44.0742522,1.5228186
44.1610059,1.539473
44.1614268,1.5360898
44.16119,1.5359099
44.1622581,1.537057
44.1627165,1.5369151
44.1629607,1.5366678
44.1617045,1.5381048
44.1624446,1.5381687
44.2375397,1.4756882
44.2670598,1.3537408
44.2681296,1.3531605
44.4467647,1.4405112
44.4459585,1.4414983
44.4455403,1.4416961
44.4473773,1.4400916
44.4442852,1.4419369
44.4456139,1.4421134
44.4466246,1.4423891
44.4504872,1.4395202
44.4553073,1.4382177
44.4608338,1.4547803
44.3375832,1.5480799
44.4973489,0.9679049
44.6825938,0.8940549
44.5043112,1.136914
44.5028482,1.1878163
44.6299257,1.0776255
44.7763547,1.0077078
44.8434679,0.9077119
44.8227507,0.9878965
44.8690813,1.0413323
44.8691417,1.0427678
44.8694695,1.0475707
44.740899400000004,1.1950013
44.8002347,1.2038023
44.8787283,1.2168382
44.882028,1.2172966
44.8747884,1.2294983
44.8747583,1.2274355
44.8886179,1.2164462
44.8870535,1.2161256
44.8887707,1.216166
44.8886252,1.2162246
44.89101,1.2155557
44.8909319,1.2152955
44.8895193,1.2159448
44.8899768,1.2158003
44.4779557,1.2863728
44.4780015,1.2866602
44.4960722,1.3860238
44.6816131,1.2644102
44.6816053,1.2643129
44.64654,1.4384671
44.6476709,1.5677202
44.7360965,1.3825333
44.7367887,1.384603
44.7362319,1.3833205
44.7361718,1.3837885
44.7374215,1.3841805
44.8952494,1.4788877
44.8940379,1.4793792
44.8950418,1.4792927
44.8948049,1.4793918
43.2519468,1.6777492
43.2518232,1.6781886
43.3991585,1.7167326
43.3997053,1.7160675
43.4000837,1.7152827
43.3988981,1.7168212
43.3987281,1.7171693
43.3988142,1.7170874
43.3976817,1.7180634
43.3181864,1.9522894
43.3177912,1.9528
43.3175872,1.9525886
43.317675,1.9526852
43.3172336,1.9522184
43.3172787,1.9550212
43.3178436,1.954989
43.3179078,1.9534771
43.531766,1.7555844
43.5301779,1.7585322
43.4583658,2.0037311
43.459787,2.0030933
43.4598802,2.0032815
43.4603177,2.0034692
43.4532506,2.0661879
43.5713881,2.0136799
43.5720053,2.0120091
43.2432426,2.1147875
43.2428249,2.1140394
43.2239447,2.3353497
43.2362063,2.3698098
43.2358936,2.3674293
43.2360101,2.3674454
43.4848107,2.138445
43.55487,2.1160939
43.5540072,2.1153859
43.5387127,2.2635065
43.5387748,2.2636354
43.5390122,2.2623611
43.5936321,2.2180936
43.5938729,2.219651
43.6031319,2.2385408
43.6052655,2.2412689
43.6054455,2.2408701
43.6088195,2.2396616
43.6089501,2.2393148
43.6087967,2.2397866
43.609324,2.2385883
43.6056336,2.2421511
43.6052378,2.2419184
43.605226,2.242196
43.6066433,2.2450529
43.6026088,2.2598615
43.6161943,2.2686063
43.4781221,2.4868718
43.6986409,1.8159527
43.7001545,1.8195408
43.773784,1.6856082
43.7732746,1.6853834
43.7731589,1.6852866
43.7737098,1.6855864
43.7731269,1.6876298
43.7734575,1.6858492
43.7732442,1.6863908
43.7741863,1.6858381
43.8228522,1.7235105
43.8210663,1.7242558
43.8225183,1.724928
43.7613631,1.9886278
43.9055547,1.687839
43.8528125,1.8108797
43.852578,1.8107127
43.8920823,1.8815575
43.8995928,1.8989374
43.8997994,1.8972226
43.8994555,1.898932
43.8997996,1.8970491
43.9000851,1.8985274
43.90046,1.8975833
43.899714,1.899198
43.8996523,1.897973
43.9184199,2.029159
43.6639908,2.2909147
43.7201955,2.3263437
43.8920056,2.1648859
43.9171007,2.144351
43.9203164,2.1397533
43.9203372,2.1394371
43.924993,2.1488835
43.9250721,2.1493348
43.9249258,2.1469519
43.9263712,2.1308582
43.9260168,2.1305041
43.9269941,2.1483937
43.9269628,2.1475741
43.9264938,2.148526
43.9261254,2.1449655
43.9280819,2.1440812
43.9261173,2.1486163
43.928717,2.1474661
43.9345415,2.1460869
43.9359381,2.1462957
43.9335331,2.146306
43.934843,2.1460331
43.9354332,2.1458755
43.9224221,2.1630777
43.9263642,2.1504766
43.9277411,2.1504338
43.9348638,2.1707037
43.9484805,2.2093327
44.0475922,2.1594784
43.8875241,2.4626299
43.2820726,2.5865373
43.2822691,2.5870365
43.2852269,2.5722373
43.2502682,2.657385
43.2829406,2.731453
43.2844982,2.7318372
43.2840431,2.7315146
43.2660982,2.8726562
43.2475672,2.9189413
43.3115717,2.9101242
43.6008178,2.7037294
43.4895376,2.757612
43.488346,2.7609343
43.2292258,3.0521165
43.2302801,3.0520931
43.2348762,3.0581346
43.2893951,3.1266227
43.2892364,3.1265865
43.2890498,3.1282454
43.4210817,2.9470856
43.4215628,2.9466708
43.3279248,3.0445757
43.3291953,3.043848
43.3913104,3.1035019
43.3929764,3.101807
43.3930043,3.1016102
43.2733533,3.1721443
43.3093888,3.1677606
43.3099863,3.1691306
43.2478938,3.2923201
43.2690861,3.2820797
43.2683655,3.2818691
43.2822634,3.2808364
43.2816513,3.2800476
43.2811333,3.2800795
43.341073,3.215237
43.3420049,3.2177849
43.3419679,3.2164282
43.3418132,3.2178989
43.343532,3.2167754
43.3425331,3.2165943
43.3465761,3.2178751
43.3456058,3.2370196
43.344774,3.2413201
43.3477962,3.2477457
43.3548216,3.2288168
43.3516067,3.231153
43.3418383,3.2618496
43.3394715,3.2698601
43.4208435,3.3125769
43.5943392,3.0821445
43.5940609,3.0823551
43.5930801,3.0823489
43.4403629,3.1459043
43.4679647,3.2074167
43.4709235,3.2222742
43.5650167,3.1908932
43.6157409,3.1589292
43.7069309,2.69377
43.6849194,2.8547998
44.0317839,2.5352165
44.032957,2.5360462
43.9576617,2.8883499
43.9582808,2.8837221
43.9578916,2.8879107
43.9571464,2.8894459
43.9582864,2.8852684
43.958738,2.8860997
43.9587016,2.8859468
43.9586764,2.8871198
43.7321932,3.3204163
43.7324289,3.3198639
43.7326255,3.3183167
44.0079943,3.1547914
44.0223249,3.3012616
44.1529065,1.7561142
44.2364949,1.7727657000000001
44.0627082,1.958414
44.2304292,2.0417886
44.3970298,1.7699834
44.3604602,2.0102419
44.3486104,2.0374526
44.350321,2.0354115
44.3497632,2.0365093
44.3498482,2.0364343
44.3508172,2.0373329
44.3523927,2.0370625
44.3618358,2.0348456
44.3626949,2.0425996
44.2193012,2.2057097
44.1958618,2.3431257
44.1974142,2.3418482
44.3088882,2.2409814
44.409549,2.2884859
44.4102496,2.2903676
44.2770501,2.4320412
44.277027,2.434105
44.4737509,2.4624602
44.474282,2.4619935
44.4847832,1.8429994
44.4867331,1.8430646
44.576084,2.0798021
44.5765327,2.0784796
44.5766231,2.0782089
44.6084581,2.0306044
44.6085468,2.0307111
44.6087506,2.0297259
44.608763,2.0313103
44.6095113,2.0333513
44.6082139,2.0342753
44.608599,2.0338118
44.6072406,2.0329092
44.6084015,2.0338043
44.6087897,2.0316464
44.6080701,2.0341777
44.7794181,1.7255174
44.7794398,1.7263307
44.7798287,1.7253037
44.72827,1.9257135
44.859887,1.8916905
44.4769306,2.2292913
44.4762577,2.2289294
44.5270194,2.2443649
44.5599537,2.2506671
44.5596808,2.2522796
44.558756,2.2526706
44.554302,2.2584006
44.711152,2.197881
44.8547977,2.2329286
44.8570272,2.3040393
44.7077416,2.5000213
44.1898307,2.6616614
44.1823618,2.7877908
44.2927154,2.5603032
44.2964137,2.5578013
44.2965042,2.5577834
44.2949126,2.558455
44.357819,2.5576229
44.3571362,2.5599698
44.3534054,2.5656589
44.3592329,2.5562008
44.3612284,2.5566464
44.3583345,2.5570463
44.349355,2.5719749
44.3496244,2.5752496
44.3509772,2.5753974
44.3487151,2.5751717
44.3491419,2.5751057
44.3494881,2.5757135
44.3491614,2.5762903
44.3507131,2.5762605
44.3529739,2.5692488
44.3556757,2.5764527
44.3561033,2.5766495
44.3572278,2.5812717
44.3643096,2.5859497
44.3658446,2.5863214
44.3674305,2.5872361
44.370408,2.58946
44.3692173,2.5902564
44.3680016,2.5887203
44.3723111,2.5920467
44.3959469,2.5984168
44.3917635,2.5970317
44.3931354,2.6029446
44.4710969,2.7239616
44.279358,2.7293613
44.2820362,2.7276211
44.3812147,2.8207968
44.1004769,3.079089
44.0984625,3.0799607
44.1011224,3.0772469
44.1010652,3.0774578
44.1020126,3.0770665
44.1008976,3.0795746
44.1003271,3.0787727
44.1003865,3.0780307
44.1007352,3.0831939
44.1168143,3.0696441
44.4315083,3.2153919
44.4653919,3.3447207
44.538479,2.564226
44.5218471,2.7621375
44.5210389,2.7619701
44.5245189,2.7647171
44.5235258,2.7636987
44.5219342,2.762624
44.5221492,2.7624284
44.683238,2.8490697
44.6840415,2.8477024
44.6893347,2.6581063
44.8434611,2.6606937
44.8436936,2.660131
44.8433527,2.6608936
44.6859769,2.8525385
44.8019156,2.7590465
44.6628241,3.0467684
44.5530382,3.2925526
44.5536078,3.2925365
44.551795,3.2933152
44.5516352,3.2928959
44.5527165,3.2913483
44.5525779,3.2917895
44.8558764,3.3321853
45.0096771,0.1635042
45.0094029,0.1633331
45.0094783,0.1623997
45.0085306,0.1658678
45.0090113,0.1659979
45.0363371,0.366495
45.0365537,0.3664786
45.0358859,0.3665737
45.0365393,0.3683636
45.2019471,0.1346199
45.2478703,0.3398133
45.2473029,0.3398567
45.2475643,0.33976460000000003
45.2465562,0.3404666
45.0212796,0.5386107
45.0266836,0.7170287
45.1442284,0.5284708
45.1441149,0.5288448
45.1447841,0.5290942
45.1445618,0.5287514
45.2532238,0.4962073
45.2787048,0.5477791
45.1986634,0.6629157
45.183488,0.7175748
45.1789017,0.7271962
45.1833879,0.7214846
45.2008509,0.6937879
45.1860621,0.7119423
45.1842752,0.7111049
45.1852151,0.7200309
45.184638,0.7186689
45.1849562,0.7190667
45.1853583,0.7201065
45.1855431,0.7195805
45.1859779,0.7184063
45.1807707,0.7470414
45.1834075,0.7637482
45.1888405,0.7535066
45.4821813,0.2798633
45.6072632,0.1008525
45.6064439,0.1005821
45.615714,0.1009613
45.6286419,0.1538995
45.6373275,0.1116317
45.651659,0.12363
45.6336055,0.1538644
45.6329906,0.15428
45.6457027,0.1317163
45.6432718,0.1364891
45.648918,0.1569011
45.6488758,0.1556883
45.6479982,0.1543139
45.6478677,0.1538614
45.6491948,0.1539399
45.6492431,0.1567029
45.6493062,0.1571549
45.6494408,0.1569673
45.6585385,0.143867
45.6599773,0.1437718
45.6600804,0.1431026
45.6628539,0.156
45.6482587,0.1624122
45.6488807,0.158604
45.6470306,0.1731236
45.6487985,0.17348740000000001
45.6489632,0.1734712
45.6486848,0.1752316
45.6422691,0.1898909
45.6407,0.1958214
45.6420478,0.1911311
45.6386008,0.2038373
45.6437073,0.1849213
45.64295,0.18744
45.6595601,0.1661877
45.6679001,0.1617643
45.66315,0.17373
45.6691417,0.1608668
45.6755616,0.1749996
45.6811469,0.1777739
45.6772425,0.2212057
45.6778113,0.2231727
45.4506137,0.4498478
45.4501183,0.4507311
45.6659031,0.4991875
45.667823,0.4993827
45.526975,0.6607429
45.529174,0.6624226
45.5327476,0.6660067
45.5328866,0.6661192
45.5324031,0.6654315
45.6225313,0.6893627
45.7077698,0.7580535
44.9166803,0.926624
44.9182381,0.9266757
44.9187082,0.9268361
44.9158132,0.9242368
45.0474481,0.9782972
45.0640056,1.1636161
45.141445,1.0683727
45.1289858,1.2270402
45.2623192,1.1271823
44.9738755,1.3222244
44.8957684,1.4789313
44.9374199,1.6084313
44.9959426,1.6459342
45.0552354,1.673568
45.0541577,1.6734156
45.1299719,1.301148
45.1296737,1.3021411
45.1294523,1.3024952
45.1298258,1.3032619
45.1934758,1.4500778
45.1473506,1.4871255
45.1487201,1.4923543
45.1529021,1.5052767
45.154423,1.5131465
45.1531765,1.5074087
45.1566038,1.5318483
45.1565836,1.5313726
45.1571759,1.5317358
45.1569961,1.5344779
45.1646947,1.5177014
45.1598785,1.5310222
45.160124,1.5318704
45.1612794,1.5326705
45.163591,1.532192
45.1594003,1.5330653
45.165379,1.5317841
45.1601227,1.5341316
45.1700244,1.5626415
45.1699829,1.5616777
45.4155539,0.9195742
45.4145937,0.9201658
45.4140922,0.9203677
45.4141543,0.9205378
45.4149194,0.9198652
45.3368599,1.0497789
45.3354713,1.0490828
45.3922231,1.1386458
45.4007975,1.2193434
45.5105182,1.2016249
45.5144292,1.2034177
45.5116692,1.2015311
45.6547592,0.9789229
45.6550086,0.9798609
45.6779705,1.1862908
45.3965716,1.3808122
45.3961413,1.3811541
45.327559,1.5481697
45.6161148,1.4327859
45.6133629,1.4892947
45.7119383,1.6023826
45.7830856,0.1241299
45.8753184,0.1774413
45.7410377,0.3855081
45.740874,0.3857403
46.0128093,0.0808402
46.0289473,0.1954697
46.0280309,0.199534
46.0289486,0.201136
46.0295498,0.1996628
46.0295992,0.2001789
46.0297731,0.1996314
46.1338917,0.10724
46.1336609,0.1068426
46.1470986,0.291887
46.1486117,0.2958585
46.1479133,0.2957713
46.1436382,0.4056519
45.8243393,0.4499315
45.7776755,0.5513758
45.8857332,0.5786114
45.8232733,0.8203915
45.8236033,0.8207676
45.8242191,0.820831
45.872516,0.719948
45.8738986,0.719716
45.873745,0.7182068
46.0100707,0.6654478
46.01457,0.6729849
46.0147814,0.6726289
46.0143855,0.6725581
46.0146904,0.6732257
46.1211205,0.6555533
46.2998919,0.1825472
46.4292837,0.1141756
46.435215,0.1213155
46.4269277,0.2622952
46.4319361,0.2638207
46.3747555,0.4050035
46.3730487,0.4046984
46.5306431,0.2622502
46.5708441,0.2719981
46.5506259,0.2984046
46.5541909,0.3059398
46.5553644,0.3074869
46.5554303,0.3075762
46.5581871,0.3107116
46.4795556,0.3690847
46.565888,0.3189641
46.5689157,0.3222521
46.5660526,0.3503914
46.5668057,0.3432796
46.5672621,0.3430331
46.5646951,0.3595226
46.5660012,0.3587399
46.5648431,0.3605274
46.5649312,0.3608777
46.5724573,0.3591281
46.541261,0.4152705
46.5412506,0.4158912
46.5651447,0.3734653
46.5721227,0.3710316
46.2779314,0.5278923
46.2317655,0.6860613
46.482184,0.453859
46.5584896,0.5110869
46.5094576,0.6361007
46.569613,0.6448178
46.5692096,0.6435069
46.5699808,0.6432239
46.5695079,0.6427686
46.5699592,0.6436732
46.5694687,0.6429993
45.7716065,0.9573947
45.8884528,0.9005131
45.8887805,0.9005963
45.8878299,0.8991126
45.887215,0.8980839
45.8874626,0.9002137
45.887504,0.8991825
45.890129,0.8989298
45.8936694,0.9085417
45.9309356,1.0331346
45.7965554,1.1362608
45.7972891,1.1369772
45.7953128,1.1358807
45.7970459,1.137029
45.796214,1.1341326
45.8056587,1.2242495
45.8049953,1.2260365
45.7936916,1.2320786
45.8141308,1.2255982
45.8187506,1.2344128
45.8202652,1.2379696
45.8297268,1.2515773
45.8298333,1.2505527
45.829895,1.2500457
45.8298988,1.2503247
45.8297617,1.2517104
45.8299895,1.2564318
45.82976,1.256264
45.83204,1.2579366
45.8334612,1.2579869
45.8336534,1.2577421
45.841107,1.2306672
45.8413842,1.2329306
45.8408708,1.233175
45.8408344,1.2337316
45.8414076,1.2330081
45.8659793,1.2378431
45.8766366,1.2380071
46.1071513,0.9096485
46.1207176,1.0473758
46.1225316,1.0478762
46.1211871,1.0484234
46.1222,1.0481127
46.1219239,1.0480247
46.0086909,1.1707183
46.1214062,1.0502349
45.7813862,1.3055615
45.8109202,1.2730081
45.8254417,1.2709494
45.813351,1.2806448
45.8253376,1.2715158
45.822174,1.2738079
45.8248575,1.2744184
45.8313028,1.2631645
45.8314557,1.2644517
45.831129,1.2606097
45.828872,1.2589208
45.8299351,1.2605891
45.830485,1.2600676
45.8321442,1.2649894
45.8326587,1.2609393
45.8333846,1.2632708
45.8362331,1.275843
45.8365922,1.3063325
45.8363997,1.3068046
45.8364857,1.3064961
45.8128237,1.3225449
45.8099137,1.3304006
45.8102204,1.3313654
45.8137232,1.3203715
45.8800051,1.292413
45.8803189,1.2922699
45.8620291,1.3227689
45.8642859,1.3237962
45.8946742,1.2817955
45.9013318,1.3154599
45.8985916,1.3112435
45.8379438,1.4938009
45.8373976,1.4920116
45.838052,1.4904925
45.8359347,1.4905795
45.9591776,1.4001541
45.9580029,1.4009821
46.0765572,1.4764388
46.1474214,1.512957
46.1181341,1.6290531
46.2150673,1.0808086
46.2146448,1.0921229
46.2150874,1.1658464
46.4255701,0.8699617
46.5645162,0.86443
46.5517556,1.15772
46.318631,1.3667327
46.2381676,1.4859937
46.2367095,1.4853548
46.1600891,1.6443518
46.4412203,1.3917858
46.4411439,1.5831889
44.953117399999996,1.7034285
44.9531568,1.7026116
44.9259251,1.8449819
44.9793379,1.8370525
44.9786182,1.8355548
44.9787427,1.8376929
45.0934983,1.9387615
45.0932103,1.9389487
45.0933207,1.9359091
45.0937453,1.9380574
45.1243046,1.7238329
45.2072029,1.7709801
45.2596432,1.7550247
45.2593237,1.7565743
45.2599224,1.7565244
45.264215,1.7669442
45.2637421,1.7655213
45.2669642,1.7719552
45.2663519,1.7704012
45.2672565,1.7721851
45.2657054,1.7698346
45.3132398,1.7659492
45.2720749,2.0295623
44.9180095,2.4240644
44.9116563,2.4361611
44.9156473,2.4304702
44.9015226,2.4594985
44.900396,2.4592792
44.9090148,2.4463631
44.9209363,2.4392349
44.9305465,2.4363345
44.9278484,2.4443923
44.9277978,2.4448468
44.927842,2.4452477
44.9277586,2.4453622
44.9285893,2.4442878
44.9293092,2.4433744
44.9290922,2.4436512
44.9282779,2.4446662
44.9304986,2.4454971
44.9306092,2.445416
44.9282214,2.4463193
44.9366596,2.4550961
45.0593763,2.4205283
45.1380478,2.1003995
45.1382971,2.0989464
45.1335744,2.2259625
45.1387425,2.494737
45.2193766,2.3355814
45.219492700000004,2.3357458
45.2182722,2.3363439
45.2188616,2.3347937
45.2191437,2.3352243
45.4319179,1.7030987
45.4023026,2.045482
45.5822648,1.7215528
45.7050445,2.0514549
45.345883,2.4374519
45.4013598,2.4952878
45.4001934,2.4995563
45.4015967,2.4987224
45.4030493,2.5010573
45.5418299,2.3008207
45.5461231,2.31133
45.546217,2.3104663
45.546234,2.309617
45.5462219,2.3092136
45.5463067,2.3085507
45.5462804,2.3082971
45.5465537,2.3081355
45.5539611,2.3150036
44.9775125,2.6237642
44.9207777,2.8403614
45.2832737,2.6587435
45.2821517,2.6588668
45.2823933,2.6591697
45.1067065,2.8616698
45.1108511,2.8704234
45.1109079,2.868613
45.2299862,2.9344375
45.0386223,3.0602104
45.0329183,3.0894322
45.0323884,3.0880345
45.0326695,3.0889218
45.033386,3.0848054
45.0338618,3.090055
45.0341272,3.0902266
45.034165,3.1015587
45.252361,3.197973
45.2530038,3.1978293
45.3959929,2.5621206
45.4363806,2.5340331
45.3415951,2.7583835
45.5107326,2.9314425
45.5594602,2.6225111
45.5332224,2.690735
45.6484341,2.5605116
45.5746621,2.8094058
45.5755637,2.8093511
45.5736492,2.8101577
45.5880948,2.7367092
45.5894419,2.7407496
45.5891454,2.7413618
45.3843367,3.2685791
45.4056647,3.3194609
45.412524,3.3286646
45.4591492,3.2392056
45.573918,2.9415684
45.6695658,3.1087938
45.6695866,3.1076897
45.7306398,3.0638878
45.7340562,3.0984838
45.5440394,3.2464046
45.5433382,3.2465604
45.5429947,3.2470819
45.5425723,3.247516
45.5440095,3.2466926
45.5427833,3.2469248
45.5447725,3.247178
45.5459162,3.2480748
45.5462788,3.2493935
45.5446987,3.2458835
45.5512662,3.2653104
45.6423061,3.2466774
45.6820651,3.1901861
45.7222527,3.1867425
45.7314448,3.1915608
45.7309881,3.1915817
45.7278318,3.1900191
45.7319188,3.1912465
45.7318758,3.1917335
45.7239866,3.339111
45.7241214,3.3395885
45.7237095,3.3402483
45.7235365,3.3388614
45.7238555,3.3397162
45.7235722,3.339839
45.7387968,1.7430201
45.7384441,1.7409771
45.738869,1.7421191
45.9547005,1.756224
45.9526054,1.7571231
45.8834139,2.1725173
45.8014435,2.4676475
45.8625353,2.3691385
45.9560022,2.1673135
45.9553477,2.1675952
45.9571121,2.1710166
45.9579083,2.1725881
45.9583555,2.17245
46.1119603,2.1759386
46.1694744,1.8700414
46.1689879,1.870511
46.169784,1.8700374
46.1691274,1.870227
46.1684106,1.8721866
46.1698092,1.8830814
46.4342719,1.8257124
46.4340691,1.8301222
46.4341464,1.8301482
46.434868,1.8302842
46.4768276,1.6832896
46.5451752,1.7485447
46.4868054,2.06807
46.1916065,2.2391479
46.1919836,2.2386513
46.3483448,2.2153621
46.3477591,2.2151602
46.4325951,2.2545124
46.5607451,2.1952969
46.5621707,2.1960485
46.5477691,2.346887
45.8663839,2.6746955
45.8316603,2.8514332
45.9382517,2.8408262
46.0296477,2.8198433
45.7533324,3.0851629
45.7533571,3.0855325
45.7531536,3.0856067
45.7534578,3.0852699
45.7533005,3.0873549
45.764546,3.0521782
45.7674351,3.0576455
45.7758374,3.0668176
45.7749319,3.0640747
45.774295,3.0624004
45.774869,3.0647999
45.7738009,3.0623798
45.7613104,3.0901864
45.7716188,3.0805568
45.7690226,3.0833628
45.7710081,3.0838737
45.7705752,3.0804308
45.7728128,3.0825164
45.7732756,3.0929153
45.773156,3.0922077
45.769162,3.0908572
45.7757386,3.0682829
45.7765617,3.0681972
45.7759303,3.0672113
45.7761964,3.0678134
45.7758291,3.0689195
45.7742842,3.071501
45.77653,3.0766616
45.7770328,3.0799957
45.776891,3.0782745
45.780667,3.0765884
45.7767505,3.0826391
45.7759262,3.0865825
45.7771553,3.0813387
45.7758064,3.082846
45.7754006,3.081
45.7776672,3.0823971
45.7762583,3.0815774
45.7761042,3.0827569
45.7770845,3.0838384
45.7741834,3.0856009
45.7783723,3.0815075
45.7800672,3.081668
45.7756537,3.0808859
45.7760117,3.0817007
45.7752079,3.0815147
45.7800561,3.0908858
45.7775011,3.0888138
45.7772027,3.0884919
45.7807881,3.0805947
45.786264,3.0814289
45.7864026,3.0807012
45.7808285,3.0917054
45.7802746,3.0909041
45.7814768,3.0901407
45.7493509,3.1092691
45.7496204,3.1098292
45.7496976,3.1112649
45.7492489,3.1100627
45.7601617,3.1355263
45.7631824,3.0988289
45.7651224,3.0970553
45.7733078,3.0947859
45.7723713,3.094125
45.7683643,3.1049865
45.7777906,3.1060002
45.7864348,3.1031617
45.7779836,3.1072728
45.7644164,3.1245035
45.7978601,3.0522326
45.7925912,3.0791041
45.7882338,3.1061435
45.7891519,3.1087083
45.7884024,3.1081519
45.7887281,3.1078954
45.7889667,3.1083465
45.7885478,3.1084575
45.7918372,3.1165866
45.7917215,3.1146925
45.7919826,3.117221
45.7919321,3.1170377
45.80496,3.109194
45.8124126,3.1079879
45.8118471,3.1079777
45.8125946,3.128744
45.8304557,3.1027036
45.8304659,3.102199
45.8299731,3.1003957
45.8347564,3.104279
45.8253578,3.1408494
45.825152,3.1447449
45.8900553,3.0760147
45.8890544,3.0736858
45.8891547,3.0741535
45.8911455,3.1159533
45.9195478,3.0647189
45.9196774,3.0710346
45.8948928,3.1128698
45.8938302,3.1099652
45.894402,3.1098383
45.894997,3.1098923
45.8930786,3.1175309
45.8933416,3.1133247
45.8938783,3.1167442
45.893958,3.1171239
45.8938964,3.1155057
45.7408527,3.1601073
45.7401776,3.1714798
45.7398674,3.1973346
45.7380822,3.195026
45.7398177,3.1958206
45.7396491,3.1973199
45.7702955,3.197063
45.770418,3.1979059
45.7946703,3.1627471
45.7988979,3.2483103
45.7997164,3.24857
45.7991101,3.2440352
45.7989278,3.2484408
45.7976478,3.2474014
45.790263,3.2615812
45.7911715,3.2616051
45.921859,3.3298503
46.1153931,3.0871475
46.0151254,3.354578
46.3608828,2.5348925
46.3620101,2.5347235
46.3254428,2.6091052
46.3398929,2.5843485
46.3532599,2.5895403
46.3409993,2.6014066
46.3422524,2.5973581
46.3382232,2.6036086
46.1652662,2.8321093
46.1669037,2.8316322
46.2892061,2.741989
46.3971091,2.856173
46.3179199,2.9526443000000002
46.3181283,2.9531325
46.2374927,3.1509401
46.3091241,3.2896159
46.3097093,3.288608
46.3074088,3.2894856
46.3089024,3.2900499
46.3083237,3.2909801
46.408958,3.0562167
46.5336738,3.1925062
46.5454882,3.3409389
46.5644242,3.3290512
46.5637793,3.3287106
46.5633947,3.3325857
46.5647872,3.3300843
46.5648105,3.3302829
46.5646788,3.3344144
46.5642582,3.3299023
46.565795,3.332937
46.564413,3.33037
46.5633861,3.3325964
46.5651334,3.3311963000000002
46.5635109,3.3319391
46.5661514,3.354014
43.3119947,3.4159514
43.3113877,3.4174179
43.2997667,3.4721061
43.2990265,3.4774114
43.2992683,3.4773629
43.3000405,3.4777884
43.3044562,3.4847367
43.3059371,3.4817872
43.3052649,3.4819042
43.3150145,3.4718327
43.3144323,3.4722028
43.28553,3.5128149
43.2954182,3.5256402
43.3614625,3.4259762
43.3610348,3.4261637
43.3561334,3.526684
43.383121,3.4659684
43.382894,3.4662383
43.3840436,3.4631697
43.383803,3.4642841
43.4248842,3.6009795000000002
43.4262754,3.603416
43.4247589,3.6015134
43.4272503,3.6050415
43.4260138,3.6074962
43.426861,3.606486
43.3937871,3.6765931
43.3945528,3.6776409
43.3940575,3.6768821
43.3948119,3.6768186
43.3990954,3.6964795
43.4026558,3.6954385
43.4066639,3.6959788
43.4049618,3.6953351
43.4041876,3.6954279
43.4042002,3.6955655
43.4035695,3.6953241
43.4051436,3.695317
43.4032092,3.696796
43.4056748,3.6963068
43.4052115,3.6964092
43.4045283,3.6980121
43.4073578,3.7023513
43.459345,3.4268733
43.4595568,3.426657
43.4598115,3.426412
43.4598327,3.42319
43.4603737,3.4257679
43.4602312,3.425067
43.4605327,3.4249308
43.4613873,3.4237573
43.4618117,3.4243849
43.5072991,3.3673863
43.4800063,3.4816724
43.4802644,3.4824274
43.5397429,3.4581706
43.540352,3.4590154
43.6271474,3.431559
43.6270236,3.4330277
43.6269493,3.4334844
43.6234616,3.4372214
43.6233106,3.4368812
43.6180951,3.4512145
43.6266618,3.4351163
43.62709,3.4346919
43.4278925,3.6059649
43.4281125,3.6064188
43.4423129,3.6796027
43.441544,3.6790691
43.4474187,3.6935546
43.4589214,3.6914886
43.4591961,3.6920589
43.46467,3.6902151
43.4618761,3.6914939
43.4336289,3.7366504
43.445572,3.7574238
43.4480163,3.7551962
43.4478167,3.7549195
43.4477792,3.7547697
43.4478465,3.7556062
43.447506,3.7561496
43.4475681,3.7559756
43.4977264,3.7119827
43.5002052,3.7112921
43.5513266,3.7146588
43.5566351,3.7175211
43.5565498,3.7179927
43.5831604,3.7611993
43.580064900000004,3.767114
43.5289432,3.9298161
43.5277455,3.9282224
43.5279979,3.9326169
43.528546,3.9331791
43.5282228,3.9328084
43.5284385,3.9323536
43.5496525,3.7773388
43.5478233,3.7782147
43.5845583,3.8071242
43.5754942,3.8258326
43.5332347,3.8610065
43.5330139,3.8607867
43.5683152,3.8393166
43.5762906,3.8312721
43.5776548,3.8284368
43.5756242,3.8284985
43.5756922,3.8291154
43.575941,3.8293112
43.5777286,3.8277234
43.5764506,3.8309849
43.5749856,3.8295399
43.5768114,3.8285608
43.5586858,3.8772424
43.5833104,3.860142
43.5815244,3.8633351
43.6102511,3.7841625
43.6140652,3.8006039
43.6124752,3.8067254
43.6136757,3.8104998
43.6134898,3.8105753
43.6135807,3.8105626
43.6135567,3.8113873
43.6147468,3.8260686
43.6209558,3.8172559
43.6311744,3.8207228
43.6018364,3.8522155
43.6005259,3.8505258
43.6104457,3.8492676
43.5903576,3.857422
43.5890258,3.8563459
43.5970222,3.8646241
43.5975787,3.8642295
43.5971681,3.8641433
43.595519,3.8686732
43.5952163,3.8672411
43.6026235,3.871009
43.5999325,3.8667887
43.6000552,3.8674025
43.5992557,3.8758919
43.6086245,3.869136
43.6062927,3.8728696
43.6064137,3.8757303
43.610497,3.8764566
43.6104022,3.8763855
43.6108716,3.8747222
43.6077087,3.8793721
43.6073377,3.8787912
43.6067814,3.8761588
43.6106407,3.8762788
43.607335,3.8783388
43.6071555,3.8745676
43.6070726,3.8785407
43.6142961,3.8289038
43.6226085,3.8448079
43.6189532,3.8459537
43.6251936,3.8377802
43.634052,3.8317175
43.6120244,3.8664084
43.6120998,3.8647484
43.6192691,3.8654953
43.6131946,3.867074
43.6123742,3.8666997
43.6126167,3.8670776
43.6127161,3.8671828
43.6123885,3.8669047
43.6109802,3.87614
43.6223399,3.8683939
43.6288906,3.8614298
43.6260392,3.866352
43.6271167,3.8706296
43.6271461,3.8716217
43.6291828,3.8697663
43.6264068,3.869847
43.6283655,3.8693508
43.6267336,3.8667013
43.6271692,3.8752585
43.626752,3.8737034
43.568731,3.9046843
43.5699911,3.9036839
43.5697732,3.9045716
43.5731893,3.901032
43.5718734,3.9058372
43.5718734,3.9065588
43.5718741,3.9061001
43.5624753,3.9511111
43.5620431,3.951651
43.5622803,3.95126
43.5626845,3.9517897
43.5622762,3.9505635
43.5738709,3.9452139
43.5943794,3.8885353
43.5936227,3.8894898
43.6089364,3.8798259
43.6086738,3.8805308
43.6088829,3.8823127
43.6088324,3.8826352
43.6068564,3.8912203
43.6087494,3.8875197
43.6076406,3.8874388
43.6057074,3.8896632
43.6085734,3.8923733
43.6005824,3.8975958
43.5997979,3.8945815
43.6015537,3.8984664
43.6019993,3.8990938
43.6025529,3.9003257
43.6019368,3.8999264
43.6023933,3.9001708
43.6013048,3.9008424
43.6011414,3.9010538
43.5981849,3.9023824
43.6064721,3.8982182
43.6080262,3.8984269
43.595191,3.920993
43.6208636,3.8973286
43.6298192,3.8854009
43.6283789,3.8987387
43.6276608,3.8978842
43.6329048,3.8960559
43.619374,3.9138403
43.6317259,3.9093539
43.6309991,3.9084689
43.6324279,3.9131366
43.6369221,3.9271624
43.6369061,3.9266331
43.5605421,4.0804381
43.5594517,4.0886181
43.5592656,4.0849212
43.5594444,4.083255
43.5625989,4.0871259
43.6124708,4.0055978
43.6131407,4.007049
43.6158729,4.0074222
43.6171333,4.0106892
43.615847,4.0079282
43.6162428,4.0096686
43.6177588,4.0098608
43.6181002,4.0092661
43.6173091,4.0110278
43.6162646,4.01157
43.557674,4.0900102
43.5582755,4.0897218
43.5578265,4.0914667
43.5364081,4.1359034
43.5357699,4.1371479
43.5348093,4.1381591
43.5334715,4.1385749
43.5349955,4.1379311
43.5339714,4.1373884
43.5381202,4.1396699
43.5431642,4.1313839
43.5400084,4.1348234
43.5589998,4.0898043
43.5671046,4.1897268
43.5689912,4.1935338
43.567893,4.1920616
43.6499814,3.5473734
43.6499614,3.5473758
43.6511609,3.5449676
43.6513234,3.5441849
43.6526414,3.5528233
43.6531062,3.5528486
43.6527488,3.5533086
43.6850846,3.584882
43.7905491,3.7325354
43.9297846,3.7063568
43.9350504,3.7087998
43.9338828,3.7086734
43.9345874,3.7087858
43.9343873,3.708791
43.9317335,3.7093553
43.9326543,3.7104496
43.9909987,3.6048603
43.9919687,3.6084726
43.9920935,3.6068425
43.6757308,3.8167767
43.6376948,3.8451198
43.6380739,3.8456198
43.641962,3.8453071
43.6493341,3.8422464
43.6452195,3.8418738
43.6453857,3.8417335
43.6830516,3.8509235
43.6672071,3.857886
43.6701706,3.8618592
43.693687,3.8067341
43.6948458,3.8073488
43.6948933,3.806996
43.6594034,3.9043994
43.6595009,3.9053117
43.6592817,3.9044033
43.6605454,3.9043076
43.6593926,3.9036265
43.6388465,3.9261502
43.6597291,3.906305
43.6412997,3.9346513
43.6423478,3.939211
43.6455325,3.9380927
43.6575481,3.9683028
43.6510499,3.9774365
43.6755443,3.983503
43.6770392,3.9839992
43.6765953,3.9836071
43.7660303,3.8662439
43.7665295,3.8671634
43.7673267,3.8670566
43.771707,3.868931
43.7699506,3.8679412
43.6569925,4.0079258
43.6581412,4.0084129
43.6581606,4.0085631
43.6633442,4.0318687
43.6762585,4.1148776
43.6760485,4.1323612
43.6742613,4.1322073
43.6744708,4.1322529
43.6758553,4.138151
43.6774813,4.1173683
43.676614,4.1333785
43.6774902,4.1349765
43.677207,4.1340249
43.6785292,4.1329894
43.6806135,4.1452327
43.6823721,4.1494638
43.6842156,4.1528216
43.6657741,4.1729367
43.7802547,4.0802425
43.7807205,4.0796645
43.7814038,4.0815776
43.7844939,4.0898408
43.7847972,4.0904377
43.7823054,4.0896856
43.7864571,4.1931115
43.9622713,3.8560243
43.9657076,3.8566782
44.0447811,3.8543941
43.9101098,4.0020203
44.053881,3.98727
44.0536936,3.985887
44.053428,3.9859393
44.0449884,4.1455095
43.5779973,4.1983261
43.4505531,4.4294941
43.3869389,4.80379
43.406165,4.9841868
43.4054888,4.9845463
43.4062831,4.9825514
43.4063357,4.9860087
43.4062227,4.9809849
43.4062958,4.9823565
43.4365761,4.9444891
43.4359836,4.9445678
43.4376768,4.9441021
43.435668,4.9447364
43.4349224,4.9448755
43.4365471,4.9441695
43.4367369,4.9444258
43.5229403,4.9636098
43.5107388,4.9883574
43.5106078,4.9879139
43.5143627,4.9859912
43.579831,5.0012097
43.5818219,5.0005827
43.5834472,5.0011011
43.5830353,5.0015604
43.582488,5.0014033
43.5833416,5.0004648
43.6857781,4.2072636
43.6890157,4.2748137
43.6928042,4.2013968
43.741489,4.2171523
43.7408035,4.2167396
43.6916171,4.2750165
43.6922097,4.2748191
43.6935688,4.2749315
43.7184727,4.3167421
43.7280862,4.3470547
43.7835558,4.203746
43.8078071,4.2323347
43.8214237,4.2608466
43.7907337,4.3095546
43.8098273,4.3289742
43.8141879,4.3340547
43.814448,4.3371616
43.8130915,4.3491985
43.8173914,4.3428898
43.8166172,4.3494163
43.8145464,4.3501189
43.8141207,4.3505346
43.8406108,4.3178015
43.8259318,4.3340546
43.8376461,4.3455321
43.8342946,4.3506932
43.8361464,4.350076
43.8341077,4.3480293
43.8139516,4.3520737
43.8088575,4.3623464
43.7983184,4.3821702
43.7987468,4.3827229
43.8264248,4.3539441
43.8218416,4.3635269
43.8210469,4.3636277
43.8311831,4.3525573
43.8283293,4.3524729
43.8310576,4.3525162
43.8226614,4.3648837
43.8334555,4.3652938
43.8375716,4.3555016
43.8372685,4.3558164
43.8377074,4.3553906
43.837006,4.3561526
43.8377949,4.355843
43.8373865,4.3562094
43.8366047,4.357201
43.8398606,4.3579796
43.8396557,4.3580511
43.8341662,4.3515998
43.8369676,4.3553102
43.8395816,4.3646519
43.8368645,4.3624952
43.8366604,4.3624403
43.8342258,4.3588673
43.8383217,4.3633814
43.8358144,4.3620074
43.8341923,4.3609599
43.8392149,4.3591978
43.8387739,4.3591254
43.835718,4.3611424
43.8404765,4.3566346
43.8402447,4.3712041
43.8454033,4.3717409
43.8326662,4.3809659
43.831513,4.3828466
43.834091,4.3862445
43.8353523,4.3871074
43.8431981,4.381781
43.8425299,4.3833378
43.84282,4.3832886
43.676996,4.4296016
43.6761234,4.4308854
43.6761694,4.4302814
43.6747227,4.4317558
43.6742914,4.4321928
43.6751518,4.4313092
43.800742,4.4272461
43.8010756,4.4245791
43.8184192,4.4726963
43.8154243,4.6128426
43.8146953,4.6120205
43.9477931,4.2150915
43.9239555,4.2569746
43.8574635,4.4035351
43.86648,4.4436023
43.8605054,4.4449715
43.991396,4.429611
44.0112555,4.4176485
44.0113377,4.4175188
44.0128888,4.4179333
43.6746454,4.6267754
43.6745404,4.6266144
43.6764363,4.6262627
43.6759855,4.6260731
43.674693,4.624101
43.664147,4.6384565
43.6752342,4.6328047
43.675398,4.6269995
43.6761595,4.6270581
43.6750851,4.6344997
43.6802277,4.6201991
43.6822319,4.632342
43.678567,4.6335293
43.7258888,4.7092686
43.7262001,4.7089316
43.6375359,4.8076981
43.637659,4.8072738
43.6382293,4.8097224
43.638122,4.8101373
43.6385623,4.8123231
43.7223024,4.8045713
43.7206255,4.8058127
43.8070932,4.6384967
43.8072375,4.6384945
43.805668,4.6455095
43.8057245,4.6446173
43.8062261,4.6411616
43.8053883,4.6471772
43.8043982,4.6559445
43.8037425,4.6559973
43.8032898,4.6565668
43.8040535,4.6563472
43.8028478,4.6579042
43.8030198,4.6576166
43.6889824,4.8720084
43.6931828,5.0298598
43.7875006,4.8303137
43.7875579,4.8302508
43.7879956,4.8292584
43.7893216,4.8299837
43.841232,4.8405792
43.8384456,4.9400217
43.8350713,4.9452284
43.9364866,4.8100251
43.9364605,4.8104759
43.9427272,4.8022059
43.944171,4.805809
43.9443569,4.8039776
43.9453083,4.8054579
43.948698,4.80842
43.9473728,4.8056336
43.947902,4.806001
43.9483523,4.8092355
43.9488634,4.8082275
43.9451778,4.8052133
43.948145,4.805565
43.9435526,4.8149659
43.940284,4.82012
43.93982,4.820935
43.9499856,4.820115
43.949463,4.8196719
43.961013,4.7528355
43.9581304,4.7598414
43.9581811,4.7653788
43.9589056,4.7680047
43.9587763,4.7678267
43.9581575,4.7747572
43.9577386,4.774651
43.9572316,4.7831404
43.9583312,4.7736414
43.9548237,4.789247
43.9633156,4.7992413
44.0525889,4.7786988
44.052882,4.7800059
43.8830653,4.8527332
43.8845045,4.8552941
43.8832039,4.853276
43.8828907,4.8534813
43.8825507,4.853804
43.8844053,4.8549841
43.8838683,4.8549809
43.8840178,4.8564355
43.921406,4.865744
43.9281374,4.8369591
43.9274763,4.84231
43.9464719,4.8441848
43.9459806,4.8444265
43.9336982,4.8723761
43.9357937,4.8720064
43.9356165,4.8720643
43.9340975,4.8721651
43.9155262,4.8889798
43.9413487,4.9048342
43.9417639,4.9048422
43.9414779,4.9061966
43.8611433,4.947702
43.8601976,4.948563
43.928171,4.9947181
43.9288887,4.9959437
43.9285514,4.9945931
43.9280754,4.9942324
43.952141,4.8583418
43.9616942,4.8601903
43.9615823,4.8601876
43.9626451,4.8595747
43.9629134,4.8599529
43.9614944,4.8587271
43.9620691,4.8595726
43.9756436,4.8705852
43.9528815,4.9025822
43.9794852,4.9045205
43.9803402,4.9057194
43.9800526,4.9071852
43.9792964,4.9038435
44.008442,4.873281
44.008439,4.872355
44.0085635,4.8721139
44.0081011,4.872103
44.0072707,4.8716109
44.0180157,4.8702536
44.0565238,4.8324365
44.0043295,4.9255072
44.0403132,4.8985544
44.0410362,4.8993779
43.9571755,4.9306931
44.032922,4.9963144
44.03417,4.995314
44.0341883,4.9946486
44.0361695,4.9973331
44.0352695,4.9948281
44.0340449,4.9983785
44.0333157,4.9983475
44.0436813,5.0312695
44.1808581,3.7420816
44.3248521,3.5947805
44.3253236,3.5946792
44.3261317,3.5940731
44.326015,3.5941358
44.0818767,4.0779861
44.121821,4.0800425
44.1218098,4.0798099
44.1233807,4.0759551
44.1240367,4.0796281
44.1240186,4.0800257
44.1241277,4.0800684
44.1242244,4.0772555
44.1269617,4.0809887
44.1229389,4.0796329
44.1228969,4.0783268
44.1235258,4.0782155
44.1232422,4.077983
44.1248552,4.0881005
44.1466552,4.0868601
44.1072259,4.0915772
44.1093261,4.0963313
44.1091865,4.0980639
44.1132985,4.1055288
44.1330276,4.1050955
44.1288761,4.1069824
44.1391295,4.0913466
44.2105451,4.0301872
44.3480963,3.9513283
44.4393616,3.9323746
44.338123,4.15199
44.3400399,4.1515976
44.4055304,4.1300951
44.4056159,4.1312947
44.4060774,4.1315495
44.4061503,4.1335075
44.4068921,4.136899
44.5171895,3.4829155
44.515779,3.4981312
44.5160454,3.4980908
44.5163654,3.4974783
44.517012,3.4975093
44.516826,3.5006074
44.5184192,3.5021637
44.7803112,3.3878563
44.7807641,3.3878669
44.7843052,3.6337146
44.7271506,3.8561015
44.7269591,3.8564546
44.8940132,3.8495704
44.8103893,4.1899108
44.2604017,4.1957896
44.3063907,4.3464722
44.4059135,4.3917617
44.4060981,4.3921462
44.4064696,4.394282
44.45448,4.3398634
44.452958,4.3420847
44.4523941,4.3425152
44.4529513,4.3418688
44.4542035,4.3405987
44.4525376,4.342173
44.3084557,4.6128323
44.104993,4.6568162
44.0598001,4.7109647
44.1372831,4.8085676
44.1377971,4.8081921
44.1370074,4.8080156
44.1365466,4.8053639
44.1374548,4.8095961
44.1360379,4.8057556
44.1655175,4.6189172
44.1652885,4.6200506
44.1628773,4.6170744
44.164548,4.6219988
44.1644498,4.622256
44.1643633,4.6220307
44.164011,4.6218511
44.1627008,4.6222896
44.2584475,4.6475305
44.257903,4.647703
44.2547733,4.6470168
44.2573875,4.6475393
44.2567884,4.6479704
44.176522,4.760793
44.176857,4.76255
44.085909,4.88529
44.0885146,4.8872444
44.1208827,4.8392064
44.1238709,4.828849
44.1223712,4.8294201
44.1243688,4.8273187
44.1149939,4.9003564
44.082317,4.9707378
44.0820683,4.9718356
44.1213794,5.0300589
44.189015,4.8431667
44.2444535,4.8850944
44.2443118,4.8854774
44.3047716,4.6878177
44.280937,4.746919
44.2814052,4.7470837
44.2814516,4.7472192
44.2805763,4.751853
44.289781,4.752357
44.289904,4.752617
44.3239699,4.7423722
44.3461102,4.7584312
44.3461363,4.760542
44.3477887,4.7658759
44.3479261,4.7654033
44.3474923,4.7696798
44.3488628,4.7674138
44.3716605,4.6449986
44.371587,4.6444246
44.3719007,4.6447588
44.371204,4.644328
44.3712623,4.6435002
44.3762238,4.6983604
44.3770767,4.696336
44.3755103,4.6974197
44.375229,4.6985139
44.3759137,4.6973871
44.376901,4.6991102
44.3768371,4.6990917
44.3722924,4.701657
44.4431101,4.7111207
44.289036,4.839389
44.280153,4.9214033
44.3867259,4.9908775
44.4424857,4.9803812
44.4424452,4.9805064
44.4803131,4.2418427
44.4798136,4.2419403
44.4823383,4.2654486
44.5391776,4.2916413
44.5426204,4.2926381
44.5984169,4.3833856
44.6195402,4.3903205
44.6194872,4.3906454
44.6195977,4.3905282
44.6172227,4.3888067
44.6196,4.391035
44.6241576,4.3905891
44.6492558,4.3228104
44.6483464,4.3242371
44.6455437,4.3277504
44.657726,4.3663203
44.6619059,4.3663349
44.557835,4.5021651
44.5570015,4.5010352
44.5579573,4.5027239
44.6120341,4.4077693
44.6150276,4.4046043
44.7344979,4.5995412
44.7357453,4.5956888
44.7347643,4.6000072
44.7345902,4.5969862
44.8207441,4.5783313
44.4834979,4.6867631
44.5532298,4.6856985
44.5502922,4.6835885
44.5549443,4.6884495
44.5338088,4.746247
44.5348996,4.7456565
44.5378813,4.7460564
44.5372117,4.7465911
44.5390719,4.7674187
44.5422799,4.7473433
44.542341,4.7460978
44.5426188,4.746387
44.5493282,4.7473414
44.5701543,4.7424312
44.5557327,4.7481527
44.5575002,4.7489829
44.5581879,4.7482606
44.5594198,4.7483307
44.5557028,4.7486226
44.5563673,4.7486392
44.5554484,4.7516564
44.6572221,4.7622857
44.6100427,4.9343273
44.6112885,4.9366162
44.6108198,4.9364392
44.7072501,4.659754
44.7086414,4.6619164
44.751259,4.747937
44.7521119,4.74792
44.8016071,4.7806727
44.8018664,4.7815492
44.7587338,4.8340878
44.7720367,4.8412398
44.7731392,4.844142
44.7729797,4.8439845
44.7730417,4.8446245
44.7286099,5.0202513
44.8377271,4.8927189
44.8745712,4.8769279
44.8757307,4.8775783
44.8747891,4.877294
44.8747539,4.8780021
44.8759626,4.8772471
43.3316245,5.1091688
43.3312368,5.106716
43.4022929,5.05644
43.4023937,5.0568771
43.4023432,5.0566686
43.4028435,5.0535702
43.4022915,5.0577937
43.4022956,5.0576053
43.4075631,5.0536189
43.4078774,5.0538251
43.4215467,5.0573081
43.3285409,5.147598
43.3333931,5.1511004
43.3333139,5.1508535
43.332609,5.1516037
43.3827505,5.1641754
43.3836944,5.1631591
43.3832008,5.1649103
43.4169358,5.216272
43.4170603,5.2162617
43.4182054,5.2174107
43.4175415,5.2261482
43.4167194,5.2267819
43.4200038,5.2349409
43.2438576,5.3711328
43.2439409,5.3712885
43.2438019,5.3710405
43.2423552,5.3869722
43.2478022,5.3750195
43.247696500000004,5.3929454
43.2475435,5.3931709
43.2479809,5.3997315
43.2513002,5.3881629
43.2666353,5.3804478
43.2588783,5.3939214
43.2608256,5.3941233
43.2607338,5.3941766
43.2647083,5.3913572
43.2473426,5.4011863
43.2472318,5.4010603
43.2567748,5.4196885
43.2528689,5.4230466
43.2527644,5.4230383
43.2692359,5.403552
43.2685813,5.4027188
43.2687383,5.4034054
43.2697853,5.4032846
43.2660459,5.4082396
43.258978,5.4171845
43.2572521,5.4185475
43.2575998,5.4185583
43.2591107,5.4166515
43.28434,5.3580363
43.2883919,5.3586818
43.2894312,5.366515
43.2890456,5.3608464
43.2958611,5.3667899
43.2900497,5.366709
43.290162,5.3674393
43.2745168,5.3849497
43.2738072,5.3848464
43.2788471,5.3828119
43.2789242,5.3826135
43.2733909,5.390375
43.2761735,5.3887635
43.2764924,5.3886199
43.2747697,5.3905052
43.2809363,5.3896471
43.2803204,5.3875206
43.2769279,5.3883542
43.2791944,5.3879978
43.2792118,5.3882233
43.286356,5.3839453
43.2863374,5.3847433
43.286109,5.3850725
43.28607,5.3831195
43.2864032,5.3836314
43.2833347,5.3847737
43.2840336,5.3843538
43.2963167,5.3769873
43.2959103,5.3768806
43.2954315,5.3754125
43.2920011,5.376569
43.2928757,5.3787824
43.2906955,5.3778144
43.2956655,5.3748399
43.2935596,5.3768354
43.2961555,5.3764761
43.2916002,5.3785615
43.2942497,5.3854639
43.2941957,5.3856146
43.2911375,5.3809689
43.289805,5.3990025
43.2898174,5.3976345
43.2954316,5.3917905
43.2957879,5.3976442
43.2953885,5.3955904
43.2912007,5.3995857
43.3018048,5.3646639
43.299658,5.371926
43.2970483,5.3737054
43.3023562,5.3689591
43.2989807,5.3717294
43.304467,5.366423
43.304581,5.3656996
43.3045396,5.3659974
43.3058017,5.3669835
43.3060526,5.3679032
43.30464,5.367592
43.3068117,5.3734559
43.3059115,5.3678896
43.3062822,5.3733056
43.2964948,5.3774279
43.3003086,5.380953
43.2988914,5.3811037
43.297327,5.3813032
43.2989044,5.3813946
43.2996673,5.3845761
43.2992439,5.3837153
43.2992768,5.3831198
43.2992816,5.3829696
43.2979195,5.3825061
43.3003053,5.3805194
43.300059,5.3826049
43.3054169,5.3806587
43.3006358,5.3870737
43.3025986,5.3973725
43.3021661,5.3976383
43.3029165,5.3966908
43.2995774,5.3978461
43.3025853,5.3964658
43.3025255,5.3962129
43.3031428,5.3976466
43.2721955,5.4110574
43.2820039,5.403129
43.2789602,5.412532
43.2788722,5.417203
43.2775684,5.4202179
43.2817545,5.423746
43.2934629,5.4020615
43.271773,5.427992
43.2824875,5.4301768
43.282604,5.4319571
43.2828139,5.4314598
43.2818879,5.4265541
43.2829491,5.4319168
43.2957144,5.4444405
43.2957089,5.4447765
43.2954515,5.4431623
43.2987219,5.401317
43.299284,5.4012765
43.3074897,5.4012059
43.304424,5.413621
43.3037651,5.4174442
43.304225,5.413734
43.30419,5.414066
43.3053096,5.4183896
43.304134,5.4148527
43.3039056,5.4170293
43.3114234,5.4013431
43.3125187,5.4013558
43.3176935,5.4056376
43.3193435,5.4080028
43.3182562,5.4237822
43.3175727,5.4238529
43.3085524,5.4369158
43.308405,5.4375015
43.3081479,5.4356723
43.3080562,5.4350258
43.3082513,5.4351009
43.3079833,5.4350944
43.3603987,5.3148338
43.3602277,5.3151984
43.3600127,5.3158951
43.3599168,5.3160919
43.3577761,5.3381326
43.3579369,5.3380581
43.4108543,5.3102158
43.4098229,5.3225493
43.346312,5.3593641
43.3475465,5.359204
43.3456123,5.3591393
43.344231,5.3592935
43.372571,5.3560868
43.370527,5.3561047
43.3707958,5.3560695
43.3713105,5.3562417
43.3328676,5.4204198
43.3409866,5.4197497
43.3458037,5.4258628
43.3464736,5.4485751
43.3431449,5.4469097
43.3472239,5.4511476
43.35199,5.4378802
43.3518359,5.4378882
43.3802463,5.348832
43.3800797,5.3486188
43.4180715,5.3584199
43.4365592,5.0361755
43.47608,5.1670623
43.4773701,5.1681669
43.4771034,5.1680278
43.4770201,5.1679984
43.4780422,5.1680302
43.4878645,5.2279353
43.5502462,5.0344077
43.6109856,5.0670791
43.6332385,5.0777566
43.6237345,5.0998815
43.6317346,5.1393031
43.6317563,5.1396106
43.4318893,5.2603277
43.435399,5.2589238
43.447124,5.2487129
43.4480851,5.2477835
43.4573636,5.248651
43.5226623,5.2568364
43.5276866,5.2577767
43.4524338,5.399874
43.4492396,5.397771
43.465751,5.3529763
43.4515225,5.4126899
43.4516662,5.4135873
43.4820292,5.3865741
43.4815751,5.387417
43.5042356,5.387253
43.4850189,5.4189221
43.5070715,5.4003722
43.507193,5.4011586
43.5065618,5.4137342
43.5293596,5.4046402
43.5319665,5.4182227
43.5100229,5.442024
43.5098531,5.4417447
43.5097773,5.4410497
43.5242531,5.4342113
43.5241466,5.4347486
43.5289236,5.4385805
43.5276717,5.4431739
43.5277825,5.4417803
43.5271795,5.4440984
43.5286922,5.4435998
43.5281525,5.4433983
43.5278183,5.4436781
43.5271625,5.4446284
43.5269101,5.4455737
43.5271419,5.4449161
43.5264671,5.4484306
43.5265326,5.4488083
43.526279,5.4466661
43.5258973,5.4464795
43.5264021,5.4478848
43.5264314,5.44811
43.5266444,5.4498326
43.5267598,5.4505844
43.5295574,5.4493488
43.5294689,5.4460813
43.5262944,5.4468486
43.5272229,5.4507036
43.5302198,5.4479662
43.5266581,5.4496202
43.5341154,5.2554098
43.6212254,5.2980842
43.6212061,5.2982892
43.5707208,5.3542489
43.5705233,5.3554073
43.534673,5.4091444
43.5346964,5.409232
43.5349625,5.4111647
43.5344934,5.4100667
43.5560412,5.4193678
43.5332388,5.4400454
43.5326443,5.4460305
43.5328564,5.4459803
43.5813032,5.4229681
43.5812745,5.4234921
43.2950836,5.4890065
43.2958405,5.4872133
43.312427,5.4651263
43.2984419,5.4791357
43.2981631,5.4979049
43.2977227,5.4968954
43.2562811,5.5672013
43.2953087,5.5680674
43.2945072,5.5670011
43.294465,5.5672774
43.293153,5.5678869
43.2928887,5.5678862
43.2940693,5.5665125
43.2928182,5.5665111
43.2894211,5.5725064
43.2859994,5.5812334
43.2886459,5.5934756
43.2849377,5.5945985
43.2906086,5.5947748
43.3003292,5.5694531
43.29819,5.595376
43.2775334,5.6163119
43.296288,5.6287465
43.3452689,5.4609355
43.3418088,5.4711718
43.3420456,5.4719533
43.3381701,5.4732388
43.343374,5.4663242
43.3565988,5.4879127
43.4092602,5.526327
43.3379702,5.5993143
43.3695185,5.6493317
43.3842094,5.5775871
43.3874553,5.5998515
43.3896693,5.5976497
43.3897629,5.5975942
43.3884299,5.5995979
43.4526294,5.4693905
43.4545671,5.4706036
43.4551885,5.471217
43.4536818,5.4693642
43.4552016,5.4705123
43.4561138,5.4718664
43.45415,5.4690376
43.4541416,5.468915
43.5162125,5.4628792
43.5253047,5.4543351
43.5253305,5.454458
43.5241862,5.4547129
43.5120808,5.4844838
43.5119461,5.4850029
43.5114514,5.4864137
43.4540912,5.5625568
43.4656656,5.609639
43.4634269,5.6128719
43.4804095,5.6226023
43.5887406,5.4773922
43.4479076,5.6839712
43.4479073,5.6835404
43.4481553,5.6874098
43.4480897,5.6872488
43.4475214,5.6849105
43.4534256,5.8595717
43.4524981,5.8604429
43.4490567,5.8614126
43.4481079,5.8611086
43.4543335,5.8556594
43.454411,5.8553079
43.6404042,5.0953046
43.6406237,5.0959126
43.6406342,5.0949469
43.6410052,5.0960253
43.6397029,5.0927624
43.6404555,5.0955677
43.6406124,5.0945927
43.6472968,5.0937409
43.6413279,5.098863
43.6376352,5.0994127
43.7288745,5.1795706
43.729196,5.1782169
43.7294734,5.17996
43.7463682,5.075804
43.7914873,5.040186
43.8347301,5.0378089
43.8351876,5.0402827
43.8362511,5.0408516
43.8346418,5.0414265
43.6562435,5.2628975
43.6520002,5.2636384
43.6639982,5.3475351
43.7152887,5.3073691
43.7143085,5.3091151
43.7285155,5.3709586
43.7655426,5.3622199
43.7632893,5.3629984
43.847158,5.1072467
43.92575,5.06342
43.868143,5.1441523
43.8681464,5.1434296
43.9974469,5.0557017
43.9976218,5.0554367
44.0487899,5.0351645
44.054157,5.044733
44.0522043,5.0410621
44.052365,5.046465
44.052649,5.0477081
44.0558361,5.0523926
44.0557825,5.0518198
44.0525691,5.0487631
44.0522831,5.0469016
44.0544915,5.0469576
44.0549659,5.047535
43.8854579,5.3765938
43.8763313,5.3933368
43.8761033,5.3946361
43.8758997,5.3997886
43.8757855,5.4000163
43.8767086,5.3969432
43.6938651,5.5009523
43.6925371,5.5031452
43.6932188,5.5013019
43.726067,5.5479282
43.726033,5.5473158
43.6464908,5.5830118
43.7261602,5.8114051
43.8111811,5.7499487
43.819922,5.7937825
43.8319729,5.7859131
43.8316639,5.7825316
43.8312556,5.7834424
43.8274763,5.7815453
43.8317992,5.7817593
43.831696,5.7823938
43.8315185,5.7821216
43.8312749,5.7836099
43.8319161,5.7842278
43.8294213,5.795764
43.8300403,5.796957
44.0377685,5.6281401
43.877461,5.8423229
43.9583639,5.7778577
43.9595924,5.7819699
43.9592888,5.7805591
43.9599881,5.7810216
43.9597028,5.7804599
44.0449826,5.7801867
43.3158549,6.07666
43.3156656,6.0767431
43.4081385,5.92391
43.3270037,6.046111
43.407429,6.048018
43.4068086,6.0549667
43.4084062,6.0474111
43.4072779,6.0636901
43.4074234,6.0643613
43.4068648,6.0626708
43.4074071,6.0635278
43.4080185,6.0667853
43.2266486,6.1429802
43.227597,6.1433161
43.2894936,6.1365694
43.3026509,6.1890351
43.4768797,6.1855151
43.4764586,6.1836754
43.526776,6.149151
43.5630399,6.2341802
43.563154,6.2343797
43.562704,6.2336709
43.6258041,6.2237059
43.6260626,6.2238314
43.3167877,6.4700268
43.3933104,6.3133729
43.3944491,6.3126902
43.3946001,6.3132948
43.394411,6.3127956
43.3936458,6.3195037
43.3940253,6.3307415
43.3942183,6.3274424
43.3939854,6.330844
43.3941353,6.3316342
43.4235972,6.4278774
43.426532,6.4303825
43.250282,6.5321774
43.262084,6.5793411
43.2746553,6.5223132
43.2698145,6.6398399
43.269372,6.640692
43.2695452,6.6411699
43.2712749,6.6383809
43.2710367,6.6361756
43.2717405,6.6365881
43.2713754,6.638953
43.3085708,6.6367131
43.3088222,6.6385784
43.3419974,6.6931568
43.4920318,6.3571905
43.4891867,6.3572307
43.4903237,6.3595098
43.4932351,6.3606507
43.4324028,6.437296
43.451155,6.4774284
43.4505805,6.489215
43.4554446,6.4797328
43.4630476,6.4779124
43.5082251,6.4823019
43.5305026,6.4769033
43.5345567,6.394649
43.5887053,6.3030173
43.5350907,6.4625111
43.5370456,6.4628898
43.5364138,6.4646526
43.5373654,6.4629335
43.537887,6.4620343
43.5356558,6.4659862
43.5355938,6.4660967
43.5327698,6.4717943
43.5324946,6.4717309
43.5389858,6.462663
43.4731199,6.5603803
43.4708485,6.5618894
43.4736336,6.5621206
43.4731661,6.5667705
43.4456922,6.6370761
43.4634853,6.6378129
43.4633127,6.6374045
43.4540467,6.6905678
43.5000682,6.6454019
43.6218365,6.6898718
43.6218403,6.6914382
43.6219875,6.6939829
43.758691,5.885741
43.8384341,5.9876592
43.8374734,5.987216
43.8178047,6.0905648
43.8463932,6.2214954
43.915891,5.9186687
43.9176995,5.9186282
43.9322753,5.8898208
44.0301552,5.9763763
43.8459252,6.5126792
43.8466343,6.5127909
43.9533293,6.3684157
43.9533129,6.368391
43.9663225,6.5081795
43.9654937,6.6674235
44.0571149,5.1295818
44.1096879,5.1067945
44.0674715,5.1826814
44.1239926,5.1812602
44.1226392,5.179351
44.1735432,5.1337253
44.2426857,5.0730507
44.2410233,5.0732706
44.2410571,5.0739122
44.2410295,5.0735555
44.2407226,5.0744159
44.241193,5.0738091
44.0923401,5.4104203
44.3595812,5.1403428
44.3610039,5.1390363
44.2767154,5.2742385
44.2779157,5.2773347
44.2044662,5.5364174
44.3142151,5.8234218
44.3147231,5.8216734
44.3149359,5.8221931
44.3147638,5.8220505
44.4285665,5.7160143
44.5226958,5.0645112
44.5228227,5.065878
44.5226786,5.0650825
44.5229615,5.0658017
44.5877921,5.1342337
44.6153401,5.452044
44.7561596,5.3687605
44.5344366,5.8244074
44.5330488,5.8218599
44.5336564,5.8233951
44.8274439,5.6221644
44.8168324,5.7504493
44.8171472,5.7518554
44.8178951,5.75166
44.0717015,5.9943092
44.0815106,6.0023649
44.1889008,5.946441
44.1938842,5.9444153
44.1962205,5.9421382
44.1962493,5.9419109
44.1969885,5.9434408
44.1955934,5.9424337
44.1950566,5.9446482
44.0753413,6.1878186
44.0756291,6.1886069
44.0912569,6.232102
44.0909289,6.2323604
44.0918154,6.2318466
44.0911438,6.2330805
44.0923013,6.2343796
44.0927762,6.2349656
44.092871,6.2361738
44.0919573,6.2331409
44.0946042,6.2360536
44.0899967,6.2387162
44.0923567,6.2345289
44.4572471,6.0489233
44.4617807,6.0553469
44.4618668,6.0545745
44.4680466,6.1689112
44.2413429,6.6268048
44.4095607,6.3515219
44.3867651,6.6505526
44.3872323,6.6528198
44.3874352,6.6540456
44.3878657,6.6535777
44.5446092,6.0638543
44.560511,6.0817026
44.5576585,6.079803
44.5609821,6.0774209
44.5604488,6.0815733
44.5600764,6.0811307
44.5615463,6.0816663
44.6759489,5.9281864
44.6831795,6.075163
44.5607021,6.0819859
44.5591328,6.0865974
44.5632603,6.0863206
44.5451735,6.2764398
44.5456684,6.2761929
44.6671374,6.2293156
44.8179345,5.9472813
44.5260328,6.401813
44.549264,6.4855712
44.5650306,6.4950515
44.565249,6.4969408
44.5691443,6.6827554
44.6616749,6.6174688
44.6597591,6.6483092
44.6599237,6.6495259
44.660663,6.6522721
44.8947097,6.632992
44.959652,3.5465281
44.9594304,3.5457047
45.099326,3.4943495
45.098637,3.4950327
45.099098,3.4946923
45.0994128,3.4947391
45.087459,3.7485504
45.1482622,3.4035747
45.2079152,3.5143795
45.2940679,3.381525
45.2957117,3.3811957
45.2931893,3.3851749
45.2926009,3.3824411
45.2922338,3.382406
45.2922045,3.3829921
44.9680499,3.8872787
45.009681,3.7750295
45.0096442,3.7750357
45.0467287,3.8646183
45.0256441,3.8808063
45.0362886,3.8839513
45.0380381,3.8841507
45.0433938,3.8834842
45.0421797,3.8822203
45.0421583,3.8834226
45.0425489,3.8809831
45.0420609,3.8817494
45.0433857,3.8824641
45.0421759,3.8853083
45.0421564,3.883545
45.0421676,3.8830152
45.0403248,3.8862663
45.0449439,3.8802449
45.0437686,3.8799264
45.0419189,3.8873255
45.0498317,3.9122446
45.0503098,3.9124321
45.0478481,3.927699
45.0611026,3.901662
44.936166,3.9957406
44.9381859,3.9955571
44.9692874,4.0531673
45.0331177,4.0620587
45.0343243,4.061508
45.1347022,3.812992
45.1344334,3.8128832
45.186913,3.9097824
45.1320567,3.986504
45.2036261,4.0327904
45.1437158,4.122165
45.1436595,4.1233784
45.1436642,4.1241296
45.1421267,4.1243457
45.1426197,4.1234319
45.287303,4.1615902
45.2919525,4.172421
45.2918242,4.1722708
45.4591215,3.5406866
45.3207688,3.6954434
45.4129961,3.7245761
45.4134139,3.7250286
45.4134489,3.7243511
45.5515021,3.372839
45.6311513,3.5585669
45.5435513,3.7287725
45.5492485,3.7396583
45.5492484,3.7393695
45.5502482,3.7396774
45.5491185,3.7455053
45.5487819,3.7448327
45.5498282,3.7428253
45.5497149,3.7430665
45.6749062,3.6358874
45.3312195,3.8459857
45.3302503,3.8457098
45.3300189,3.8453119
45.3571912,3.9577191
45.4335395,3.8844701
45.4238019,4.0656823
45.4230587,4.065771
45.4243257,4.0663181
45.4236122,4.0660486
45.4972443,4.166776
45.5277771,3.9163939
45.6068986,4.0628989
45.6112159,4.0550928
45.6060035,4.0658757
45.6058066,4.0672519
45.6066403,4.0633887
45.6047426,4.065228
45.6072431,4.0664158
45.6064911,4.0668788
45.6064933,4.0663737
45.5544,4.1219189
45.5557619,4.1224804
45.5395703,4.1845418
44.9859498,4.2261454
44.9367074,4.3683089
45.0098462,4.3960591
45.0087727,4.3991699
45.0087289,4.3994028
45.060885,4.3023997
45.0601836,4.3023476
44.9067242,4.4214725
44.9064384,4.4233988
44.9059899,4.4226222
44.9065856,4.4244337
44.9071259,4.4253925
44.9854449,4.5801151
44.9850949,4.5804141
44.9850185,4.5809374
44.985078,4.5810102
44.9865794,4.5828663
45.1138182,4.2910583
45.1143283,4.2906117
45.1142378,4.2903891
45.1849744,4.3133372
45.2410989,4.2349572
45.2425833,4.2342214
45.2424273,4.2345508
45.2435244,4.2345107
45.2432405,4.233955
45.2148184,4.3449814
45.2165312,4.3437
45.232829,4.4002142
45.296767,4.5610388
45.2964621,4.5615175
44.8965453,4.6448452
44.9439309,4.7300745
45.0105953,4.7021495
45.0866151,4.6284103
45.0872552,4.6269914
44.944367,4.8407771
44.9436146,4.8410942
44.9437662,4.8408304
44.9439214,4.8585288
44.9142829,4.8853161
44.9143339,4.8848771
44.9200873,4.8861422
44.9161104,4.8849434
44.9187865,4.900361
44.9199964,4.8991541
44.9204332,4.8990334
44.9184701,4.913188
44.921969,4.8866348
44.9274978,4.8924224
44.9279587,4.8901476
44.9301441,4.8940766
44.9295722,4.8899171
44.9302454,4.8902329
44.9307171,4.8924458
44.9291877,4.8905166
44.9302804,4.8911558
44.9301865,4.8933836
44.9293894,4.8962172
44.9330201,4.9011072
44.9334704,4.8956424
44.9443493,4.8942754
44.9418555,4.8951345
44.9429431,4.8944632
44.9426845,4.8945499
44.9477433,4.8979931
44.9246676,4.9030883
44.9014187,5.0154359
44.9009145,5.0193216
44.9020394,5.0088771
44.9721748,4.9570797
45.013421,4.8456424
45.0689073,4.8294973
45.0695573,4.828609
45.0693767,4.8287961
45.0712952,4.8249664
45.0713695,4.8247265
45.0706005,4.8361857
45.0674802,4.8341067
45.0696066,4.8378784
45.069789,4.8392073
45.0704242,4.8371473
45.0679775,4.8467985
45.0694029,4.8646187
45.0153311,4.9386585
45.1505832,4.6149371
45.1725643,4.8136331
45.1805771,4.8145002
45.1804528,4.8148334
45.1822517,4.8145393
45.1867635,4.8005413
45.2417584,4.6712586
45.2413085,4.6717316
45.2417375,4.6716869
45.2397697,4.6715535
45.2393253,4.6675779
45.242009,4.6716761
45.240311,4.672801
45.2565843,4.7067008
45.2562171,4.7070971
45.2906524,4.8140633
45.2937899,4.8129515
45.2920045,4.8144948
45.1190141,4.9715437
45.1208859,4.9819614
45.2714266,4.8865959
45.2527743,5.0258924
45.3903203,4.2882612
45.3900024,4.2871535
45.3900079,4.287715
45.3887994,4.2878129
45.3904474,4.2884131
45.388461,4.286115
45.3990184,4.2629987
45.3962299,4.3240522
45.3963423,4.3260885
45.3963214,4.3257382
45.417401,4.3932021
45.4166355,4.3933873
45.4164873,4.393378
45.4181382,4.3934692
45.4160031,4.3931843
45.4155334,4.392985
45.4162352,4.3940169
45.4996488,4.2422572
45.4991492,4.2402448
45.4993747,4.2420581
45.5031131,4.260238
45.5242913,4.2571743
45.4346274,4.3229176
45.4334317,4.322365
45.4331179,4.323899
45.4337997,4.3222946
45.4343815,4.3225319
45.4452329,4.3369174
45.4461451,4.3358599
45.4444304,4.3639763
45.4311434,4.3893495
45.431421,4.3892453
45.4288343,4.3899745
45.4226586,4.3925577
45.4222164,4.3924185
45.421966,4.3924872
45.4282209,4.402359
45.4371842,4.3803495
45.4374022,4.3906097
45.4385651,4.3882073
45.439078,4.3880826
45.4375547,4.3864746
45.4338792,4.3885606
45.4389938,4.3871039
45.4412796,4.38213
45.4394092,4.3870044
45.4397503,4.3878865
45.4395243,4.387924
45.440631,4.3866615
45.4370563,4.3918906
45.4428307,4.3974388
45.4428555,4.401584
45.43952,4.4038904
45.4681518,4.3536747
45.4687001,4.3537364
45.4683679,4.3530171
45.4667571,4.3777747
45.4518238,4.383464
45.4503181,4.3836891
45.4472385,4.3847684
45.4540958,4.3828227
45.4554501,4.383341
45.4587946,4.3819687
45.4492777,4.4018873
45.4644335,4.3781004
45.4655254,4.3783539
45.4607531,4.3815886
45.465704,4.3783474
45.46689,4.3786247
45.4665211,4.3790871
45.4661552,4.3782797
45.5004503,4.318698
45.4778898,4.3617567
45.3408057,4.4208847
45.3403262,4.4197829
45.418756,4.4200266
45.4186736,4.4194618
45.4222935,4.4101874
45.42201,4.4105058
45.4247798,4.4074067
45.4250351,4.4071309
45.4259179,4.4060597
45.4264015,4.4040543
45.4266168,4.4049843
45.4360835,4.4125286
45.4342091,4.4153227
45.4353456,4.4370421
45.4523667,4.447333
45.4573309,4.5048861
45.4578142,4.5052805
45.4793106,4.4300209
45.479517,4.430092
45.4804691,4.4331623
45.4807198,4.4341267
45.4755393,4.5088149
45.4781188,4.5136974
45.4773624,4.5131557
45.474469,4.5090499
45.4749071,4.5106743
45.4766076,4.5109594
45.4752258,4.5094072
45.4743561,4.5149818
45.4747121,4.5167216
45.4742382,4.5334624
45.4863625,4.5431301
45.4872416,4.545149
45.4824358,4.5747811
45.483039,4.574678
45.5026839,4.5684141
45.505118,4.5701174
45.507046,4.5712507
45.561988,4.2775484
45.5654645,4.2927016
45.5682228,4.2952719
45.528522,4.3727073
45.5285427,4.372953
45.5901239,4.3189807
45.5904013,4.3192778
45.6440187,4.2311938
45.6378612,4.3908207
45.6380425,4.3923718
45.5458018,4.5930085
45.6320196,4.4564198
45.6317715,4.4566627
45.6327352,4.4581452
45.6365197,4.4622648
45.7093141,4.4691919
45.6590256,4.5638942
45.6591271,4.5629501
45.6594195,4.5618665
45.3618136,4.6844242
45.3620554,4.6844861
45.4175464,4.67583
45.3383698,4.8048989
45.3425135,4.8034072
45.345639,4.8041838
45.3453057,4.8040258
45.3619538,4.801045
45.4140894,4.7309993
45.3966515,4.7740479
45.443709,4.7680279
45.4637769,4.7681472
45.4614724,4.768527
45.4614741,4.767136
45.4624968,4.7668722
45.4617203,4.7677405
45.4887376,4.8084677
45.5137837,4.8637592
45.5238796,4.8740742
45.5243932,4.8742737
45.5243813,4.8744531
45.5244328,4.874811
45.5225042,4.8738788
45.5238013,4.8749899
45.5238271,4.8754322
45.5168413,4.9634647
45.5286357,4.6137629
45.5305186,4.622341
45.6204171,4.6725259
45.619136,4.6715436
45.6196481,4.6711836
45.6199076,4.6713485
45.5873766,4.7709271
45.5909585,4.7703132
45.6050939,4.7814852
45.6773464,4.7019244
45.6821409,4.6407547
45.7195745,4.6935317
45.7216681,4.6941621
45.6737519,4.7534679
45.6734277,4.7534683
45.6717219,4.7534374
45.671884,4.7534766
45.6732377,4.753879
45.6735731,4.7534437
45.6737911,4.754618
45.646906799999996,4.8130591
45.6472996,4.8137351
45.6728853,4.821373
45.7082673,4.7432752
45.7118807,4.7471159
45.7118286,4.747232
45.7104692,4.7448968
45.7121102,4.7464925
45.7127993,4.7456344
45.6943178,4.7933063
45.6941642,4.7932768
45.6946498,4.7925768
45.6944379,4.7926421
45.6953242,4.793624
45.6956644,4.7935342
45.696857,4.7942521
45.7034847,4.8229321
45.7124493,4.8036172
45.7140155,4.806397
45.7144898,4.8071233
45.7143674,4.8046609
45.7161784,4.8094993
45.7148579,4.8074801
45.7173228,4.8094896
45.7167396,4.8097801
45.7156982,4.8100133
45.5374984,4.8730033
45.5380869,4.8724112
45.5378369,4.8723578
45.5283091,4.9160973
45.6292055,4.8251103
45.6271737,4.9345679
45.6282456,4.9342547
45.5865528,4.9989169
45.6347714,4.8551508
45.6744567,4.8591909
45.6740151,4.8603533
45.6724403,4.8983983
45.6721629,4.8984123
45.6718419,4.898621
45.671424,4.8993789
45.7304216,4.8297518
45.7307288,4.8298054
45.7332962,4.8350777
45.7312689,4.8302495
45.7316433,4.8340314
45.7104562,4.8555035
45.7106209,4.8552668
45.7095057,4.8552981
45.7082271,4.8568456
45.7285109,4.8610331
45.727531,4.8628995
45.7317237,4.8661522
45.7340448,4.8635749
45.7319469,4.8652001
45.7314905,4.8655593
45.7294401,4.8685192
45.7005793,4.8824258
45.700124,4.8835567
45.7011058,4.8837723
45.6990879,4.8831038
45.7001935,4.8850834
45.7005014,4.8839114
45.7020656,4.8811017
45.705462,4.9006878
45.7058302,4.9014995
45.7285764,4.8773895
45.7318619,4.9132222
45.7319592,4.9127796
45.7326877,4.91077
45.733139,4.9093878
45.6641382,4.9566475
45.6447072,5.0111276
45.6447088,5.0120744
45.6942903,4.9351892
45.6911898,4.9396202
45.6916487,4.9387504
45.6944501,4.9386175
45.6920193,4.937713
45.6898545,4.9370853
45.691593,4.9373031
45.6918703,4.9372749
45.6916618,4.9376345
45.6946913,4.9372231
45.6989692,4.9431542
45.7003995,4.9421451
45.7247048,4.9725117
45.7247225,4.9724974
45.6931482,5.0301394
45.6924799,5.0292774
45.6925403,5.0297291
45.6927059,5.0313279
45.6922462,5.0296402
45.7316508,5.0003739
45.7321151,4.9977044
45.7322826,4.9974073
45.7325972,4.9978439
45.7319787,4.9985875
45.7319133,5.0008835
45.7319133,5.0007165
45.731769,5.0027048
45.7559692,3.5385558
45.755789300000004,3.539369
45.8423929,3.5125248
45.8411759,3.5105386
45.8411451,3.5104474
45.842661,3.5142124
45.844886,3.5223825
45.8449963,3.5227064
45.8488064,3.5347666
45.8489169,3.535144
45.8498306,3.5371319
45.8610821,3.5532466
45.816734,3.7659534
45.9595768,3.4738467
46.1175241,3.4101886
46.116439,3.4142479
46.1255566,3.4227699
46.1246239,3.4212983
46.1250889,3.424563
46.1249326,3.4226893
46.1254414,3.4225459
46.1250199,3.4210371999999998
46.1264166,3.4250222
46.1249633,3.4219371
46.1265277,3.4211726
46.1211281,3.4229715
46.125352,3.4227459
46.128923,3.426228
46.1309638,3.4236128
46.1325533,3.456406
46.1323509,3.4570793
46.1324705,3.4568
46.1319677,3.456885
46.1345577,3.4549176
46.0664758,3.4632877
46.0653535,3.4633205
46.0706918,3.6670689
45.9145266,3.8459069
45.9144701,3.8464171
45.9142061,3.8465781
45.7457626,4.0038748
45.7454724,4.0038719
45.7453713,4.0047001
45.744704,4.004908
45.8296197,4.0104721
45.902,4.1805768
46.0519002,3.92682
46.1032815,3.9632672
46.0213866,4.0490035
46.0393207,4.0549921
46.0342067,4.0691672
46.0350468,4.0672388
46.0300826,4.0664091000000004
46.0292534,4.0661559
46.0355629,4.0714503
46.0353392,4.0727401
46.0351336,4.0732799
46.0345711,4.0749201
46.0356967,4.0711168
46.028958,4.0843197
46.0282092,4.0844604
46.0283704,4.0848033
46.0297878,4.083525
46.030082,4.0833346
46.0359912,4.0710103
46.0416692,4.0727908
46.0472197,4.0693262
46.0477625,4.0692145
46.0533722,4.0645186
46.1481201,4.0862569
46.1462967,4.1068677
46.202536,3.4334714
46.312904,3.4024904
46.312342,3.4019234
46.2475022,3.6349225
46.2469304,3.6347411
46.2491189,3.6348228
46.4643881,3.4323148
46.4658547,3.4311689
46.380354,3.5922843
46.5233127,3.581158
46.5216647,3.6818767
46.5237415,3.6794717
46.3502077,3.7932198
46.3496699,3.7933847
46.1578815,4.1741822
46.1579895,4.1711903
46.1576436,4.1727496
46.1582566,4.1740103
46.1574338,4.1732861
46.1572498,4.1699306
46.1601926,4.1734227
46.2753647,4.0390571
46.2747316,4.039093
46.2748044,4.0390829
46.2883489,4.1781669
46.4805251,3.9776207
46.4802244,3.9806429
46.4807415,3.9818124
46.4802207,3.9797685
46.480599,3.9811869
46.4806082,3.9781784
46.4804203,3.9783752
46.4815948,3.9831696
46.4508055,4.1196205
46.4532363,4.1188077
46.4491685,4.1160335
46.4501653,4.1176357
46.4492215,4.1166992
46.4491158,4.1186248
46.4506981,4.1200209
46.449101,4.1171936
45.7433826,4.2196457
45.7435065,4.221298
45.7437977,4.2248194
45.7441246,4.2243945
45.743346,4.2219141
45.7442319,4.2251992
45.74362,4.2244372
45.7436265,4.2212515
45.7926021,4.3382578
45.7931636,4.3393002
45.8930698,4.2412215
45.8923175,4.2405188
45.8533976,4.3575964
45.7388626,4.4660684
45.8109424,4.599258
45.8954461,4.4323716
45.8955341,4.433799
45.8955199,4.4342208
45.8954575,4.4349727
45.8951433,4.4360957
45.8966115,4.4333012
45.8966874,4.4339232
45.8969838,4.4338247
45.9214929,4.5855758
45.9731437,4.3317924
45.9730271,4.3310514
45.9723272,4.3328973
45.9724576,4.3324464
45.9736688,4.3331623
46.0318964,4.3119324
46.0291438,4.3139359
46.0297863,4.3134021
46.1000009,4.3205507
46.0633325,4.4917051
46.0630666,4.4915691
45.7377714,4.6578563
45.7380381,4.6582418
45.8364388,4.6162604
45.836493,4.6161046
45.8197803,4.6619513
45.8197093,4.6622713
45.8141759,4.7170078
45.8159473,4.7172884
45.8156561,4.7144908
45.7472475,4.7239736
45.7472549,4.7251377
45.7470122,4.7232966
45.7472529,4.7212867
45.7474209,4.7230943
45.7474209,4.7224136
45.7474305,4.7207247
45.7842564,4.7356863
45.7840955,4.7356809
45.7852627,4.7353001
45.7817972,4.7369837
45.738408,4.774427
45.7394469,4.7728137
45.7391281,4.7719462
45.7385424,4.7744134
45.7565034,4.7971012
45.7563491,4.7960453
45.7567152,4.7968746
45.7566048,4.7962405
45.7561272,4.7966227
45.7566289,4.7969382
45.7355299,4.804947
45.7366991,4.8048142
45.7362541,4.8051674
45.7406371,4.8185582
45.7430804,4.8161167
45.7449545,4.8224529
45.742195,4.8183668
45.7418346,4.8197819
45.7417626,4.8203203
45.7497483,4.7999287
45.7494488,4.8004397
45.7506047,4.7992002
45.7561794,4.7983012
45.7575984,4.8143066
45.7574911,4.8150673
45.7609283,4.7780953
45.7619494,4.7779053
45.7638734,4.7811851
45.7619703,4.7776466
45.7738359,4.7770722
45.7739709,4.7770766
45.7744306,4.7786059
45.774633,4.7789912
45.7753213,4.7797903
45.7745232,4.7793514
45.7749427,4.777711
45.7752665,4.7778054
45.7745778,4.778048
45.7719113,4.805277
45.7726704,4.8077397
45.7792223,4.804646
45.7736386,4.8087309
45.7749481,4.8059255
45.7746432,4.8066167
45.7812375,4.8065318
45.7837196,4.8083369
45.7844579,4.808036
45.7815517,4.8063435
45.7761743,4.8206693
45.7793854,4.8194113
45.8189297,4.7583922
45.7899596,4.7753006
45.7953158,4.7925947
45.7951531,4.7927557
45.7946388,4.7927932
45.7943976,4.7923158
45.7944275,4.7924123
45.7956427,4.7916386
45.7960533,4.791261
45.7881605,4.8088413
45.8368419,4.7712782
45.836025,4.7715614
45.835915,4.7718978
45.8141334,4.8183723
45.8144339,4.8185596
45.814165,4.8172941
45.8871342,4.6223747
45.8769321,4.6446709
45.8548049,4.6804732
45.8551549,4.6811356
45.8568097,4.704231
45.8761821,4.7132398
45.876017,4.7138872
45.9366744,4.7179438
45.8736284,4.7719429
45.9361399,4.7206821
45.9381999,4.7197511
45.9146432,4.7777323
45.9403883,4.7774846
45.9401214,4.7789925
45.9403406,4.7787655000000004
45.9404297,4.7794694
45.9403791,4.7799527
45.9403526,4.7784923
45.7351355,4.836095
45.7456905,4.8238075
45.746164,4.8240851
45.7467627,4.8246061
45.7471931,4.8249641
45.7456035,4.8275533
45.7371188,4.8377208
45.7359955,4.8394589
45.7369236,4.8371883
45.7456144,4.8428714
45.7451475,4.8426048
45.7458115,4.8430099
45.746775,4.842531
45.7466486,4.8433063
45.746914,4.843111
45.7461802,4.8478112
45.7459846,4.8477435
45.7506708,4.8289253
45.7533881,4.8288573
45.7537615,4.8297591
45.7535296,4.8295858
45.7537854,4.8321613
45.7504141,4.8304019
45.7602147,4.8268891
45.759772,4.8269954
45.7570804,4.8339148
45.7576947,4.8343232
45.7567467,4.8312936
45.7546018,4.8300052000000004
45.7579656,4.8347228
45.7552135,4.8306727
45.7585038,4.8323854
45.7565676,4.8321827
45.7559011,4.8340596
45.7584174,4.8331059
45.753824,4.8467382
45.7533714,4.8491139
45.7535647,4.8484004
45.7531999,4.846369
45.753887400000004,4.8479947
45.7534215,4.8465009
45.7494769,4.8446113
45.7482232,4.8439111
45.7579515,4.8365706
45.7565832,4.8430005
45.7603119,4.8458506
45.7599816,4.8484748
45.7539788,4.8463597
45.7552446,4.8435067
45.7547349,4.8450071
45.7598739,4.8491189
45.7364981,4.8532761
45.7401129,4.8595544
45.7363328,4.8690236
45.7364943,4.8685665
45.737629,4.8661176
45.7367794,4.8692027
45.7363469,4.8703748
45.7446587,4.8685053
45.7444283,4.8684626
45.7453317,4.8709662
45.7439875,4.8702591
45.7438614,4.8708478
45.743869,4.8717712
45.744678,4.8717839
45.7431997,4.8747308
45.7435496,4.8704259
45.7433565,4.8750342
45.7524841,4.8505385
45.7515919,4.8531752
45.7524069,4.8502755
45.7534063,4.8583468
45.7534087,4.8581953
45.7593857,4.8553256
45.7580474,4.8626034
45.7540665,4.8671511
45.7546715,4.8667391
45.7571651,4.865831
45.7568491,4.8647352
45.754219,4.8668762
45.7569544,4.8628255
45.7555572,4.87582
45.7553991,4.8728074
45.7546967,4.8718112
45.763488,4.8351348
45.7670332,4.832756
45.7670557,4.8329556
45.764642,4.8361275
45.7659128,4.8358009
45.7667502,4.8361831
45.7651393,4.8356949
45.7663697,4.8358122
45.7664088,4.8361498
45.7662049,4.8350724
45.7659898,4.8347335
45.7673353,4.8308533
45.7672997,4.8362051
45.7636877,4.837367
45.7653861,4.8366564
45.7636961,4.8369562
45.7648788,4.8367575
45.7647453,4.8369899
45.7634715,4.8447886
45.763758,4.8494301
45.7634982,4.8451853
45.7638272,4.8494851
45.7632837,4.8496173
45.7663592,4.8441753
45.7610227,4.845267
45.7628074,4.8453377
45.7664421,4.8446304
45.7693374,4.8412367
45.768681,4.8372617
45.767649,4.8420469
45.7689149,4.8436184
45.7690929,4.845863
45.7684816,4.8441592
45.7688426,4.8431361
45.7692292,4.848249
45.7690229,4.8450826
45.7707298,4.8437046
45.7729576,4.8466923
45.7686614,4.8459641
45.7693477,4.8485906
45.7725047,4.8446714
45.7686813,4.8462341
45.768534,4.8446149
45.7712079,4.8484687
45.7738586,4.8282337
45.7745698,4.8288238
45.7794413,4.8280626
45.7798636,4.8272354
45.7745876,4.8285629
45.7740985,4.8313061
45.7752126,4.8317237
45.7751223,4.831661
45.7760514,4.8330584
45.7756358,4.8321742
45.7748652,4.8326415
45.776188,4.8325897
45.7813822,4.832961
45.781969,4.8330557
45.7634078,4.8510051
45.7637454,4.8516911
45.762366,4.8522026
45.7634823,4.8554257
45.7627659,4.8539
45.7626742,4.8525818
45.7627288,4.852827
45.7667567,4.8566247
45.7638531,4.8622302
45.766776900000004,4.8570535
45.7665635,4.856362
45.7616149,4.8583975
45.7634859,4.8565029
45.769671,4.8529155
45.7694635,4.8537066
45.7700388,4.8566596
45.7695141,4.8572485
45.7685646,4.8588549
45.7707022,4.8626422
45.76998,4.862733
45.7637661,4.8746141
45.7640599,4.8739032
45.7635302,4.8737933
45.770141,4.863676
45.7734504,4.8671137
45.7704438,4.8641079
45.7706764,4.8670818
45.7704726,4.8750431
45.7784323,4.8663977
45.7758859,4.8710326
45.7498648,4.8858946
45.7494493,4.8838642
45.75027,4.8871316
45.7500659,4.8857605
45.7495822,4.885022
45.7498396,4.8851779
45.7498117,4.8850863
45.75068,4.8883689
45.7498774,4.886935
45.758943,4.8872694
45.7588335,4.8869046
45.760047,4.8887863
45.7532166,4.8917114
45.7535378,4.8919187
45.7595799,4.8911551
45.759679,4.8911084
45.759102,4.8893829
45.7352047,4.9093883
45.7473018,4.9245623
45.7669719,4.8792914
45.7670627,4.8804693
45.7657419,4.8804425
45.7682056,4.8803703
45.7693482,4.879749
45.7683222,4.8797289
45.7688441,4.8792409
45.769481,4.8786851
45.768580300000004,4.88119
45.7687505,4.8848521
45.7656168,4.901252
45.766313,4.8975089
45.7652524,4.8989071
45.7659629,4.8977997
45.7783014,4.8790844
45.782084,4.8889843
45.7617608,4.918136
45.7778354,4.9186574
45.7775826,4.9185618
45.7779474,4.9182795
45.7857,4.9271415
45.7862391,4.9246249
45.7865575,4.9247572
45.7997974,4.8477369
45.7994305,4.8468902
45.7992479,4.8463458
45.7990405,4.8461855
45.7969081,4.8435932
45.7987622,4.8455521
45.7987954,4.8461154
45.8012961,4.825404
45.8000907,4.8478271
45.790214,4.8579282
45.8165611,4.8402932
45.8344143,4.8477173
45.8354577,4.8474149
45.8357901,4.8472768
45.8237123,4.8735285
45.8241877,4.8727954
45.8232019,4.8720796
45.8174769,4.9019962
45.8204223,4.8953416
45.8204209,4.8962518
45.8207814,4.8975184
45.821154,4.896619
45.8212444,4.89885
45.820252,4.8962837
45.7558382,4.9285246
45.7378399,4.9691247
45.7375749,4.9721471
45.7370939,4.9739169
45.7392324,4.9711697
45.7385541,4.9692246
45.7692151,4.9467587
45.7633498,4.9625873
45.7712659,4.9595049
45.768378,4.9556313
45.7649829,4.9982364
45.7665273,5.0028028
45.7668547,5.0023874
45.7663019,5.0036482
45.7658957,5.0035082
45.7655677,5.0033842
45.7656537,5.0026586
45.7665078,5.0027559
45.7668021,5.0030648
45.7668301,5.0015058
45.7783823,4.9943705
45.8244759,4.9543907
45.8243379,4.953997
45.8241953,4.953395
45.8233285,4.9509892
45.8251348,4.9538752
45.8236528,4.9520837
45.8241855,4.9506634
45.8249211,4.9554044
45.8302801,4.9794867
45.8259084,4.9967005
45.8455147,4.8312743
45.8765933,4.8387721
45.876388,4.8386327
45.8754879,4.8388043
45.877139,4.8397544
45.8771349,4.8405263
45.8762559,4.838624
45.875115,4.8400136
45.8884619,4.829658
45.8794088,4.8380623
45.8977754,4.8410374
45.9266396,4.9520401
45.9270327,4.9526197
45.97519,4.7070116
45.9783782,4.7178624
45.9784514,4.7184587
45.9857389,4.7182867
45.9854696,4.7177467
45.9875814,4.7182079
45.9880942,4.7162836
45.987979,4.7171146
45.9889103,4.7179054
45.9852917,4.7177292
45.9957027,4.7157515
45.9838617,4.7310681
45.9954727,4.7189531
45.9952086,4.7192488
45.9856754,4.7573362
45.9858099,4.7568086
45.9852287,4.7563596
45.987831,4.757501
46.0665675,4.6502177
46.0807777,4.7576973
46.0807067,4.758849
46.1110193,4.7386375
46.1095637,4.7462568
46.1090518,4.7491304
46.1090796,4.7499373
46.10896,4.7496525
46.1085599,4.750491
46.1087632,4.7505982
46.1084038,4.7494148
45.9978691,4.9027839
45.9998402,5.029594
46.0026427,5.0313297
46.001652,5.0296171
46.0019958,5.0284429
46.0023369,5.0283311
46.0720878,4.8980375
46.1202646,4.9569385
46.120677,4.9568076
46.2066857,4.3358338
46.2070314,4.3388562
46.2912605,4.3054594
46.2915672,4.306208
46.2917919,4.3070447
46.2923583,4.3063816
46.3075482,4.6012238
46.4335976,4.2754463
46.4329054,4.275213
46.434744,4.2734591
46.4365464,4.2785163
46.4817724,4.4388562
46.1618844,4.6800382
46.1615608,4.6800147
46.192175,4.6971939
46.1927304,4.6971927000000004
46.1723345,4.8018024
46.1774589,4.8178179
46.2102091,4.756922
46.309528,4.812676
46.309616,4.812877
46.2188801,4.9910699
46.2192795,4.9924124
46.2193576,4.9917401
46.2996095,4.8275819
46.3022613,4.8298569
46.303469,4.8289912
46.3036449,4.8336482
46.3043847,4.8341385
46.305979,4.8306879
46.3059119,4.8309967
46.3056752,4.8339131
46.3046197,4.8407921
46.2650102,4.8867875
46.2607036,4.886678
46.3136854,4.8360465
46.3141187,4.8365933
46.3127317,4.8746403
46.309826,4.9313709
46.4332787,4.6586741
46.5631052,4.9117662
46.5619553,4.9127002
46.5617433,4.9128666
46.5624139,4.9122495
46.5638788,4.9088398
46.5583401,5.0002951
45.039036,5.0482539
45.0356059,5.0528064
45.0374344,5.0558515
45.0375256,5.0561089
45.0428173,5.049862
45.045950499999996,5.0498471
45.0459867,5.0505483
45.0448055,5.0506399
45.0440357,5.0513824
45.0434561,5.0514103
45.0444512,5.0515757
45.0447279,5.0493125
45.0453125,5.053903
45.0483481,5.0502581
45.0569502,5.0552616
44.9678967,5.413897
45.0183531,5.2932036
45.0709665,5.2434253
45.2029698,5.2195925
45.1517293,5.3172411
45.152226400000004,5.3205085
45.1541831,5.3209419
45.1535992,5.3210395
45.1527093,5.3198618
45.1537146,5.3200528
45.1539049,5.319967
45.2097371,5.4021156
45.2589849,5.2439988
45.2103328,5.4033803
45.2102911,5.4032869
44.9153276,5.6341055
45.0702557,5.5528773
45.0715211,5.5516647
45.0720864,5.5522164
45.0719006,5.5519464
45.0726458,5.5530599
44.9054102,5.7865434
44.9063397,5.7866851
44.9054303,5.7872549
44.9079043,5.7900591
45.0520347,5.6766914
45.0521561,5.6762458
45.055737,5.6691914
45.0538824,5.678624
45.0868487,5.6830001
45.0868716,5.6828568
45.0871484,5.6830847
45.0829009,5.7656372
45.0756499,5.7712674
45.0757335,5.7726231
45.075615,5.7718554
45.1743626,5.5430925
45.1272884,5.5925438
45.2983446,5.4834814
45.2979677,5.4836992
45.2981443,5.4833066
45.295464,5.4833855
45.2971321,5.4827961
45.2971757,5.6357078
45.2981768,5.6360199
45.2959858,5.6378376
45.297485,5.6370542
45.1191949,5.6922849
45.1199534,5.6909489
45.1230772,5.6982546
45.1247291,5.6973354
45.1244685,5.6970291
45.1257634,5.6977763
45.1458776,5.7042794
45.151179,5.7057523
45.1485968,5.7174621
45.1472979,5.7170949
45.149248299999996,5.7176585
45.149671,5.7177756
45.148859,5.718184
45.1484863,5.7199636
45.1483705,5.7507313
45.1486884,5.7505984
45.1471411,5.7511797
45.1494042,5.7502407
45.1497958,5.7500409
45.1608034,5.6962368
45.1766561,5.6932492
45.1746195,5.696746
45.1791383,5.6939808
45.1805858,5.6940938
45.1805934,5.693785
45.1804956,5.6942118
45.1805016,5.6939567
45.1744996,5.7081888
45.1803462,5.7082442
45.1950497,5.6760949
45.1922509,5.6866892
45.1922717,5.6873523
45.1892383,5.6954125
45.1925593,5.6971131
45.1849434,5.7031378
45.1893288,5.7127749
45.1894236,5.7128003
45.1879536,5.712728
45.1884064,5.7112371
45.1901233,5.7126821
45.1886394,5.7108953
45.2056668,5.7009967
45.1662854,5.7230426
45.1642112,5.7278279
45.177089,5.7273145
45.1829391,5.7170132
45.1800744,5.7159804
45.1800853,5.716749
45.1805494,5.7157903
45.1815912,5.7274774
45.1815406,5.7250516
45.1826674,5.7267024
45.1837577,5.7219559
45.1798062,5.7234288
45.1714166,5.7326176
45.1822041,5.7339969
45.1822496,5.7285587
45.1824237,5.7289689
45.1831034,5.7278925
45.1813862,5.7344549
45.1801355,5.7356103
45.1635448,5.7517839
45.1677785,5.7410246
45.1594398,5.7557299
45.1899211,5.7200496
45.1878768,5.7195167
45.1896401,5.7177697
45.1878486,5.7200471
45.1869656,5.7208792
45.1853315,5.7219375
45.1880003,5.7244367
45.1895156,5.724174
45.1881728,5.7230467
45.1896184,5.7250075
45.1903206,5.7220696
45.1892336,5.7223356
45.1885019,5.7240084
45.1861677,5.7243819
45.186998,5.7232929
45.1883466,5.7254348
45.1913583,5.7198628
45.1904142,5.7243649
45.1909896,5.7230122
45.1882214,5.7300513
45.1886251,5.729122
45.1890034,5.7378655
45.192384,5.7314817
45.1907682,5.7288316
45.1926674,5.7310196
45.1959979,5.7354949
45.1972198,5.7372986
45.1973739,5.7361803
45.197604,5.7369941
45.1978997,5.7377895
45.198013,5.7379408
45.1873359,5.7453974
45.1866852,5.7445409
45.1838931,5.7535451
45.1876348,5.7539149
45.1880074,5.7501512
45.185666,5.7607688
45.2032384,5.7605951
45.2029844,5.7604863
45.2031364,5.7601968
45.2096593,5.760578
45.2097141,5.7606425
45.1411911,5.8285083
45.1816102,5.790963
45.2091195,5.7780582
45.2031401,5.8376805
45.2025181,5.8377693
45.2013037,5.8400121
45.2089617,5.8524939
45.2233237,5.6883705
45.2335664,5.677738
45.2318102,5.6799787
45.2330509,5.6782445
45.2341327,5.6780655
45.2306389,5.6820784
45.2296908,5.6836428
45.2104607,5.7630712
45.2144342,5.8086055
45.222229,5.8124592
45.246053,5.8318149
45.2439707,5.8279356
45.246687,5.8316186
45.2453477,5.8303997
45.2706941,5.8673916
45.3375605,5.0553318
45.3378986,5.0534743
45.3378391,5.0531941
45.4997014,5.1409842
45.5022756,5.1395192
45.502220199999996,5.13807
45.32922,5.2645933
45.3385941,5.3421511
45.3387758,5.3434566
45.3389757,5.3443243
45.3934503,5.2619518
45.393352,5.2619175
45.3933492,5.2607742
45.3935123,5.2605715
45.3967976,5.4196595
45.5553831,5.0786415
45.5557999,5.077906
45.6293263,5.0637281
45.618377,5.1521435
45.600726,5.2344273
45.6141313,5.2266761
45.6128535,5.224105
45.6127344,5.2240486
45.6223729,5.2314244
45.630074,5.0636657
45.6302316,5.063669
45.6370927,5.1092873
45.686936,5.0472319
45.6360006,5.1441873
45.6355415,5.1444777
45.6349491,5.1468641
45.6357766,5.1456343
45.6341398,5.1458542
45.6344134,5.1455726
45.5865524,5.2745664
45.5864142,5.2729989
45.585556,5.2742148
45.5862946,5.2766226
45.586481,5.2766482
45.5894606,5.2780061
45.589271,5.2789824
45.5851997,5.2776012
45.585218,5.276604
45.5891867,5.2800505
45.5897273,5.2784291
45.5889601,5.2856581
45.5907034,5.2742923
45.6072791,5.2655849
45.5879472,5.3176175
45.5627709,5.4450144
45.5634952,5.4454362
45.5676139,5.4311419
45.5645623,5.4451031
45.563927,5.4456717
45.564212,5.4454345
45.5644267,5.4445385
45.5651886,5.4488065
45.5663574,5.4481587
45.7243251,5.2516279
45.724249,5.2521523
45.7244818,5.2535253
45.3493381,5.5039506
45.3490931,5.5026382
45.3489706,5.5018972
45.3490695,5.5009734
45.3987477,5.466673
45.3996656,5.4684248
45.3264012,5.562848
45.326672,5.5643648
45.3657342,5.5916666
45.3647221,5.5940874
45.3648724,5.5944649
45.3667503,5.5916579
45.366743,5.593546
45.3545532,5.6079197
45.3799352,5.5812323
45.3832234,5.5787217
45.3846133,5.5776617
45.3682272,5.5885737
45.4272484,5.5156985
45.4855278,5.4760489
45.4555293,5.636588
45.341901,5.815965
45.5374722,5.5856676
45.5372182,5.5840049
45.6004323,5.6320133
45.6765006,5.4709414
45.6773722,5.4688562
45.6778397,5.4689271
45.677734,5.468888
45.6785456,5.4691098
45.6355861,5.5620523
45.6352904,5.5619948
45.6351412,5.5645363
45.5363109,5.6727152
45.5352002,5.6706595
45.5360523,5.670053
45.5349899,5.6702994
45.5357875,5.6708279
45.5365214,5.6692746
45.5366092,5.6733361
45.5344913,5.6715614
45.5948228,5.7712152
45.7014636,5.7568064
45.6490685,5.8594709
45.0544402,6.0298351
45.0551552,6.0296576
45.0546052,6.0297796
45.0558694,6.029752
45.0546334,6.0301192
45.0550682,6.0304602
45.0911212,6.0647382
45.0899719,6.0762272
45.0933903,6.0680689
45.095303,6.0690576
45.0127031,6.1249107
45.0107279,6.1241738
45.0087225,6.1226028
45.0110081,6.1250771
45.0171023,6.1251582
45.1090602,5.8759768
45.2563313,5.9059346
45.2583646,5.9081089
45.2585146,5.9082678
45.2710874,5.8909197
45.2717715,5.8893465
45.2720495,5.8931887
45.2717983,5.8933042
45.271812,5.8923525
45.2834086,5.8812942
45.2832299,5.8810571
45.2548194,6.2585881
45.2542846,6.2601598
44.9455781,6.5563069
44.975998,6.508607
44.8988842,6.6333723000000004
44.8970855,6.6345806
44.8959916,6.6362201
44.8959196,6.633146
44.8957002,6.6331029
44.8963795,6.635659
44.9003565,6.6439055
45.1640272,6.4285871
45.1650892,6.4259841
45.1646826,6.4299201
45.1748461,6.4934812
45.2776385,6.3428584
45.2784935,6.3443662
45.2782408,6.3444104
45.2776396,6.3439641
45.2772432,6.3474567
45.2774021,6.3466728
45.2757711,6.3484701
45.2791091,6.3452452
45.2166948,6.4739911
45.2172532,6.4734146
45.1935595,6.6580179
45.1923105,6.6543713
45.1920555,6.6529962
45.1924798,6.6552081
45.2985069,6.5824896
45.2976257,6.583274
45.3583392,5.9517099
45.3934231,6.0747073
45.393282,6.0745908
45.3951037,6.0724254
45.4316635,6.0213402
45.4327492,6.0176931
45.4318079,6.0213441
45.4325263,6.0175973
45.4311293,6.0230711
45.4331276,6.0237812
45.5015622,6.0504497
45.5024771,6.0542639
45.5013629,6.0513202
45.5009458,6.0504757
45.4584385,6.1188825
45.4564767,6.1192589
45.4566506,6.1190847
45.5609873,5.8978612
45.5606653,5.8965349
45.5609948,5.8966543
45.5618343,5.898717
45.5766375,5.8988529
45.5699841,5.9169962
45.5662775,5.9235005
45.5672248,5.9225534
45.5667807,5.9230653
45.5676327,5.9226975
45.5663441,5.9211028
45.5679962,5.9216469
45.5676444,5.9201349
45.5673619,5.9188455
45.5664644,5.9198084
45.5646392,5.9194328
45.5681199,5.9214488
45.5677869,5.9223269
45.5700388,5.9195712
45.5718744,5.9162694
45.5705854,5.9149089
45.5711721,5.9127682
45.5707893,5.9117474
45.5707098,5.9138857
45.5714612,5.9127863
45.5628861,5.9455471
45.5664642,5.9294461
45.5667861,5.9247279
45.5696214,5.9342465
45.5697185,5.9346807
45.5697788,5.9334493
45.5698637,5.9341067
45.5664732,5.9327038
45.5737101,5.9503988
45.5727115,5.9481503
45.558496,5.9636116
45.5582319,5.963335
45.558958,5.9623772
45.563862,5.9655548
45.563794,5.9689705
45.5736705,5.9514537
45.5940247,5.8792659
45.5950343,5.8789401
45.5975059,5.8753268
45.5971745,5.8774052
45.5972677,5.876806
45.5811563,5.9094027
45.5887141,5.9174258
45.5892439,5.9194234
45.592578,5.9007082
45.5926803,5.9200841
45.5496104,5.9844593
45.5492324,5.9849872
45.549211,5.9844658
45.5486864,5.9861574
45.5716358,5.9777628
45.648746,5.9088982
45.6627249,5.9095088
45.6633564,5.9097155
45.6935136,5.9109434
45.692002,5.9105528
45.6933623,5.9109023
45.6878051,5.9124871
45.6895155,5.9138511
45.6889161,5.9137139
45.69043,5.91276
45.6907558,5.9129929
45.6919708,5.9121617
45.6906445,5.9133897
45.68918,5.9147146
45.68993,5.9129661
45.7212716,5.9235734
45.7221608,5.9227693
45.7220926,5.9234451
45.7215161,5.9233417
45.5700837,6.1543258
45.5695171,6.1592445
45.5693162,6.154391
45.5694524,6.1547344
45.5352593,6.2160601
45.685375,6.1365896
45.6878468,6.1349441
45.3589537,6.2996503
45.3593283,6.2993755
45.4186925,6.3646125
45.4615002,6.4437365
45.3229629,6.5378415
45.3240425,6.5378573
45.3978311,6.5660782
45.4160201,6.6350419
45.4849753,6.532552
45.4839652,6.529886
45.483811,6.529776
45.4835269,6.5334198
45.4852397,6.5330934
45.4856673,6.5314217
45.4853659,6.5308998
45.4855907,6.530943
45.4860656,6.5300553
45.4425374,6.6492858
45.4423612,6.6465159
45.4427539,6.6495385
45.5061023,6.6759229
45.5067314,6.6768134
45.505783,6.6757328
45.5067224,6.6762837
45.5429962,6.3030729
45.5422469,6.304853
45.5418326,6.3052243
45.6266556,6.4495855
45.6253196,6.4495921
45.6328542,6.3123094
45.6338572,6.3132226
45.6552374,6.3583868
45.6553917,6.3587899
45.6663203,6.3802644
45.6702747,6.3786243
45.6753183,6.3887186
45.6755674,6.3890327
45.6760773,6.3908754
45.6763115,6.3899361
45.6767982,6.39078
45.6769877,6.3910204
45.6757883,6.3920267
45.6777005,6.3920324
45.6770181,6.3926565
45.5558334,6.6495235
45.5553958,6.6508888
45.5570048,6.6529527
45.7179103,6.5733214
45.7173718,6.5744333
45.7964866,5.0449285
45.7961433,5.0477115
45.794923,5.1133704
45.7933466,5.1314655
45.7534609,5.1478303
45.7450927,5.1815879
45.7501053,5.1684422
45.7498439,5.172498
45.7504631,5.1729137
45.7510437,5.1740114
45.7510449,5.1743538
45.7510587,5.1737662
45.7508237,5.1734873
45.7500272,5.18803
45.8519226,5.0588844
45.8520204,5.0566874
45.8518457,5.0570338
45.8513784,5.0561637
45.8510634,5.0763077
45.9017432,5.1901758
45.9034695,5.1925615
45.9014036,5.1904808
45.9028823,5.1916596
45.9023866,5.1906397
45.902062,5.1905858
45.81549,5.4042772
45.8148694,5.4039482
45.8149052,5.404546
45.8155466,5.4041
45.8150092,5.4039551
45.902272,5.3475668
45.903537300000004,5.3487118
45.9028416,5.3485266
45.9026275,5.3487286
45.9968557,5.1705718
45.9547811,5.3405416
45.9604005,5.3580752
45.9615153,5.3570751
45.9603202,5.3576672
45.9620743,5.356674
45.95991,5.3578443
45.9489785,5.4409425
45.949391,5.4416597
46.0492029,5.3360143
46.08625,5.407327
45.8071156,5.453673
45.7598879,5.6856348
45.7599373,5.6882384
45.7603115,5.6886569
45.759288,5.6902619
45.7597652,5.6902776
45.7607029,5.6864598
45.8194306,5.8482847
45.8740751,5.6933144
45.9046261,5.6779683
45.847483,5.7838968
45.8469114,5.7813004
45.9784172,5.599502
45.978049,5.6000381
46.1277706,5.5397889
45.9590347,5.8350204
45.9594294,5.8356826
46.1066745,5.8239859
46.1068046,5.823901
46.1077616,5.8256321
46.107607,5.8269839
46.1078,5.827102
46.1080312,5.8277906
46.1083041,5.829096
46.1799035,5.2037935
46.2015762,5.2098839
46.2005245,5.2187187
46.2003764,5.2175263
46.2052487,5.2272704
46.2049332,5.225366
46.2043022,5.2246952
46.2060631,5.2250415
46.2061105,5.2252911
46.2054849,5.2263057
46.2056579,5.229108
46.2043079,5.2239069
46.1974427,5.2350941
46.2145799,5.2133997
46.2075215,5.2201266
46.2063196,5.2267233
46.2069216,5.2278717
46.2074764,5.2268239
46.2071753,5.226265
46.2535806,5.216836
46.3358386,5.1292218
46.3368798,5.1287684
46.3359122,5.1271019
46.3376604,5.1288288
46.202908,5.2459109
46.192296,5.3973874
46.288456,5.2946617
46.459485,5.081726
46.5029088,5.0666616
46.482642,5.2424807
46.5569019,5.1646954
46.384176,5.3462326
46.4358117,5.342924
46.4359423,5.3427816
46.4363952,5.3426887
46.5310898,5.3908202
46.2579395,5.6547899
46.2584531,5.6555523
46.2577341,5.6561188
46.2577142,5.6563709
46.258884,5.656666
46.2586953,5.655833
46.3185156,5.6599892
46.3949236,5.4537346
46.3932719,5.5661132
46.3932743,5.5691466
46.5246264,5.6096909
46.527702,5.6070428
46.5219945,5.6117622
46.4308937,5.7255928
46.3824642,5.7777265
46.4006411,5.7921406
46.3995262,5.7920756
46.3895765,5.8642687
46.3883361,5.8643727
46.3913256,5.8644242
46.3912267,5.8635669
46.3909559,5.8634114
46.3907547,5.8643997
46.3923165,5.8640033
46.3899992,5.8644834
45.7863447,5.9446675
45.7996667,5.9700563
45.8188003,6.0222421
45.8596009,5.9483867
45.8624877,5.9471399
45.8635933,5.9455671
45.8637023,5.945437
45.8638021,5.945312
45.8640824,5.9452192
45.8613948,5.9474376
45.8666691,5.9435776
45.9208168,6.0641281
45.8322976,6.1626667
45.8323244,6.1617538
45.8335317,6.1633895
45.8332586,6.1628661
45.8338659,6.1642002
45.7755136,6.2202719
45.747861,6.290871
45.8796029,6.0981904
45.8793155,6.0983901
45.8801675,6.0980614
45.8875077,6.0991482
45.8875292,6.1010241
45.8878161,6.1001043
45.8878951,6.1008333
45.8877839,6.1003561
45.8877409,6.1001757
45.8442368,6.1494511
45.8643134,6.1406507
45.9141106,6.0925578
45.9131826,6.094847
45.9137865,6.0931153
45.9137721,6.0936934
45.9071608,6.1067524
45.907281,6.1073845
45.9002082,6.1216589
45.8995481,6.1219768
45.9007849,6.1229159
45.9012479,6.1244047
45.8991,6.1267442
45.9013704,6.1237458
45.8983592,6.1238827
45.9033014,6.1223317
45.9028141,6.1261416
45.9030329,6.12635
45.9036139,6.1217171
45.9014532,6.1274748
45.9012966,6.1271049
45.9002483,6.1243917
45.9027898,6.1279138
45.9032805,6.1308696
45.9068675,6.1104116
45.9073987,6.1086706
45.9056952,6.1176792
45.9064793,6.1235848
45.9053899,6.1234551
45.9085101,6.1225729
45.9057749,6.1332366
45.9063039,6.1339303
45.9092639,6.1313435
45.9124459,6.1236389
45.9127928,6.1236405
45.9169488,6.1334542
45.9170203,6.1335986
45.9384519,6.0912081
45.9386832,6.1051852
45.9193683,6.123314
45.9187752,6.1234692
45.9188613,6.1259034
45.9375657,6.1223863
45.9399319,6.1223532
45.9377466,6.1217479
45.9046417,6.138856
45.9046576,6.1345883
45.9086537,6.1397505
45.9064817,6.1457992
45.9061424,6.145936
45.9057626,6.1454157
45.9111231,6.144505
45.911408,6.1393043
45.9147683,6.1449783
45.9118412,6.1408715
45.8592131,6.1965347
46.0190591,5.9288291
45.9572747,6.0395816
46.1078722,5.9683164
46.1174759,6.0373924
46.143841,6.0797675
46.1438835,6.0807224
46.1416159,6.0798204
46.1417323,6.0796985
46.1441754,6.0816682
46.144043,6.0813202
46.1435338,6.080587
46.0342892,6.1079307
46.0342273,6.1082336
46.0347015,6.1087685
46.0103947,6.1730472
46.0098977,6.1721627
45.9513881,6.1915768
45.9965304,6.2490201
46.0963577,6.1017707
46.1434244,6.0840678
46.1422294,6.0820482
46.1371681,6.2701438
46.1361884,6.268825
46.136597,6.2699966
46.135034,6.2680118
45.7472321,6.2928432
45.7463379,6.2941079
45.745537,6.4219465
45.7459562,6.4216139
45.7533174,6.42071
45.7519081,6.4199268
45.8821905,6.3235605
45.8813983,6.3244284
45.8818348,6.3252885
45.8820981,6.3242927
45.8826368,6.3258725
45.8828794,6.3258786
45.8823127,6.3245792
45.9049086,6.4250909
45.9408158,6.4251147
45.9418492,6.4264241
45.7580246,6.5375942
45.7568642,6.539636
45.857141,6.6178316
45.8585366,6.6178532
45.8619754,6.6241573
45.8649207,6.6262588
45.9343855,6.6317483
45.9357673,6.6312698
45.9355205,6.6313733
45.9356577,6.6313144
45.9352195,6.6288553
45.9342092,6.632084
45.9346149,6.6319353
45.9415257,6.6308767
45.935111,6.6334839
45.936008,6.6323122
45.9193204,6.7046275
46.0675718,6.3107876
46.0673244,6.3123387
46.0665471,6.3126823
46.0676053,6.3124739
46.0661995,6.3112866
46.0662628,6.3117343
46.0674334,6.3117965
46.0699929,6.3189507
46.0599589,6.3715704
46.0581118,6.375179
46.0768829,6.4087543
46.0776925,6.4092146
46.0784094,6.4094702
46.1433635,6.400099
46.1417209,6.4024797
46.1480834,6.4110153
46.1383553,6.4581472
46.0207977,6.620912
46.0055634,6.6936366
46.0894571,6.5030711
46.0601081,6.5792783
46.060042,6.5783452
46.0600933,6.5788928
46.0601075,6.5790856
46.0691854,6.5622026
46.0582199,6.5804066
46.0606833,6.5804174
46.0592858,6.5803029
46.0579364,6.5812462
46.0585687,6.5806861
46.0572478,6.5813473
46.058852,6.5803113
46.0620784,6.5805613
46.1078651,6.5902528
46.1080017,6.5920172
46.1080004,6.591009
46.2424911,6.0196759
46.2435031,6.0208434
46.2454163,6.020792
46.2433302,6.0206254
46.2430741,6.021691
46.2432338,6.0204668
46.2431525,6.025242
46.2423117,6.0248559
46.2567851,6.0587643
46.2529194,6.0778829
46.3256899,6.0545031
46.332131,6.0590664
46.3323815,6.0588118
46.3325043,6.058055
46.3313132,6.0585813
46.3325967,6.0585516
46.2566467,6.1098339
46.2563774,6.1098539
46.2564442,6.1096702
46.256001,6.1102978
46.2582394,6.1116979
46.2570266,6.1100725
46.2567301,6.109315
46.2581189,6.1127023
46.2560808,6.1104711
46.1918612,6.2081063
46.1915424,6.2138567
46.1914991,6.2151763
46.1916005,6.2197645
46.1925552,6.2323138
46.190947,6.2349409
46.1913428,6.235075
46.1928916,6.2329022
46.1905511,6.2342325
46.1928211,6.2338688
46.1904676,6.2336103
46.1997379,6.2250767
46.1934518,6.236189
46.1958261,6.2350735
46.1936454,6.2347939
46.1946864,6.2340801
46.1965488,6.2359871
46.1864638,6.2485961
46.2029235,6.2512473
46.2026798,6.2505662
46.1986141,6.2648396
46.1838411,6.2794004
46.1863031,6.2906845
46.3558217,6.1394659
46.269497200000004,6.2561365
46.5183355,6.0241838
46.5207409,6.0232294
46.5189116,6.0240567
46.5187104,6.0238193
46.4851977,6.0594179
46.4859605,6.0590828
46.4836977,6.0609367
46.5209637,6.0230829
46.5379285,6.1368517
46.1678958,6.3197679
46.167892,6.3208194
46.2340205,6.3217387
46.2085042,6.404577
46.2073817,6.4032884
46.3057708,6.3022926
46.309347699999996,6.3119929
46.2647416,6.3708687
46.2649553,6.3714648
46.3315686,6.3743716
46.3314839,6.3751691
46.3348673,6.4787671
46.3633685,6.4618542
46.1578452,6.6682004
46.158392,6.6689615
46.1567324,6.6665471
46.1814961,6.7028363
46.1827447,6.7025196
46.1815436,6.704388
46.1814891,6.7044532
46.1804357,6.7056423
46.3638386,6.4628224
46.3698529,6.478251
46.3695657,6.4765614
46.3694983,6.4762191
46.3716127,6.4789135
46.3703417,6.4799149
46.3705934,6.4802288
46.3706744,6.481318
46.3712408,6.4817244
46.3739316,6.4816587
46.3706397,6.4817928
46.3807052,6.4947103
46.3952277,6.5404555
46.4012936,6.5886911
46.4002686,6.5878936
46.4016815,6.5881658
46.400974,6.5874135
46.4011178,6.5874088
46.4002891,6.5942982
46.4004875,6.5937723
46.3779874,6.6309249
46.6198734,0.0748979
46.6768129,0.2681391
46.5785364,0.320478
46.5787693,0.3383138
46.5798374,0.3403558
46.5799314,0.3396164
46.5802562,0.33928
46.5812449,0.3393578
46.5806501,0.3403263
46.5806596,0.3400127
46.5804434,0.3382476
46.5803503,0.33884
46.5806642,0.3379601
46.5823296,0.3370169
46.5981009,0.3256981
46.5807833,0.3408757
46.5805987,0.3408496
46.5830717,0.3434072
46.5826862,0.3434455
46.5805297,0.3412411
46.5977117,0.3511635
46.5976186,0.3510444
46.5747041,0.3734362
46.5746848,0.3739538
46.5779367,0.375525
46.5805693,0.3744783
46.6498956,0.3630998
46.6467554,0.3630694
46.647401,0.361695
46.6510399,0.3754341
46.6512998,0.3745741
46.672701000000004,0.3766957
46.6673959,0.4037509
46.6843936,0.3746728
46.6858807,0.3698566
46.6855674,0.3698501
46.6852951,0.3697676
46.8140438,0.3272447
46.8156603,0.3281898
46.9186405,0.211574
46.9009509,0.4068598
46.6811233,0.569205
46.7363835,0.7646174
46.7978553,0.5290703
46.8062373,0.5425386
46.8061657,0.5425252
46.8152675,0.5338665
46.8165195,0.535653
46.8163165,0.536066
46.8162573,0.5447967
46.8167033,0.5459067
46.8176191,0.5460676
46.8185107,0.5466827
46.8170567,0.5459701
46.8170861,0.5449213
46.8161344,0.5447806
46.8162095,0.5458477
46.8161196,0.547042
46.8254317,0.5594575
46.8406445,0.5501711
46.7863111,0.8118216
46.785623,0.8112713
46.7859979,0.8127377
46.7870242,0.8134639
46.9738668,0.6983696
46.9738417,0.6983054
46.9739525,0.6986666
47.0108464,0.08302
47.0113804,0.0835098
47.0105936,0.0867723
47.0093715,0.087322
47.062568,0.0205066
47.0118827,0.3243669
47.0126187,0.3246617
47.0148628,0.3224435
47.1655427,0.2435875
47.2734988,0.1675442
47.2802307,0.1688531
47.2813079,0.1681463
47.2817647,0.1683006
47.2811146,0.1691495
47.3937747,0.0532248
47.3238877,0.4057435
47.1175831,0.4272195
47.1134142,0.6213079
47.1131456,0.6209825
47.3412811,0.6138268
47.3420249,0.6155781
47.383375,0.5543162
47.2825038,0.6504125
47.2864529,0.7128129
47.2932997,0.7198136
47.2840764,0.7849108
47.26884,0.8349902
47.2751091,0.8304987
47.2836671,0.78688
47.2837371,0.7872782
47.3370619,0.6571843
47.352648,0.6609908
47.3522975,0.661581
47.3511685,0.6631394
47.3511772,0.6634519
47.3508283,0.6645744
47.3508886,0.6649091
47.3501574,0.6625019
47.3508218,0.6622665
47.3506646,0.6623174
47.3504937,0.662338
47.3512105,0.664521
47.3492021,0.6794301
47.3243564,0.7118351
47.343832,0.7145335
47.3441934,0.7149784
47.3661932,0.6807883
47.3843887,0.6769927
47.3843451,0.6767137
47.3835299,0.6771504
47.3912271,0.6671778
47.3907404,0.6671076
47.3910184,0.6664585
47.3873646,0.6763022
47.3919967,0.68116
47.3915805,0.6814513
47.3916362,0.6810982
47.3913692,0.6812901
47.3926305,0.680179
47.3929725,0.6791102
47.4039836,0.6664807
47.4040239,0.6669393
47.4098706,0.6671619
47.4088151,0.6806757
47.3686881,0.7071925
47.3684703,0.7072432
47.376007799999996,0.6943463
47.3801743,0.6932083
47.3803488,0.6925838
47.3819454,0.691926
47.3821381,0.6924161
47.3669472,0.7270002
47.3669989,0.72685
47.3682613,0.7264388
47.3674353,0.7267451
47.3677144,0.7266516
47.3681581,0.7265354
47.3798892,0.7148535
47.380124,0.7167774
47.3801543,0.7151543
47.3897912,0.6873017
47.3900925,0.6861654
47.3898299,0.6875733
47.3887544,0.6897383
47.3868793,0.6899403
47.3880258,0.6894746
47.3913054,0.688205
47.391362,0.6885316
47.3901597,0.6899513
47.3947521,0.6868088
47.3932571,0.6833605
47.3961759,0.683477
47.3883519,0.6960932
47.3894159,0.6971511
47.4108261,0.6833239
47.41019,0.6828592
47.4094461,0.6819944
47.3894871,0.7204918
47.3893612,0.7197699
47.3895768,0.7220534
47.3945242,0.7862326
47.3847711,0.8265575
47.3839494,0.8272126
47.4109902,0.798769
47.3878287,0.8270806
47.3879651,0.8268371
46.7363502,0.9538295
46.6329417,1.0632073
46.6328929,1.0634143
46.6325641,1.0656173
46.6330113,1.0643992
46.7847193,0.8814334
46.8542543,0.929971
46.9856377,1.1739859
46.9859929,1.1747932
46.9860637,1.1737021
46.6342678,1.4199199
46.6345134,1.4225162
46.5879108,1.5202987
46.5887487,1.5195253
46.5882157,1.5186639
46.5902557,1.5184036
46.5895426,1.5185576
46.5879257,1.5185214
46.6889681,1.6482798
46.7904489,1.6621247
46.8049905,1.6764027
46.978674,1.6121618
46.9784988,1.6122296
46.979513,1.6106636
47.1296427,0.9984888
47.1286014,0.9976987
47.3842208,0.8409149
47.3294343,0.9911855
47.3275136,0.9914037
47.3286365,0.9917492
47.3434958,1.1841835
47.343072,1.1844621
47.3429962,1.1856946
47.3426315,1.1815693
47.3432326,1.1849136
47.3428952,1.1851188
47.3429956,1.1846289
47.1606318,1.5674544
47.2687172,1.3713931
47.2698044,1.3768826
47.269754,1.3770103
47.2684075,1.3763109
47.2688211,1.3764638
47.2692538,1.3765965
47.2754971,1.5547972
47.2549849,1.6538161
47.2562865,1.6545558
47.510522,0.1159611
47.511255,0.1155287
47.5107342,0.1159901
47.8272982,0.0747212
47.8287779,0.0767491
47.7480885,0.1341198
47.6956757,0.4178774
47.6950132,0.4188665
47.6947554,0.4185902
47.7583699,0.2750198
47.7607157,0.2748192
47.7598684,0.2745658
47.8283353,0.2737936
47.8289959,0.2734037
47.8286943,0.2739211
47.8285879,0.2738911
47.6019453,0.484056
47.6027774,0.4837138
47.602978,0.5908229
47.4142752,0.6706519
47.4141823,0.6707805
47.4221107,0.6806343
47.4125912,0.6853105
47.4222427,0.6819155
47.4188263,0.6952896
47.4271129,0.6984206
47.4270522,0.6999602
47.4273616,0.6997395
47.4704776,0.6961947
47.4120793,0.7990417
47.4975527,0.782906
47.5004152,0.7877878
47.889506,0.0272225
47.8900294,0.0268014
47.8889898,0.0273781
47.8898639,0.0279789
47.8985204,0.1917473
47.9293775,0.185577
47.9253527,0.1867029
47.9296957,0.1860786
47.9294093,0.1861844
47.9687652,0.1540926
47.9678548,0.1600081
47.9699922,0.1609848
47.9694436,0.1611444
47.9688763,0.203645
47.9694529,0.2087314
48.017816,0.1524949
48.0000181,0.1827764
47.9997875,0.1825391
47.9996269,0.1823701
48.0140582,0.1629441
48.0141957,0.161028
47.9949941,0.19063
47.995014,0.190292
47.9945659,0.1920956
47.9966581,0.1933849
47.9974748,0.1941076
48.004643,0.1951651
48.0034837,0.1964607
48.0038705,0.1958939
48.0115885,0.1887122
48.0142244,0.1873096
48.0137518,0.1869941
48.01218,0.1886191
48.0119256,0.1884716
48.0044658,0.1973895
48.0047404,0.1966718
48.0047427,0.1970509
48.004277,0.1976459
48.0044684,0.1995818
48.0024455,0.1987139
48.0045326,0.2006158
48.0042564,0.199594
48.0202675,0.160631
48.0162642,0.185743
48.0240355,0.2026997
48.0236625,0.2019153
47.8779198,0.221173
47.9065527,0.2462063
47.9066392,0.2455951
47.9138396,0.2460283
47.9356729,0.3652169
47.971014,0.2103817
47.9819356,0.2115063
47.9829677,0.2099552
47.9828632,0.2111819
47.9827161,0.2106379
47.9830178,0.2117533
47.9823211,0.2132591
47.9824006,0.2112655
47.9441666,0.2636846
47.9434643,0.2636839
47.9865522,0.2817192
47.9862205,0.2822482
47.9870862,0.2829483
47.9980142,0.2144359
47.9970486,0.217039
48.0148707,0.2118522
48.0153799,0.212175
48.0162012,0.2145416
48.0161018,0.2155624
48.0343619,0.2403336
48.0140437,0.2720275
48.0140517,0.2709721
47.9364244,0.3649376
48.0440757,0.1733002
48.0620947,0.164402
48.0979184,0.154773
48.096943,0.1551243
48.2256143,0.130808
48.2255389,0.1316589
48.2254549,0.131221
48.0491119,0.4070617
48.0486301,0.4112999
48.0478435,0.4137236
48.175398,0.2341355
48.1739031,0.2355514
47.8646244,0.4700723
47.8650655,0.4690171
47.8651028,0.4686114
47.9728581,0.5549599
47.9724376,0.5558706
47.833672,0.7521035
47.8345443,0.7520016
47.8327951,0.7493569
47.8800942,0.8087631
47.9198573,0.7430407
47.9211316,0.7437073
47.9207601,0.7428485
48.0604934,0.4932958
48.0599682,0.7325059
48.0590396,0.7362838
48.0596321,0.73586
48.1857433,0.6536461
48.1870008,0.6541713
48.1872355,0.6529114
48.1869798,0.6543812
47.4121114,0.9818499
47.4121076,0.9808366
47.4127093,0.9828019
47.412477,0.9823001
47.4123974,0.9821251
47.4128158,0.98305
47.4256064,0.9812678
47.5901448,0.906275
47.59319,0.9154436
47.5919993,0.9160234
47.5932889,0.9154211
47.5927292,0.9154536
47.5928872,0.9165971
47.5002703,1.174399
47.5000337,1.1755798
47.4999826,1.1731709
47.6043793,1.1394718
47.7527984,0.8605559
47.7531794,0.8611938
47.7529552,0.8630204
47.7533436,0.8619534
47.7910774,1.0659617
47.7918715,1.0651039
47.7951851,1.0677938
47.7947842,1.068111
47.7922996,1.067964
47.795687,1.0682413
47.8053163,1.0539773
47.8065919,1.0663287
47.4978248,1.2992468
47.417888,1.428359
47.4178712,1.428566
47.4192936,1.4291539
47.5845468,1.319186
47.5872595,1.328172
47.5871204,1.3303053
47.5855002,1.3349743
47.5859465,1.3355928
47.5874306,1.3324198
47.5876221,1.3333137
47.5854947,1.3337237
47.5866436,1.3353936
47.5951647,1.3290611
47.5902089,1.3297621
47.5820817,1.3418237
47.5836583,1.3395071
47.6007903,1.3199376
47.6061369,1.3282198
47.6135095,1.3272834
47.6021309,1.347492
47.6080049,1.3556287
47.6081605,1.3556022
47.6049549,1.3511858
47.5662973,1.3684892
47.562824,1.3733019
47.5623327,1.4564508
47.5487297,1.5407818
47.8223256,1.294375
47.8224474,1.2940715
47.7033629,1.5063031
47.7036445,1.5059169
47.7049145,1.5075078
47.7023983,1.5095543
47.7674557,1.6130909
47.7769381,1.6300238
47.7778122,1.6296922
47.7780083,1.6282467
47.7767507,1.6302452
47.7766877,1.6303406
47.9803472,0.8948668
47.9805997,0.8942606
47.9808282,0.8940031
47.9022318,1.2332266
47.9025377,1.2351667
48.1952966,0.8942574
47.9096736,1.5276468
47.9111729,1.5278915
47.9107815,1.5280558
47.948656,1.6185609
48.0697449,1.3282074
48.0704097,1.3292761
48.0708546,1.3288927
48.0712848,1.3294585
48.0715449,1.3300031
48.0704154,1.3295952
48.0702731,1.3293896
48.0725608,1.3315333
48.1824649,1.3872933
48.1804911,1.3870873
48.1815698,1.3864022
46.5962997,1.8076687
46.7647843,1.7178214
46.7425218,1.8333509
46.7421702,1.8329144
46.5827966,1.9849124
46.5820176,1.9875929
46.5813841,1.9869238
46.5804025,1.9859954
46.5815526,1.9871194
46.5803532,1.9862557
46.730276,1.9660796
46.7950604,1.6919911
46.8063688,1.6961311
46.8055019,1.6972828
46.8104967,1.6897894
46.8097337,1.6889532
46.8111176,1.6908009
46.8163982,1.6844957
46.8106953,1.6910559
46.8124576,1.6957243
46.8113666,1.6924351
46.8108459,1.6927224
46.8150734,1.6965401
46.8119455,1.6929708
46.8116536,1.6927924
46.8111492,1.6928192
46.8261252,1.7014813
46.8266682,1.7014073
46.8099891,1.7040669
46.9495226,1.9913422
46.9488456,1.991269
46.9490931,1.9912371
46.9484344,1.9908475
46.9484394,1.9919877
46.9500291,1.9922117
46.9498,1.9947105
46.9500139,1.9924541
46.9499853,1.9929694
46.7528837,2.1775411
46.725068,2.481358
46.7233145,2.5010477
46.7213777,2.5042864
46.7212664,2.504539
46.7231049,2.5043617
46.7231145,2.5053948
46.7233382,2.505253
46.7234284,2.5056228
46.7224269,2.5049354
46.7216738,2.5048635
46.8574181,2.3208808
47.0704749,1.8082514
47.1266797,2.056915
47.2687768,1.8680686
47.3593339,1.7444048
47.3592174,1.7444454
47.3593677,1.7441778
47.3594419,1.7446606
47.3596152,1.7432986
47.359708,1.7459093
47.3612815,1.7447153
47.3610568,1.7444015
47.3600552,1.7440395
47.3760988,1.7383349
47.3758222,1.7374264
47.2284263,2.0512693
47.2282744,2.0517557
47.2156611,2.0650771
47.2238456,2.063681
47.2252413,2.0614105
47.2227829,2.0662187
47.2233873,2.0648971
47.2229702,2.0662084
47.2221157,2.0671889
47.1453216,2.2179242
47.1452738,2.2191348
47.1449112,2.2177673
47.063046,2.3688214
47.0628742,2.368875
47.0709585,2.3779213
47.0640355,2.3978686
47.0642209,2.397768
47.0643196,2.3978552
47.0713469,2.3780649
47.0712814,2.37798
47.0815598,2.3927259
47.0837678,2.3956543
47.0820525,2.3951679
47.0842741,2.3955403
47.0798164,2.4011283
47.0800274,2.4014229
47.0857859,2.3936639
47.0864356,2.3938756
47.0880507,2.3972093
47.0859415,2.392999
47.0859653,2.3934642
47.0904254,2.399604
47.1086643,2.3784279
47.109239,2.378245
47.0977874,2.4054
47.1041366,2.4045234
47.1239268,2.4027609
47.1448751,2.4291111
47.31457,2.2544226
47.2318962,2.4868186
46.7314321,2.6380896
46.885397,2.5700172
46.8319055,2.9187619
46.5866113,3.0594723
46.5866261,3.0591188
46.7903894,3.1187753
46.7911392,3.1175946
46.9497785,2.9459827
46.9499945,2.9459543
46.9832334,3.1236307
46.9879157,3.1237583
46.9919145,3.1334414
46.9913605,3.1428884
46.9611226,3.1568626
46.9889346,3.1567066
46.9889065,3.157755
46.9904387,3.1581194
46.9897016,3.1576925
46.989958,3.1582142
46.9902946,3.1585328
46.9890093,3.1619401
46.9905273,3.162248
46.9910966,3.1592633
46.9880712,3.1676581
47.0349467,2.6534297
46.9976391,2.82008
47.0811773,2.7272018
47.3386393,2.8373473
47.3390334,2.8387855
47.410139,2.9241339
47.4104882,2.9245487
47.4103701,2.9255392
47.4097543,2.9257816
47.4114965,2.9243667
47.4113718,2.926172
47.411586,2.9276022
47.4113885,2.9259898
47.0186879,3.0827855
47.0162155,3.0828844
47.0189152,3.0828039
46.9946175,3.1351294
46.9944488,3.1360453
47.0746163,3.1013646
47.1763007,3.0189925
47.1768112,3.0184159
47.1773185,3.0177621
47.1771873,3.0169801
46.999429,3.1584097
47.0131275,3.1461001
47.0108463,3.1784601
47.0209635,3.1468094
47.0867033,3.1932469
47.0861175,3.1929537
47.1720338,3.3328089
47.283758,2.9556213
47.2844212,2.9539758
47.2830434,2.956487
47.2833868,2.9562959
47.3710617,3.1274303
47.6029221,2.0256887
47.7190043,1.9416504
47.7219398,1.9415843
47.7220995,1.9413577
47.7227319,1.9415883
47.7207829,1.9416227
47.4888833,2.440355
47.4897065,2.4401298
47.4898812,2.4386509
47.4891564,2.4394091
47.4887947,2.4396701
47.5605173,2.446645
47.7952886,2.1983881
47.8100964,2.3066414
47.7653937,2.3751842
47.7656581,2.3755339
47.7657806,2.3734988
47.7658271,2.3739809
47.7665445,2.374011
47.7659567,2.3748874
47.76604,2.3745014
47.7667332,2.3743546
47.883417,1.7725532
47.8648035,1.8328502
47.8820672,1.8635361
47.8813247,1.8643442
47.8827585,1.8635547
47.8799415,1.8701629
47.9196831,1.8283374
47.9195974,1.8281242
47.9197466,1.8288306
47.9197627,1.8286148
47.8897445,1.8380154
47.9041776,1.8621989
47.9044259,1.861471
47.899681,1.8803412
47.9098737,1.881362
47.9130474,1.87399
47.9131414,1.8749359
47.9130247,1.8746971
47.9117138,1.8776851
47.913098,1.8744612
47.9410593,1.8208303
47.9511611,1.8784483
47.9512671,1.8770092
47.9511867,1.877242
47.9514644,1.8768004
47.9511332,1.8779349
47.9613081,1.8866335
47.9605526,1.8864825
48.0271012,1.8745193
47.8439308,1.9201268
47.8421251,1.9162718
47.8436074,1.9198774
47.8396269,1.9344345
47.8394244,1.935051
47.839363,1.9352698
47.8394267,1.9343322
47.8628285,1.9003025
47.8630841,1.9002477
47.8625729,1.9001881
47.8630054,1.9006264
47.864268,1.9008524
47.865545,1.901242
47.8657417,1.9028558
47.8801632,1.9350411
47.8805289,1.9346923
47.8723032,1.9412063
47.8787057,1.9562929
47.8786279,1.9551207
47.8879381,1.9058411
47.8888782,1.904826
47.8891661,1.9052285
47.889474,1.9047398
47.8886695,1.9048084
47.8902046,1.905108
47.88687,1.9051804
47.8861589,1.9078977
47.8947391,1.9052328
47.9010846,1.8896887
47.9007789,1.8884409
47.9081113,1.8944082
47.9025234,1.9047926
47.899298,1.9050171
47.8993941,1.9047883
47.9016676,1.9007308
47.9025554,1.9030656
47.9027892,1.9034488
47.9020816,1.903348
47.9017738,1.9026476
47.8993273,1.9057259
47.9028682,1.9048388
47.9006523,1.905102
47.9035509,1.9024222
47.8994754,1.9056759
47.9027801,1.9072745
47.8985629,1.9076487
47.9038125,1.9043968
47.9060497,1.9022261
47.9058368,1.905
47.9041036,1.9041949
47.9099741,1.9039656
47.9074857,1.9037238
47.9036855,1.9043439
47.9041079,1.902801
47.9055061,1.9049842
47.9044353,1.9091297
47.892228,1.9184932
47.9041008,1.9169644
47.9036862,1.9347041
47.9157413,1.8993299
47.9164738,1.9004214
47.9182155,1.8988894
47.9340878,1.8940219
47.9337317,1.8946872
47.9152517,1.9243339
47.9281657,1.9158939
47.9280656,1.916282
47.9285755,1.9165537
47.9286416,1.92053
47.9283941,1.9204345
47.9312148,1.9160074
47.9048337,1.9427701
47.9116859,1.9695997
47.9113084,1.9695809
47.9114619,1.9696133
47.9124351,1.9690667
47.9107233,1.9692858
47.9124167,1.968736
47.8934746,2.02365
47.8932031,2.0215467
47.8971419,2.0251945
47.9047388,2.0315743
47.9042599,2.0358311
47.9053869,2.0381048
47.9050908,2.0380736
47.9446049,1.9187206
48.1455194,1.6854904
48.0804662,1.8783952
48.2004513,1.8830052
48.0694666,2.0530634
48.0693298,2.0535999
48.0692145,2.0530551
47.867013,2.1219724
47.8664964,2.1215229
47.8658663,2.12265
47.8653035,2.1223111
47.8674457,2.1221768
47.870696,2.1291542
47.8658692,2.1235712
47.8634801,2.2212713
47.863552,2.2209728
47.8633607,2.2226908
47.8632897,2.2222143
47.864241,2.2193372
47.8648869,2.219423
47.8660204,2.2194176
47.8650857,2.2192945
47.8648084,2.2195129
47.8895586,2.5144408
48.1728193,2.253574
48.1726126,2.2535412
48.1732408,2.2551155
48.1725025,2.2562018
48.1728681,2.2551231
48.204921,2.471221
48.204308,2.470859
47.4586113,2.6498379
47.5425967,2.8172907
47.5603151,2.8400685
47.6849987,2.6331166
47.6840163,2.6333314
47.685757,2.6333887
47.6843886,2.6323016
47.6839272,2.6320979
47.6836047,2.6331197
47.6840575,2.6327576
47.684586,2.6304368
47.637921,2.7383381
47.6381626,2.739264
47.822994,2.847259
47.8231248,2.8460752
47.5288877,3.0718754
47.5292204,3.0737107
47.6180094,3.1974871
47.6996123,2.9485975
47.6402389,3.072003
47.6401468,3.0710969
47.6400331,3.0709783
47.7330189,3.2938025
47.7345731,3.2939531
47.7342262,3.294086
47.7347013,3.2960386
47.7344697,3.2934953
47.9297954,2.9277026
47.9305836,2.9275626
47.9311524,2.9279064
47.9305793,2.9270549
47.974853,2.7691036
47.9747938,2.7676096
47.994744,2.7326051
47.9962563,2.732805
47.996091,2.7327704
47.9999092,2.7326631
47.9971117,2.7331708
47.9968178,2.7329276
47.9957088,2.7330704
47.9966883,2.7347744
47.9964631,2.7330522
47.9954521,2.7333188
47.9963918,2.7328559
47.9990571,2.7331939
48.0067393,2.7393615
48.0127838,2.7313876
48.0120579,2.7300318
48.0688456,2.5503691
48.0910703,2.788169
48.1818478,2.7320009
48.1755724,2.871397
48.0403935,3.0567198
48.0397627,3.0578893
48.0395746,3.0562264
48.0403607,3.0565539
47.8753246,3.3504876
47.874744,3.350697
47.875044,3.3505996
48.2028576,2.9987704
48.1799615,3.0915911
48.1792829,3.0939138
48.1976749,3.2745937
48.1972803,3.2830753
48.1984086,3.2832865
48.1972126,3.2805405
48.1947781,3.2841123
48.2137736,3.2757445
48.2054764,3.278087
48.198722,3.2904305
48.2177667,3.2882384
48.2170228,3.287279
48.2801467,0.021619
48.2811318,0.0219739
48.2821297,0.0212378
48.4321905,0.0603256
48.4274295,0.0894834
48.425858,0.0897385
48.4258526,0.0891151
48.4305406,0.0815964
48.4304842,0.0838675
48.4316236,0.0901551
48.4313001,0.089101
48.4313414,0.0889889
48.4305041,0.0855714
48.4313176,0.0902351
48.4295556,0.0878172
48.435273,0.0939904
48.3507678,0.3693567
48.3507191,0.3690518
48.3496415,0.3674747
48.3502138,0.368754
48.3500966,0.3684049
48.6403128,0.0746559
48.6031135,0.1696875
48.605318,0.1715403
48.5127667,0.3538715
48.5121869,0.354469
48.5118045,0.3543414
48.374432,0.5670822
48.3748192,0.5642402
48.3747992,0.5656848
48.3213206,0.8213104
48.428946,0.7730464
48.4284715,0.7724213
48.5205272,0.5462559
48.5216952,0.5453384
48.5204103,0.5454187
48.5210931,0.5446445
48.5209886,0.5452871
48.5214872,0.5466784
48.6499683,0.4763293
48.5296275,0.7517779
48.9278539,0.1956413
48.9284928,0.1979231
48.9273745,0.1980069
48.927257,0.1981038
48.9274153,0.1975154
48.9280659,0.1970249
49.0046586,0.1507043
48.7143137,0.4305844
48.7641669,0.6248923
48.7645991,0.6276951
48.764896,0.6279877
48.7643016,0.6254902
48.7641396,0.6290804
48.764174,0.62545
48.7641284,0.629195
48.9383484,0.4802306
49.0093334,0.5301731
49.0889771,0.5936017
49.0892467,0.5948107
49.0896841,0.5986047
48.945544,0.6656844
49.0121029,0.7070725
48.3117402,0.9923604
48.4309042,0.8869509
48.299657,1.2439696
48.4711116,1.0135153
48.4716122,1.0134884
48.4719909,1.0142249
48.4719465,1.0146758
48.5599299,1.0382833
48.6119831,0.9004684
48.4179099,1.354225
48.439431,1.4608645
48.439227700000004,1.4609496
48.4393398,1.4615893
48.2715177,1.6292415
48.4275505,1.4726601
48.4269329,1.4726663
48.4279083,1.4729722
48.4442455,1.4844855
48.4450476,1.4831169
48.4447825,1.4832055
48.4435832,1.4842247
48.4439854,1.4844822
48.4459774,1.4834136
48.4448886,1.4876577
48.4443987,1.4876539
48.4462985,1.4858655
48.4453616,1.4872594
48.443737,1.4823731
48.4462332,1.4872622
48.4422679,1.4872099
48.4424638,1.4886778
48.4468674,1.4928524
48.453888,1.470408
48.4478181,1.4822031
48.451111,1.5197188
48.4482076,1.5195096
48.4488485,1.5146376
48.4478665,1.5147449
48.4483143,1.5186556
48.4546899,1.5327883
48.4699001,1.4807281
48.4695336,1.4804802
48.4699992,1.4815361
48.4720742,1.5083802
48.648519,1.5328476
48.6479694,1.5325582
48.6474692,1.5324256
48.6480587,1.5341069
48.648185,1.5342115
48.5879404,1.5775105
48.5867499,1.5781827
48.5879446,1.5780272
48.5877215,1.5778785
48.587138,1.5781717
48.6089221,1.6767041
48.6089134,1.6768485
48.6091068,1.676752
48.6090955,1.6759423
48.6090003,1.6772709
48.7398407,0.9288696
48.7395737,0.928218
48.7382786,0.9295124
48.738788,0.9287152
48.7385994,0.9278369
48.7393077,0.9290731
48.7389253,0.9285308
48.8357599,0.913978
48.8361892,0.9151157
48.8701337,1.0742238
48.8696643,1.074146
48.8700172,1.0729739
48.963695,0.9413113
49.0075434,1.0854229
49.0083726,1.0884259
49.0099841,1.1521965
49.0170403,1.1234273
49.0220009,1.1517911
49.0272526,1.1432428
49.0275173,1.1429958
49.025433,1.1459284
49.0262202,1.1501841
49.027037,1.1489535
49.0244068,1.1498042
49.026274,1.1481194
49.0262018,1.1475331
49.0259384,1.147867
49.0246375,1.1488564000000001
49.0249466,1.1483972
49.0262925,1.1471534
49.0261877,1.1493046
49.0262071,1.1494509
49.0286529,1.1509436
49.0136562,1.1798134
49.0158339,1.1834976
49.047244,1.1628441
49.0487587,1.1637718
48.7369984,1.348222
48.7182198,1.3688126
48.7184334,1.3687164
48.8655884,1.4201758
48.8659332,1.4197219
48.7896791,1.6010872
48.7896556,1.6018283
48.7892007,1.6018742
48.7922419,1.6003402
48.7898932,1.6014284
48.7897162,1.6004956
48.7910462,1.6004963
48.9071888,1.2753012
48.9064132,1.2743037
48.9078341,1.275446
48.9081288,1.2755242
49.0144938,1.3815874
49.0145346,1.3817651
49.0142122,1.3815714
49.0142872,1.3808315
49.0142483,1.3806425
49.0141718,1.380383
49.0132738,1.3783645
49.0139466,1.3806321
49.0141753,1.3814006
48.9454786,1.5337782
48.9973367,1.6769193
49.0375089,1.5826045
49.0378081,1.5820852
49.0376916,1.5813446
49.0377431,1.5842165
49.1511805,0.0476284
49.2861902,0.1852601
49.2861418,0.1851048
49.287221,0.1866734
49.2869292,0.186397
49.2865393,0.1862309
49.2870834,0.1864159
49.144024,0.2267273
49.1452994,0.2276947
49.1453065,0.224222
49.1451437,0.2231301
49.1448402,0.2263924
49.1451595,0.2239032
49.146005100000004,0.2249023
49.2476223,0.3766557
49.2477573,0.3773421
49.33768,0.0919763
49.3593417,0.0720068
49.3597316,0.0747299
49.3597579,0.0763757
49.3596488,0.0726167
49.3595998,0.0736021
49.359317,0.0773009
49.3595407,0.0777454
49.3608195,0.0838809
49.3623597,0.0858921
49.3624995,0.0857831
49.366291,0.080806
49.3656523,0.0821144
49.3667995,0.0808709
49.490076,0.1037653
49.490957,0.1047933
49.502293,0.0860679
49.5089666,0.0849792
49.5080291,0.0835212
49.5057464,0.1024692
49.5057599,0.1008052
49.5057602,0.1022237
49.5059535,0.1008303
49.506483,0.100225
49.5053687,0.1005797
49.4909479,0.1050351
49.4910621,0.1053557
49.4930705,0.1095362
49.4943642,0.1061955
49.4959311,0.1095509
49.4900796,0.1052825
49.4934778,0.1102672
49.491282,0.1053802
49.4903802,0.1053266
49.4929945,0.1113591
49.4923119,0.1133624
49.4933136,0.1118461
49.491944,0.1133923
49.4841117,0.1290228
49.491181,0.1235479
49.4963683,0.1097132
49.497002,0.1108967
49.4960962,0.1095668
49.4971732,0.1114244
49.4989765,0.1287513
49.4998379,0.129261
49.5069643,0.1203025
49.4864592,0.1351394
49.4890443,0.1349102
49.4919706,0.1397942
49.5002038,0.1323919
49.5000331,0.1330249
49.5004268,0.13597
49.5056111,0.1434474
49.5054779,0.1432612
49.5056732,0.1426999
49.5059858,0.1423518
49.5020945,0.1562555
49.5024408,0.1620512
49.5022681,0.162994
49.5090426,0.1893035
49.50703,0.1994095
49.5063032,0.1987186
49.505516,0.1993503
49.3457834,0.3429922
49.3457539,0.3420019
49.3454646,0.3429897
49.3454595,0.3416043
49.416697,0.2300727
49.4174289,0.230805
49.4196974,0.2319387
49.4190185,0.232302
49.4198753,0.2319003
49.4183868,0.2353638
49.4207318,0.2323014
49.4076456,0.269074
49.1370666,0.4564605
49.0901018,0.5989729
49.0909856,0.598317
49.0899316,0.5966692
49.0899724,0.5967531
49.2298586,0.4986776
49.1944734,0.7208199
49.1956844,0.7194524
49.1954739,0.7198077
49.2962841,0.6632057
49.2964988,0.6630193
49.3547168,0.5137513
49.3555861,0.5166163
49.3545113,0.5132042
49.3557761,0.5147465
49.3575919,0.5162311
49.3575225,0.5161536
49.3542866,0.5136182
49.4891591,0.5656965
49.4893692,0.5669981
49.3777417,0.7322339
49.3548336,0.8156612
49.484559,0.8067477
49.5177665,0.0963852
49.5181558,0.0966647
49.5185685,0.095901
49.509219,0.1375637
49.5538129,0.1154163
49.5118741,0.1751289
49.5110055,0.1757595
49.511517,0.1751848
49.513172,0.1749119
49.5455485,0.191864
49.5453667,0.1914641
49.5440595,0.1921797
49.5444015,0.192058
49.543411,0.1923176
49.7076268,0.204006
49.7072278,0.2052125
49.5280254,0.3597561
49.5279411,0.3598876
49.5299368,0.3584322
49.5306547,0.3563765
49.5297138,0.3584741
49.5291593,0.3578368
49.529815,0.3584202
49.5298548,0.3581334
49.643352,0.2658755
49.6461545,0.3663677
49.6464397,0.3679207
49.6456739,0.3671582
49.753556,0.3713339
49.7575047,0.3761342
49.7569321,0.3757062
49.757393,0.3765671
49.757316,0.3760177
49.7572117,0.3779517
49.7587513,0.376018
49.5730275,0.4696713
49.5723378,0.4696112
49.5717612,0.4712539
49.5729024,0.4725489
49.5723729,0.4727712
49.5726733,0.4732318
49.519032,0.533709
49.5195032,0.5333757
49.5187206,0.5347533
49.5188345,0.5336109
49.5186555,0.53353
49.5181661,0.5334861
49.5185978,0.5347769
49.5176286,0.5350174
49.5255529,0.7250342
49.5255339,0.7259159
49.524986,0.7272969
49.6169214,0.7528813
49.6177738,0.7532282
49.618399,0.754186
49.6171754,0.7537886
49.6165243,0.7541222
49.6175569,0.754361
49.6182674,0.7547593
49.7431332,0.5127706
49.7428988,0.5132176
49.7874221,0.6387851
49.7875377,0.6375699
49.7876917,0.6374054
49.7877304,0.6383016
49.8689426,0.7132317
49.8684349,0.7131024
49.8682595,0.7123957
49.8693973,0.7138735
49.8695044,0.7125813
49.8739982,0.7979178
49.1484926,0.9023238
49.1481455,0.9011612
49.1488998,0.9018549
49.1493608,0.9041186
49.1491715,0.9037305
49.1492611,0.90389
49.1493353,0.904017
49.1516733,0.9055472
49.2982728,0.873968
49.2983315,0.8740208
49.2835708,1.0184323
49.2890976,1.0059091
49.2881823,1.0073726
49.2890608,1.005559
49.2880083,1.0093725
49.2124115,1.1703319
49.2120007,1.1702137
49.212074,1.1705583
49.2123765,1.1699234
49.2121754,1.1700748
49.2156063,1.1692073
49.267039,1.204646
49.2570492,1.2094778
49.2567927,1.209155
49.2688166,1.2080948
49.3571199,1.0075642
49.3577628,1.0087434
49.3573783,1.0083577
49.3583461,1.009307
49.3884177,1.02259
49.3877177,1.0231375
49.481302,0.8758433
49.481498,0.8765321
49.4817636,0.8761364
49.4809429,0.8746619
49.4503608,1.0346024
49.4510125,1.0350938
49.4813475,1.0393404
49.4815734,1.0392905
49.4823845,1.040222
49.4818677,1.0391052
49.3401522,1.0939966
49.3398984,1.0942755
49.3411239,1.0972528
49.341286,1.0969262
49.3987061,1.0736577
49.3981023,1.0739153
49.3799244,1.1074376
49.3793214,1.1075587
49.304899,1.1565725
49.3047017,1.1556246
49.3055218,1.1566932
49.4035222,1.1719632
49.4029575,1.1717192
49.3994496,1.1739585
49.3877689,1.2002456
49.4086476,1.0507271
49.4081071,1.0510615
49.408395,1.0512197
49.4084753,1.0512787
49.4088034,1.0506111
49.4077722,1.0499952
49.4097742,1.0498252
49.4061011,1.0501679
49.4274063,1.0647732
49.4273524,1.0645451
49.4146458,1.0903135
49.4156311,1.0904117
49.4146476,1.091826
49.414858,1.0924582
49.4156559,1.0911837
49.4156521,1.0909019
49.4156298,1.0901618
49.4196855,1.0786868
49.4265975,1.0758808
49.4270896,1.0829454
49.4241287,1.0885778
49.4451577,1.0671105
49.4336134,1.0877549
49.4322678,1.0872549
49.4312586,1.0868177
49.4318334,1.0869123
49.431642,1.084083
49.4339609,1.0890674
49.4339237,1.0886435
49.4338263,1.0923006
49.433434,1.0907328
49.443082,1.091028
49.4414815,1.0903795
49.4427102,1.0879923
49.4415765,1.0901092
49.4406796,1.0896082
49.4383352,1.0922493
49.4429909,1.0904089
49.4413136,1.0902964
49.4411657,1.0902039
49.4408205,1.0900429
49.4417744,1.0902405
49.4426152,1.0907367
49.4415809,1.0909943
49.4390148,1.1006889
49.4392564,1.1007878
49.4381404,1.100645
49.4386321,1.1004261
49.4442994,1.0792489
49.4484685,1.0930004
49.4448428,1.0920603
49.4473703,1.0935713
49.4437502,1.0982698
49.4212236,1.1269619
49.4240988,1.1239562
49.4122712,1.1392029
49.4118343,1.1398131
49.4130177,1.1381838
49.4104249,1.1418784
49.4104433,1.1413814
49.4102056,1.1417964
49.4096014,1.1429593
49.4051721,1.1530009
49.4110056,1.1409471
49.4391004,1.1021632
49.4388925,1.1020768
49.4379521,1.1015167
49.4397694,1.1016828
49.4388464,1.1023166
49.4543938,1.1153704
49.4407961,1.1456939
49.4406787,1.1462352
49.4408343,1.1462113
49.4407013,1.1467607
49.4407422,1.1449992
49.4407648,1.1451704
49.4663409,1.0518162
49.4623535,1.069882
49.4626362,1.0700589
49.4625222,1.0712166
49.4626292,1.0708076
49.4630038,1.0801125
49.4734297,1.0922978
49.4753795,1.1084544
49.4706176,1.1171289
49.4698824,1.1208045
49.1602554,1.3326979
49.1602654,1.3321297
49.1607655,1.3350662
49.1601004,1.3340011
49.1602301,1.3331155
49.101936,1.4514727
49.2458035,1.4146225
49.2465986,1.4185826
49.2465482,1.4174204
49.2465684,1.418225
49.2474361,1.4188366
49.2470583,1.4188964
49.2473717,1.4184557
49.0912139,1.4846149
49.0909734,1.4841087
49.0922707,1.4817435
49.0931238,1.4840476
49.1843962,1.5460789
49.0923908,1.6039261
49.3310122,1.2802025
49.3596939,1.3576862
49.4710552,1.342403
49.3989861,1.4774363
49.305097,1.6115208
49.305783,1.6106383
49.5453503,0.9530151
49.5454052,0.9531978
49.545447,0.9535038
49.545254,0.9535778
49.5366485,0.9674515
49.5673754,0.9539997
49.6682905,0.8971114
49.5478645,1.0737488
49.5481101,1.0744357
49.5488127,1.0742962
49.5224411,1.1865515
49.5227865,1.1872745
49.6272489,1.1748515
49.627535,1.1758272
49.7860099,0.9996509
49.9237025,1.0721778
49.9108223,1.0783581
49.9095841,1.0783108
49.9250444,1.0750095
49.92676,1.0775927
49.9264022,1.0778629
49.9259643,1.0789237
49.9243853,1.0806173
49.926288,1.0780066
49.926942,1.0779758
49.9225561,1.0831087
49.9285866,1.1017054
49.5842109,1.3570275
49.6128749,1.5454451
49.6125569,1.5454612
49.6135648,1.5447102
49.6130487,1.5451393
49.7318011,1.4414826
49.7319351,1.4416532
49.7370107,1.4320196
49.7314693,1.4423296
49.7329721,1.443311
49.8324511,1.4020573
49.8327539,1.4024301
49.8479055,1.5681303
48.414962,1.879935
48.31229,1.998728
48.3121704,1.9991868
48.3154419,2.0867446
48.3187543,2.0873213
48.5247392,1.6891185
48.5245921,1.6884797
48.5249865,1.6875923
48.5158649,1.8351811
48.5161754,1.8351339
48.6274262,1.8277957
48.6434278,1.8245663
48.6427966,1.8277298
48.6431054,1.8265839
48.6415941,1.8258124
48.643595500000004,1.8300205
48.6448683,1.8224842
48.6472825,1.8573094
48.5300772,2.0117797
48.5298985,2.0119241
48.5307632,2.0106203
48.531404,2.0099459
48.5317649,2.0097692
48.5716388,1.9395169
48.5714518,1.9391277
48.5714169,1.9379339
48.5714922,1.9382874
48.6448166,2.0670145
48.6451617,2.0767001
48.6455431,2.0773257
48.6457237,2.0767523
48.6455356,2.0764077
48.6459808,2.0766828
48.4312523,2.1573287
48.4337554,2.1616999
48.4339336,2.162895
48.4361191,2.1606217
48.4362622,2.1609708
48.4361762,2.1612214
48.437379,2.163456
48.4466529,2.1844245
48.2952547,2.4162648
48.2951506,2.416397
48.2965174,2.415834
48.2968134,2.4156423
48.3942576,2.3766356
48.4013242,2.4704205
48.4032443,2.4671659
48.4028688,2.4700424
48.4019232,2.470526
48.4021195,2.4705367
48.488712,2.1885499
48.4924369,2.1909269
48.4931698,2.1914855
48.4935463,2.1919745
48.553862,2.1240537
48.5212615,2.2641369
48.5614289,2.3017353
48.5616396,2.3014329
48.5692218,2.1617011
48.565873,2.170436
48.5661608,2.1696319
48.5659538,2.1698969
48.6238052,2.1240929
48.5808961,2.2253645
48.5873295,2.2458277
48.5878764,2.2474943
48.5875725,2.2467986
48.5866646,2.2466196
48.5901108,2.2486183
48.5894972,2.248543
48.5880465,2.2480559
48.5885438,2.2493433
48.6076937,2.3060537
48.6075681,2.3047767
48.6103748,2.3056177
48.6095159,2.3049549
48.6098356,2.3056769
48.6426876,2.2290905
48.6599557,2.2416914
48.6389453,2.2703234
48.6393097,2.2712191
48.6398344,2.2708688
48.6394256,2.2712907
48.6385941,2.2707925
48.6357864,2.3054411
48.6357124,2.3061056
48.5249718,2.3850147
48.5239361,2.3843837
48.5647189,2.4375855
48.564676,2.4493852
48.6140923,2.3775892
48.6138892,2.3767355
48.6134285,2.3765317
48.6375406,2.3320855
48.6376955,2.3319415
48.6382754,2.3313652
48.6383545,2.3325096
48.6524431,2.3142559
48.6499797,2.3363707
48.6492739,2.4093233
48.6500512,2.4092103
48.6557667,2.4088721
48.6589067,2.4059398
48.5843558,2.4501951
48.58426,2.4492778
48.5986757,2.4247049
48.6023804,2.4692484
48.612195,2.4807615
48.6123759,2.480435
48.6116851,2.4822479
48.6118362,2.4810638
48.6128026,2.4829514
48.6130084,2.4828696
48.6162988,2.5039837
48.6149376,2.5053853
48.6163287,2.5035721
48.6285397,2.4240084
48.6298413,2.4242683
48.6246448,2.4232404
48.6259318,2.4235147
48.6267664,2.4302335
48.6267262,2.4307356
48.6258637,2.4301099
48.6260654,2.4306252
48.6255667,2.4297018
48.6258141,2.4257348
48.6279245,2.428864
48.6302001,2.4314006
48.6370631,2.4417191
48.6515263,2.4137094
48.6465775,2.451918
48.646506,2.4517508
48.6469741,2.4521363
48.6472798,2.45159
48.6200329,2.4932301
48.6200516,2.4930791
48.6944715,1.8538779
48.6946061,1.853953
48.6950706,1.854233
48.6938644,1.8547485
48.7778394,1.8083936
48.7769872,1.8075218
48.7783596,1.8089468
48.7782819,1.8088615
48.8515573,1.879287
48.8556378,1.8736207
48.855173,1.8751553
48.8553333,1.8750952
48.856434,1.8754777
48.7183907,1.8945683
48.73958,1.9506017
48.7437038,1.9498777
48.7426305,1.9637058
48.7426065,1.9638464
48.7547753,1.9447645
48.7618935,1.943815
48.7675199,1.9489912
48.7674651,1.9491575
48.7675355,1.9527863
48.7701652,1.9692607
48.7705143,1.9711328
48.7081898,2.0403753
48.7074758,2.0401317
48.7076064,2.0404569
48.7032585,2.0698445
48.7055451,2.0713293
48.7062376,2.0719509
48.7061137,2.0720486
48.7063322,2.0712988
48.7069024,2.0714648
48.7692983,2.040264
48.7554077,2.0540275
48.755993,2.0535446
48.755954,2.0537083
48.7585576,2.0531517
48.7670989,2.0787374
48.7669822,2.0785765
48.7675555,2.0782936
48.7678354,2.0778862
48.8032412,1.8990849
48.8137614,1.9001595
48.813846,1.9000142
48.8139481,1.8998592
48.8028303,1.900594
48.7917126,1.9715019
48.7917697,1.9727
48.8038558,1.9639671
48.8178678,1.9454811
48.8165886,1.9481085
48.8165303,1.9492414
48.8218253,1.9887419
48.8222189,1.9887912
48.8230201,1.9905135
48.8235394,1.9911451
48.8222494,1.9897174
48.8236544,1.9915059
48.8719309,1.9722665
48.776428,2.0021805
48.7761523,2.0019418
48.7762283,2.0021698
48.7766675,2.0033754
48.7816127,2.0427624
48.7843753,2.0432983
48.7846194,2.0439518
48.801099,2.0300379
48.7992995,2.0377596
48.8003906,2.0323876
48.8002077,2.0359254
48.8037252,2.0115343
48.8273429,1.9984803
48.8108788,2.0438385
48.8098684,2.0437372
48.7851806,2.0454795
48.7846634,2.045519
48.7858145,2.046375
48.7841437,2.0454011
48.7850548,2.0450469
48.7840655,2.0450195
48.8006903,2.0636485
48.8005124,2.0634233
48.800787,2.0628881
48.800761,2.0630139
48.8119984,2.0459314
48.8111022,2.0480971
48.802919,2.0601079
48.8034009,2.0619135
48.8121585,2.0762642
48.8276368,1.9996143
48.8279316,1.9990837
48.856227,2.0183623
48.8597282,2.0225841
48.8421087,2.0676962
48.8423174,2.0669807
48.8394207,2.0810395
48.8725236,2.0946545
48.8712174,2.0956571
48.8709087,2.096805
48.8739241,2.0937908
48.8740652,2.0944721
48.8739488,2.094397
48.874221,2.094172
48.89256,1.6804979
48.9762621,1.7133924
48.9100257,1.8492078
48.9094095,1.8491181
48.90955,1.849614
48.9097656,1.8492619
48.9102444,1.8490856
48.9601108,1.7960741
48.9650886,1.8568702
48.9634324,1.8648085
48.9635644,1.8648153
49.0001423,1.6860688
48.9864827,1.7065468
48.98977,1.7111502
48.9907113,1.7119266
48.9898251,1.7120607
48.9894133,1.7136016
48.9910335,1.7196104
48.9935461,1.726768
48.9951221,1.7325399
48.9952277,1.7323148
48.9929852,1.7314923
48.9930604,1.7306358
48.9931888,1.7307618
48.9881881,1.8101519
48.9884844,1.8103534
48.9892039,1.8105833
48.9196381,1.9758048
48.919768500000004,1.9761758
48.9194802,1.9756596
48.9197523,1.9763095
48.9200027,1.9757078
48.9483374,1.9227349
48.9783604,1.9126794
48.9782528,1.9750839
48.9813163,1.9717971
48.9778959,1.9856434
48.9305079,2.0401295
48.9293929,2.0425477
48.9293326,2.0430954
48.9307932,2.0403539
48.930074,2.0417986
48.9275326,2.0417464
48.9307083,2.0407523
48.9286158,2.0435112
48.895229,2.0706938
48.8950436,2.0706271
48.8869835,2.0781584
48.881149,2.0962387
48.8953856,2.0820133
48.8988135,2.0895328
48.8972504,2.0895581
48.8981411,2.0894844
48.8990744,2.0889783
48.8982919,2.0893796
48.8987963,2.089142
48.8994344,2.0887540000000002
48.8978776,2.089656
48.8976416,2.0887627
48.8968714,2.0906867
48.897997,2.0933311
48.8978631,2.0929861
48.897728,2.0932497
48.897428,2.0927264
48.8961992,2.0916616
48.8954104,2.0925506
48.8974547,2.0930439
48.8976584,2.0924265
48.8996891,2.0933837
48.8951708,2.0939196
48.9318865,2.0453863
48.9271614,2.0456881
48.9379875,1.998696
48.9384499,1.9986026
48.9381193,1.9988648
48.942551,2.0338276
48.9815447,2.0027325
48.981039,2.0031655
48.9803363,2.0038506
48.980677,2.0036601
48.9808818,2.003514
48.9810544,2.0031076
48.9338853,2.0531053
48.9612364,2.0694017
48.9613908,2.0693149
48.9603832,2.0686498
48.9797646,2.0590112
48.9704752,2.0728668
48.9932039,1.9104416
48.992299,1.9103784
49.005243,1.9078858
49.0047328,1.9098178
49.004615,1.9101454
49.0046178,1.9103063
49.0050448,1.9105786
49.0050071,1.9102979
49.0108144,2.0292333
49.0108334,2.0291726
49.0097279,2.0415522
49.0303586,2.0203877
49.0304339,2.0221771
49.0294311,2.0226172
49.033594,2.0210015
48.9880272,2.0644158
48.9957644,2.0627981
48.9920864,2.0907698
48.9922197,2.0911312
48.9920222,2.0906086
48.9922874,2.0917933
48.9924749,2.0918415
48.9929361,2.0940115
49.0176187,2.0913488
49.0373011,2.0796077
49.0353844,2.0807455
49.0367145,2.0788793
49.0367925,2.0790134
49.0358213,2.0823495
49.049086,2.0107759
49.0494237,2.0102859
49.0492822,2.0105203
49.0490101,2.0101068
49.0489464,2.0102106
49.0491211,2.0121478
49.0466694,2.0344873
49.0606101,2.060165
49.0610456,2.05896
49.0609344,2.0590808
49.0603194,2.0641963
49.0615176,2.0668997
49.0374414,2.0745105
49.0375874,2.0803408
49.0379298,2.0809018
49.0376057,2.0810596
49.0480872,2.096041
49.0482995,2.0961356
49.0485163,2.0962321
49.0486852,2.0963074
49.0485452,2.0959539
49.0486372,2.0959947
49.0483991,2.0961799
49.0490226,2.0964577
49.0488864,2.096397
49.0489527,2.0964266
49.0540663,2.0931097
49.0507862,2.0964507
48.6876582,2.1154994
48.6878609,2.1152648
48.6888656,2.1154011
48.6883742,2.1146722
48.7021966,2.1335488
48.7013769,2.1357949
48.7013591,2.1355522
48.7022364,2.135017
48.7022023,2.1352248
48.6993436,2.1367555
48.6823777,2.1683407
48.682792,2.1682468
48.6833542,2.1699294
48.6841698,2.1700546
48.6842592,2.170064
48.6964085,2.1847067
48.6972959,2.1629514
48.6977786,2.1651293
48.6969241,2.1630674
48.7111937,2.161088
48.7005687,2.1883067
48.697181,2.1872101
48.696622,2.1858647
48.6979013,2.1868901
48.6970035,2.1884389
48.6972805,2.1829641
48.698224,2.1872831
48.6978138,2.189066
48.7139817,2.2018504
48.7655244,2.1620091
48.7642061,2.1679539
48.7639196,2.1675793
48.7637847,2.1677188
48.7035889,2.2282067
48.714945,2.2460429
48.7131497,2.2441119
48.7135939,2.2445551
48.7151045,2.245907
48.7125422,2.2435785
48.7176663,2.2471759
48.71794,2.2483399
48.7225933,2.2619265
48.6972359,2.2927722
48.6970815,2.2948823
48.6973391,2.2940359
48.6968851,2.2951216
48.7328329,2.2209794
48.7326286,2.2209351
48.7324631,2.2210276
48.733215,2.2215754
48.7316574,2.2230502
48.7245216,2.2607022
48.726174,2.2565479
48.7258492,2.2562893
48.7265124,2.2568585
48.724615,2.2629636
48.7306629,2.273663
48.7303565,2.2737463
48.7308115,2.2736779
48.7300393,2.2733113
48.7298371,2.2762893
48.7480428,2.266206
48.7469278,2.2663564
48.7469456,2.2662381
48.7471365,2.2660205
48.7447325,2.2632077
48.7472729,2.2677236
48.7331416,2.2866324
48.7328907,2.2890553
48.7320136,2.2882798
48.7321245,2.2889385
48.7413077,2.2829879
48.7670234,2.2799827
48.7667087,2.2795065
48.7696613,2.2805305
48.769334,2.2804737
48.7532605,2.3048445
48.7540437,2.3024314
48.7534212,2.3046213
48.7535844,2.303812
48.7526031,2.3049013
48.7541506,2.3018663
48.7539667,2.3019543
48.7561853,2.3062744
48.7841222,2.1177547
48.7768284,2.1297315
48.7757975,2.1301831
48.7990304,2.1279975
48.7992981,2.1276586
48.7995451,2.1252005
48.7987372,2.1272896
48.797652,2.1265433
48.7971165,2.1262047
48.7968792,2.127131
48.7968086,2.1360068
48.7976114,2.1354827
48.7977476,2.1349354
48.8003223,2.1325975
48.8059628,2.128626
48.8056751,2.1273935
48.8076925,2.1275786
48.8053202,2.1275651
48.8049616,2.126272
48.8068345,2.1307348
48.8071841,2.1302733
48.8072753,2.1320534
48.8053442,2.1310688
48.8052808,2.1303649
48.8063982,2.1332125
48.807051800000004,2.1329339
48.8055397,2.1311892
48.8046301,2.1319626
48.806125,2.1333842
48.8059636,2.1314727
48.8117392,2.1352984
48.8087273,2.1330962
48.8091046,2.1337232
48.8093618,2.1335265
48.8098508,2.1338198
48.810009,2.1339255
48.8106987,2.1347239
48.8088068,2.1300863
48.8053918,2.1418764
48.8049242,2.1449161
48.8048195,2.1448495
48.8045824,2.1460461
48.8050963,2.1440605
48.8190677,2.1263587
48.8191136,2.1264788
48.8168472,2.1277545
48.8163194,2.1283988
48.8167137,2.1281861
48.8172445,2.1280038
48.8202388,2.1267515
48.8269571,2.1259905
48.8266681,2.1261428000000002
48.8264768,2.1261917
48.8268284,2.1250862
48.8268253,2.1260572
48.7950241,2.1563068
48.7996037,2.1712993
48.7848892,2.1822074
48.7849133,2.1820513
48.7849013,2.1821294
48.7848413,2.1778835
48.7848332,2.1825691
48.800663,2.186687
48.799771,2.1856745
48.8005239,2.1870635
48.8041448,2.1552705
48.8041529,2.174339
48.8041979,2.1724834
48.8041692,2.1751252
48.8039257,2.1760179
48.8053988,2.1829778
48.8078707,2.1869558
48.808778,2.1873317
48.8128219,2.1923545
48.8100119,2.1897542
48.8144441,2.1932765
48.8101978,2.1902092
48.8253105,2.1869651
48.8151437,2.1937772
48.8288056,2.1187856
48.830389,2.1179248
48.8305088,2.1177499
48.8411613,2.1327703
48.8450573,2.1315388
48.8449964,2.1316889
48.8460941,2.13262
48.8529481,2.1469808
48.8612781,2.1140269
48.8609768,2.1221088
48.8609355,2.1222656
48.8544104,2.1333895
48.8659407,2.1380074
48.8649418,2.1394203
48.8788536,2.1425886
48.8776373,2.1455725
48.8785276,2.143116
48.8778782,2.1455402
48.8781375,2.1435563
48.8378063,2.1525444
48.8380868,2.15504
48.8376672,2.1524992
48.8378916,2.1528859
48.8373323,2.1537163
48.8487668,2.1510275
48.8396693,2.1861108
48.8397783,2.1856834
48.8286017,2.1915552
48.843688,2.1866171
48.8443819,2.1880657
48.8435161,2.184695
48.8438202,2.1851806
48.8451833,2.1877976
48.8449634,2.187168
48.8645628,2.1806906
48.8570657,2.1933255
48.8691923,2.1867425
48.8765162,2.1808121
48.8760279,2.1808314
48.8781211,2.180003
48.8767512,2.1798255
48.8766639,2.1817352
48.8784878,2.1815985
48.8789941,2.1811478
48.8788662,2.1812377
48.8790122,2.1789576
48.8673711,2.1971825
48.8674126,2.1965937
48.8719696,2.1982328
48.8762588,2.2014226
48.7803631,2.2059919
48.779893,2.2199122
48.7868,2.2266492
48.7813944,2.2386476
48.7869621,2.228577
48.7823052,2.243063
48.7883004,2.2302928
48.8226777,2.2081372
48.8223951,2.2074174
48.8220242,2.2074648
48.8237084,2.2084753
48.8239933,2.2094833
48.8233807,2.2098928
48.8238013,2.21174
48.824433,2.2118686
48.8207186,2.228084
48.8266765,2.2217396
48.8270028,2.2219698
48.8069297,2.2360832
48.8067504,2.236045
48.8074389,2.2355033
48.8087445,2.2360307
48.8081185,2.2361657
48.812015,2.2367656
48.8178686,2.2295063
48.8203839,2.2285601
48.8263096,2.2380458
48.8179695,2.2495475
48.827379,2.2422507
48.8246567,2.2421407
48.8255496,2.2479526
48.82362,2.2495708
48.7774513,2.2552756
48.777776,2.2583889
48.7758112,2.2564745
48.780586,2.2571599
48.7813124,2.2622808
48.7791461,2.2612467
48.7814374,2.2631999
48.799941,2.2633009
48.8008799,2.2637659
48.8013094,2.2638935
48.8010008,2.2638564
48.8004992,2.2634723
48.7788953,2.2818976
48.7792904,2.2819417
48.7791701,2.2828313
48.7791339,2.2897322
48.7782435,2.2922391
48.7784155,2.2920117
48.7779406,2.2931187
48.7783168,2.2903976
48.777339,2.2947731
48.7786904,2.2940376
48.7917839,2.2863654
48.790999,2.2890788
48.7904762,2.2886325
48.7961992,2.3017303
48.7958677,2.3021172
48.8023558,2.2659031
48.8018079,2.2655317
48.8016419,2.2660231
48.8123508,2.2726838
48.8130683,2.2717589
48.8101829,2.2696406
48.809798,2.2694119
48.8243172,2.2595507
48.8237784,2.2728088
48.8237222,2.2724253
48.8241602,2.2736218
48.8240449,2.2732757
48.8236273,2.2719751
48.8239119,2.2723559
48.8249237,2.2729647
48.8260253,2.2800951
48.8269591,2.2794666
48.8274092,2.2792428
48.8243955,2.2744077
48.8263171,2.2802312
48.8246264,2.2744372
48.8025042,2.2858566
48.8042805,2.2886934
48.8055336,2.2914643
48.803596,2.2892613
48.8029813,2.2880333
48.8020462,2.2872284
48.8025533,2.2882084
48.8034739,2.2890381
48.8106238,2.3000195
48.8128993,2.3012238
48.820098,2.2897876
48.8205,2.2913989
48.8220894,2.2855644
48.821843,2.285256
48.8253094,2.2935784
48.819384,2.3060486
48.8196598,2.3062062
48.8193272,2.3017147
48.8207282,2.3052786
48.8247795,2.2947698
48.8247206,2.2947792
48.8219472,2.3037551
48.8274443,2.3054531
48.8214756,2.3025529
48.8210785,2.3028868
48.832613,2.2277475
48.8423098,2.2077217
48.8447783,2.2120097
48.8443717,2.2113877
48.8466325,2.2143531
48.847428,2.214472
48.8440836,2.2198313
48.8319365,2.2338519
48.8309498,2.234325
48.8288203,2.2327095
48.8317117,2.2367793
48.8321592,2.2348504
48.8401007,2.2338164
48.8403517,2.2310879
48.8354955,2.2325809
48.836198,2.2375639
48.8398345,2.2401173
48.8395574,2.2399737
48.8405243,2.239755
48.8331434,2.2426411
48.8312142,2.2447411
48.8289822,2.2466946
48.8293071,2.245824
48.8336074,2.2428441
48.8322515,2.2444582
48.8333936,2.2421734
48.8340818,2.244334
48.8348368,2.2429523
48.8355492,2.2425482
48.8368517,2.2415002
48.8352896,2.2495116
48.8408213,2.2292101
48.8429111,2.2310302
48.8458435,2.2372162
48.8434336,2.2377916
48.8441172,2.2374865
48.8450914,2.237348
48.8451801,2.2370359
48.8419027,2.2386624
48.8419537,2.2389449
48.8451602,2.2351307
48.8420351,2.2385892
48.8449219,2.2449202
48.8590184,2.2135847
48.8644467,2.2060498
48.8647131,2.2062402
48.8645109,2.2079431
48.8641884,2.2085487
48.8634015,2.2102381
48.8688332,2.227683
48.8690421,2.2277882
48.8693021,2.226853
48.8695499,2.2267015
48.8700533,2.2271721
48.8689421,2.226203
48.8693771,2.2261254
48.8688068,2.2257586
48.8697379,2.2278535
48.8701681,2.2253841
48.8797394,2.2398826
48.876993,2.2492502
48.8768917,2.2496511
48.8300149,2.2647388
48.8379602,2.2583959
48.8347284,2.2551269
48.839079,2.2569945
48.8382522,2.259099
48.8399984,2.2627388
48.8393879,2.2627466
48.8393433,2.2612518
48.8371491,2.2788212
48.8454642,2.2582231
48.8452079,2.2582367
48.8425217,2.2605998
48.84155,2.2669376
48.8480122,2.2605847
48.8491712,2.2665706
48.8475646,2.2669787
48.8484138,2.2647127
48.8478601,2.2637874
48.8485576,2.2650178
48.8482067,2.2638893
48.8478437,2.2619919
48.8478852,2.2623486
48.8477464,2.2649318
48.8486516,2.2659579
48.8475192,2.272675
48.8516612,2.2678982
48.8485454,2.2751635
48.8530711,2.2756769
48.8511921,2.2765356
48.8341039,2.2901801
48.8330384,2.2890939
48.8386703,2.2822723
48.8390983,2.2821736
48.8388224,2.281589
48.8394637,2.29181
48.8357045,2.2898603
48.8396815,2.2927792
48.8406637,2.2885628
48.8361994,2.2936941
48.8326606,2.3011542
48.8375207,2.2967192
48.8375266,2.2960585
48.8384262,2.2988961
48.8379252,2.2975063
48.8386614,2.2988499
48.8388963,2.2993041
48.8405126,2.2955773
48.8359424,2.2939557
48.8395609,2.3021892
48.8344235,2.3052236
48.8362844,2.3061932
48.839711200000004,2.3025357
48.8396385,2.3018329
48.8349994,2.3046409
48.8394338,2.3050293
48.8349153,2.3038135
48.8348749,2.3039277
48.8441583,2.2814225
48.8423659,2.281435
48.8467193,2.2861808
48.8464464,2.2864898
48.846214,2.2863069
48.8471256,2.2857626
48.8467862,2.2850085
48.8452657,2.2845482
48.8442772,2.2836818
48.844091,2.2831411
48.8433595,2.2833923
48.8425418,2.2920002
48.8434103,2.293153
48.8409564,2.2878933
48.8410949,2.2882264
48.844945,2.28955
48.8413554,2.2888602
48.8413543,2.2881971
48.8488408,2.2872412
48.8509779,2.2927923
48.8506024,2.292176
48.8528372,2.2900682
48.8524061,2.2912571
48.8529003,2.2907372
48.8482415,2.290126
48.8418785,2.2997087
48.8452118,2.294104
48.8469271,2.2959391
48.8469178,2.2956406
48.8472222,2.2959183
48.8431324,2.3039153
48.8438388,2.3063057
48.8427291,2.3035007
48.8534355,2.2970263
48.8494428,2.2974856
48.850713,2.29989
48.8498877,2.2994905
48.8480874,2.2966436
48.8531228,2.2975666
48.8500068,2.2988664
48.8486794,2.3031218
48.8544065,2.2654081
48.8556718,2.2701392
48.8550656,2.269944
48.85529,2.2701639
48.8561188,2.2708898
48.8578226,2.2746638
48.8583112,2.2754219
48.8584493,2.2748476
48.8580404,2.2776736
48.8588998,2.2749555
48.859001,2.2764078
48.8667831,2.2790363
48.8664481,2.277249
48.865984,2.274205
48.8620598,2.2758197
48.8628914,2.2767409
48.8613224,2.2792913
48.8626986,2.2766738
48.8797851,2.277235
48.8582361,2.2845271
48.8578613,2.2813944
48.858450499999996,2.2850325
48.8581152,2.2815155
48.8655496,2.2837039
48.8657006,2.283611
48.8645963,2.2880351
48.8649321,2.2883111
48.8654525,2.2886812
48.8667948,2.2896169
48.864261,2.287742
48.8539676,2.2967589
48.8579137,2.300566
48.8563547,2.3050003
48.8587676,2.3029733
48.8586194,2.3039311
48.8546797,2.3051724
48.8590582,2.3031212
48.8549364,2.3061306
48.8610529,2.3020976
48.8689351,2.2833107
48.8696967,2.2845776
48.8694848,2.2845497
48.8700723,2.2857876
48.8690091,2.2852941
48.8691634,2.2851996
48.8690629,2.283589
48.8682451,2.2816122
48.8683083,2.2818045
48.8675721,2.2814805
48.8677281,2.290972
48.8684366,2.2915095
48.8678556,2.2910637
48.8709674,2.2927276
48.8759692,2.2834989
48.875815,2.2867065
48.8750168,2.2842019
48.8788222,2.2926429
48.8790502,2.2932877
48.8787143,2.2930884
48.8790697,2.291558
48.8790938,2.2907594
48.8755598,2.2906699
48.8677909,2.2995151
48.868736,2.3014462
48.8725861,2.3019868
48.8674435,2.3066185
48.8706994,2.3018424
48.871122,2.302158
48.8710844,2.3055676
48.8784635,2.2987871
48.8781331,2.2973879
48.8789274,2.2940443
48.8738057,2.2980637
48.8761824,2.3002522
48.8786382,2.2981767
48.8781168,2.2940041
48.8789432,2.3031398
48.8778569,2.3059734
48.8749659,2.3041948
48.874576,2.3048788
48.8768732,2.3005878
48.8782871,2.3050494
48.8796742,2.3028383
48.6738736,2.326235
48.6732592,2.3269801
48.6728786,2.3281346
48.6723606,2.3282969
48.6806729,2.3423753
48.6802225,2.3440081
48.6813101,2.3427789
48.6760151,2.3528488
48.7017003,2.3196598
48.7002417,2.318662
48.702111,2.3200675
48.7025076,2.3204215
48.7029633,2.3207406
48.7072353,2.328819
48.6736235,2.3767462
48.6724771,2.3754073
48.6741753,2.3774222
48.6893124,2.3750187
48.6906811,2.3762676
48.6904231,2.3752841
48.6900391,2.3773923
48.6900316,2.3813382
48.6858481,2.4085072
48.6856635,2.4109078
48.6858336,2.4087057
48.6860181,2.411413
48.6862147,2.4113286
48.6839116,2.4085424
48.6855833,2.4086462
48.6998978,2.3720929
48.7004555,2.3721155
48.7026894,2.3719241
48.7061555,2.3713276
48.7059612,2.3702045
48.7124858,2.3626381
48.7081767,2.387869
48.707984,2.388062
48.7083594,2.3889414
48.7128969,2.4024573
48.7292974,2.3590618
48.75864,2.3072326
48.7569115,2.3152135
48.755002,2.3226661
48.7546875,2.3213111
48.7543479,2.3224014
48.7575256,2.3233885
48.772823,2.3129031
48.7512263,2.3457702
48.7512771,2.3454829
48.726831,2.3623594
48.7272046,2.3613955
48.7269303,2.3620281
48.7279954,2.3692941
48.7283015,2.3696134
48.7278484,2.3673601
48.7283452,2.3693844
48.7436021,2.403158
48.7433297,2.3998106
48.7489323,2.4063694
48.7619248,2.3603185
48.7617444,2.3604928
48.7615959,2.360639
48.7614633,2.3607731
48.7624154,2.3598276
48.7621228,2.360124
48.7716943,2.3613569
48.7713806,2.3671348
48.7719498,2.3666681
48.7645068,2.3905041
48.7647928,2.3904275
48.7645446,2.3903221
48.7649101,2.390714
48.7639092,2.4047972
48.7627871,2.4007541
48.7631105,2.4002215
48.7672836,2.4066626
48.7640639,2.405327
48.7639259,2.4072767
48.7643412,2.4089699
48.7643914,2.4091985
48.7650755,2.4097149
48.7016898,2.4253438
48.702703,2.4279208
48.7025328,2.4285033
48.7036966,2.4303697
48.7035599,2.4307501
48.7032672,2.4315709
48.7227146,2.4182904
48.7050947,2.4591567
48.704618,2.4602976
48.7049252,2.4594355
48.7046676,2.4598308
48.7045003,2.4601581
48.705186,2.4589006
48.7051825,2.458509
48.6997275,2.4687123
48.7130882,2.4891072
48.7155495,2.4900866
48.7111048,2.4871071
48.713502,2.4892067
48.6981818,2.5032613
48.6980375,2.502659
48.6978564,2.5025242
48.6987006,2.5057847
48.6982397,2.5043508
48.6982966,2.5046453
48.697921,2.5036614
48.7156504,2.4916852
48.7163618,2.4908188
48.7350211,2.4193063
48.7352499,2.4224571
48.7352291,2.4221569
48.7350167,2.4192199
48.7469413,2.415759
48.7331416,2.4469735
48.7331189,2.4477851
48.7624923,2.4135198
48.751506,2.4880698
48.7746516,2.4877307
48.7736873,2.4873318
48.7540029,2.5022796
48.749536,2.5119519
48.7717604,2.5090044
48.7794459,2.3133631
48.7796566,2.3152397
48.7791765,2.3153886
48.7796633,2.313838
48.7796113,2.3140409
48.7786442,2.3151653
48.7812908,2.3157448
48.7805957,2.3137328
48.7821992,2.3163066
48.7936722,2.3212865
48.7786939,2.3381079
48.7792515,2.3390018
48.7794419,2.3351203
48.7785125,2.3350627
48.7793588,2.3354892
48.7792511,2.3352239
48.7788842,2.3384816
48.7782234,2.340965
48.7940968,2.3344676
48.794487,2.3352373
48.7942166,2.3346192
48.7954212,2.3356665
48.802104,2.3171949
48.801833,2.3183264
48.8016927,2.3162405
48.8111894,2.3149443
48.8141733,2.3167375
48.8027467,2.33178
48.8017249,2.3314003
48.8078401,2.3322123
48.8105122,2.3296706
48.8105276,2.3298343
48.8082592,2.3326785
48.8158652,2.3116859
48.8151355,2.317673
48.816621,2.3186253
48.8179183,2.3191085
48.8168348,2.3183956
48.8184588,2.3187679
48.8150152,2.3183547
48.8266744,2.3089086
48.8180819,2.3214249
48.8189028,2.3234055
48.8176445,2.3259843
48.8180636,2.3258685
48.8273852,2.326297
48.8235069,2.3253377
48.8260441,2.3266673
48.8255907,2.3265438
48.8243712,2.3292791
48.8265447,2.3321066
48.8268273,2.3306787
48.8131555,2.3339482
48.8099977,2.3592474
48.8197968,2.3385955
48.8263787,2.3414372
48.8260315,2.3415076
48.8261838,2.341874
48.8260463,2.3458083
48.8257862,2.3453011
48.8149242,2.3491947
48.8155145,2.3504125
48.8152213,2.3498012
48.8256754,2.3500062
48.8259715,2.3507845
48.8258431,2.3481861
48.8255732,2.3483134
48.8223317,2.3587958
48.8230555,2.3585643
48.8275456,2.3565272
48.8275383,2.3571726
48.8259412,2.35771
48.8263043,2.3576244
48.7929137,2.3657561
48.7901127,2.3669598
48.7954388,2.3665233
48.7956428,2.3674308
48.7941657,2.3854025
48.8001702,2.3817874
48.7987736,2.3821273
48.7804668,2.3958027
48.790549,2.391755
48.7899499,2.3890405
48.7899774,2.3912715
48.7929204,2.3956269
48.7931418,2.3949976
48.793103,2.3943533
48.7931562,2.3952039
48.7910608,2.3945962
48.8046295,2.3632936
48.8095183,2.3628255
48.8101508,2.3625322
48.8131067,2.3616397
48.8123653,2.3612275
48.8098589,2.361347
48.8098954,2.361983
48.8106981,2.3617361
48.8082112,2.3631348
48.8096588,2.3628939
48.8116214,2.3850943
48.8117754,2.3855022
48.8114693,2.3847804
48.8113843,2.3846175
48.8113821,2.3834508
48.8201557,2.3640437
48.8240842,2.3636888
48.8267862,2.3639559
48.8271901,2.3689921
48.8176398,2.3753539
48.8126819,2.3862937
48.8116397,2.3869564
48.8266758,2.4052443
48.8261912,2.4060202
48.8257011,2.4068892
48.8270324,2.405497
48.8294672,2.3084779
48.831449,2.3131232
48.8318705,2.3145008
48.8307496,2.3193036
48.833951,2.3183182
48.8329349,2.3163755
48.8317291,2.3150898
48.8317936,2.3148108
48.8335549,2.3171465
48.8342787,2.317967
48.8362697,2.3186597
48.8327134,2.324577
48.8329573,2.3244829
48.831402,2.3251061
48.8286359,2.3240592
48.8278677,2.3262637
48.8292591,2.3259912
48.8301706,2.3206218
48.8276825,2.3271004
48.8330526,2.331673
48.8315432,2.3303918
48.8313599,2.3295649
48.8304466,2.3288011
48.8314815,2.3271519
48.8295246,2.3286282
48.836623,2.32359
48.8388105,2.3227083
48.8455537,2.3108109
48.8450432,2.3104507
48.8431355,2.3129003
48.8468273,2.3109956
48.8442882,2.3080071
48.8464975,2.3109747
48.8411414,2.3136372
48.8417733,2.3185097
48.8412056,2.3183051
48.8420436,2.3196192
48.8478673,2.311143
48.8474885,2.3107756
48.8473522,2.3183754
48.8474457,2.3180776
48.8514163,2.3135568
48.8478988,2.319252
48.8479907,2.3194591
48.8416103,2.3228315
48.8421221,2.3217245
48.8447287,2.3244719
48.8427041,2.3238548
48.8440612,2.322595
48.8442297,2.324453
48.8443566,2.3245816
48.8430431,2.3223965
48.8442742,2.3236759
48.8443641,2.3231615
48.8470137,2.3264553
48.8447926,2.3218288
48.8433249,2.3262534
48.8420145,2.3302544
48.8417442,2.329317
48.8421217,2.3299033
48.846721,2.3270607
48.8504429,2.3249848
48.8518237,2.3263371
48.8479578,2.3259145
48.8530243,2.3261265
48.8522608,2.3314888
48.8506265,2.3304803
48.8508389,2.3266905
48.8484692,2.33211
48.8478696,2.3293541
48.851847,2.3269814
48.8520482,2.3269387
48.852136,2.3329274
48.8521307,2.3318531
48.8473968,2.3277629
48.8290589,2.3332463
48.8301787,2.3456101
48.8310392,2.342508
48.8306058,2.3436161
48.8403716,2.3338575
48.8393095,2.3371426
48.8347822,2.3458999
48.830606,2.3468088
48.8304643,2.3562702
48.832605,2.3544168
48.8318807,2.3568124
48.8292182,2.3568482
48.8294964,2.3565503
48.8329666,2.354859
48.8277178,2.3550954
48.838201,2.3505
48.8377256,2.3508646
48.8379117,2.3514715
48.8376536,2.3516468
48.8388735,2.3499896
48.8370691,2.3512799
48.8364686,2.3515885
48.8389478,2.3497359
48.8368084,2.3526398
48.8345373,2.3537698
48.8387237,2.3571215
48.8386124,2.3568137
48.8358783,2.3528351
48.834409,2.3538607
48.8355232,2.3531016
48.8385489,2.3566609
48.8351667,2.3533769
48.8419523,2.3375746
48.8465904,2.3434584
48.843969,2.3420303
48.8461211,2.3404463
48.8466834,2.3430808
48.8464534,2.3440651
48.8535631,2.3335139
48.8489491,2.3392325
48.8522552,2.3385407
48.8527018,2.3349473
48.8534749,2.3339836
48.8525963,2.3375634
48.8516294,2.3358969
48.8537577,2.3386469
48.8533508,2.3383843
48.8500896,2.3428486
48.8530223,2.3434038
48.8529439,2.3436247
48.8519227,2.3416681
48.8506966,2.3452809
48.8480371,2.3409949
48.8487519,2.3414295
48.849733,2.3457635
48.8512713,2.3428231
48.8523453,2.3408634
48.8422456,2.3522458
48.8433167,2.3520295
48.8446194,2.3521389
48.843936,2.3521362
48.8426479,2.3496281
48.8495797,2.3490922
48.8506198,2.3487471
48.847318,2.351266
48.8485212,2.3493453
48.8488808,2.3496555
48.8501499,2.3490881
48.8507053,2.3466859
48.8500535,2.3493616
48.8502052,2.3473579
48.8491754,2.3498686
48.8518531,2.3567062
48.849347,2.352965
48.855619,2.3071441
48.8559421,2.3076322
48.8542899,2.3072515
48.8582014,2.3148204
48.8574707,2.317577
48.8574942,2.3173543
48.8544203,2.3257043
48.855789,2.3258879
48.8555189,2.3253798
48.8556174,2.3264367
48.8554073,2.3268543
48.8557262,2.3271005
48.8586928,2.328555
48.8584636,2.3286121
48.8656465,2.3302994
48.8650255,2.3319235
48.8648502,2.3327319
48.8667224,2.3310167
48.8726629,2.3106385
48.8732419,2.3115596
48.8725589,2.3098007
48.8730053,2.3106929
48.8721899,2.3102674
48.8767711,2.3179268
48.8742737,2.3172451
48.8737373,2.3138101
48.87377,2.3140366
48.8743629,2.3193153
48.8751105,2.3159491
48.873643,2.3194366
48.8711649,2.322141
48.870289,2.3256694
48.8705173,2.3225944
48.8696742,2.3207796
48.8714414,2.3225696
48.8694197,2.3261709
48.868934,2.3327609
48.8727906,2.332795
48.8701182,2.3328493
48.8711617,2.3300722
48.872665,2.3293531
48.8709492,2.3282127
48.8722908,2.3280789
48.8712556,2.3311524
48.8699761,2.3267023
48.869981,2.3322116
48.8694075,2.331636
48.8694805,2.3266085
48.8750824,2.3241658
48.8744495,2.3205466
48.8778017,2.3225743
48.8746662,2.3248177
48.8757544,2.324877
48.873748,2.325962
48.8745755,2.3220807
48.873963,2.3244281
48.8742655,2.3261154
48.8764688,2.3326191
48.8753496,2.3324005
48.8740876,2.3267342
48.8797413,2.3271672
48.8768502,2.3324723
48.8742509,2.326761
48.8760592,2.3314569
48.8757663,2.327477
48.8760136,2.3310108
48.876318,2.330918
48.8796786,2.3266284
48.8782042,2.3299413
48.8602809,2.344466
48.8666014,2.3343426
48.8639855,2.3349141
48.8638688,2.3347851
48.8640694,2.335385
48.8655865,2.3332706
48.8647338,2.3425888
48.8648758,2.3426855
48.8630681,2.3412176
48.8634071,2.3418915
48.8660175,2.3407258
48.864506,2.3458361
48.8642191,2.3423423
48.8638673,2.3421689
48.8615573,2.3413218
48.8609603,2.3410786
48.8646781,2.3402165
48.8591202,2.3475207
48.8598944,2.3492846
48.857547,2.3507258
48.8578557,2.3497809
48.8595754,2.356609
48.8585256,2.3555109
48.8561182,2.3566788
48.8558336,2.3592211
48.8645295,2.3512403
48.8630706,2.351037
48.8620645,2.3504828
48.860546,2.3490907
48.8638593,2.3484566
48.8617012,2.3497399
48.8639627,2.3464356
48.8644565,2.3470843
48.865050599999996,2.3535846
48.8606811,2.3554603
48.8605378,2.3551993
48.8651618,2.3553959
48.8652361,2.3536539
48.8689224,2.333535
48.8716652,2.3369422
48.8724813,2.3352798
48.8715356,2.3340932
48.8709866,2.336395
48.8713483,2.3375401
48.8708529,2.3346161
48.8725697,2.3369689
48.8726909,2.3396328
48.8715007,2.3383959
48.867935,2.3337424
48.8684435,2.3342403
48.8675712,2.3339674
48.8700983,2.3346705
48.8726083,2.3371536
48.8717354,2.3404728
48.8695691,2.3402609
48.8686697,2.3421738
48.8715957,2.3412889
48.870537,2.3440546
48.8677825,2.3407548
48.8681594,2.3428585
48.8767307,2.3386266
48.8773919,2.3395256
48.8769134,2.3386304
48.8743336,2.3345374
48.8740775,2.3377311
48.8752472,2.3410564
48.8749086,2.3407659
48.87598,2.3435799
48.8747251,2.3399507
48.8760544,2.3451069
48.8797892,2.3459021
48.8797488,2.3461865
48.8794158,2.3456157
48.8796664,2.3402402
48.8671055,2.3471442
48.8685043,2.349891
48.8707193,2.349507
48.8711126,2.3464983
48.8731802,2.3585586
48.8694492,2.3546663
48.869092,2.3544517
48.86839,2.3581741
48.8734214,2.3583191
48.8705497,2.3546686
48.8778698,2.3509743
48.8776629,2.3503063
48.8768929,2.3473167
48.8791742,2.3482838
48.877297,2.3488717
48.8774911,2.3492552
48.8774769,2.3495261
48.8739114,2.3477041
48.8755992,2.3563612
48.8789794,2.3539524
48.878525,2.3535336
48.8783431,2.352836
48.8794618,2.3547465
48.8778636,2.3549287
48.8743639,2.3574271
48.8327092,2.362562
48.8286369,2.3701162
48.8288233,2.3698974
48.8276987,2.3717961
48.8309472,2.3666202
48.8294497,2.3691497
48.8293214,2.3692986
48.8280969,2.3709267
48.8402552,2.3616054
48.8343629,2.3656261
48.839481,2.3610514
48.8312357,2.3775548
48.828467,2.3791901
48.8406978,2.3744965
48.8350773,2.3739807
48.8351158,2.384695
48.8469362,2.3721785
48.8469983,2.372113
48.8506615,2.361618
48.8535279,2.3681762
48.8533487,2.3667989
48.8528913,2.3706887
48.8536145,2.3674297
48.853258,2.3674767
48.8479564,2.371765
48.8482922,2.3715514
48.8534824,2.3678771
48.8465629,2.3785973
48.8461048,2.3740873
48.8461596,2.374916
48.8457782,2.3745532
48.8460141,2.3734706
48.8466239,2.3790653
48.8446673,2.3830913
48.8450239,2.3828383
48.8507535,2.3778347
48.8509217,2.3781565
48.847703,2.374029
48.8519645,2.3740444
48.8515192,2.3746091
48.8521972,2.3768807
48.8529442,2.3768852
48.8502726,2.3811628
48.8503759,2.3847423
48.849806,2.3844851
48.8368339,2.3917853
48.8372344,2.3915293
48.8396803,2.3945209
48.8400366,2.3946968
48.8397862,2.3968956
48.8393074,2.3970077
48.8382469,2.3985623
48.8383753,2.3982048
48.8401921,2.3954651
48.8385891,2.3976516
48.833534,2.4018282
48.8370192,2.4018333
48.8368248,2.4037743
48.8358308,2.4051084
48.8378776,2.4040133
48.8356924,2.4076273
48.8471366,2.3867728
48.8417549,2.3864187
48.8467978,2.3874491
48.846391,2.387873
48.8535821,2.3868056
48.8533079,2.3872325
48.8524475,2.3894597
48.8508903,2.391371
48.8531335,2.3875347
48.8474387,2.3948976
48.8494245,2.3967446
48.8488104,2.3942111
48.8489952,2.3943736
48.849344,2.3948627
48.8448082,2.4018695
48.8465007,2.4010006
48.8457133,2.402934
48.8468655,2.4006655
48.8444634,2.4058653
48.8466594,2.4106749
48.8455488,2.4110597
48.851486800000004,2.4001157
48.851724,2.4013602
48.8521024,2.4034631
48.8525804,2.4048665
48.8513497,2.3992002
48.8476525,2.3993898
48.8473277,2.403222
48.8530182,2.4058632
48.8524972,2.4054757
48.8552557,2.3616146
48.8538346,2.3644665
48.8555413,2.3603315
48.8551239,2.3603471
48.8547852,2.3627269
48.8557151,2.3596128
48.8539855,2.3616992
48.8543409,2.369166
48.8577128,2.3677538
48.854765,2.3703199
48.8667308,2.3611415
48.8633,2.3620149
48.8632099,2.3622012
48.8626247,2.3633483
48.8621446,2.3644018
48.8664706,2.3612115
48.8643666,2.3599012
48.8619691,2.3648061
48.8652162,2.3604978
48.8654709,2.3607772
48.8637899,2.3705884
48.8641253,2.3698504
48.8635953,2.369991
48.8638938,2.3695551
48.8664384,2.3674344
48.8624535,2.371663
48.8657983,2.3663325
48.856963,2.3788266
48.8601254,2.3784741
48.8597693,2.3772029
48.8558358,2.3784894
48.8574454,2.3793253
48.8567154,2.3790407
48.8593513,2.3796138
48.8570504,2.3810504
48.8578346,2.3793123
48.8555514,2.383592
48.8613085,2.3773442
48.8612386,2.3747133
48.8643658,2.3783523
48.8653,2.3752307
48.8652053,2.3758875
48.8646121,2.3788793
48.86511,2.3744098
48.8651937,2.3740254
48.8641901,2.378482
48.8633238,2.3838536
48.8673441,2.3627982
48.8670162,2.3620021
48.8685112,2.3626511
48.8671859,2.3624471
48.8706275,2.3614249
48.8715631,2.3606153
48.8697681,2.3709319
48.8706166,2.3708239
48.8699845,2.3714076
48.869581,2.3715694
48.8689135,2.3720553
48.8687983,2.3721757
48.8686366,2.3722724
48.8774625,2.3700498
48.8727273,2.3786615
48.8717033,2.3764303
48.8687279,2.3725131
48.8669455,2.3836854
48.8672281,2.3825307
48.8675526,2.3843256
48.8682173,2.3824041
48.8743117,2.3760048
48.8765231,2.3790741
48.8544438,2.3861133
48.8539276,2.3869555
48.8573672,2.3900434
48.8562045,2.3907776
48.8570274,2.3983184
48.8562651,2.3950511
48.8565608,2.3950266
48.8638372,2.388884
48.8631166,2.3868254
48.865048,2.3978506
48.8648128,2.3975004
48.8644943,2.3986116
48.8645036,2.398308
48.8646156,2.3980291
48.8661206,2.3993734
48.8647591,2.3991263
48.8641842,2.3992653
48.8640304,2.409058
48.8649004,2.4054084
48.8637904,2.4084266
48.8646786,2.4070922
48.8696739,2.3945388
48.8705663,2.3939567
48.8740405,2.3857795
48.8749251,2.3891815
48.8794344,2.388141
48.8750116,2.389638
48.8737653,2.3862089
48.8741348,2.3859557
48.8747865,2.3879735
48.8755618,2.391793
48.8753625,2.3919852
48.8776309,2.3940543
48.8777323,2.3952759
48.8775224,2.3930979
48.8768464,2.3922703
48.8762658,2.3948203
48.8771024,2.3921281
48.8690375,2.4018799
48.8681245,2.4017154
48.8714459,2.4038421
48.8715744,2.4037863
48.8709768,2.4035156
48.8718791,2.4046641
48.8711831,2.404156
48.8685215,2.40182
48.8692088,2.4085611
48.873472,2.4052435
48.8785449,2.4102748
48.7852373,2.4269036
48.7959613,2.425714
48.800845,2.4314847
48.7795896,2.4553937
48.7813122,2.4561878
48.781425,2.4553865
48.7784168,2.4632806
48.7796648,2.4584367
48.7837301,2.4559322
48.7935815,2.4615758
48.7937928,2.4604106
48.7937993,2.4604049
48.7915322,2.4640432
48.7915286,2.4624519
48.7981969,2.4556787
48.8075567,2.4181079
48.8075337,2.417917
48.8048502,2.4199724
48.8045793,2.4194636
48.8042509,2.4196415
48.8019538,2.4301999
48.8015248,2.4310669
48.8026024,2.4282439
48.8016873,2.432427
48.8015981,2.4323237
48.8076057,2.4379051
48.8134417,2.426969
48.8111186,2.4313474
48.8090169,2.4352048
48.8199908,2.4158156
48.8204653,2.415274
48.8205022,2.4148364
48.8148757,2.4235448
48.8153932,2.4211523
48.8217484,2.4144762
48.8220684,2.4142656
48.8214371,2.4135331
48.8217923,2.4129438
48.8225876,2.4117271
48.8050916,2.4427387
48.8047744,2.4432306
48.8060125,2.4400483
48.8070233,2.4389615
48.8091645,2.4436268
48.8096094,2.4433818
48.8107443,2.4436864
48.8098452,2.44524
48.8056712,2.4554803
48.8149195,2.460219
48.7908003,2.4647937
48.7909189,2.464818
48.7911154,2.4644769
48.7902855,2.4656465
48.789337,2.4665528
48.7916694,2.4642565
48.7889251,2.4813187
48.7980342,2.4853745
48.7980349,2.4855042
48.797917,2.488605
48.7786383,2.511532
48.7894468,2.5019874
48.7978227,2.5032567
48.7979206,2.5007184
48.7938577,2.5136606
48.793518,2.5146865
48.7936594,2.513635
48.7933682,2.5145012
48.79307,2.5154601
48.7963812,2.506415
48.8068228,2.4736365
48.8066788,2.4735418
48.809375,2.471284
48.8092027,2.4722752
48.8090088,2.4724837
48.8033133,2.4857226
48.8044301,2.4856897
48.8023954,2.4859201
48.8018757,2.4858946
48.8043559,2.4860086
48.8038584,2.4856233
48.8025277,2.4862113
48.8047998,2.4871017
48.8039946,2.4856397
48.8030457,2.4845424
48.8032737,2.489102
48.8177995,2.4669165
48.8177137,2.4670017
48.8193706,2.464736
48.8188281,2.4657921
48.8202109,2.4766863
48.8202224,2.4748561
48.8202234,2.4746534
48.8201765,2.4780415
48.8197099,2.4844531
48.802509,2.4912
48.8069362,2.5091528
48.8127717,2.5095602
48.8144929,2.508539
48.8142012,2.5085287
48.8142289,2.509205
48.8142909,2.5082785
48.8129253,2.5100045
48.8139404,2.5090845
48.8139932,2.510236
48.8118285,2.5108164
48.8154832,2.5043417
48.8152877,2.505045
48.8146866,2.5071547
48.8241558,2.5098816
48.8387275,2.4173701
48.8437124,2.4182167
48.8407538,2.417412
48.8460779,2.417323
48.8450494,2.4177212
48.8469053,2.417406
48.8446777,2.4174391
48.8441131,2.4174442
48.8466083,2.4182804
48.8465563,2.4186669
48.847655,2.4234763
48.8453215,2.4289446
48.8453436,2.4286606
48.8470909,2.4366979
48.8461577,2.4368801
48.8464546,2.4345692
48.847017,2.4351016
48.8465015,2.4365963
48.8471462,2.4348532
48.845405,2.4314385
48.8453644,2.4320178
48.8476487,2.4368726
48.8485474,2.4347417
48.847923,2.4347878
48.8485254,2.4352828
48.8493319,2.4572157
48.8494356,2.4564869
48.8494379,2.4562999
48.8498557,2.4561094
48.8497668,2.4557707
48.8492285,2.4558664
48.8546273,2.4176978
48.8556927,2.4235164
48.8669031,2.4182519
48.866806,2.4182116
48.8571329,2.4304015
48.8587552,2.4372314
48.859324,2.4379137
48.8575624,2.4360669
48.857739,2.4353574
48.8592126,2.4377802
48.8574658,2.4333805
48.8574521,2.4357341
48.8583762,2.4355453
48.8689439,2.4177348
48.8679529,2.4196305
48.8792763,2.4149646
48.8795543,2.4161872
48.8799989,2.4165267
48.8789194,2.4131901
48.8785291,2.4120957
48.8797704,2.4176031
48.8594497,2.4381687
48.8627133,2.4417898
48.8655701,2.4440112
48.864829,2.4432601
48.8768889,2.4563609
48.8778283,2.4570423
48.8780143,2.4582621
48.8780456,2.4582458
48.8361141,2.4747081
48.8345672,2.4733056
48.8356976,2.4747837
48.8350627,2.4737378
48.8354381,2.4747203
48.8355585,2.4722584
48.8370123,2.4842457
48.837246,2.4867818
48.8377911,2.4877391
48.837132,2.4849254
48.8382469,2.4898736
48.8438606,2.4666376
48.8470132,2.4710588000000002
48.8463098,2.4707557000000002
48.8536186,2.4700409
48.8385316,2.4933041
48.8385025,2.4925839
48.8384822,2.4907946
48.838172900000004,2.4923931
48.8342092,2.5141572
48.8430907,2.5030206
48.8427194,2.5033906
48.8432417,2.5035836
48.8425324,2.5044903
48.8421317,2.5050094
48.842082,2.5046494
48.8419708,2.504793
48.8539473,2.4699229
48.8734549,2.4827424
48.8734512,2.4833896
48.8733316,2.4835644
48.872415,2.4847606
48.8736736,2.4824695
48.873743,2.4825783
48.873833,2.4827184
48.8735341,2.4836325
48.8738416,2.4832246
48.8761562,2.4807591
48.8628793,2.5033185
48.8621951,2.5053968
48.8626683,2.5039404
48.8804104,2.1001987
48.8975847,2.11395
48.8976774,2.114243
48.8982491,2.1139059
48.8982316,2.1145773
48.8912565,2.1343252
48.8921623,2.1346507
48.8928302,2.1331065
48.892818,2.1319703
48.8914616,2.1343553
48.8935286,2.1350037
48.8940341,2.1339284
48.8858971,2.1546737
48.8860287,2.1547046
48.8861587,2.155427
48.8871493,2.1549488
48.8877489,2.1549032
48.8881852,2.1551528
48.8899613,2.1563512
48.8885228,2.1587349
48.8863674,2.1710293
48.8881324,2.1689827
48.8869399,2.1717643
48.8800624,2.1806454
48.8801111,2.1817892
48.8903791,2.1949086
48.8903406,2.1951591
48.8912716,2.1953561
48.8931332,2.1959371
48.8904512,2.1988676
48.8901375,2.1970544
48.8927014,2.1959481
48.8903035,2.1986416
48.887499,2.1974183
48.8951301,2.1963679
48.8940693,2.1956927
48.8940313,2.195933
48.9071647,2.1506829
48.9082888,2.1505472
48.9085105,2.1514331
48.9094819,2.1787936
48.910352,2.1783141
48.9094403,2.1785947
48.909514,2.1795253
48.91175,2.179657
48.9090664,2.1774676
48.9248857,2.1878978
48.9227838,2.1884907
48.9228843,2.1874105
48.9224235,2.1876276
48.9219137,2.1879187
48.923556,2.186635
48.9264209,2.1873913
48.9260071,2.1879887
48.9455694,2.1460841
48.9451972,2.1440426
48.9468957,2.1459046
48.9481358,2.1469778
48.9369412,2.1557997
48.938538200000004,2.1574103
48.9392171,2.1582659
48.9397532,2.1588164
48.9410168,2.1608062
48.9399401,2.1592541
48.9404063,2.1599243
48.9400648,2.1597266
48.9572414,2.1971274
48.9692644,2.1948588
48.9694757,2.1945437
48.9692547,2.1943714
48.9694682,2.194194
48.9690559,2.1938074
48.9689328,2.193653
48.9689198,2.1936613
48.8862695,2.207253
48.8830727,2.2045687
48.8874645,2.2143754
48.8854728,2.21958
48.8862838,2.2154044
48.8970657,2.2187425
48.8953299,2.2226179
48.8954389,2.2241769
48.8864487,2.2315289
48.8809375,2.2378478
48.8825943,2.239379
48.880543,2.2386398
48.8801924,2.2372261
48.8805802,2.2385586
48.8847864,2.2394383
48.8825098,2.2401192
48.8826527,2.2400192
48.882491,2.2396627
48.8807838,2.2376255
48.8916652,2.2407215
48.8903639,2.2406572
48.8899818,2.2394107
48.881438,2.2543896
48.8914817,2.2418499
48.8911508,2.242119
48.8909748,2.2427286
48.889509,2.243425
48.8919661,2.2537533
48.89198,2.2542039
48.8925053,2.253703
48.8968922,2.2368646
48.8967759,2.2376821
48.8970595,2.2375212
48.903831,2.2342693
48.8987972,2.2466854
48.8975886,2.2475093
48.8990045,2.2464547
48.8955101,2.2493364
48.8954617,2.2513555
48.8958917,2.2493368
48.8958245,2.2520116
48.8961243,2.2526017
48.8957239,2.2490284
48.896815,2.2483372
48.8952626,2.2496613
48.9062192,2.2488134
48.9060782,2.2480503
48.9159296,2.2275535
48.9259342,2.2125968
48.9262129,2.2126731
48.9267759,2.2141267
48.9263723,2.2130564
48.9266333,2.2137565
48.9273578,2.2155057
48.911314,2.2327624
48.9074313,2.2408909
48.9066013,2.2386719
48.9145668,2.2296949
48.9145333,2.2284522
48.909773,2.242028
48.9065465,2.2478179
48.9078672,2.2473532
48.9091984,2.2459444
48.906598,2.2487576
48.9064423,2.2488515
48.9240558,2.2528165000000002
48.9239963,2.2524052
48.9218278,2.2524507
48.9227886,2.2523066
48.8844819,2.2602297
48.885159,2.2603798
48.8850789,2.2608465
48.8847818,2.2593342
48.8830233,2.2670586
48.8860755,2.2616697
48.8832522,2.2641183
48.8842206,2.2610863
48.8835863,2.2653262
48.8861061,2.2610569
48.8865455,2.2617492
48.8850194,2.2674023
48.8913556,2.2549805
48.8821542,2.2697838
48.8816586,2.269138
48.8844262,2.2680764
48.8846939,2.2688222
48.8835975,2.2717565
48.8833426,2.2728768
48.8823503,2.2691998
48.880099,2.2763374
48.88202,2.2767816
48.881317,2.2762344
48.880203,2.2770712
48.8827322,2.2755148
48.8822268,2.2775502
48.8809889,2.2760261
48.8869863,2.2698812
48.897154,2.256261
48.8943275,2.2766274
48.8957532,2.2770621
48.8938967,2.2764494
48.8935961,2.2770918
48.9034915,2.2682869
48.9036529,2.268197
48.9043262,2.2682855
48.9044741,2.2683733
48.9047667,2.2689335
48.904511,2.26932
48.9026651,2.2737677
48.903061,2.2693536
48.9040186,2.2696182
48.8815429,2.2914706
48.8853087,2.2914432
48.886079,2.292772
48.886292,2.29223
48.886061,2.291691
48.8868076,2.2837987
48.887719,2.2852611
48.8921195,2.2844638
48.892207,2.290126
48.8930546,2.2896167
48.8929712,2.2893377
48.8931384,2.2892052
48.8928292,2.2891217
48.8925997,2.2900175
48.8921243,2.2904358
48.8843768,2.2976591
48.885527,2.296979
48.8849716,2.2982725
48.884675,2.298153
48.8807958,2.3003045
48.881565,2.295042
48.8841748,2.2982676
48.8821302,2.2962467
48.881047,2.2956632
48.8808061,2.2998906
48.8815711,2.3004153
48.884105,2.304981
48.884057,2.304523
48.883742,2.3042615
48.8833073,2.3022674
48.883638500000004,2.3048467
48.8824874,2.3041607
48.8987186,2.2810034
48.8991693,2.2822029
48.8936655,2.2881352
48.8938377,2.2900733
48.8957361,2.2968544
48.9027072,2.3038804
48.900279,2.3057962
48.9014572,2.3048641
48.9013363,2.305407
48.9022582,2.3046422
48.9018133,2.3049432
48.8998152,2.3066113
48.9011883,2.3059535
48.9126313,2.2569736
48.9130185,2.2576416
48.912564,2.272145
48.907486,2.269984
48.915373,2.2713064
48.9151906,2.2718672
48.9150825,2.2679055
48.9131625,2.2724847
48.9138406,2.273502
48.9153715,2.2728127
48.9186928,2.2800155
48.9189935,2.2805869
48.9236525,2.2569604
48.9238423,2.2588518
48.9238267,2.2584829
48.9238884,2.2556904
48.9231555,2.2547179
48.9257427,2.2743623
48.9066976,2.2859434
48.9096336,2.2861764
48.9069499,2.2858998
48.9063738,2.2845752
48.9102403,2.2895208
48.9100665,2.2877949
48.9109733,2.2917224
48.9110304,2.2918998
48.9102259,2.2892507
48.9188736,2.2818844
48.9153321,2.2829766
48.9123118,2.2952392
48.912127,2.2950031
48.9114255,2.2971934
48.9320947,2.2890374000000002
48.9322563,2.2890477
48.9267268,2.2933994
48.9247922,2.2946977
48.9404176,2.2214665
48.9406318,2.2223077
48.9405834,2.2230963
48.9404063,2.223166
48.9527671,2.2261046
48.9451749,2.2497846
48.9453017,2.2496738
48.9448128,2.2501098
48.9449688,2.2507575
48.9463833,2.2326991
48.9458871,2.2329874
48.9461754,2.2328557
48.9468215,2.2325037
48.9458098,2.2497069
48.9485691,2.2534035
48.9844982,2.2267281
48.9843336,2.227909
48.9834559,2.2287616
48.9838368,2.2284892
48.9466554,2.2548888
48.9469337,2.2553122
48.9480595,2.2555675
48.9336587,2.2959561
48.9332859,2.297107
48.9572178,2.2854629
48.9574291,2.2866136
48.9712608,2.2592737
48.9711621,2.2596662
48.9714619,2.2579205
48.9713023,2.2574517
48.9699986,2.2628201
48.9719862,2.2563447
48.9727778,2.2564736
48.9726653,2.2564076
48.9823393,2.2716513
48.981753,2.2706479
48.9662084,2.2835905
48.9688533,2.2851526
48.9657307,2.2832605
48.9687583,2.2856274
48.9690056,2.2860735
48.9677073,2.2848848
48.9683588,2.2857407
48.9671754,2.2838671
48.9685631,2.2874218
48.9686294,2.2872232
48.9624383,2.2962987
48.9700306,2.3063834
49.0058215,2.1151873
49.0057681,2.1160081
49.0061303,2.1158904
49.0054184,2.1173152
49.0336046,2.1265939
48.9906887,2.1672238
48.9906451,2.1670476
48.9907552,2.1670622
48.990932,2.1669984
48.9910447,2.1668301
48.9911361,2.1666621
48.9913078,2.1661816
48.9904446,2.16627
48.9956374,2.1987987
49.0097567,2.1952073
49.0098185,2.1965169
49.006688,2.1985515
49.0090634,2.1981829
49.0096109,2.1956773
49.0096464,2.1955662
49.0225357,2.1557698
49.0472564,2.0986419
49.0471987,2.0988664
49.047621,2.0999282
49.047936,2.10022
49.0484744,2.1007074
49.0493235,2.1022788
49.0503813,2.0993765
49.047465,2.1029689
49.046147,2.10631
49.0462179,2.1059567
49.0463829,2.1057436
49.0465728,2.1054674
49.0472103,2.1041708
49.0470846,2.1045199
49.0462188,2.1059267
49.0505564,2.0999031
49.0628427,2.187341
49.0700011,2.1722949
49.0706698,2.1718108
49.0705157,2.1711681
48.9855398,2.2280556
48.98548,2.2280049
48.985551,2.2301784
48.985385,2.2300511
48.9936652,2.2334564
48.9973589,2.234585
48.9937611,2.2357574
48.9993513,2.2405271
49.0166408,2.2086854
49.0371292,2.2122009
49.0259444,2.2212226
49.0258039,2.2210164
49.0260482,2.2252444
49.0258977,2.2257025
49.026431,2.2225412
49.0262893,2.2222561
49.0175773,2.2461346
49.0170046,2.2474991
49.0177932,2.2450785
49.019064,2.2427941
49.0182912,2.2445149
49.0186893,2.2436663
49.0178568,2.2452796
48.9895116,2.258027
48.9857269,2.2570771
48.9892258,2.2578841
48.9895314,2.2568885
48.989367,2.2574504
48.9898148,2.2616722
48.9898606,2.2613989
48.9913707,2.2765356
48.9911489,2.2748569
48.9915086,2.2793621
48.9915421,2.2752897
48.9916044,2.2757471
48.9919306,2.276765
48.9996763,2.2588147
48.9913027,2.2906847
48.9903736,2.2899045
48.991032,2.2883336
48.9925821,2.2836989
48.9875697,2.2982165
48.9875711,2.2989528
48.9862642,2.300014
48.9872426,2.3008499
48.8857946,2.3099771
48.8855934,2.3087416
48.8854145,2.3074002
48.8858331,2.308775
48.8832303,2.3130036
48.8850326,2.310538
48.8839473,2.3132161
48.8813674,2.3151235
48.8810818,2.3162341
48.8860872,2.3177587
48.8815323,2.316576
48.880482,2.3161857
48.8815596,2.3146214
48.8807969,2.3171149
48.8823364,2.3154753
48.8819378,2.3143896
48.8854408,2.3199543
48.8833973,2.3135797
48.8815699,2.3167405
48.8870475,2.3139527
48.8930831,2.3156085
48.886627,2.3186426
48.8840239,2.3218519
48.8841082,2.3224492
48.8850396,2.3205857
48.8843391,2.3213355
48.8848513,2.3208297
48.8830853,2.3242489
48.8848366,2.3212865
48.8831845,2.3273339
48.8831584,2.3268974
48.8826687,2.3279573
48.8828661,2.3275425
48.8826907,2.3276165
48.8804253,2.3287401
48.8808854,2.3285413
48.8838961,2.3274356
48.8830231,2.3270054
48.8889565,2.3226941
48.8874646,2.3257792
48.8895328,2.3217813
48.889393,2.3225442
48.8904406,2.3207764
48.8928237,2.3276058
48.8926795,2.327119
48.8927728,2.3269074
48.8925001,2.3274681
48.8910314,2.3265756
48.8923307,2.3274141
48.8907399,2.3323859
48.8980821,2.307601
48.8936062,2.3141303
48.9027028,2.3132913
48.9010246,2.3158838
48.9003683,2.3148651
48.8950865,2.3279515
48.8932628,2.3267927
48.8931883,2.3272746
48.9047848,2.3316157
48.9056163,2.3314907
48.8849149,2.3377739
48.8840107,2.3386703
48.8846576,2.3380692
48.8843617,2.3388466
48.881898,2.33741
48.8858742,2.3349629
48.8855633,2.3360083
48.8843323,2.3390601
48.8841655,2.3388705
48.8859244,2.3342591
48.8809021,2.3403319
48.8830078,2.3460324
48.8800532,2.3401386
48.8805406,2.3402311
48.8915892,2.3347229
48.8906192,2.3344868
48.8893147,2.3377743
48.8892495,2.3373276
48.8897319,2.3384636
48.89293,2.343746
48.8929612,2.340319
48.8925368,2.3433906
48.8895904,2.3408315
48.8928046,2.3453309
48.8924971,2.3451724
48.8896484,2.3429871
48.8923889,2.3457085
48.883465,2.3492944
48.8895142,2.3498344
48.8922828,2.3463448
48.8887289,2.3463838
48.8870865,2.3493047
48.8938006,2.3360065
48.8937336,2.3366317
48.8939147,2.3363502
48.8959582,2.3457102
48.8949646,2.3471429
48.9102476,2.3105792
48.9063595,2.3317545
48.90875,2.3325495
48.9098467,2.3300159
48.9096645,2.33044
48.9142961,2.3326967
48.9171758,2.33168
48.9097417,2.3332853
48.9104995,2.3336623
48.910051,2.3333944
48.9104371,2.3331183
48.9107833,2.3585793
48.9111754,2.3584941
48.9179906,2.35256
48.9191032,2.3522813
48.9183885,2.3549277
48.9207405,2.343821
48.9200441,2.3435236
48.9198089,2.3437263
48.9301322,2.3559068
48.9324073,2.3552247
48.8809387,2.3652075
48.8806637,2.3648615
48.8846577,2.3624018
48.8816164,2.3653344
48.8822323,2.3662711
48.8816697,2.3719377
48.8843648,2.3683019
48.8832547,2.3713044
48.8900866,2.3603615
48.8911754,2.3596165
48.8912089,2.3601196
48.8806791,2.3741992
48.8808899,2.374403
48.8810096,2.3741017
48.880978,2.3734485
48.8808745,2.3735906
48.880386,2.3748678
48.8852304,2.3788304
48.8823953,2.3814541
48.8836091,2.3810186
48.8858226,2.3810933
48.8862088,2.3825419
48.8863155,2.3843738
48.8904305,2.3759463
48.8902005,2.3757322
48.8898485,2.3762478
48.8899894,2.3764137
48.8900438,2.376572
48.891012,2.3768228
48.8919679,2.3779205
48.8925109,2.3795725
48.8932323,2.3769172
48.8949842,2.3821818
48.8953563,2.3825826
48.8954979,2.3827781
48.8946249,2.3816219
48.9028977,2.3743791
48.8802023,2.3906547
48.8882551,2.3918765
48.887823,2.3881087
48.8883334,2.3899672
48.8828824,2.4036942
48.8834506,2.4034769
48.8856093,2.402883
48.8855341,2.4036286
48.8913781,2.402351
48.8916415,2.4042796
48.8912446,2.4019198
48.8922451,2.4075846
48.8919481,2.4059302
48.8930152,2.4116028
48.903916099999996,2.3920156
48.9027936,2.3914633
48.9036759,2.3924051
48.9127791,2.3828562
48.9136616,2.38256
48.9142613,2.3806545
48.9142548,2.3803001
48.9135255,2.3830941
48.9204247,2.4104865
48.9210784,2.4103235
48.9207829,2.4111751
48.9214289,2.411019
48.9351652,2.3324965
48.9539181,2.3106593
48.9528492,2.3128796
48.9366561,2.3498057
48.936124,2.3502376
48.9360412,2.3497387
48.9354633,2.3502885
48.9367707,2.3504253
48.9330211,2.350983
48.9331599,2.3507604
48.9366484,2.358296
48.936556,2.3573665
48.9338575,2.3556483
48.9363709,2.3556999
48.9368108,2.3590796
48.9401888,2.3556744
48.9401169,2.356296
48.9697874,2.3082755
48.9696712,2.3078296
48.9706315,2.3071218
48.9708891,2.3074568
48.9705345,2.3096386
48.9710818,2.3116016
48.9715357,2.3083588
48.9714365,2.3079929
48.9705843,2.307027
48.9702214,2.307613
48.966848,2.317884
48.9606613,2.3265264
48.972828,2.3076473
48.9726964,2.309922
48.9720114,2.3077143
48.971795,2.3090681
48.9751144,2.3239296
48.9758772,2.3375357
48.9516337,2.3821791
48.9561156,2.3825221
48.955155,2.3856154
48.966066,2.3607707000000002
48.9713914,2.4001479
48.9706067,2.4002933
48.9713184,2.401199
48.9720219,2.4002524
48.8802805,2.4173865
48.8923875,2.4128179
48.8927235,2.4118676
48.8849422,2.4342243
48.8822536,2.4331709
48.8934298,2.4129427
48.8935716,2.4140823
48.8833011,2.4402034
48.8836402,2.439242
48.8923179,2.4558408
48.8904697,2.4536575
48.8910646,2.4543925
48.8907931,2.4513242
48.893449,2.4568631
48.8953651,2.4593492
48.8961147,2.4609794
48.9097698,2.4377964
48.9281731,2.4363559
48.9066015,2.440657
48.9067322,2.4510291
48.9155083,2.442565
48.9191547,2.4496609
48.9185407,2.449007
48.9190846,2.4495248
48.9188521,2.4490742
48.9183939,2.4486075
48.9176636,2.447094
48.9089767,2.4537112
48.9090201,2.4535418
48.9082294,2.4529747
48.9075714,2.4562028
48.9194549,2.450334
48.9222167,2.4458784
48.8841505,2.47629
48.883833,2.478012
48.895182,2.4772185
48.8953248,2.4780852
48.8945291,2.4785407
48.9024713,2.4828701
48.8845579,2.5084647
48.8929233,2.5130483
48.8916231,2.5122704
48.8909881,2.5120593
48.9296742,2.4925979
48.9297038,2.493095
48.9285976,2.4916964
48.9291655,2.4920514
48.9284672,2.4915426
48.9287686,2.4918633
48.9281398,2.4908635
48.9274931,2.490767
48.9275724,2.4909601
48.9311833,2.4935009
48.9331882,2.4244147
48.9334355,2.4238654
48.9349252,2.4264306
48.9339953,2.4253106
48.9369131,2.4281805
48.9362787,2.4269649
48.9554642,2.4164088
48.9379968,2.459818
48.93707,2.4590236
48.9361398,2.4599657
48.9360583,2.4601169
48.9359455,2.4600472
48.9360019,2.4602457
48.9843264,2.439529
48.9379544,2.4946327
48.9342186,2.4911089
48.9437335,2.4960642
48.9434457,2.4962972
48.9424803,2.4966471
48.9415593,2.4971641
48.9412453,2.4969825
48.9422332,2.4970306
48.9882131,2.3186023
48.9880586,2.3188634
48.9882181,2.3192204
48.9884317,2.3192385
48.9976575,2.3563594
49.0299829,2.332123
49.0301069,2.3314448
49.0306754,2.3342936
49.0312178,2.3356242
48.9938332,2.3775195
48.9933193,2.3773639
48.9934989,2.3778617
49.0316412,2.3615054
49.0308427,2.3617342
49.0701302,2.3216216
48.9899312,2.4180903
48.9947592,2.4163183
48.9948106,2.4164083
48.9944186,2.4156544
48.9968314,2.415065
48.995961200000004,2.4154043
48.9949774,2.4155438
48.9994734,2.412663
48.9862421,2.4487817
48.9865114,2.4494796
48.9857774,2.4474711
49.0315341,2.4747625
49.031352,2.4744836
49.0321954,2.4741729
49.0326883,2.4732063
49.0330558,2.4740353
49.0330239,2.4739234
48.3176047,2.5702907
48.3174614,2.5700049
48.2669903,2.6927518
48.2673494,2.6962506
48.2672997,2.6946952
48.2671119,2.6941951
48.4058709,2.6999809
48.404298,2.7006734
48.4060372,2.702356
48.4063384,2.7026283
48.4071999,2.7031541
48.4064744,2.7027666
48.4062985,2.7018304
48.4065617,2.7028343
48.404833000000004,2.7023367
48.4083228,2.7040541
48.4086246,2.7039014
48.4126558,2.710335
48.4147502,2.7180715
48.4161321,2.723325
48.4160926,2.7231616
48.4158668,2.7213005
48.3772146,2.7945592
48.3727929,2.8178959
48.3728154,2.8178175
48.3729566,2.8172575
48.3727718,2.8185653
48.3990917,2.7976866
48.4325555,2.7530493
48.4093363,2.7847889
48.5594532,2.5964531
48.5650036,2.6115439
48.4743523,2.692336
48.4742941,2.6926015
48.5147491,2.6343006
48.5150874,2.6332179
48.5151959,2.6355754
48.5200004,2.6408287
48.5269135,2.6539613
48.5265627,2.6526108
48.5281715,2.6555179
48.5285072,2.6552421
48.528547,2.6552252
48.5302666,2.6547674
48.5280254,2.6562806
48.5376392,2.6592789
48.5377813,2.6587102
48.539063,2.6588486
48.5391428,2.6628425
48.5389338,2.6622495
48.5389058,2.6626276
48.5389362,2.673642
48.5439288,2.6535638
48.5395155,2.6589201
48.5499216,2.6497559
48.5329336,2.6757801
48.5818699,2.5827193
48.5810974,2.5835188
48.5656631,2.6150671
48.58792,2.5996803
48.5960274,2.581975
48.6190947,2.5436949
48.6336575,2.5523258
48.6655246,2.5510622
48.6662233,2.5577322
48.6659348,2.5583063
48.6652993,2.5620072
48.6648024,2.5627758
48.6641947,2.5663861
48.6650969,2.5625334
48.6273035,2.5898092
48.635421,2.799623
48.3855607,2.9541054
48.3862896,2.9574762
48.396195,2.9552404
48.3979513,2.9556994
48.4147754,3.2353924
48.5563579,3.0117023
48.5561264,3.0138186
48.5569705,3.0117384
48.5568453,3.0121739
48.5561708,3.0114294
48.5563212,3.011458
48.556301499999996,3.0130962
48.5572597,3.0127417
48.4782834,3.1341938
48.5607928,3.3024442
48.5604067,3.3011145
48.5605081,3.2980279
48.5594447,3.298763
48.5589793,3.2985441
48.6746269,2.5334793
48.675067,2.5327398
48.6746103,2.5339544
48.7217725,2.5336919
48.7215253,2.533825
48.7212919,2.5341636
48.6909187,2.6075623
48.6932611,2.6097801
48.6910696,2.6095525
48.6909198,2.6097766
48.7371413,2.5533358
48.7369581,2.5539345
48.7685954,2.5212293
48.7707053,2.5205987
48.7705846,2.5216675
48.7724103,2.5184489
48.7694196,2.5207849
48.7708627,2.5197255
48.770722,2.5207018
48.7702931,2.5197124
48.7725454,2.5185098
48.7443289,2.6152962
48.7648918,2.6730432
48.7625258,2.6676627
48.7624345,2.672131
48.7868794,2.5303345
48.7919205,2.5187534
48.7928233,2.5166782
48.7905701,2.53385
48.7898726,2.5352059
48.788839,2.5361878
48.7958344,2.5303011
48.7962337,2.5303678
48.7965955,2.5312979
48.7965606,2.5315896
48.8274046,2.5423219
48.8259879,2.5424486
48.8255077,2.5424145
48.823714,2.5427702
48.8273841,2.5415157
48.8058848,2.5509005
48.8249035,2.5428021
48.8272712,2.5435603
48.7897501,2.5749779
48.7780711,2.6066599
48.7828643,2.6006408
48.7992476,2.6065286
48.7997753,2.6071587
48.7999478,2.6075646
48.7985823,2.6047737
48.8089329,2.5737065
48.8091321,2.5740381
48.809299,2.5737973
48.8101956,2.5727186
48.8014314,2.6117989
48.805838,2.6156697
48.8057081,2.6153983
48.8046813,2.617211
48.8362579,2.5204053
48.8386995,2.52197
48.8377053,2.5210529
48.8382374,2.5214881
48.8375722,2.5209412
48.8389713,2.5224171
48.8277461,2.5411504
48.8458345,2.5299306
48.8414291,2.5427886
48.840461,2.5488808
48.829273,2.5671254
48.8293665,2.5663825
48.8290149,2.5677022
48.8429305,2.5448382
48.847143,2.5533234
48.8470296,2.5533461
48.846879,2.5528353
48.8469042,2.5533644
48.8481412,2.5484305
48.8490574,2.5530241
48.8476951,2.5532489
48.8475927,2.5526301
48.8487957,2.5516436
48.8483088,2.5525108
48.8488113,2.5518174
48.8489159,2.5568356
48.8490414,2.5583511
48.858414,2.5312544
48.8560349,2.5319235
48.8565924,2.5308649
48.85718,2.5306058
48.8409765,2.5845888
48.8438034,2.58376
48.8523527,2.6028473
48.8456761,2.614811
48.8457406,2.6141682999999998
48.8432431,2.6155957
48.8543887,2.581498
48.8630005,2.5765761
48.8552962,2.5835401
48.8547219,2.5824462
48.8551329,2.5824067
48.8724419,2.5790404
48.8726439,2.5793278
48.8731932,2.5796474
48.8766655,2.5845579
48.878267,2.5872462
48.8783764,2.5870005
48.8753491,2.5831756
48.8774105,2.5855923
48.877502,2.5862385
48.8775588,2.5857843
48.8792043,2.5874998
48.8748171,2.5844948
48.8754316,2.5944606
48.8760904,2.5987688
48.875928,2.5960256
48.7902772,2.6553416
48.7914111,2.6548788
48.7909424,2.6552906
48.7910042,2.655096
48.790643,2.6617439
48.8209334,2.7055992
48.8390924,2.6293823
48.8387591,2.6325908
48.8371818,2.631106
48.8375683,2.6310209
48.8403508,2.6536944
48.8406754,2.6556444
48.8377185,2.6607866
48.8415475,2.6533463
48.8434097,2.655336
48.8506304,2.6495777
48.8506313,2.6506879
48.8497252,2.6514226
48.8798776,2.6271178
48.8736811,2.6396016
48.8739712,2.6394914
48.8740674,2.6394707
48.8743189,2.6393778
48.8747331,2.6387253
48.874604,2.6389755
48.874493,2.6399544
48.8276684,2.7043695
48.8400821,2.7051576
48.8371846,2.7099345
48.837821,2.7121829
48.8363624,2.7105489
48.8362688,2.7105876
48.8354055,2.7097258
48.838051,2.7095917
48.8376402,2.7116288
48.8393433,2.7101952
48.8668505,2.70734
48.8785,2.705566
48.877143,2.7040982
48.8773737,2.7052082
48.8767671,2.7047936
48.8780551,2.7047305
48.878674,2.7041492
48.8770826,2.7054309
48.8787372,2.7048703
48.8791032,2.7078255
48.7399642,2.738479
48.7400541,2.7386939
48.7402421,2.7654452
48.7395152,2.763274
48.739418,2.7634335
48.7397266,2.7643801
48.7398612,2.7658268
48.8534504,2.7659256
48.8560546,2.7455411
48.8565121,2.7741799
48.8543647,2.7740278
48.8560929,2.7734095
48.8556477,2.7764913
48.8555109,2.7744582
48.878884,2.7648955
48.8422578,2.7893406
48.8501236,2.8204128
48.849832,2.819858
48.8497102,2.8199049
48.8568594,2.7851804
48.8559915,2.7854339
48.8666592,2.8092089
48.8644263,2.8121989
48.8640046,2.812274
48.8577411,2.909022
48.8590248,2.9072969
48.8570723,2.9091158
48.8576926,2.907937
48.8832681,2.5290823
48.8820363,2.5231771
48.8826138,2.5249699
48.8847451,2.5322552
48.8852643,2.5344924
48.8847841,2.5325659
48.8837973,2.5301144
48.8989088,2.5501154
48.9008384,2.5689132
48.9007672,2.5687316
48.9125375,2.5227286
48.9084204,2.5178553
48.9183258,2.5363384
48.9116922,2.549835
48.909112,2.5500067
48.9226935,2.5446087
48.9229458,2.5442174
48.9220949,2.5433474
48.9451659,2.5661082
48.9459833,2.5645713
48.9461412,2.5643628
48.946853,2.5630046
48.959018,2.5434909
48.942499,2.571571
48.9420787,2.5735436
48.9421841,2.572969
48.9421023,2.5726929
48.9426174,2.5709956
48.9511215,2.6015525
48.9513717,2.602325
48.9493551,2.6042511
48.9503807,2.6032232
48.9533802,2.6017709
48.984288,2.6188324
48.8811763,2.7045664
48.8844834,2.7112882
48.9454243,2.6879097
48.9453933,2.6875406
48.9455201,2.6874752
49.0358264,2.6938614
49.054174,2.6751307
48.9009216,2.8118375
48.901239,2.8121379
48.9015227,2.8120967
48.9005011,2.8116202
48.8829639,2.8511341
48.8831139,2.8532092
48.9590535,2.8825411
48.9589606,2.88298
49.0755276,2.7888475
48.6834666,2.9556143
48.8142088,3.0854843
48.8142803,3.083939
48.8148887,3.0849796
48.7811198,3.3061218
48.7810811,3.3059193
48.7812912,3.3061459
48.7817169,3.3049049
48.9501114,3.1286549
48.9765672,3.2849802
49.1538337,1.7868943
49.1559414,1.7886711
49.1553752,1.7875367
49.1561919,1.7896669
49.2784793,1.7771595
49.2778791,1.777307
49.2801747,1.778243
49.2800094,1.7784259
49.2801778,1.7764384
49.2801777,1.7773168
49.2803743,1.7771911
49.2809441,1.7793363
49.2808864,1.7791254
49.2806227,1.7782421
49.2646403,1.8825849
49.265125,1.8834419
49.2649328,1.8827329
49.2653372,1.8849468
49.1442054,1.9820244
49.143635,1.9803895
49.1435827,1.9802724
49.144206,1.9793802
49.4449141,1.9010434
49.4213536,2.0738585
49.4305218,2.0820084
49.4300185,2.0830044
49.4301051,2.0797132
49.4298237,2.0812003
49.4189414,2.0954904
49.4318367,2.0838485
49.4372901,2.0837325
49.4392133,2.0818725
49.4405008,2.0807019
49.4322132,2.0844376
49.4323453,2.084912
49.4325068,2.084223
49.4329741,2.084512
49.1127231,2.2142247
49.1120961,2.2171452
49.1125408,2.2171998
49.1122619,2.2167699
49.1124335,2.2163345
49.1661411,2.2458797
49.1664205,2.2439387
49.1664871,2.244608
49.1664617,2.2450545
49.1666131,2.2440215
49.1652147,2.2476724
49.1656707,2.246804
49.1555642,2.2554924
49.2345259,2.1270591
49.236392,2.1340156
49.2364561,2.1346709
49.2348654,2.135611
49.2349747,2.1339429
49.1981006,2.2093474
49.2013683,2.2040066
49.1260663,2.3697621
49.1256029,2.3691553
49.1276191,2.3703763
49.1123702,2.4225948
49.1124369,2.4225938
49.1327046,2.5121826
49.1548194,2.4413258
49.154413,2.4427375
49.1553989,2.4425388
49.1553656,2.4420302
49.1886079,2.4159326
49.1882353,2.4156262
49.1884975,2.4162313
49.1918497,2.4639909
49.1931522,2.465406
49.1935278,2.4652118
49.1923806,2.4643158
49.1927422,2.4645667000000002
49.1928699,2.464629
49.1942798,2.4666186
49.1943521,2.4696087
49.194357,2.4698688
49.1933366,2.4653732
49.256366,2.4340049
49.256047,2.4338675
49.2567986,2.4353066
49.253207,2.4745896
49.2598966,2.4753451
49.2539221,2.4741574
49.2567471,2.478959
49.2632672,2.4699346
49.2633472,2.4697703
49.2628515,2.4733577
49.2626987,2.4711164
49.2628374,2.4714192
49.262821,2.4728471
49.2625131,2.4710588000000002
49.2633819,2.4740689
49.2629302,2.4712291
49.2747154,2.4683207
49.2872358,2.4915656
49.3297088,2.1997069
49.4086398,2.2511758
49.4109437,2.2483183
49.3199207,2.3194113
49.3227176,2.442014
49.3293726,2.4640395
49.3293946,2.4643885
49.3295899,2.464757
49.3300794,2.4648608
49.3294509,2.4641849
49.3296809,2.4646427
49.3775068,2.4151807
49.3780209,2.415811
49.3777504,2.4151203
49.3772293,2.4145055
49.3774531,2.4151284
49.3765159,2.4135946
49.3768263,2.4139786
49.3785075,2.4159842
49.5057348,2.4316846
49.50619,2.4325749
49.5068727,2.4333901
49.5063522,2.4338033
49.505421,2.4345483
49.5491934,1.8532695
49.6500594,1.7310829
49.6503321,1.7307583
49.5732716,1.9543695
49.606984,2.0765659
49.6079772,2.075904
49.6642135,1.9397195
49.6660837,1.9396561
49.6640162,1.9389619
49.6651411,1.9388624
49.6648487,1.9391894
49.7684501,1.7539065
49.7678017,1.7528759
49.7683634,1.7548589
49.7704071,1.7517289
49.7747575,1.982542
49.7750692,1.9810986
49.6304956,2.2930002
49.6333782,2.2949078
49.6316016,2.2943943
49.6336428,2.2963501
49.6338676,2.2952441
49.741231,2.1538921
49.9277176,2.1994159
49.8757933,2.2494272
49.8634028,2.2806331
49.875097,2.2715285
49.8737424,2.2806691
49.8748552,2.2848105
49.8703376,2.3063237
49.8751081,2.3061665
49.8867259,2.2793188
49.8869338,2.2788999
49.8791393,2.3047484
49.8892764,2.2947944
49.8877966,2.3022795
49.8960591,2.2937111
49.8926839,2.2944071
49.8928458,2.2988138
49.8958058,2.2943366
49.8919805,2.2984791
49.8949508,2.2956682
49.8923231,2.2996835
49.892438,2.3000519
49.8933751,2.2963579
49.8939487,2.2975461
49.8934059,2.3002725
49.8908962,2.3058256
49.8912778,2.3021125
49.8917581,2.3020294
49.8915379,2.301826
49.8907881,2.3014702
49.8916614,2.3015508
49.8963905,2.3028401
49.9104958,2.2568386
49.9106877,2.2569843
49.9065605,2.2681414
49.9034584,2.306793
49.9115208,2.3067045
49.754755,2.3612123
49.7566595,2.3622262
49.7570059,2.3624014
49.8744579,2.3134162
49.8754578,2.3295454
49.8725564,2.3519452
49.8722524,2.3527181
49.8673878,2.364688
49.865721,2.3762
49.8863369,2.3180371
49.8845933,2.3208454
49.8941522,2.3083781
49.8878197,2.343562
49.8875575,2.3431888
49.9034948,2.3073002
49.904025,2.3080697
49.9037107,2.3078688
49.9034791,2.3069834
49.9046556,2.306919
49.9088408,2.5120405
49.9086502,2.5114188
49.9086151,2.5126846
49.908611,2.5125725
49.9081374,2.5117865
49.9078692,2.5116875
49.1002743,2.524994
49.1001215,2.5251784
49.2059574,2.587007
49.2049584,2.5851591
49.2049669,2.5856097
49.2057545,2.5879919
49.2056273,2.5878957
49.2051797,2.5863637
49.2050956,2.5864797
49.206866,2.5982403
49.0945698,2.7466968
49.0956898,2.7534613
49.1363744,2.8009394
49.1391023,2.8094088
49.298901,2.8002172
49.2325156,2.8866124
49.2337462,2.8874784
49.2334014,2.8873725
49.2361368,2.8877883
49.2363067,2.8878762
49.2366466,2.8880089
49.2369611,2.8880229
49.2347953,2.8867544
49.237086,2.8879992
49.3022304,2.6045357
49.30223,2.6042747
49.3011473,2.6055591
49.3011474,2.6063738
49.3010444,2.6055531
49.3013927,2.6057199
49.301095,2.6062151
49.3008868,2.6054981
49.3008949,2.6057283
49.4277521,2.639
49.3088102,2.7285905
49.3548874,2.7851926
49.3557089,2.7839324
49.356278,2.788018
49.3543101,2.7862421
49.381472,2.7845045
49.395174,2.794691
49.3945989,2.7942822
49.4112706,2.818012
49.4120146,2.8132833
49.4166066,2.8181001
49.4172844,2.8241535
49.413735,2.821731
49.4136159,2.8217627
49.4164389,2.8271955
49.4174055,2.826374
49.4165274,2.8273407
49.41712,2.8267533
49.4169724,2.8263364
49.4265523,2.8173949
49.4176769,2.8231571
49.4223608,2.8223006
49.4238361,2.8200323
49.4182787,2.8236032
49.4235992,2.8203437
49.4187921,2.8247854
49.4242446,2.8196455
49.4382512,2.8781827
49.4780561,2.8790396
49.4776551,2.8809597
49.4775232,2.8806949
49.2535252,3.0906097
49.2533809,3.0915128
49.2537531,3.0931517
49.2550268,3.0892828
49.255109,3.0893785
49.2547286,3.0901703
49.2546887,3.0904007
49.2546673,3.0908069
49.2541329,3.0904279
49.2540188,3.0905183
49.4030183,3.0092249
49.4043637,3.0046195
49.4069611,3.1154805
49.3775071,3.3286744
49.3767296,3.3292166
49.3776668,3.3263575
49.3767052,3.3296589
49.3806355,3.3057568
49.3794979,3.3269852
49.3813664,3.3277008
49.3802383,3.3278671
49.379491,3.3282612
49.3791749,3.3283739
49.3790544,3.3281997
49.381293,3.3245938
49.3805542,3.3273922
49.3812863,3.3251709
49.5529053,2.5205039
49.6467282,2.5672697
49.645535,2.5683309
49.5412304,2.7456951
49.5405754,2.7449748
49.5875392,2.8432754
49.6987616,2.7879574
49.6984313,2.7886533
49.8143837,2.7033584
49.8135647,2.701012
49.8674892,2.5173893
49.7574081,2.9088503
49.7568711,2.9109536
49.5789389,2.9955863
49.5807517,2.9979537
49.580869,3.0002245
49.5807699,2.9999143
49.5803953,2.9975255
49.5809538,3.0007463
49.5791942,2.9956071
49.5801874,3.0031854
49.5803613,3.0031433
49.6562915,3.0510919
49.5164739,3.150758
49.612076,3.2224676
49.6132386,3.2200825
49.6131099,3.2197151
49.614806,3.2193215
49.6155793,3.218563
49.6543619,3.2935542
49.6542994,3.293294
49.6542126,3.2928839
49.655285,3.2971094
49.6575999,3.3087308
49.7454218,3.0732095
49.7461291,3.0727185
49.8395556,3.2741235
49.8273869,3.2784216
49.8463346,3.2887281
49.8461801,3.2883334
49.8464391,3.286947
49.8460941,3.2881478
49.84706,3.2853831
49.846247,3.2856218
49.8420571,3.2942894
49.8383326,3.3020162
49.8445481,3.2907081
49.8451487,3.2901141
49.8447442,3.2905081
49.8527301,3.2866964
49.8602121,3.2988809
49.8603727,3.2992049
49.8363781,3.3055452
46.8285744,3.4612349
46.8301615,3.4618396
46.8300165,3.4621384
46.829755,3.4631676
46.8293099,3.4636064
46.8288822,3.4639696
46.8893611,3.4648727
46.8900036,3.4660489
46.8902647,3.4660718
46.860342,3.6474048
46.817014,3.7222181
46.6003053,4.0656512
46.7880428,3.9693907
46.7911759,3.9690096
46.9050892,3.8403347
46.9855376,3.8102851
46.9864046,3.8110421
46.9872432,3.8117414
46.8667678,4.1846036
46.8659713,4.1891269
46.9999041,3.3932546
47.0537962,3.6581262
47.2800632,3.4911274
47.3592844,3.3861021
47.2554,3.6811052
47.2548657,3.6806907
47.2568356,3.6836621
47.367461,3.5924602
47.0631171,3.9344815
47.0634559,3.932299
47.0633941,3.9340597
47.0645822,3.9353665
47.1862728,3.9448589
47.2886647,3.8186043
47.2138616,4.0252303
46.5815976,4.2354673
46.5814441,4.2354316
46.5806017,4.2357476
46.673928600000004,4.3632861
46.6729415,4.3620372
46.6720781,4.3613695
46.6744494,4.363447
46.6752447,4.3638656
46.7488089,4.4695339
46.7507717,4.4686253
46.7478962,4.4699607
46.9520221,4.2972086
46.9518362,4.2973606
46.9533386,4.2989017
46.9517767,4.2997244
46.8062484,4.4207111
46.8062517,4.4208689
46.805867,4.4206918
46.8062317,4.4215031
46.8031132,4.4502894
46.868182,4.5739373
46.6136598,4.6639565
46.613442,4.6623377
46.7125381,4.6937997
46.7815459,4.743056
46.7815157,4.7434225
46.7827743,4.7446065
46.6405669,4.8696865
46.6400761,4.8695037
46.7818214,4.8467662
46.7825634,4.8461963
46.7826976,4.8454851
46.7795047,4.8460345
46.7815656,4.8448989
46.7810118,4.8557491
46.7814726,4.8540716
46.7813731,4.8585342
46.7754864,4.8900399
46.7747451,4.8920301
46.776493,4.8966068
46.7944559,4.8164979
46.7968313,4.8114225
46.7965675,4.8105969
46.9112775,4.7000588
46.9523275,4.6322608
46.9515952,4.6308524
46.9108886,4.7521031
46.9111025,4.7529214
46.9103625,4.7525911
46.9104314,4.7525314
46.9103901,4.7523071
46.909757,4.7533599
46.7836462,4.848786
46.7836201,4.8553104
46.7844344,4.8552618
46.784199,4.8515164
46.7839814,4.850614
46.7837576,4.8496935
46.783963,4.8518772
46.7838923,4.8516063
46.7834285,4.8497543
46.7854581,4.8563817
46.7901768,4.8621069
46.8925611,5.0228113
46.8959158,5.023643
46.8964661,5.0241502
46.89516,5.0242298
47.1306017,4.4864893
47.1329554,4.4889194
47.1302826,4.486529
47.1313292,4.4866095
47.2792918,4.2288099
47.278879,4.2296032
47.2785181,4.2301203
47.2784878,4.2306821
47.2787126,4.2303083
47.281737,4.2358885
47.262072,4.5562565
47.262708,4.5561518
47.2627874,4.5554626
47.262188,4.5557327
47.3979612,4.5408344
47.3959189,4.543434
47.0228193,4.8362873
47.0230016,4.835893
47.0240504,4.8379326
47.0217173,4.8406363
47.0221795,4.8384066
47.0228854,4.8371692
47.0226986,4.8365662
47.0242632,4.8381127
47.024373,4.838542
47.0245999,4.8386139
47.0249884,4.8368154
47.021043,4.8416249
47.0277817,4.839475
47.0408831,4.8447003
47.0402653,4.8448987
47.1348801,4.9480966
47.1367148,4.9488405
47.13699,4.9490716
47.1368442,4.9492664
47.1374383,4.9495609
47.1377755,4.9498588
47.307699,4.7073832
47.2289311,4.9802611
47.2899325,5.0144836
47.2904401,5.0148243
47.2908986,5.0151059
47.2926933,5.0154152
47.2984986,5.0146879
47.3054611,5.0230258
47.3008822,5.0213215
47.303123,5.0219704
47.3048366,5.0227378
47.3045348,5.0232691
47.3393439,4.9728639
47.3390324,4.9736026
47.313778,5.0183316
47.318045,5.0291118
47.3319343,5.0198376
47.3318723,5.0201394
47.3315344,5.0210175
47.3272539,5.0287175
47.3404117,4.9956721
47.3372788,5.0110739
47.3371201,5.0121178
47.3414105,5.0292371
47.4596473,3.5210784999999998
47.4598625,3.520602
47.526044,3.53964
47.6138914,3.5006831
47.8016239,3.5280866
47.801746,3.5277935
47.7981892,3.5435247
47.808028,3.557049
47.6649556,3.7337134
47.6646526,3.7333138
47.6646747,3.7349328
47.7373447,3.5986402
47.791992,3.5676187
47.7914934,3.5667
47.7968734,3.5706309
47.7959888,3.5689118
47.7960933,3.5691607
47.7947387,3.5703433
47.7926224,3.567923
47.7922437,3.573067
47.794633,3.5770576
47.8051573,3.5660733
47.8024297,3.5670051
47.7972149,3.5790977
47.796823,3.5801001
47.4884423,3.9075354
47.4897291,3.9084719
47.4902371,3.91035
47.4901507,3.9101364
47.4895962,3.9088093
47.4906182,3.910782
47.4902601,3.9099923
47.4923416,3.9081732
47.4911714,3.9098626
47.5074408,4.1733976
47.8149809,3.8005431
47.8151271,3.7996626
47.8148154,3.8008504
47.8153508,3.8000882
47.8150773,3.7998017
47.6955862,3.9957653
47.7748334,4.1656861
47.8762268,3.5262928
47.9784813,3.3944571
47.9803598,3.3951891
47.9819617,3.3958008
47.9786653,3.3948319
47.9801302,3.3950746
47.9819288,3.3958776
47.9638278,3.5123259
47.9622651,3.5149168
47.9637684,3.5137491
47.9637557,3.5135292
47.9631676,3.5128819
47.9638839,3.5152989
47.8509443,3.5786194
47.8504016,3.5787978
47.8506862,3.5788748
47.9916005,3.617056
48.0004424,3.7278547
47.9989007,3.7269871
48.0006723,3.7285721
48.0016716,3.7295189
48.1318323,3.4865004
48.2219906,3.7304212
47.8547669,3.9729598
47.8552574,3.9740897
47.8552513,3.9739808
47.8554254,3.9738817
47.855726,3.9741649
47.8568053,3.9749003
47.8558198,3.9741139
47.8558584,3.9736771
47.8573114,3.9753015
47.8580839,3.9730069
48.0589825,4.1370489
47.4906132,4.3336344
47.4903294,4.3337711
47.4915336,4.3340993
47.4913788,4.3341006
47.4915534,4.3363907
47.4936353,4.3418092
47.6217465,4.3361912
47.6216039,4.3358786
47.6215086,4.3363452
47.5424059,4.4599565
47.5430109,4.4584087
47.5425655,4.4591025
47.6221126,4.3362106
47.6258624,4.3393193
47.7345198,4.2294022
47.6651665,4.7320551
47.8424528,4.3653813
47.860461,4.5724946
47.8595405,4.5723733
47.8584157,4.5735052
47.8584207,4.5721324
47.859135,4.5726208
47.8594351,4.5726707
47.8616144,4.5749476
47.8619982,4.5765859
48.1124808,4.3739004
48.1140541,4.3738768
48.1161094,4.3761238
48.1144342,4.374916
48.1703532,4.2174809
48.0612689,4.5380176
48.0367229,4.9187795
48.0353018,4.9188639
48.2344443,4.7038866
48.2342047,4.7052738
48.2343704,4.7050838
48.2330793,4.7070969
48.2327685,4.7071217
48.2318181,4.7090865
46.6291343,5.2199276
46.6283167,5.2208037
46.62922,5.2229834
46.6292347,5.2230813
46.6294023,5.223422
46.629457,5.2243457
46.9676314,5.4081662
46.6761924,5.5282936
46.6735842,5.5370546
46.6690675,5.5475953
46.6741443,5.5457755
46.6742214,5.5450656
46.6748484,5.5534436
46.6723212,5.5544884
46.6735521,5.5554858
46.6742753,5.5516137
46.6734001,5.5512657
46.6743309,5.5518718
46.6745963,5.5519837
46.746033,5.45395
46.7459275,5.4534759
46.7457591,5.4527213
46.746407,5.4549196
46.7449536,5.4534806
46.6794431,5.5712442
46.6795786,5.5718625
46.7555665,5.6116618
46.5764404,5.7502736
46.5761412,5.7500274
46.576678,5.7504336
46.9831484,5.5943225
46.8342878,5.7081617
46.8339243,5.7088429
46.833847,5.7090339
46.8354592,5.7084728
46.9025854,5.7724971
46.902965,5.7726055
46.9032103,5.7733365
46.904409,5.7710543
46.9037898,5.7724471
46.9763606,5.7991267
46.9761991,5.7984323
46.9973,5.146739
46.9986345,5.1469109
46.9981803,5.1468529
47.069781,5.413698
47.1031078,5.261404
47.1014095,5.2634
47.102132,5.26319
47.1021154,5.264071
47.1041399,5.2625216
47.1123882,5.2521503
47.1933954,5.3864009
47.1921796,5.3893369
47.1927756,5.3892645
47.1929068,5.3893154
47.1926778,5.3879393
47.2862259,5.0628506
47.2859626,5.0630072
47.2869874,5.0637014
47.2853663,5.0633748
47.3030664,5.1137733
47.3021158,5.1206147
47.2986953,5.1337139
47.2980831,5.1348783
47.2990357,5.1346163
47.2994848,5.1347136
47.2412126,5.2195606
47.2420887,5.2194725
47.3127719,5.0398793
47.3168919,5.0436349
47.3154866,5.0457339
47.3131914,5.0538861
47.3081967,5.0569132
47.3150247,5.0463285
47.3207112,5.0371215
47.3240544,5.0344753
47.3221567,5.0387079
47.3234691,5.0363171
47.3230125,5.0352257
47.3232434,5.0364189
47.3232058,5.0337888
47.3232311,5.0351537
47.3237296,5.0345856
47.3240636,5.0377328
47.3210249,5.039169
47.3234199,5.0380299
47.325598,5.0360428
47.324513,5.0358998
47.3213321,5.0436099
47.3212106,5.0424991
47.3209958,5.0410464
47.3262835,5.0424801
47.3227987,5.0409503
47.3273149,5.0443677
47.3276533,5.0442261
47.3270479,5.0434186
47.3302282,5.0459218
47.3263472,5.0466112
47.3291291,5.0507983
47.3275822,5.0477549
47.3125262,5.0619203
47.3172969,5.0652088
47.3173143,5.0614851
47.329551,5.0647276
47.3319015,5.0670184
47.331572799999996,5.0839299
47.3317288,5.0846764
47.3387126,5.0448084
47.3398187,5.0450405
47.3334178,5.0428771
47.3401483,5.0449129
47.3467396,5.0448694
47.3473716,5.0445254
47.3474906,5.0445837
47.3508327,5.046128
47.3505424,5.0450984
47.357228,5.0345352
47.3465242,5.0465681
47.3501928,5.0507095
47.3498766,5.052623
47.3391154,5.066312
47.3107027,5.1042678
47.3078885,5.1009861
47.31286,5.1113553
47.3130186,5.1107845
47.3133678,5.1105699
47.3321182,5.0922867
47.3662109,5.0504101
47.366577,5.0490291
47.3664148,5.0486821
47.3045744,5.4157346
47.3052337,5.4148171
47.3994183,5.3168309
47.0647609,5.4578603
47.0654402,5.4578297
47.0817947,5.498078
47.0888349,5.4807571
47.0885316,5.4867728
47.0929212,5.4943054
47.0922738,5.4923894
47.0941614,5.4963443
47.0929019,5.4946538
47.0928265,5.4941498
47.0946624,5.4961915
47.0924352,5.4932228
47.0951924,5.4968292
47.1469861,5.6570005
47.1485325,5.6587569
47.034222,5.7850766
47.1550543,5.7420628
47.1812579,5.8070059
47.1841123,5.8169532
47.2792955,5.5633132
47.2888116,5.7639361
47.2892602,5.7640228
47.2897101,5.7716454
47.2736678,5.8295574
47.4065693,5.8147807
46.5762514,5.9559082
46.5756862,5.9549799
46.5753916,5.9546044
46.7441445,5.9097007
46.7444826,5.9092562
46.7440629,5.9102605
46.7444791,5.9096767
46.7447709,5.9092794
46.7459198,5.9077948
46.7440018,5.9118804
46.7742653,6.0365936
46.7097936,6.1920074
46.7093297,6.1915755
46.8567113,6.1625201
46.9538613,6.1181355
46.7674508,6.3824853
46.7757146,6.370689
46.7769293,6.3740722
46.9085799,6.3351554
46.9079585,6.3403948
46.9088292,6.339783
46.9228469,6.3428061
46.9234152,6.3424457
46.905946900000004,6.3488554
46.9062603,6.3478098
46.9034528,6.3550661
46.9024993,6.3545494
46.9029406,6.356277
46.9036405,6.3521597
46.9031071,6.3565025
47.0391952,6.0691235
47.1033713,5.8841454
47.1031264,5.8839295
47.1051014,6.1471032
47.1034242,6.1506984
47.1054345,6.1485436
47.1060684,6.1474205
47.2186646,5.9489372
47.2184103,5.9484976
47.2144507,5.9519301
47.2180447,5.9527887
47.2184015,5.9531216
47.2157641,5.9628643
47.2164829,5.9634306
47.2239245,5.9568857
47.2567112,5.9247842
47.2310907,5.9954519
47.2306861,5.9950617
47.2304554,5.9934108
47.2305377,5.994656
47.2310017,5.9952113
47.2446847,5.9816275
47.2429998,5.9816107
47.2518245,5.9997614
47.251489,5.9989778
47.2512777,5.9993196
47.2515311,5.9986074
47.251157,5.9994917
47.2518869,5.9998522
47.234043,6.0072504
47.2340171,6.0241445
47.2387451,6.0225619
47.2399441,6.0216127
47.241118,6.0252635
47.2400049,6.0237282
47.2384528,6.0228459
47.2358891,6.0263207
47.2388189,6.024999
47.2393936,6.0267417
47.2370365,6.0250202
47.2375736,6.0242818
47.2362754,6.0259272
47.2408963,6.0265909
47.2394159,6.0263242
47.2391091,6.0254949
47.24097,6.0239089
47.2453235,6.0099582
47.2459364,6.0096994
47.2482142,6.0054213
47.2542357,6.0149092
47.2545341,6.0160774
47.2458699,6.0283299
47.2452293,6.0279207
47.2478754,6.0320081
47.2454587,6.0317689
47.2475655,6.0361757
47.2484947,6.0303491
47.2493282,6.0315521
47.2502696,6.0331212
47.2525481,6.0362623
47.2789377,5.9936517
47.2576065,6.0113688
47.2585954,6.0443607
47.2591781,6.0458736
47.2596373,6.0456959
47.2598667,6.0460041
47.2824112,6.0767663
47.3275048,6.0118619
47.2236686,6.1163153
47.2754304,6.1134247
47.2752673,6.110652
47.2461631,6.2371393
47.3872973,6.1743236
47.0471011,6.4793398
47.1473735,6.3432654
47.1475644,6.3428943
47.0571013,6.6046006
47.0563629,6.6048798
47.0554694,6.6036618
47.0557248,6.6064041
47.0559587,6.6061466
47.0548824,6.6090327
47.0552717,6.6069727
47.0554299,6.6089129
47.0586881,6.6701838
47.058837,6.6671452
47.0590563,6.6697895
47.1308121,6.5262477
47.3481568,6.3566636
47.3483828,6.3560499
47.3508959,6.3585778
47.2615963,6.6576249
47.5226368,5.113105
47.5222059,5.1123372
47.522883,5.1128108
47.5226673,5.1127545
47.5262198,5.3709368
47.5256586,5.369469
47.6794648,5.2937168
47.7656703,5.3100067
47.8023041,5.4282642
47.8057419,5.4384564
47.4484823,5.5900276
47.4474733,5.5898444
47.4481447,5.5901522
47.4484913,5.5912884
47.4483468,5.5915659
47.447464600000004,5.5914529
47.6163102,5.5136778
47.5554222,5.6778963
47.5564625,5.6803264
47.8629627,5.3339556
47.8603073,5.3333342
47.8622194,5.3337978
47.8627874,5.3337608
47.8595126,5.3331608
47.8633919,5.3341039
48.0275261,5.3424565
48.0267711,5.341691
48.0271771,5.3420179
48.1110739,5.1359188
48.0943766,5.1458025
48.0973422,5.1450761
48.1094129,5.1390166
48.1118857,5.1403617
48.1115029,5.1400486
47.9529465,5.7483991
48.1996202,5.5842127
48.0696213,5.7807018
47.4236351,6.0698162
47.6127975,6.1507089
47.6143823,6.1518953
47.6204313,6.1564322
47.6184714,6.1539646
47.6212887,6.1552253
47.6187266,6.1545253
47.6204747,6.1551903
47.6891374,6.0421868
47.6882596,6.0449634
47.6221957,6.1556276
47.6226611,6.1587378
47.6220119,6.1554246
47.6380382,6.1437243
47.7659856,6.1022261
47.4807828,6.353297
47.4804283,6.3540872
47.4797223,6.3543615
47.4489676,6.5812896
47.4485997,6.5824006
47.4482037,6.5831642
47.4497567,6.5814368
47.453635,6.690173
47.6835522,6.4947026
47.686057,6.4947023
47.6859171,6.4953443
47.6856284,6.4949844
47.6850364,6.4951735
47.684551,6.4954081
47.8154024,6.3809035
47.8155447,6.3808747
47.8163714,6.3805474
47.8126853,6.3822372
47.8149787,6.3812341
47.8143347,6.3814164
47.8137417,6.3813306
47.8143478,6.3810249
47.699198,6.6305004
47.6997303,6.6327954
48.029988,5.9684085
47.9207601,6.1001185
47.8851997,6.2750287
47.8847478,6.2726124
47.8843723,6.2748172
47.8843005,6.2741382
47.8844587,6.2742473
48.1808378,5.895
48.1804853,5.894356
48.1902329,5.8955074
48.2010626,5.9464863
48.2014756,5.9456692
48.2019607,5.9448531
47.887329,6.4051945
47.8886612,6.4042469
47.9250948,6.482693
47.9266417,6.6589882
48.0165452,6.5890368
48.0163213,6.5924674
48.0164783,6.5928721
48.0161073,6.5912805
48.0162621,6.5929402
48.0150492,6.5949954
48.0160257,6.5938159
48.0154201,6.5943772
48.0152452,6.5946494
48.0157512,6.5937696
48.0170744,6.5954044
48.1735381,6.4485244
48.173965,6.4472438
48.1735127,6.4451014
48.1756995,6.4479976
48.1759261,6.4454991
48.1752626,6.4455634
48.1763168,6.4471098
48.1941975,6.4373955
48.1930823,6.4377549
48.1955331,6.4375671
48.1941531,6.4481005
48.1730519,6.4488095
48.1748694,6.4493734
48.1757903,6.4626858
48.1977707,6.4625636
48.2507694,6.419584
48.1185799,6.528899
48.0933361,6.6110946
48.4028674,3.7365967
48.4930674,3.498541
48.4928773,3.5007757
48.4938797,3.5012202
48.591299,3.5552178
48.5894774,3.5553071
48.516209,3.7259887
48.2713204,3.8053507
48.2746811,4.0590718
48.2723484,4.0828152
48.2724896,4.0826342
48.2938489,4.0530826
48.293882,4.053267
48.2800336,4.0681728
48.2804599,4.080829
48.279524,4.0807407
48.2891544,4.076819
48.2948816,4.0682037
48.2940842,4.0673087
48.2957189,4.0732862
48.291533,4.0752694
48.2973382,4.0750541
48.2971166,4.075341
48.2974396,4.0734698
48.3005706,4.0748563
48.2978672,4.0742294
48.2981285,4.0724952
48.3008687,4.0746047
48.2981983,4.0771378
48.3059736,4.0246427
48.3063964,4.024819
48.31271,4.049163
48.3121831,4.0499864
48.3117582,4.0502439
48.3120011,4.0502439
48.2560992,4.0956851
48.2803607,4.0948489
48.306062,4.0921131
48.3047019,4.0895107
48.314382,4.0990213
48.3145211,4.0987472
48.5082207,3.8900169
48.5830777,3.8108375
48.7220172,3.7231532
49.0418369,3.4042629
49.0421145,3.4041511
49.046566,3.3990508
49.044739,3.4038506
49.0447065,3.4035515
49.0446841,3.4032013
49.0768274,3.6413904
49.0768161,3.6404888
49.076994,3.6410857
49.0766811,3.6413894
49.0816014,3.7538389
48.9238623,3.8072122
49.0726834,3.8777085
49.0724403,3.8782289
49.043071,3.9543112
49.0433028,3.9524349
49.0429978,3.955033
49.0432847,3.9575389
49.040498,3.956781
49.0437165,3.9558829
49.0436668,3.9560768
49.0430679,3.9562276
49.0439903,3.9575613
49.0473489,3.9539396
49.0450401,3.9567696
49.0438947,3.9574387
48.905801,4.00414
48.9056222,4.0041964
48.903607,4.0046819
48.9708944,4.0095156
49.0534689,4.0050922
48.3928883,4.5267036
48.4769907,4.77101
48.477157,4.7710354
48.4968168,4.9465439
48.4996102,4.9497887
48.4978222,4.9481794
48.63738,4.9464627
48.6374278,4.9461201
48.6374594,4.94572
48.6372636,4.9454053
48.6375335,4.9448955
48.6366817,4.9481607
48.6365492,4.9486227
48.6366976,4.9512698
48.6365729,4.949394
48.6377357,4.9497213
48.6382867,4.9516163
48.6360276,4.9559584
48.6495582,4.9584882
48.7253919,4.5850933
48.7265399,4.5854495
48.7255811,4.584488
48.7272077,4.5849211
48.7276606,4.5849989
48.7235794,4.5835052
48.726967,4.5847686
48.7242967,4.5843694
48.7255412,4.58714
48.8616481,4.485513
48.9545822,4.3627071
48.9555911,4.3611879
48.9570823,4.3605342
48.9561805,4.3607847
48.956413,4.3616939
48.9563281,4.3614274
48.9561572,4.3604125
48.9460551,4.3746796
48.9565804,4.3651556
48.9564941,4.3648579
48.9454007,4.3830291
48.8266505,4.9845756
48.8259338,4.9849398
48.8282821,4.9865587
48.9498508,4.888047
49.2001027,3.5139608
49.2007192,3.5146514
49.3410163,3.5309376
49.5049059,3.4523313
49.409471,3.517004
49.3069511,3.6812737
49.3071361,3.6792374
49.3074821,3.6796077
49.3086484,3.6799631
49.3086449,3.6802675
49.3924973,3.7372806
49.2869833,3.8132503
49.262988,3.9627937
49.1466229,4.1627779
49.1475055,4.1627135
49.2175793,3.9971832
49.2182201,3.9973172
49.2268047,4.0366362
49.2387281,4.0306981
49.239662,4.0317799
49.2200817,4.0418324
49.2162882,4.0539486
49.2241014,4.0526685
49.2424823,4.0401755
49.2421616,4.0386458
49.2429754,4.0398415
49.2465612,4.0394023
49.242641,4.0393813
49.2494875,3.9918819
49.2510294,3.991738
49.248144,4.0104779
49.2590064,4.0205575
49.2541489,4.0225209
49.2591208,4.0225468
49.2521397,4.0301788
49.2527874,4.0291759
49.2531668,4.0276566
49.254134,4.028051
49.2574511,4.0293682
49.2540322,4.0297982
49.2554475,4.0279183
49.2548246,4.029958
49.2559475,4.0333698
49.2562461,4.0325073
49.2551857,4.033699
49.2567155,4.0327864
49.2561438,4.0311836
49.2587551,4.0311178
49.254696,4.0323841
49.2552837,4.0331096
49.2554843,4.0311022
49.2551807,4.0327251
49.261003,4.0210036
49.2602818,4.0211571
49.2655095,4.0264033
49.265938,4.0255021
49.2699152,4.0254138
49.289226,4.0051231
49.2475004,4.0385498
49.2582943,4.0413857
49.2585907,4.042245
49.2567826,4.0380193
49.257205,4.0479529
49.2556289,4.0461643
49.2520458,4.0532029
49.2588234,4.0559019
49.2549144,4.0613194
49.2605722,4.0475095
49.2602284,4.0477394
49.2609096,4.04948
49.2608249,4.0483062
49.2853726,4.0581447
49.2848562,4.0573764
49.1976387,4.1326801
49.2842031,4.1102847
49.3351778,3.9131494
49.4348668,3.9629537
49.4342197,3.9681438
49.3632044,4.1693041
49.4682321,4.1158713
49.6626807,3.3652576
49.6625174,3.3651667
49.6607806,3.3676263
49.6612492,3.3669794
49.5695659,3.6159763
49.5700286,3.6232412
49.5690489,3.6245356
49.5684562,3.6242605
49.5697812,3.6249312
49.5697618,3.6253173
49.5684256,3.6246133
49.5642341,3.6415201
49.5684635,3.6320978
49.6951776,3.6237815
49.8402138,3.4883401
49.8398869,3.487449
49.8401966,3.4891547
49.9001881,3.6275571
49.9007462,3.626739
49.899478,3.6276885
49.90043,3.6300735
49.9002557,3.6295937
49.9002019,3.6293278
49.6106141,3.8026992
49.6952081,4.0133921
49.8331096,3.9040908
49.8339707,3.903311
49.8332684,3.9049547
49.8356646,3.9112206
49.9185892,4.0853088
49.9252651,4.0820521
49.9242015,4.0813279
49.9236437,4.0811735
49.9231671,4.0823728
49.1399567,4.3657269
49.1398442,4.3661593
49.1299511,4.5324086
49.1309493,4.5328741
49.0921732,4.8986131
49.0919988,4.8992843
49.3974808,4.7009531
49.3975263,4.7001845
49.3976873,4.699394
49.3976319,4.7010769
49.3975321,4.7015171
49.3981055,4.7011681
49.4267383,4.9547542
49.5292781,4.2465049
49.7683128,4.3402409
49.9249429,4.5209766
49.9251251,4.5209914
49.698266,4.775421
49.7001128,4.9451469
49.7017366,4.9438917
49.7020514,4.9439187
49.7007615,4.9482202
49.7710595,4.7176856
49.7521122,4.730539
49.7520859,4.7300334
49.7525579,4.7298752
49.752317,4.728709
49.7704265,4.7191396
49.7702491,4.7191447
49.7705947,4.7197645
49.7701428,4.7197993
49.7707801,4.7201284
49.7709437,4.7192339
49.7699001,4.7231171
49.7730885,4.718621
49.7741532,4.7186439
48.29956,5.1477902
48.4409262,5.1374775
48.4425002,5.1411854
48.4425674,5.1418448
48.4429961,5.1423665
48.4423989,5.1401745
48.3169479,5.5814873
48.3555465,5.6926004
48.3553344,5.6927555
48.3556644,5.6927072
48.356771,5.692432
48.3569884,5.6928681
48.3571029,5.6934156
48.3559355,5.6925517
48.5139661,5.5075057
48.6018592,5.6661701
48.6005147,5.665875
48.7745119,5.1598372
48.7731089,5.1597202
48.7737996,5.1601303
48.7732861,5.1609973
48.7738698,5.1605487
48.7738316,5.1613899
48.7727748,5.1624276
48.7732604,5.1616538
48.7717336,5.1633026
48.7903161,5.1238963
48.7757687,5.1570645
48.7209986,5.2811079
48.689079,5.321987
48.6870941,5.3238831
48.6886533,5.3236169
48.6886298,5.3222671
48.6863788,5.3243498
49.0720827,5.4294033
48.7619823,5.5930144
48.980725,5.7062626
48.3010886,6.1341071
48.3019244,6.134137
48.3013513,6.1343631
48.3037094,6.1341826
48.5288464,5.8969143
48.4873539,6.0878706
48.4873901,6.0879849
48.4872093,6.0885873
48.6175598,6.092486
48.6178642,6.0920035
48.6175533,6.091755
48.6164123,6.1045856
48.6156179,6.1045293
48.6144534,6.1041149
48.6165755,6.1041515
48.6151759,6.1045346
48.6220299,6.1615314
48.6214345,6.1611352
48.6540232,6.1343421
48.6670921,6.1662881
48.6672055,6.1666371
48.666986,6.1661156
48.6678555,6.1686744
48.6673464,6.1680321
48.6438198,6.1870399
48.2517846,6.4192315
48.3733328,6.294223
48.3443875,6.6348623
48.3431408,6.6352498
48.343324,6.635227
48.3453699,6.6349473
48.5560664,6.3982231
48.5561845,6.3971024
48.6297277,6.2998299
48.6314884,6.3019847
48.6311885,6.3015974
48.631941,6.3056206
48.6226414,6.3498529
48.6237372,6.3488314
48.621099,6.3505027
48.6251268,6.3466288
48.6245498,6.3475205
48.5916208,6.4928521
48.5912842,6.4911983
48.5902765,6.4960434
48.5909287,6.4973911
48.5894377,6.4964984
48.5910994,6.4950298
48.5906867,6.4955386
48.5917476,6.4947154
48.6740153,5.8904389
48.6736574,5.8875831
48.674721,5.8913062
48.6725048,5.8916547
48.6731667,5.8910229
48.673051,5.8916286
48.6732631,5.8912365
48.6732162,5.8933054
48.749810600000004,6.0677155
48.6992337,6.1341114
48.6715457,6.1531562
48.677353,6.1561197
48.6949256,6.1350184
48.693386,6.1366059
48.6848021,6.1560988
48.6847098,6.1551204
48.6766752,6.1607904
48.6746525,6.1635817
48.6721146,6.1729924
48.6783947,6.1605621
48.678006,6.1681123
48.6812393,6.1833855
48.6881566,6.1653418
48.6880291,6.165738
48.6855453,6.1606359
48.6895795,6.1723785
48.6921006,6.1680559
48.6893618,6.1783579
48.6894687,6.1786921
48.6898536,6.1792846
48.6898604,6.1774793
48.6881497,6.1781815
48.6896119,6.178491
48.6896896,6.178758
48.689583,6.1818342
48.6897312,6.1848712
48.685809,6.1814447
48.6933622,6.1792837
48.6928581,6.1787373
48.691638,6.1779211
48.6955713,6.1768044
48.6905302,6.1814015
48.6905641,6.1824858
48.6943943,6.1804698
48.6901321,6.1827934
48.6940651,6.183353
48.6915645,6.1836216
48.6910037,6.182882
48.6921947,6.1865797
48.7011585,6.1473712
48.7007994,6.177827
48.7013689,6.1767562
48.7018834,6.1762241
48.7006859,6.1780991
48.7016304,6.1764547
48.7606277,6.1310736
48.7593872,6.1337105
48.7597389,6.1336374
48.7608621,6.1302732
48.7668846,6.1275158
48.7664548,6.1273626
48.76914,6.128513
48.770703,6.129406
48.7700928,6.1291243
48.7330165,6.1689369
48.7343347,6.1681665
48.7342728,6.1684474
48.7341568,6.1690043
48.68112,6.1934765
48.6771892,6.1988096
48.674749,6.201177
48.673151,6.202384
48.6736008,6.2019123
48.684095,6.18857
48.6839589,6.1884193
48.6849422,6.1867733
48.6846511,6.1873774
48.6927064,6.197177
48.6868639,6.2114804
48.6868717,6.2101398
48.6996985,6.2039295
48.6999762,6.2054069
48.7017309,6.2122769
48.7020203,6.2126224
48.7003979,6.2068472
48.7050053,6.2225841
48.7050185,6.222989
48.7052974,6.2233481
48.70478,6.2207208
48.7049427,6.2206377
48.7052942,6.2252171
48.9013444,6.0513072
48.9030154,6.0557792
48.9031664,6.0559313
48.9208598,6.0592092
48.9834799,6.0220087
48.9832685,6.0213624
49.0760763,6.0757251
49.0756888,6.0757466
49.0752953,6.0759974
49.07636,6.0765915
48.8881,6.226889
49.0736752,6.0961628
49.0854212,6.1111766
49.0597743,6.1579258
49.0594242,6.1602727
49.0588333,6.159682
49.0590707,6.1590925
49.059081,6.1589138
49.0887097,6.1593131
49.0766947,6.1841118
49.0853313,6.2394348
48.8199515,6.5060491
48.8211928,6.5082889
48.8211302,6.5079687
49.0198196,6.3815479
49.0128509,6.3955014
48.9241183,6.6347924
49.0749641,6.6914469
49.105349,5.0689646
49.2280928,5.0353097
49.1603457,5.384309
49.1603626,5.3868379
49.1594847,5.3849556
49.1617442,5.3844669
49.1599044,5.3842569
49.1618786,5.3850293
49.3841024,5.1771615
49.4927809,5.1892785
49.4922608,5.1887803
49.4923084,5.1888936
49.3434549,5.3999257
49.0950994,5.6337381
49.165163,5.870442
49.4452248,5.6013696
49.4447993,5.6014232
49.4465641,5.5998675
49.446313,5.6011979
49.3114883,5.7793384
49.3114732,5.779229
49.6054417,5.0778658
49.6325723,5.1656767
49.6316251,5.1675339
49.519844,5.3672311
49.515581,5.7378337
49.515084,5.7670842
49.5148809,5.767134
49.5234625,5.7643219
49.524504,5.7634025
49.5244968,5.7636808
49.5234399,5.7646222
49.5235371,5.7626068
49.5243035,5.7647
49.5227857,5.7642251
49.5245477,5.762684
49.5151709,5.7686199
49.5144674,5.7674728
49.5138052,5.7679283
49.5138898,5.7700471
49.5156041,5.7679763
49.514279,5.7673331
49.5186225,5.7844828
49.5446919,5.7980564
49.1572345,5.8813371
49.15713,5.881641
49.1564151,5.8836153
49.1563742,5.883246
49.1921798,6.0012509
49.2465331,5.9345719
49.253298,5.937256
49.2510224,5.9395382
49.250513,5.9382472
49.2480403,5.9406826
49.25,5.9434593
49.2267932,6.016652
49.1073199,6.1066295
49.1067145,6.1087089
49.1075959,6.1180329
49.1074754,6.1192817
49.1125467,6.1341233
49.0948218,6.1368381
49.0914654,6.1550911
49.0936719,6.1562786
49.10036,6.1531366
49.1006568,6.1541277
49.1017152,6.1565085
49.1000048,6.1553649
49.0997991,6.1559014
49.1012547,6.1549264
49.1005285,6.1545251
49.1002793,6.1717877
49.1001237,6.1706606
49.1006298,6.172762
49.0993369,6.1758589
49.1063405,6.1645032
49.1048533,6.1629067
49.1091888,6.1697331
49.1076709,6.1696417
49.1076355,6.1716067
49.1113345,6.1730766
49.1119104,6.171722
49.1074336,6.1783518
49.1090028,6.1745269
49.1062895,6.1760642
49.1071157,6.1809076
49.1104187,6.1764965
49.1157427,6.1739171
49.1100652,6.1738908
49.1149554,6.1760828
49.1153605,6.174706
49.1156048,6.1812894
49.1171467,6.1417859
49.1282943,6.1463392
49.1302544,6.1452699
49.1167009,6.1733623
49.1186718,6.1753617
49.1164463,6.1749256
49.1177633,6.1760441
49.1162268,6.1791676
49.1193245,6.1748817
49.1164418,6.1791843
49.1168017,6.1797935
49.1174063,6.1739179
49.1514773,6.1497518
49.1519245,6.1482473
49.1428562,6.1642828
49.1056249,6.196189
49.1038705,6.2119481
49.1053854,6.2086578
49.1047053,6.2099576
49.1268953,6.1921085
49.1264168,6.1960999
49.1269481,6.1961837
49.1270219,6.1947521
49.1271403,6.1948379
49.1272641,6.194956
49.1274344,6.1951585
49.1173784,6.2305221
49.211541,6.159807
49.2121473,6.1599089
49.2129611,6.1594342
49.2126615,6.1595039
49.2513954,6.0923481
49.251707,6.0932654
49.2519959,6.0938407
49.252255,6.0943852
49.2504683,6.0931568
49.2522409,6.1661371
49.2515109,6.1674004
49.250933,6.1679488
49.2983573,6.197786
49.317146,6.024544
49.3569528,5.9984805
49.4168892,5.9409815
49.4698417,5.930855
49.4695159,5.930779
49.4699289,5.9308228
49.4700195,5.931075
49.4720597,5.9548742
49.475782,5.954673
49.4751694,5.9546382
49.4713719,5.9574767
49.4438231,6.0807939
49.3271276,6.121256
49.3516665,6.1394584
49.3567663,6.148505
49.3580246,6.1645454
49.3560487,6.1638363
49.3557306,6.1632921
49.3554907,6.1624708
49.3564641,6.1645478
49.3569523,6.1656675
49.3596411,6.1688272
49.359525,6.1698402
49.359774,6.1701967
49.3141498,6.2810672
49.3143536,6.2820766
49.3166654,6.2910019
49.3581378,6.189342
49.3590455,6.1904423
49.3959487,6.2009396
49.406014,6.1555231
49.4053917,6.1561645
49.4051465,6.1563542
49.4062376,6.2406729
49.108655,6.4084489
49.2027595,6.2987393
49.117031,6.645656
49.105153,6.7081614
49.1041029,6.7053921
49.1049405,6.7089648
49.1043201,6.7085461
49.1812611,6.6515141
49.2056751,6.6966364
49.20666,6.6951987
49.2494811,6.6684395
49.441425,6.3562694
49.4433149,6.3623359
49.4426072,6.3599409
49.4420899,6.3592325
43.384087,6.7219315
43.3853664,6.7229145
43.4238191,6.7470968
43.422416,6.769472
43.4217824,6.7692105
43.4231156,6.7672899
43.4228311,6.7662822
43.4245364,6.7659009
43.4242407,6.7683059
43.4240802,6.7679997
43.4244874,6.7688823
43.4236136,6.7673454
43.4233385,6.7672498
43.4225142,6.7679989
43.4168432,6.8078636
43.4338304,6.7369377
43.4326517,6.7362639
43.4329254,6.7332685
43.4333189,6.7410605
43.4336096,6.744438
43.4345342,6.7374595
43.4396561,6.7441021
43.4321372,6.7510583
43.4500954,6.7553925
43.4498364,6.7551404
43.4539528,6.7273464
43.4293891,6.7729308
43.4344872,6.8630585
43.6090197,6.7323474
43.6042593,6.7712682
43.6024627,6.776278
43.6023836,6.7765093
43.6027677,6.7767652
43.6180576,6.7647243
43.5244776,6.9403813
43.5449074,6.9375539
43.5426358,6.9366306
43.5428439,6.9371885
43.5438763,6.9371401
43.5452644,6.9377111
43.5420903,6.9426962
43.5456133,6.9378606
43.5550071,6.9383133
43.5535186,6.93777
43.5807327,6.9478797
43.5497116,6.9764373
43.5493711,6.9788166
43.5495033,6.9800015
43.549151,6.9804555
43.5518875,7.0183491
43.5516953,7.0126039
43.5519043,7.0130572
43.5519013,7.0204572
43.5524817,7.017408
43.5525558,7.0182124
43.5521692,7.01733
43.5522742,7.0171276
43.55238,7.0180694
43.5550322,7.0173448
43.5523432,7.0159956
43.5521018,7.0192676
43.5524729,7.0237622
43.5575367,7.0224443
43.556385,7.0241705
43.5684764,6.9950579
43.5690811,7.0056778
43.5687335,7.005381
43.5713408,7.0015165
43.5631514,7.0164601
43.5589964,7.0170281
43.5681088,7.0161706
43.5678766,7.0161921
43.5669501,7.0162314
43.5665785,7.0162468
43.5725042,7.0002746
43.5731996,7.0001604
43.572361,7.0004934
43.5824495,7.0089805
43.5742016,7.0163454
43.5754203,7.0226329
43.5759071,7.0213289
43.5934774,6.9288058
43.5936968,6.9290529
43.6129347,6.96849
43.6194796,6.9713673
43.6197963,6.9706909
43.6201605,6.971062
43.6309338,6.958857
43.6312559,6.9584911
43.5974027,6.9863825
43.5985012,6.9863607
43.6002526,6.9862999
43.5978751,6.9863325
43.6047072,6.9875348
43.6168288,6.973726
43.6165492,6.9738977
43.5506654,7.0308559
43.5490755,7.0278755
43.5516684,7.0284072
43.5508702,7.029929
43.5506593,7.0300671
43.546173,7.0336908
43.5463117,7.0334358
43.5525828,7.0282456
43.5684861,7.073931
43.5686757,7.0739271
43.5678977,7.0734949
43.567436,7.0739252
43.5672432,7.0741135
43.569057,7.0735384
43.5754253,7.0560418
43.5760783,7.056414
43.5788683,7.0539015
43.5725514,7.1029037
43.5701171,7.1088386
43.5690496,7.1106641
43.5685829,7.1126286
43.5704149,7.1107707
43.5682234,7.1127523
43.5694877,7.1109027
43.5687897,7.1136019
43.5809047,7.1209667
43.5826748,7.1204648
43.5814279,7.1205968
43.5811442,7.1208597
43.5823693,7.1203071
43.578688,7.12306
43.5824798,7.1201058
43.5818431,7.120482
43.5814615,7.1207927
43.5804211,7.1202376
43.5808486,7.1207413
43.61298,7.0494347
43.6218159,7.0396471
43.6220807,7.0392276
43.6215889,7.0392194
43.616969,7.0576737
43.5946448,7.0942838
43.59262,7.1027954
43.5925964,7.1029012
43.6019331,7.0809855
43.6018512,7.0821648
43.6039985,7.0903664
43.5854446,7.1148277
43.6061167,7.1233799
43.6062835,7.1234384
43.6277627,7.0963025
43.6278268,7.0966767
43.6360911,7.133109
43.6411464,6.8785149
43.6409228,6.8782144
43.6413896,6.8789321
43.6394694,6.8768004
43.6403743,6.8772119
43.6438206,6.8823859
43.6406875,6.9118123
43.6410525,6.9114187
43.6563313,6.918708
43.6969656,6.8513954
43.6447229,6.9409177
43.6602642,6.9227589
43.6596425,6.9225311
43.65946,6.9224986
43.6532184,6.9440146
43.6532447,6.9447513
43.6804747,6.9723205
43.6407847,7.0075161
43.6413085,7.0076325
43.6424218,7.0083629
43.6427542,7.0078286
43.6406773,7.0073902
43.6776904,6.9747162
43.7000614,6.9862834
43.6676518,7.0446003
43.6669035,7.0490599
43.6586042,7.1214954
43.6870322,7.0998326
43.6870642,7.0999512
43.6850263,7.1080015
43.6845406,7.1082907
43.7217953,7.1116425
43.722482,7.112399
43.7224782,7.1112004
43.9546346,6.8899123
43.9556435,6.8936291
43.6419389,7.1422125
43.6418668,7.1410834
43.6604346,7.1370727
43.6558552,7.153059
43.6632119,7.1499513
43.6627026,7.1504337
43.6632319,7.1505021
43.6581499,7.1608323
43.6593992,7.164647
43.6590938,7.1648321
43.6639479,7.1506082
43.6645605,7.1502731
43.6652879,7.1711449
43.6616402,7.1970547
43.658637,7.1966784
43.6593017,7.1966247
43.6749496,7.1891848
43.6750882,7.1890639
43.6702216,7.1909421
43.6703811,7.1908578
43.6680009,7.2145633
43.6782712,7.2207163
43.6778718,7.2182725
43.6780658,7.2201849
43.6777631,7.2191494
43.6783259,7.2204025
43.678253,7.2208206
43.6777248,7.2283669
43.6806116,7.2301333
43.6790867,7.2292355
43.6796318,7.2295566000000004
43.6801495,7.2303696
43.6817362,7.2310803
43.6870532,7.2264403
43.7106463,7.1941879
43.7104541,7.1943449
43.710521,7.1926441
43.7104357,7.1924794
43.6869839,7.2375778
43.6908824,7.2431842
43.6909173,7.243305
43.6948723,7.2436487
43.6960034,7.2515271
43.6939901,7.2516162
43.6932546,7.2496581
43.6955417,7.2575248
43.6959137,7.2560334
43.6940307,7.2561116
43.6948934,7.2561283
43.7014219,7.2559846
43.6976654,7.25606
43.6996977,7.2593874
43.7006741,7.2599975
43.7053065,7.2562585
43.7099508,7.255832
43.7102507,7.2583034
43.7102533,7.2584872
43.695618,7.2732996
43.6961201,7.2743786
43.7016962,7.2670802
43.7006961,7.2676813
43.7003364,7.2679119
43.6977331,7.2658038
43.6971289,7.2627823
43.6995438,7.2641162
43.6976839,7.2640376
43.7024443,7.2660007
43.6996621,7.2683532
43.6962222,7.271012
43.6985119,7.2739374
43.6986034,7.2742705
43.6987917,7.2722274
43.7005429,7.2740992
43.6961794,7.2702453
43.6983694,7.2682567
43.6999969,7.2681803
43.6990256,7.2693284
43.7010183,7.2723471
43.7013435,7.2805559
43.7014022,7.2802986
43.6983095,7.2766274
43.6970057,7.2763424
43.7024937,7.2812311
43.6987164,7.2837591
43.698443,7.2835982
43.698704,7.286241
43.6985959,7.2865294
43.6984367,7.2865138
43.7019651,7.2821911
43.700338,7.2868389
43.7007355,7.2872887
43.7087716,7.2630448
43.7079787,7.263069
43.708309,7.2627947
43.7090371,7.262309
43.7043302,7.2700309
43.7043942,7.2696738
43.705135,7.2692135
43.7044913,7.2731442
43.7102519,7.262379
43.7104549,7.2621277
43.710225,7.2614015
43.7145791,7.2614011
43.7149886,7.2716311
43.7029138,7.2814432
43.7034494,7.2817532
43.704375,7.2862344
43.7042911,7.2857166
43.7194492,7.2518609
43.7192719,7.2525606
43.7165361,7.2612798
43.7201403,7.2568631
43.7159016,7.2612681
43.7255269,7.2494062
43.7243346,7.2558477
43.7250151,7.2557381
43.7255048,7.2554427
43.7268675,7.2558897
43.71961,7.2621909
43.7168289,7.2723895
43.7162921,7.2718405
43.7185098,7.2721826
43.716427,7.272323
43.7248381,7.2744064
43.7251988,7.2747713
43.7402816,7.2875958
43.7025258,7.287982
43.7024766,7.3081506
43.7020646,7.307467
43.7092179,7.2929302
43.7121587,7.2920923
43.7140297,7.2926417
43.712346,7.2929765
43.7107568,7.292615
43.7061096,7.3012556
43.7027801,7.3089046
43.7034358,7.3092225
43.7066494,7.3311465
43.7078356,7.3308912
43.7073022,7.3305646
43.7073106,7.3309337
43.7720376,7.2001014
43.8208451,7.1889753
43.8210022,7.1912483
43.7230544,7.3964249
43.722684,7.397733
43.741574,7.4253052
43.7423886,7.4261317
43.8352017,7.3531697
43.7574205,7.4744601
43.7648079,7.4821382
43.7650964,7.4836179
43.7742495,7.4965915
43.7718269,7.4966562
43.7732341,7.4997221
43.7747266,7.5019017
43.7741525,7.5011725
43.7749392,7.5004142
43.7750794,7.5050956
43.7823809,7.5113783
44.0124195,7.307893
43.8775811,7.4473546
43.8785649,7.4483393
43.9374732,7.5142584
44.0903096,6.8535211
44.0958561,6.9297752
44.0821651,7.1064228
44.0833627,7.104542
44.255819700000004,6.925528
44.0699818,7.2560976
44.184982,7.1596602
44.0876756,7.5935072
45.2851591,6.8782535
45.2853384,6.877949
45.3821539,6.7202072
45.4568673,6.9005136
45.468962,6.9060761
45.46837,6.9092022
45.4497791,6.97746
45.4496643,6.9789319
45.4494796,6.9793562
45.5754917,6.7798858
45.6167577,6.7694797
45.6182953,6.7694913
45.6169273,6.7694606
45.6178349,6.7697384
45.6176853,6.7692358
45.6183736,6.7705881
45.6183629,6.7701787
45.618626,6.7703153
45.6187539,6.7706041
45.8233359,6.7270261
45.8894039,6.7973123
45.8918965,6.711427
45.8919446,6.7117657
45.8925051,6.7119882
45.8931721,6.7117345
45.9231683,6.8716663
45.9228782,6.8730221
45.923381,6.8694603
45.9220867,6.8684918
45.9237917,6.8688316
45.9224174,6.8685366
45.923387,6.8697812
45.9252056,6.8709231
45.9249581,6.8698538
46.0833423,6.7274575
46.0834138,6.7248177
46.0843138,6.7240552
46.1921228,6.7751098
46.2801806,6.7183602
46.2655111,6.8414703
46.2676852,6.8413147
47.1628393,6.7285951
47.2513171,6.7996274
47.2524464,6.8012452
47.253053,6.80167
47.2521409,6.8019467
47.2534354,6.8020721
47.2522738,6.8030647
47.2525578,6.8045299
47.3179386,6.812315
47.3178557,6.8121488
47.382906,6.7702803
47.3819806,6.7709356
47.45121,6.8072293
47.4456294,6.815099
47.4795593,6.7315052
47.4795197,6.7314958
47.5005666,6.7910478
47.5005951,6.7998029
47.5006349,6.8003624
47.4991484,6.800669
47.500083,6.8105096
47.5094126,6.7972997
47.5097841,6.7962915
47.5099441,6.7979991
47.4622798,6.859209
47.4612435,6.8604252
47.4611242,6.8601384
47.4413309,6.8819341
47.4832914,6.8393826
47.4825858,6.8401447
47.4831738,6.845899
47.4822524,6.8426941
47.5149109,6.8323749
47.5145921,6.8310955
47.5150359,6.8314522
47.5145451,6.8339737
47.5154544,6.8334639
47.5157479,6.8306369
47.5064883,6.8637474
47.5261741,6.7975999
47.5779944,6.7629734
47.5259264,6.8287601
47.5272366,6.8226044
47.526348,6.827203
47.5591876,6.8496772
47.5213221,6.913904
47.6202979,6.8335316
47.6195056,6.8323213
47.6122218,6.8594639
47.6158683,6.8616003
47.4853951,6.9258526
47.4847797,6.9257346
47.5062255,6.9986049
47.505886,7.0013779
47.5071566,7.0039239
47.5105678,7.001706
47.5129033,7.0011703
47.538245,6.9724131
47.6343337,6.8276782
47.6277248,6.8438414
47.625579,6.8594082
47.6279932,6.8624928
47.6329021,6.8571153
47.6465906,6.8548203
47.6361164,6.8576742
47.6370959,6.8577115
47.6372694,6.8576763
47.6387671,6.8609524
47.6379328,6.8594179
47.6370496,6.8593392
47.6365264,6.8558469
47.638585,6.8605931
47.6366665,6.8577258
47.6358957,6.8555214
47.6392097,6.8632935
47.6423368,6.8573999
47.6496209,6.8529481
47.6520213,6.8508051
47.6632596,6.8426166
47.6647097,6.8420398
47.6668069,6.842402
47.6633058,6.8422691
47.741701,6.8272233
47.7413344,6.8270427
47.7418098,6.8273986
47.7410584,6.8268244
47.7414875,6.8268697
47.6310264,7.1142697
47.7355718,6.9666424
47.7760249,6.9954951
47.7747742,6.996747
47.7746791,6.9968814
47.7740697,6.9974294
47.8107573,7.1029206
47.8109946,7.1025348
47.8103624,7.102777
47.8099263,7.1034381
47.8116824,7.1014662
47.8114668,7.1017307
47.8106868,7.1010054
47.8067805,7.1214357
47.4948741,7.3137112
47.4944174,7.3134698
47.4941322,7.3139247
47.4946306,7.31404
47.5980131,7.2216431
47.5488577,7.3198644
47.5495731,7.3192957
47.5875316,7.2538457
47.5992419,7.3554892
47.52634,7.4794055
47.5497697,7.4790788
47.5614084,7.5281764
47.5614029,7.527817
47.5770546,7.5495264
47.6118965,7.5343801
47.6231956,7.2369243
47.6230576,7.2367053
47.6252006,7.2413649
47.7008856,7.2809771
47.6959446,7.2948721
47.7192703,7.3009475
47.7250305,7.3200618
47.72532,7.3203054
47.7256896,7.3206666
47.7261175,7.3211055
47.752364300000004,7.235151
47.7934319,7.1739906
47.8075321,7.17542
47.8082221,7.1754942
47.8071899,7.175662
47.7589063,7.2779408
47.7593276,7.2776285
47.7787531,7.2842561
47.7445381,7.3358106
47.7479907,7.3311298
47.7502645,7.3291498
47.7470786,7.3380391
47.7493884,7.3393073
47.7472593,7.3371054000000004
47.7465076,7.3387725
47.7465512,7.3386447
47.7494291,7.3353989
47.7704923,7.3208228
47.770714,7.3212309
47.808928,7.2411429
47.8098935,7.2401097
47.8057063,7.3369983
47.8081684,7.3379248
47.8075434,7.3380266
47.6342914,7.4779641
47.6533042,7.4536497
47.6548525,7.4535531
47.6370349,7.5341169
47.7452663,7.340129
47.7454679,7.3407741
47.7434041,7.3446904
47.7514319,7.3442572
47.7471473,7.3414142
47.7462798,7.359365
47.7469603,7.3679438
47.7498136,7.3685591
47.7471189,7.3675938
47.7436626,7.3983903
47.7442541,7.3992973
47.7454085,7.3992835
47.7433703,7.4143874
47.750451,7.4076819
47.7845141,7.3677787
47.786379,7.5086541
47.8248136,7.5158422
47.881144,6.7622175
47.880379,6.7638173
47.8798173,6.7646227
47.8786395,6.7660318
47.8799699,6.7650743
47.9493697,6.7726488
48.0067367,6.7171314
48.0081921,6.7163459
48.0080826,6.7166182
48.0078917,6.7166611
48.0098744,6.7163263
48.0118648,6.7145605
47.9620813,6.8367788
47.9629082,6.8377409
47.9626365,6.8378034
48.0036683,6.8734386
48.0020707,6.8719825
48.0038356,6.8751481
48.0049552,6.8762324
47.8831993,6.9566869
47.8961281,6.9860285
47.8973768,6.9831725
47.8418297,7.0732012
47.8635321,7.045525
47.8739714,7.0313573
47.8746249,7.0283231
47.8737782,7.031403
47.8738838,7.0316569
47.8753165,7.0271396
47.9769513,6.9605647
48.1443429,6.7894516
48.0700737,6.8745401
48.0711362,6.8730968
48.0739346,6.8779245
48.0693802,6.8747722
48.0694944,6.8749602
48.0696114,6.8752176
48.0699311,6.8761679000000004
48.2093173,6.7217224
48.2091058,6.7216607
48.208769,6.7223537
48.2108145,6.7191507
48.2096803,6.7208568
48.1726014,6.8794852
48.1857713,7.0019392
48.1862909,7.002129
47.8840387,7.2323717
47.8857254,7.2290911
47.8865295,7.2295003
47.8849396,7.2288728
47.9072828,7.2135219
47.9085258,7.2121027
47.9117265,7.208421
47.9114044,7.2090927
47.8335094,7.3007565
48.0409247,7.1376876
48.0410157,7.1386323
48.040663,7.1379785
47.9612655,7.2392117
47.9629881,7.23809
47.9569058,7.3003524
47.9574412,7.2975191
47.9578499,7.2963394
47.9669399,7.3035493
47.8652711,7.3527954
47.8653008,7.3545573
47.8652639,7.3535631
47.8647241,7.3535114
47.8675036,7.4510399
47.9153452,7.5372929
47.914863,7.5379131
48.0170621,7.5294051
48.0168634,7.530052
48.0187615,7.5296615
48.0174369,7.5291305
48.0166252,7.5304682
48.0396051,7.5472268
48.0414826,7.1346704
48.0412767,7.1361952
48.0527256,7.2043945
48.126475,7.1608605
48.0731143,7.2895468
48.0721658,7.2934165
48.0704497,7.2988801
48.077271,7.3375827
48.078353,7.3360738
48.1253089,7.2826959
48.1240937,7.2846197
48.1387189,7.2641216
48.1387888,7.2625887
48.1387936,7.2645477
48.0955513,7.3045119
48.0942039,7.3057078
48.1345653,7.2999091
48.2456359,7.1820651
48.2462181,7.1837681
48.246971,7.1852948
48.1666261,7.2979271
48.1950902,7.3186672
48.1948068,7.3199469
48.072868,7.3400694
48.0717793,7.3481119
48.0753982,7.350982
48.0731811,7.3589159
48.0723127,7.3656013
48.0697931,7.3656865
48.0786787,7.3557834
48.0790565,7.3569511
48.0789112,7.35851
48.0777089,7.353772
48.0782522,7.3532439
48.0777566,7.3533165
48.0803254,7.360446
48.0828383,7.3470821
48.081151,7.3474196
48.0821638,7.3477448
48.0815414,7.3583265
48.085672,7.3615918
48.0815226,7.3921356
48.0804413,7.3932944
48.0956455,7.4395339
48.1107263,7.4218199
48.0790871,7.5341326
48.1022431,7.4707554
48.1031493,7.4689268
48.1020859,7.4720763
48.1246946,7.478143
48.1600279,7.3753251
48.1877223,7.4032834
48.1844982,7.4352175
48.2052166,7.363709
47.5886944,7.560937
47.5865684,7.5627987
47.5899139,7.5590601
47.5853119,7.5641033
47.5863764,7.563012
47.586069,7.5637951
47.5873467,7.5671976
47.594047,7.5817098
47.6051076,7.5699604
48.4482395,6.7368463
48.4490534,6.7409941
48.4488442,6.737659
48.4501743,6.7409062
48.4505248,6.7406353
48.4055653,6.8409319
48.4066539,6.8419202
48.4070753,6.8432045
48.4073674,6.8426563
48.4073243,6.8431751
48.4063778,6.8447501
48.2897172,6.9389235
48.283443,6.9486359
48.2865095,6.9496394
48.2845023,6.9493616
48.2897123,6.9498409
48.2880878,6.9494915
48.2870642,6.9503277
48.2856052,6.9494437
48.2861965,6.9511466
48.3950389,6.980427
48.3948177,6.9819753
48.3947662,6.9812073
48.3959293,6.9807796
48.588901,6.8441904
48.6701279,7.1149314
48.2722587,7.2806994
48.2709511,7.2827465
48.3421252,7.3029015
48.3432882,7.3042725
48.343766,7.3044623
48.3443197,7.3048335
48.3444929,7.3048936
48.403442,7.1608441
48.4575118,7.2082905
48.2537309,7.3939458
48.2718991,7.3992969
48.2717787,7.3992976
48.2739161,7.3992057
48.3222484,7.4286139
48.2586737,7.4493547
48.2584972,7.4484959
48.2586959,7.4478574
48.2582225,7.4513141
48.258282,7.450968
48.259303,7.4544637
48.2574802,7.4540051
48.257706399999996,7.4530504
48.3368605,7.5436623
48.3597142,7.4644274
48.4070295,7.4492562
48.4076953,7.449358
48.4092016,7.4492822
48.408237,7.4530106
48.4084478,7.4537288
48.4528677,7.4643329
48.477600700000004,7.217529
48.47884,7.2194352
48.4787728,7.2188732
48.4772975,7.2162797
48.478198,7.2182005
48.4920632,7.3230413
48.5201906,7.2889682
48.6543826,7.1493813
48.6541278,7.2393432
48.6243838,7.3053454
48.5266565,7.3454877
48.5415751,7.4255079
48.4624284,7.4819612
48.4619886,7.4826145
48.4620818,7.4797536
48.4619703,7.4829352
48.4618964,7.4811182
48.5386157,7.4535764
48.5384583,7.4561568
48.537983,7.4585507
48.5248212,7.484644
48.5429482,7.4928559
48.5401542,7.4923046
48.5399481,7.4921274
48.5409114,7.4940319
48.5419649,7.491963
48.54062,7.4923434
48.5413594,7.4923244
48.5418896,7.491275
48.5943744,7.4932289
48.6375189,7.4449658
48.6370925,7.4488927
48.6371027,7.4477447
48.6372565,7.4477046
48.6371373,7.4479718
48.6376242,7.4466109
48.6208919,7.4891854
48.8119171,6.7163057
48.6718409,7.0024892
48.7347183,7.0538341
48.734723,7.052648
48.7340573,7.0524353
48.7356764,7.0523922
48.7350829,7.0521301
48.7347947,7.0529385
48.7359643,7.0539743
48.7365012,7.05254
48.7736325,7.0613244
48.8625461,6.9411761
48.9389572,7.086137
48.9390827,7.0864033
48.9986995,7.0279754
49.0016226,7.0301328
49.0012557,7.0297517
49.0002653,7.0302302
49.0166811,7.0823164
48.7669897,7.2595301
48.7684034,7.2588553
48.6892738,7.3827434
48.741543,7.3619652
48.7418913,7.3613353
48.7406336,7.363474
48.742004,7.36188
48.741505,7.3620808
48.7424486,7.3614786
48.7432919,7.3606908
48.7553494,7.4642065
48.7546067,7.4655986
48.7544585,7.4655741
48.8266511,7.4799722
48.8703562,7.479503
48.871085,7.4796475
48.8720309,7.4794988
48.8723587,7.4796844
48.8737056,7.4797492
49.0456246,7.2645219
49.0457302,7.2661059
49.0446714,7.2729318
48.9183914,7.3811981
48.9198091,7.3729499
48.977292,7.5155604
49.0781655,7.3627956
49.0498987,7.4269867
49.0497215,7.427716
49.0525673,7.4245504
49.0527704,7.4238329
48.2516297,7.6053267
48.3198634,7.7035457
48.3584861,7.5811801
48.3763253,7.5887489
48.3694342,7.5944423
48.3710925,7.5920081
48.3709261,7.5933082
48.3708715,7.5929379
48.3825633,7.6971249
48.4210495,7.6628032
48.4207078,7.6634382
48.4228141,7.6610187
48.4225474,7.6625113
48.4229766,7.6617357
48.4227304,7.6618232
48.4747843,7.5656858
48.526294,7.5665541
48.5138864,7.6444766
48.5169632,7.6501979
48.532576,7.6348336
48.4910693,7.6840529
48.4853128,7.7149386
48.4826454,7.7297348
48.5577707,7.6840849
48.5579349,7.6847622
48.522211,7.717922
48.5265255,7.7085674
48.5267516,7.7091068
48.5285746,7.710368
48.5271119,7.7087227
48.5265736,7.7094387
48.5267402,7.7097569
48.5269064,7.709857
48.5348269,7.7244095
48.5432485,7.7096161
48.5471274,7.7094873
48.5394896,7.7342206
48.5495217,7.7479398
48.5500288,7.7527779
48.5534717,7.7448383
48.5577667,7.7485748
48.556933,7.7476849
48.6027644,7.5950457
48.6560896,7.6068477
48.6621187,7.6052576
48.5871154,7.6666912
48.5804927,7.6871903
48.58046,7.6868048
48.5847022,7.6865298
48.5885257,7.697736
48.6046605,7.6886628
48.5992765,7.7021429
48.6051949,7.6869646
48.5662628,7.7082694
48.5791503,7.7121586
48.578867700000004,7.7120501
48.5793679,7.7137191
48.5792511,7.7144432
48.5912882,7.7237515
48.5914212,7.7206117
48.5663258,7.7589906
48.5662591,7.7584969
48.5689857,7.757185
48.5685664,7.7530572
48.5668849,7.7584971
48.5667516,7.7585956
48.5763624,7.7541941
48.5774525,7.7535533
48.5752809,7.7531137
48.5754452,7.7549093
48.5835943,7.7383684
48.5834687,7.7342548
48.5820071,7.7387514
48.5849442,7.7413245999999996
48.5829104,7.7402662
48.584422000000004,7.7440874
48.5827524,7.7447589
48.5828707,7.7451956
48.5834195,7.7448093
48.5847733,7.7410152
48.5812259,7.7461507
48.5850793,7.7433163
48.5881846,7.7412316
48.5868571,7.7430814
48.5886246,7.7458028
48.5815474,7.7487087
48.5797689,7.7499107
48.5837697,7.7496624
48.5844038,7.7472754
48.581292,7.7464945
48.581478,7.7491738
48.5797604,7.7520468
48.5829378,7.7578842
48.5894705,7.7511375
48.5894334,7.7512194
48.585277,7.7474255
48.5895795,7.7520597
48.5888372,7.7546844
48.5901682,7.7556023
48.5939919,7.7201071
48.5945616,7.7195731
48.5948018,7.7184805
48.6099839,7.713149
48.5926198,7.7567407
48.6043717,7.7470803
48.6086812,7.734671
48.6055665,7.7481036
48.6067434,7.7489949
48.6059067,7.7483517
48.6058775,7.7487019
48.6067858,7.7494154
48.6080737,7.750241
48.6074717,7.749802
48.6048596,7.7473846
48.6149672,7.7528452
48.6166092,7.7540201
48.6169567,7.7537974
48.6289683,7.7289873
48.6419121,7.7156914
48.6226106,7.7552506
48.6218265,7.7551372
48.6359,7.7406694
48.6352738,7.7408561
48.6696164,7.7121164
48.6692337,7.7106792
48.5307311,7.7681162
48.5589945,7.765638
48.5653829,7.7714546
48.5654763,7.7597466
48.5738999,7.7656585
48.5725622,7.7595968
48.5778036,7.769014
48.5765151,7.7680861
48.5771578,7.7672329
48.5776924,7.7689872
48.5729969,7.7667695
48.5673177,7.7726621
48.5693516,7.7776014
48.5806764,7.7694721
48.5866204,7.7639627
48.5859584,7.7633865
48.586024,7.7626113
48.5858927,7.7630673
48.5871452,7.763932
48.5866443,7.7625315
48.5880224,7.7701485
48.5898071,7.7676809
48.5725502,7.7945383
48.598515,7.7637652
48.599473,7.779241
48.6004508,7.7811199
48.5993889,7.7836319
48.6006933,7.7810158
48.6020417,7.782523
48.6008107,7.7812709
48.6029843,7.782986
48.6013595,7.7822105
48.6109808,7.7807159
48.6610337,7.8224806
48.657909,7.8308922
48.6572685,7.8293656
48.7572062,7.5691038
48.7571851,7.5696898
48.7572187,7.5699201
48.75822,7.5698448
48.7568332,7.6475828
48.7563169,7.6485779
48.7292826,7.7111015
48.7311634,7.7079552
48.7301097,7.711135
48.7304867,7.7100772
48.7317365,7.7088018
48.7300686,7.7108269
48.8105831,7.6966524
48.8684484,7.6849724
48.8743518,7.7369989
48.6957206,7.7836681
48.6983268,7.7838878
48.6991902,7.7848089
48.7129993,7.8032105
48.767555,7.8574333
48.768369,7.8590115
48.7678778,7.8583619
48.7118209,7.9136373
48.7304771,7.9065315
48.7330231,7.9108033
48.7603996,7.9544099
48.7602593,7.9523297
48.7620084,7.9514685
48.7637441,7.9519926
48.8119009,7.7855077
48.8138897,7.7878599
48.8133983,7.787269
48.8149365,7.7889823
48.8155221,7.7893314
48.8188265,7.7911037
48.816469,7.791827
48.8223783,7.7934776
48.7902922,7.8355313
48.8017556,7.9081568
48.8297626,7.9633939
48.8300909,7.9648095
48.8301758,7.964031
48.9200242,7.5920682
48.8859343,7.6152354
48.9508205,7.6420446
48.9493968,7.6442489
48.9496508,7.6438205
48.9054434,7.654979
48.9318188,7.6626807
48.9385358,7.7459955
48.9391853,7.7455953
48.9391042,7.7458099
48.9107078,7.8464236
48.9385628,7.8303199
48.8989204,7.9121462
48.9379465,7.8817176
48.9369763,7.8840813
48.9403795,7.8845888
49.0045014,7.7899234
49.0362238,7.9442135
49.0367996,7.9448864
49.0367926,7.9452037
49.0368142,7.9456303
49.0367395,7.9470699
49.0360512,7.9442554
49.0348991,7.9439438000000004
49.0341076,7.9451269
48.7972759,7.990834
48.8269413,8.0345818
48.8300695,8.038137
48.8439394,8.0546243
48.9016719,7.9785905
48.9020238,7.9774945
48.9060139,8.0494865
48.9706108,7.9869499
48.8955017,8.099363
48.8922044,8.1066731
48.8936416,8.107256
48.9351596,8.1535072
48.9747227,8.1803686
48.9747379,8.1792326
49.1631032,6.7154071
49.1599529,6.7356093
49.1482611,6.8149243
49.1482517,6.813799
49.1149571,6.8638976
49.1173221,6.8860344
49.1483735,6.8172751
49.1481501,6.816301
49.148391,6.8177611
49.1483757,6.8198576
49.1864706,6.9006797
49.186056,6.8984602
49.1849524,6.8957096
49.186211900000004,6.8968248
49.1856801,6.8959263
49.187523,6.9002488
49.1871482,6.9031433
49.18776,6.9026069
49.1878845,6.9029314
49.1871561,6.9013087
49.18732,6.9016359
49.1875234,6.9021321
49.1893475,6.9049597
49.1082479,6.9419376
49.1068129,6.9776888
49.1782721,6.9630353
49.1771049,7.0003338
49.0927697,7.0413844
49.1091101,7.0707336
49.1122953,7.0672347
49.1097585,7.0677566
49.1098889,7.0696845
49.1110183,7.0667977
49.1096327,7.0671104
49.1109255,7.0696153
49.1128743,7.0652166
49.1126006,7.0657323
49.1191444,7.0870647
49.1185862,7.0848572
49.1580889,7.0272967
49.2205202,6.9238034
49.1147188,7.1812727
49.9286993,1.1019034
49.9287858,1.1020503
50.0153405,1.3149652
50.0604796,1.3731251
50.0615193,1.3710638
50.0670502,1.3861221
50.0483188,1.4192063
50.0480872,1.419643
50.0481725,1.4198852
50.0935016,1.5427124
50.0900405,1.5486102
50.090624,1.5509685
50.0907086,1.5514455
50.1832543,1.4943241
50.1868435,1.636015
50.1871065,1.6357254
50.1856856,1.641764
50.2146613,1.6274779
50.2154956,1.6260463
50.2714269,1.6743514
50.271501,1.6732429
50.2710516,1.6715051
50.271261,1.6716713
50.4045885,1.5631952
50.404638,1.5640652
50.404719,1.565606
50.4046787,1.5653476
50.4049329,1.5659234
50.4059287,1.5638616
50.4052577,1.5677644
50.4041885,1.5953137
50.521997,1.583261
50.5242543,1.5846758
50.524115,1.5845241
50.5236358,1.5858236000000001
50.5230577,1.5844954
50.5238824,1.5826984
50.5222857,1.5875994
50.5228107,1.5897164
50.5228431,1.5875821
50.5136909,1.6380003
50.5155233,1.633851
50.5142491,1.6387022
50.5140371,1.6393634
50.7069116,1.5740906
50.7072871,1.5743028
50.706604,1.573777
50.725237,1.6026083
50.7250809,1.6038468
50.7247915,1.6041542
50.7246341,1.6031185
50.7228469,1.6044766
50.7219587,1.603236
50.7236988,1.6040695
50.7232624,1.6051662
50.7242543,1.6037169
50.724411,1.6050334
50.7221923,1.6062628
50.7226119,1.6078215
50.7225608,1.6081021
50.7174211,1.6143469
50.7171128,1.6146571
50.7278245,1.618597
50.7275756,1.6155366
50.7274565,1.6189889
50.7283563,1.6182218
50.7368014,1.6125655
50.7669339,1.6114256
50.767675,1.6114965
50.7689596,1.6116718
50.7675166,1.6112467
50.7687,1.6116115
50.7679241,1.6115118
50.7686025,1.6115937
50.1051719,1.8321646
50.1061386,1.8330093
50.1064121,1.8343504
50.1067254,1.8341583
50.1068811,1.8343691
50.1070027,1.8345337
50.1050326,1.8351232
50.1046643,1.8359784
50.1072816,1.8353827
49.9651216,1.9439775
49.965792,1.9423279
50.0123172,1.990222
50.0148073,2.0808097
50.1344472,1.9467355
50.2524107,1.8850891
50.0120435,2.196664
50.0756584,2.1214253
50.1328087,2.1690043
50.2784176,2.2930712
50.2780785,2.2932822
50.1556432,2.342162
50.1569785,2.3407221
50.1566852,2.3415338
50.3987191,1.8777971
50.4639817,1.761326
50.461635,1.7596451
50.4615714,1.760731
50.464382,1.7628198
50.3728521,2.0372892
50.3733507,2.036313
50.7317448,1.7072942
50.5680389,1.905404
50.3963176,2.1027008
50.5134496,2.1350498
50.5140605,2.1347395
50.5138347,2.1340505
50.514814,2.1341224
50.3810027,2.3358223
50.4839961,2.4109372
50.4841484,2.4105687
50.5035776,2.4697283
50.5051476,2.4694217
50.504374,2.468498
50.6009352,2.0977154
50.7110811,2.23161
50.7538504,2.2378936
50.7506386,2.2504336
50.7498784,2.2505785
50.750413,2.251114
50.7496034,2.2521181
50.750383,2.2527766
50.7484889,2.2520383
50.7488601,2.2509555
50.7511985,2.2538304
50.7164317,2.2789325
50.7175783,2.2811875
50.7172989,2.2826027
50.7344533,2.2957029
50.7334989,2.2974045
50.7332443,2.2982252
50.7347229,2.2965001
50.7520957,2.2560483
50.7503744,2.2582017
50.7421373,2.2722186
50.5838751,2.4093115
50.6403199,2.4011861
50.5619916,2.4823796
50.5614801,2.4824679
50.563908,2.480662
50.6958663,2.354543
50.7280127,2.3690572
50.0035481,2.6473836
50.0019524,2.65003
49.9292657,2.9348664
50.1017971,2.8505374
50.1065473,2.8522269
50.1403456,2.7097577
50.2417979,2.6592221
50.241354,2.6586685
50.2777611,2.5288298
50.1992991,2.8786674
50.2822443,2.7393767
50.2920431,2.7473911
50.2738381,2.7576193
50.2890334,2.7756411
50.2888255,2.776573
50.2890837,2.7755076
50.2893778,2.7745923
50.2897111,2.7739928
50.2890775,2.7759388
50.2908524,2.7765892
50.2645905,2.779246
50.2780644,2.7817069
50.278684,2.7815668
50.2881316,2.78028
50.2874794,2.7796563
50.2923832,2.7798319
50.2917247,2.7792708
50.2993145,2.7453013
50.3116346,2.7491157
50.3047297,2.762702
50.3008648,2.8025248
50.3007741,2.8022143
50.3009372,2.8027053
50.0878863,2.9830174
50.1118564,3.0385287
50.1114838,3.0363042
50.0543611,3.1230697
50.3261102,2.9806264
50.3255604,2.9819031
50.3252939,2.9826661
50.2798728,3.1035979
50.1625279,3.209243
50.1626195,3.206795
50.1877122,3.222323
50.1751748,3.2302166
50.1769982,3.2345759
50.1744375,3.2323006
50.1719279,3.2319833
50.1756737,3.2361454
50.175698,3.2373765
50.1719596,3.2329271
50.1756538,3.238077
50.1927519,3.2652579
50.2304066,3.3221776
50.2818961,3.3196957
50.2816958,3.3198373
50.2849493,3.3165803
50.3333177,3.3447183
50.350751700000004,2.591431
50.3508151,2.5918816
50.4517996,2.5386638
50.4519739,2.537875
50.4520464,2.5376551
50.4795699,2.544812
50.481104,2.5446507
50.4809364,2.5471602
50.4807125,2.5459308
50.4808632,2.5447027
50.4804299,2.545013
50.480433,2.5438125
50.4586371,2.6145761
50.5404448,2.5715986
50.5407927,2.5724033
50.5305054,2.6401188
50.5300011,2.6390507
50.5294666,2.6397695
50.5312396,2.6398255
50.5310019,2.6401111
50.5321958,2.6414922
50.5330028,2.6430733
50.522555,2.6815
50.5219057,2.681984
50.3918702,2.7418171
50.4191859,2.7776964
50.4215775,2.7797629
50.4302256,2.8230709
50.4302103,2.8235092
50.4302238,2.8254997
50.4289363,2.8311323
50.4276494,2.8311142
50.401905,2.8659655
50.4015711,2.8658804
50.4307413,2.8334523
50.4289536,2.833585
50.4312177,2.8333885
50.4443322,2.9051673
50.4450317,2.9033434
50.4440962,2.9042756
50.4445617,2.9052161
50.4564806,2.7921026
50.4577536,2.7928562
50.5306918,2.8040396
50.5302527,2.8025179
50.5304681,2.8041441
50.5303428,2.804137
50.5301157,2.8020868
50.5306706,2.8032594
50.5312807,2.8044113
50.5316571,2.8052269
50.5105367,2.9023922
50.5114414,2.9077856
50.5286302,2.932478
50.5302857,2.9335167
50.5291159,2.9323333
50.5292104,2.9322246
50.5292378,2.9311578
50.5301486,2.933811
50.6227237,2.5476433
50.6419742,2.6385717
50.6428697,2.6387003
50.6433843,2.6391691
50.6435016,2.6391539
50.6206108,2.685637
50.6440039,2.7213518
50.6447898,2.7210648
50.6444131,2.7233925
50.6438984,2.7235292
50.6440803,2.7236173
50.6444979,2.722989
50.644426,2.7224835
50.7212711,2.5359518
50.7213509,2.536437
50.7220703,2.5358042
50.7232502,2.535051
50.7228863,2.5367102
50.7235117,2.539029
50.7217712,2.5369197
50.7281897,2.5423693
50.5613422,2.9010992
50.5631557,2.8993384
50.5843236,2.8888228
50.6511043,2.833304
50.7002875,2.7783985
50.7016537,2.7781637
50.7388163,2.7326745
50.7392097,2.7336595
50.7390151,2.733134
50.7389652,2.7329416
50.7387047,2.7329536
50.7395934,2.7365576
50.7381009,2.7360047
50.6781134,2.8467925
50.6813529,2.87723
50.684254,2.8807978
50.6843718,2.8804872
50.6861543,2.881734
50.6873151,2.8812389
50.6972328,2.8572377
50.6979186,2.8561932
50.6992722,2.8526176
50.7039916,2.8402061
50.6739496,2.8933194
50.6701799,2.904864
50.6762779,2.8889599
50.6866701,2.8842035
50.4206243,2.9507099
50.4209545,2.9955209
50.3626396,3.078591
50.3626528,3.0782796
50.3669516,3.0856529
50.3669227,3.0812103
50.367116,3.0815856
50.3711194,3.0844011
50.3684557,3.0853867
50.3686907,3.0820142
50.3705081,3.0831132
50.3680137,3.0856894
50.3684506,3.0821763
50.3713044,3.0884083
50.3644881,3.1127654
50.3634865,3.113264
50.3639673,3.113084
50.3644843,3.1135302
50.3851771,3.108723
50.4906977,2.9553667
50.4912322,2.9549186
50.4913899,2.9562163
50.4921392,2.9579804
50.4913102,2.9561308
50.49305,2.9582962
50.4929479,2.9580762
50.4932689,2.9583968
50.4938651,2.957692
50.4681661,2.9916702
50.4680348,2.9916189
50.4688292,2.9905056
50.5174602,3.0183992
50.5495199,3.0296505
50.549897,3.0299306
50.5511611,3.0310945
50.5510855,3.0313841
50.552572,3.0304445
50.5520153,3.0302376
50.552245,3.0304841
50.5574172,3.033737
50.5216391,3.113597
50.5207624,3.11404
50.5201562,3.1147603
50.5202925,3.1139898
50.5205695,3.114575
50.3772551,3.2147644
50.4267832,3.1824904
50.4282429,3.1795126
50.4270043,3.1828361
50.3591464,3.2806437
50.3584534,3.2802875
50.358723,3.2804211
50.359221,3.280773
50.3597564,3.2812006
50.3586712,3.2810179
50.3610407,3.2801648
50.3654267,3.3003323
50.4071657,3.2794613
50.4072002,3.279596
50.4738163,3.2418026
50.4742702,3.2431451
50.4746518,3.2437338
50.4744901,3.2435031
50.4743284,3.2415612
50.473746,3.242309
50.474819,3.2431802
50.4769816,3.2375834
50.5266447,3.1699578
50.5266458,3.1683665
50.527488,3.1720903
50.5732066,2.9385171
50.5726971,2.9376368
50.5726104,2.9371787
50.5931165,2.9599029
50.6108064,2.9831063
50.6103581,2.9833807
50.610284,2.983331
50.6106236,2.9837184
50.6332276,2.9679039
50.6323122,2.9677298
50.6310731,2.9688381
50.6303476,2.9692134
50.645736,2.9857716
50.6457377,2.9858762
50.645543,2.9847232
50.6452146,2.9842293
50.651314,2.9781519
50.6516015,2.9789658
50.6145777,3.0126153
50.6147998,3.0139069
50.6144265,3.012811
50.6144578,3.0132938
50.6147075,3.01458
50.6415014,3.0178022
50.6394414,3.0197552
50.639276,3.0208488
50.6394188,3.0204634
50.6364266,3.02634
50.6377631,3.0239645
50.6384504,3.0227548
50.6443942,3.0294946
50.6529315,3.0254967
50.6526546,3.0262524
50.652803,3.025325
50.6515296,3.0283557
50.6515423,3.0310666
50.5698078,3.0546813
50.581599,3.0450869
50.5830642,3.0511158
50.5836242,3.0514766
50.5843224,3.0511032
50.587449,3.052362
50.609334,3.0655091
50.6072847,3.076735
50.6084145,3.0760358
50.608321,3.0760874
50.6081074,3.0762585
50.606556,3.0771577
50.6069275,3.0769471
50.6077698,3.07641
50.6069077,3.0765851
50.5904427,3.1165413
50.5905785,3.1162977
50.6108389,3.0643424
50.6360032,3.0536728
50.6237239,3.0590453
50.635906,3.0559089
50.6356053,3.059514
50.6353103,3.0588931
50.6351465,3.0560812
50.6354733,3.0582038
50.6363614,3.0606543
50.6246713,3.0682605
50.6344435,3.067587
50.6311013,3.0688755
50.6328279,3.075555
50.6328811,3.0894533
50.6328269,3.091434
50.6416943,3.0650845
50.6365648,3.0619542
50.637094,3.0667926
50.6426163,3.0605702
50.6495924,3.0425033
50.6625199,3.0509941
50.6421586,3.0857399
50.6526316,3.0730526
50.6530259,3.0731698
50.6547782,3.0739299
50.655157,3.073906
50.6529283,3.0797347
50.6572349,3.0735922
50.6563337,3.0739409
50.6500419,3.0844638
50.6261413,3.1121504
50.6258764,3.1130401
50.6159547,3.1322122
50.6195309,3.131043
50.6196277,3.1314967
50.6190287,3.1305778
50.6190775,3.1313365
50.6453002,3.1017652
50.645715,3.1026403
50.6457694,3.102831
50.6407032,3.1077275
50.6687644,2.9729926
50.6679245,2.9734708
50.6685996,2.9727819
50.7117923,2.9997642
50.71285,3.0010595
50.7118723,2.9984942
50.7120144,2.9989154
50.7650705,3.0078074
50.7649738,3.0075945
50.7647515,3.0063956
50.764008,3.0097718
50.7646622,3.008608
50.6662631,3.044659
50.6632715,3.0499404
50.6873836,3.0526815
50.6874587,3.0531217
50.6658106,3.0765259
50.6651394,3.0780417
50.6763026,3.0918206
50.6769585,3.0918195
50.6920113,3.0529619
50.6937152,3.0896103
50.7019748,3.0932094
50.7029838,3.0931876
50.7028154,3.0928548
50.7032063,3.0917583
50.6638852,3.1013862
50.6656509,3.1028254
50.6651954,3.1022071
50.6646046,3.1009011
50.663133,3.1299295
50.6697145,3.1285629
50.6695713,3.1284541
50.6699526,3.1311822
50.6818533,3.1243025
50.6811659,3.1236554
50.7013352,3.0938927
50.7010381,3.0942008
50.705204,3.1000871
50.698774,3.1388653
50.7004425,3.1366651
50.7000151,3.1371045
50.6998019,3.1379444
50.737852,3.0787156
50.7371001,3.0774793
50.7382747,3.0806661
50.7219343,3.110647
50.7297022,3.1391259
50.7540661,3.1208159
50.7534588,3.1205642
50.7533064,3.1205927
50.7524843,3.1208468
50.5881059,3.1668229
50.5675914,3.2151981
50.5679535,3.2150048
50.5680518,3.2154133
50.5675755,3.2158157
50.5674033,3.2156389
50.568267,3.2139652
50.5673422,3.2146786
50.6174875,3.1462069
50.6258598,3.1489697
50.6264029,3.151067
50.6407509,3.1551908
50.6406101,3.1550537
50.616246,3.2352977
50.6616359,3.2001479
50.6080131,3.2533196
50.6738942,3.1469205
50.6739871,3.1464005
50.6737602,3.1466671
50.6741024,3.1472658
50.6742269,3.1474253
50.6747775,3.1834797
50.675149,3.1821598
50.6694904,3.1869267
50.6893287,3.160005
50.6923431,3.170994
50.6921447,3.1715113
50.7099089,3.1593025
50.6920326,3.1752631
50.6914866,3.1754704
50.691165,3.1786096
50.6914401,3.1789082
50.6671545,3.2107885
50.6682777,3.2108793
50.6674095,3.211325
50.6668927,3.2122584
50.6670278,3.2119812
50.6683891,3.2119795
50.685298,3.2009107
50.6793571,3.2473196
50.6792888,3.2472376
50.6798509,3.247715
50.700218,3.2126156
50.7003284,3.2128781
50.7009467,3.2151546
50.7009931,3.2152603
50.7010283,3.2153679
50.7014172,3.2159723
50.7015431,3.2164573
50.7211794,3.1587525
50.7224798,3.158657
50.7224415,3.15883
50.7227611,3.1579811
50.7230104,3.1587893
50.7243673,3.1577406
50.7214298,3.1593453
50.721266,3.1589483
50.7226034,3.1597708
50.7323064,3.1606938
50.730653,3.1591965
50.7495606,3.154948
50.7492463,3.1552177
50.7498806,3.1548383
50.7504438,3.1524177
50.8171179,1.7046719
50.933237,1.8088565
50.9508058,1.8541611
50.9504008,1.8537778
50.9501477,1.8538706
50.9492771,1.8543145
50.9473575,1.8545614
50.9474459,1.8543807
50.9469019,1.8574888
50.926113,1.8788323
50.9570557,1.8493262
50.9565315,1.8495232
50.958329,1.8495293
50.7855347,1.9363741
50.8541846,1.9783942
50.8532651,1.9769257
50.8560287,1.9794644
50.8769456,2.077739
50.8785822,2.0817442
50.8785108,2.079962
50.8788145,2.080729
50.978355,2.0424222
50.9470048,2.1951657
50.9466197,2.1946474
50.9468209,2.1948068
50.9463656,2.1954607
50.9470911,2.1966752
50.8649798,2.3267215
50.8653725,2.3279956
50.7997747,2.486036
50.8004069,2.4849755
50.8825505,2.4689448
50.8822048,2.4679704
50.882863,2.4679535
50.9694784,2.4322858
50.9696625,2.4326319
50.9687656,2.43251
50.9682318,2.4334151
50.9687622,2.4338537
50.968318,2.433753
50.9679437,2.4321015
50.9664737,2.4326637
50.9861078,2.1254569
50.987575,2.1260703
50.987278,2.1258777
50.9870618,2.1259942
50.9875029,2.1262718
50.9860454,2.1258206
50.9865435,2.1265721
50.9941493,2.2194943
50.9949352,2.2209087
51.0105838,2.2926028
51.0138849,2.3036173
51.0130087,2.3020508
51.0282581,2.3046311
51.0185875,2.3242447
51.0190046,2.326955
51.027716,2.3454223
51.0279582,2.3467934
51.028516,2.3499725
51.028326,2.3528782
50.9959901,2.3673625
51.0379338,2.369883
51.0352259,2.3751377
51.0311706,2.3756866
51.0349591,2.3781624
51.033435,2.3775983
51.0407334,2.4035898
51.0402327,2.403396
51.0408213,2.40462
51.0404287,2.4042705
51.0471406,2.392839
51.0464305,2.4030927
51.0180654,2.4430942
50.8089128,2.5812627
50.8095953,2.5819437
50.8092172,2.5803713
50.80931,2.5823675
50.9810535,2.5868856
50.9808138,2.5864108
50.9817117,2.58532
51.0702157,2.5182156
51.0700268,2.5181063
51.0707606,2.5220139
51.0703832,2.5193065
50.7722512,3.0772068
50.7827337,3.1252162
50.7824419,3.1250427
50.7828541,3.1256056
50.7817743,3.1259105
50.782416,3.1261355
50.7851799,3.1265952
50.7835441,3.1265113
49.9865352,3.453012
49.9867938,3.4570407
49.9852313,3.4552138
50.1232577,3.4078248
50.1224291,3.4076798
50.1221654,3.4076071
50.1235506,3.4087488
50.1053971,3.5422754
50.1047011,3.5433268
50.1044851,3.5432817
50.1034154,3.5435372
50.1246489,3.6895065
50.1248983,3.6909446
50.1254202,3.6909455
50.1847506,3.4952814
50.1850734,3.4964834
50.3266592,3.3903452
50.3268029,3.3915951
50.3266038,3.391932
50.3268776,3.3921769
50.3269489,3.3925886
50.3275247,3.3893328
50.3273561,3.3943595
50.3068096,3.4797268
50.3242883,3.4842291
50.3359453,3.5184931
50.2470841,3.6370516
50.2468198,3.6365648
50.2481379,3.6380058
50.2477609,3.6391603
50.2480738,3.6394165
50.246828,3.6373859
49.9729256,3.916687
50.1217686,3.9270735
50.1219612,3.931705
50.1220353,3.9281299
50.1216889,3.9316586
50.1216234,3.9322018
50.1215923,3.9330553
50.0160138,4.0425075
50.0159047,4.0443156
50.0157134,4.0445195
50.0153463,4.0464534
50.0157307,4.0486018
50.0157357,4.0491919
50.0158599,4.0488432
50.0154153,4.0477033
50.1991053,3.8372045
50.1991168,3.8382059
50.1977265,3.8430344
50.1991503,3.8421929
50.1990333,3.841898
50.2998164,3.7929773
50.2986051,3.7943736
50.2976261,3.7963477
50.250475,3.91899
50.2513132,3.9185321
50.2505612,3.9209216
50.251221,3.9201754
50.2744176,3.9723381
50.2742469,3.971548
50.2735742,3.9718783
50.2770938,3.9739271
50.2778263,3.9725095
50.2776385,3.9733175
50.2782757,3.9740618
50.2786793,3.9735201
50.2789645,3.9737528
50.2771449,3.9719378
50.2907676,3.9675854
50.297813,3.917381
50.1744245,4.0917723
50.2966822,4.101119
50.2966499,4.1000904
50.2965794,4.0988705
50.4471868,3.4259186
50.4472445,3.42638
50.4476668,3.4294573
50.4475154,3.4295196
50.449415,3.4277549
50.448639,3.4283783
50.4491662,3.4277196
50.4479937,3.4275962
50.3631776,3.4922829
50.3711556,3.5027517
50.3707089,3.5036776
50.3704401,3.5039838
50.3717433,3.502752
50.391949,3.482264
50.3926438,3.4823903
50.3921806,3.4834743
50.3610087,3.5198866
50.3595935,3.5216466
50.3592461,3.5216251
50.359679,3.5221052
50.3567319,3.5223228
50.3592174,3.5255043
50.3570026,3.5230022
50.3591949,3.5213829
50.3594355,3.5219936
50.3594021,3.5236508
50.3575097,3.5213572
50.3541828,3.5301114
50.357316,3.526365
50.3577459,3.5267406
50.3628945,3.5182941
50.3613323,3.5200356
50.3640247,3.5297374
50.351128,3.5412939
50.3511776,3.5395965
50.3692731,3.5519936
50.3689313,3.5509553
50.3684711,3.5512917
50.3695719,3.5527899
50.3693212,3.5521241
50.3694491,3.5524123
50.3966511,3.5385932
50.3858357,3.5982095
50.4327412,3.5774135
50.432627,3.5772691
50.4482419,3.5935235
50.4478784,3.5926648
50.4504105,3.5940819
50.4495761,3.5941923
50.4023584,3.6673738
50.4571,3.569104
50.457149,3.5704467
49.9384489,4.6394245
49.941645,4.6399906
49.9419038,4.6402179
50.0828442,4.7247895
50.0847733,4.7243083
50.1372241,4.8231427
50.1364417,4.8249356
50.1362357,4.8265209
50.1367001,4.8240003
50.1367178,4.8236548
50.1357836,4.8305799
50.1343232,4.8525053
-13.2804858,-176.1754128
-23.3465884,-149.4860077
-17.6790655,-149.5874895
-17.6328042,-149.605114
-17.6318967,-149.6036382
-17.7647179,-149.400975
-17.4817967,-149.8084798
-17.5589413,-149.6061961
-17.5569232,-149.6048869
-17.5452383,-149.5771842
-17.5444689,-149.5754515
-17.5430234,-149.5677058
-17.5397772,-149.5661454
-17.5373875,-149.5669853
-17.5373453,-149.5679349
-17.5328246,-149.5678262
-17.5311606,-149.5501947
-17.5252466,-149.5287718
-17.5250083,-149.5261224
-17.5060178,-149.4914538
-17.7261514,-149.3109354
-17.725529,-149.3111104
-16.7314534,-151.44183
-16.7312541,-151.4415892
-16.7128712,-151.0345517
-9.8036284,-139.0424552
14.467933,-60.9218681
14.6030639,-61.0882551
14.6036738,-61.0732315
14.6041449,-61.0683608
14.603692,-61.072446
14.603792,-61.070299
14.6049256,-61.0673678
14.6049773,-61.067572
14.6077693,-61.0682527
14.6062813,-61.0667151
14.6080943,-61.0696856
14.6111514,-61.0710311
14.606689,-61.066038
14.5254464,-60.9819533
14.5280701,-60.9805597
14.4868682,-60.9029561
14.5447788,-60.8416949
14.617889,-60.9914345
14.6179911,-61.0208856
14.677692,-60.938453
14.614824,-60.9036745
14.6142018,-60.9054554
14.7390028,-61.1762785
14.744738,-61.1758943
14.7428198,-61.1761889
14.773277,-61.1352545
14.710409,-61.003235
14.7375666,-60.9618596
15.8831583,-61.3160894
15.9961052,-61.7308195
15.9970871,-61.7318575
15.9958989,-61.7303333
15.9954907,-61.7305122
15.9960034,-61.7307426
15.9957027,-61.7306262
16.0120933,-61.7443222
16.1309128,-61.7695815
16.2335706,-61.7899685
16.2325115,-61.7898502
16.3309827,-61.6968363
16.3307865,-61.6969825
16.0429605,-61.565163
16.1928655,-61.5906772
16.2404333,-61.583612
16.2389463,-61.5758846
16.2430808,-61.5568507
16.2463314,-61.5711246
16.2057489,-61.4940098
16.2361766,-61.5363024
16.2356789,-61.5364965
16.2376066,-61.5367288
16.2377313,-61.5331166
16.2183654,-61.515534
16.2506958,-61.5406974
16.2452473,-61.5344258
16.250523,-61.5320299
16.2508283,-61.531976
16.2513444,-61.5322978
16.2543414,-61.5223779
16.2697721,-61.5069455
16.3290114,-61.4608427
16.3317811,-61.4571193
16.2239865,-61.3861279
16.2553836,-61.2718309
16.2526988,-61.2704449
16.2555804,-61.2712483
16.3295576,-61.3440633
16.3310018,-61.3438972
16.332954,-61.3459401
16.3333453,-61.3464417
16.3336472,-61.347176
5.0099825,-52.4724755
4.9371718,-52.3349168
4.9256632,-52.3236429
4.9354852,-52.3134972
17.894891,-62.8502304
17.903464,-62.843587
16.4179235,-61.5286305
18.0683956,-63.0836046
18.0685301,-63.0841838
18.0684357,-63.0837288
47.0971412,-56.3733437
46.7810763,-56.171205
42.999164,-0.6009775
42.9996765,-0.600982
43.104816,-0.428346
43.1034695,-0.426044
43.1877722,-0.6254081
43.1869437,-0.6242368
43.1870251,-0.6180408
43.1925825,-0.609405
42.8725379,-0.0047797
43.1849098,-0.1140764
43.1890406,-0.1165532
43.3493678,-1.7719778
43.3404177,-1.448774
43.3404283,-1.4478061
43.2206317,-0.8879917
43.54545,-1.102267
43.4725165,-0.925859
43.7538979,-1.3271783
43.874605,-1.3012735
43.8764115,-1.3040405
43.322881,-0.7616399
43.3197564,-0.579158
43.3174116,-0.4232436
43.3237502,-0.4366821
43.6289396,-0.8291088
43.3022128,-0.3967865
43.3033822,-0.3471433
43.3189511,-0.3594094
43.3186969,-0.3467715
43.2655349,-0.1878506
43.7107369,-0.835421
43.710775,-0.8368374
43.8333893,-0.8090054
43.8320249,-0.8068369
43.8661613,-0.4824675
43.8908141,-0.5005762
44.3973665,-1.1659655
44.400177,-1.1648195
44.6621575,-1.1683385
44.6622415,-1.1703548
44.6165646,-1.0723826
44.7676009,-1.1404593
44.7655676,-1.1408338
44.7758234,-1.1421583
44.7671763,-1.1392799
44.7435172,-1.0967182
44.6929965,-0.8541445
44.4317857,-0.213682
44.4317044,-0.213299
44.4319013,-0.2160087
44.431393,-0.2137504
44.7417337,-0.6851348
44.7413634,-0.6808402
44.789637,-0.647109
44.7895815,-0.6467535
44.7893225,-0.646359
44.78913,-0.6466155
44.789299,-0.646873
44.789493,-0.646619
44.8090006,-0.7855856
44.7963575,-0.6673455
44.796084,-0.667644
44.8019357,-0.6471419
44.8398465,-0.6777469
44.8328625,-0.6445385
44.8410265,-0.6532775
44.8940605,-0.71435
44.8953252,-0.7143832
44.8953755,-0.7184028
44.8953784,-0.7175841
44.8951336,-0.7150516
44.8951948,-0.7155893
44.8944245,-0.7140346
44.8683465,-0.6696815
44.852107,-0.645353
44.7286547,-0.6007484
44.7319986,-0.6003317
44.7743524,-0.6129906
44.7728522,-0.6140126
44.7797061,-0.608397
44.7840645,-0.4965515
44.7851342,-0.4968337
44.8273925,-0.6200515
44.838556,-0.6148645
44.836351,-0.5784246
44.8416571,-0.5769972
44.8274501,-0.5567885
44.8337726,-0.5713512
44.8420129,-0.5734526
44.8420339,-0.5730799
44.849377,-0.5955665
44.8609465,-0.5999335
44.8636365,-0.6000215
44.8641815,-0.60002
44.8653515,-0.5719255
44.877411,-0.5338875
44.860366,-0.514537
44.861742,-0.514117
44.8628682,-0.5138563
44.894381,-0.500176
44.5526897,-0.2490334
44.5527433,-0.2504597
44.5536707,-0.2485307
44.638419,-0.3152823
44.5834475,-0.0394385
44.7347748,-0.2635414
44.7344223,-0.2626089
46.49021,-1.749369
46.510965,-1.777109
46.512852,-1.7638215
46.4952868,-1.7516027
46.534605,-1.7730485
45.5462675,-1.0614265
45.6456027,-1.0613005
45.6453657,-1.0604604
45.6029756,-0.9980294
44.8978352,-0.7449101
44.9126853,-0.636413
44.9106835,-0.6378506
44.909394,-0.6382209
44.91013,-0.6352452
44.9137688,-0.6349236
44.9479092,-0.60201
44.927418,-0.4851125
44.994347,-0.4468855
44.9936495,-0.4399865
44.9945825,-0.442869
44.994567,-0.443414
44.9941305,-0.4423485
45.006353,-0.619631
44.9314638,-0.2376846
45.0406157,-0.1305267
45.0410576,-0.1284342
45.0408919,-0.1287797
45.0406898,-0.1304807
45.015801,-0.0592591
45.0135116,-0.0017696
45.2855149,-0.4072012
45.5745345,-0.6765418
45.580013,-0.5468285
45.7178936,-0.5571594
45.7173931,-0.5560259
45.3845642,-0.2369274
45.3838159,-0.2356324
45.3320365,-0.044684
45.6852905,-0.3288541
45.6950937,-0.3256585
45.6949266,-0.32551
45.6943447,-0.3267375
45.6994105,-0.33263
45.6954178,-0.3273464
45.6858205,-0.3046199
45.5989345,-0.0541695
45.599883,-0.0552055
45.5983945,-0.052831500000000003
45.769337,-1.142077
45.822104,-1.106485
45.827231,-1.094336
45.8735385,-0.962115
45.9873655,-1.0948025
45.98774,-1.0942195
46.1051861,-1.1086698
46.1371247,-1.1272502
46.1335982,-1.1153191
46.1353017,-1.1206531
46.1276568,-1.0044094
46.2055975,-1.371038
46.2046125,-1.368507
46.4172368,-1.5763635
46.1647655,-1.18449
46.1584155,-1.1568595
46.1879809,-1.0684419
46.2274064,-0.872287
45.821989,-0.7871965
45.7454321,-0.6574638
45.7367366,-0.6444454
45.7473717,-0.633504
45.7470886,-0.6335955
45.743037,-0.6349399
45.8720717,-0.6712683
45.878659,-0.680792
45.7471242,-0.6286621
45.7470582,-0.6269048
45.7738583,-0.4223807
45.9444431,-0.5215398
46.047008,-0.512339
46.1086128,-0.068121
46.1088548,-0.0688765
46.1088762,-0.0679896
46.2432287,-0.8138366
46.2540553,-0.5433744
46.2540061,-0.5409248
46.2538615,-0.5402843
46.3298832,-0.4417193
46.371599,-0.7394085
46.4643045,-0.8028275
46.4649875,-0.8032062
46.4658305,-0.8058725
46.4707275,-0.6651456
46.4813376,-0.5964381
46.4823614,-0.598614
46.4828476,-0.599541
46.4825458,-0.5992676
46.2602306,-0.347987
46.33582,-0.4004258
46.3418008,-0.3829873
46.2675706,-0.2221757
46.3608611,-0.1127144
46.3911218,-0.4164604
46.3899538,-0.4168504
46.53383,-0.3230306
46.4120923,-0.209061
46.4134354,-0.2040997
46.4127783,-0.2066112
46.4152984,-0.2015609
47.8184368,-4.3780796
47.902408,-4.2864958
47.7956065,-3.5849715
47.7896328,-3.4874271
47.7348568,-3.428298
47.7899089,-3.4195883
47.8615336,-3.9866206
47.8719149,-3.919399
47.8721485,-3.9194665
47.8733775,-3.919158
47.8751286,-3.9188323
47.9586732,-3.829467
48.0319401,-3.4886264
48.145249,-3.3869271
48.4333563,-4.7170301
48.5420615,-4.6600165
48.3722104,-4.5899516
48.3717342,-4.5892919
48.3857495,-4.4875191
48.4000653,-4.4706792
48.4046098,-4.4195218
48.3758921,-4.307396
48.3597045,-4.2600752
48.5012712,-4.4260778
48.5021805,-4.426118
48.5687688,-4.5210827
48.6448391,-4.3666737
48.6452995,-4.3677295
48.509935,-4.069283
48.510808,-4.0690085
48.604557,-4.1131875
48.6638548,-4.1024135
48.6305454,-3.9894519
48.6671453,-3.9141713
48.5750378,-3.8449784
48.6776306,-3.9960905
48.7256997,-3.9836614
48.679324,-3.523006
48.7223835,-3.4801547
48.7697668,-3.5647836
48.7323655,-3.4613015
46.9797774,-2.2692409
46.7631799,-1.8362817
46.7936265,-2.0614005
46.8474518,-1.8787163
46.846385,-1.8792007
46.9379327,-1.886273
46.8909332,-1.8320892
46.8903956,-1.8321532
47.1143045,-2.0984301
47.1143791,-2.0988429
47.1139806,-2.0977033
47.1246335,-2.1224672
47.2915473,-2.5084814
47.3268983,-2.4266856
47.175962,-1.6817525
47.1764642,-1.68039
47.3602551,-1.9432715
47.3732775,-1.936727
47.2137334,-1.7258374
47.2133968,-1.7258734
47.214751,-1.7257189
47.2748685,-1.7810395
47.4849377,-3.1186538
47.4851054,-3.1191442
47.7193805,-3.3358725
47.6964895,-3.2492865
47.675564,-3.1751525
47.6744424,-3.1717945
47.8142891,-3.3430589
47.8007509,-3.2618427
47.6666455,-2.983208
47.667141,-2.9857645
47.66716,-2.984314
47.7748895,-3.011301
47.776091,-3.0101415
47.654042,-2.7840729
47.6602805,-2.7871755
47.660004,-2.7815555
47.6499061,-2.7707861
47.656698,-2.7595745
47.6512991,-2.7261076
47.62916,-2.6503345
47.875757,-3.0195325
47.874557,-3.020657
47.8746165,-3.0210505
47.8739995,-3.0199195
47.958018,-2.97376
47.9581235,-2.9732585
48.2271615,-3.1798574
48.2268148,-3.1804545
47.8891771,-2.8373399
47.838022,-2.6412335
47.8382499,-2.6393867
47.9540195,-2.5468775
47.954391,-2.5473915
47.953909,-2.548743
48.1770766,-2.7542934
47.6610095,-2.4534905
47.6594058,-2.452173
47.660905,-2.453467
47.6601939,-2.4523591
47.6601917,-2.4528748
47.6701271,-2.4496945
47.8081755,-2.3808035
47.676793,-2.296729
47.436539,-2.091521
47.5156255,-2.041376
47.810152,-1.946959
47.822773,-1.835768
47.822428,-1.8347995
47.9298835,-2.3975975
48.13999,-2.460418
48.083147,-2.2845225
47.8917995,-1.9918665
47.8907315,-1.991798
48.0022463,-2.0969866
47.843043,-1.6846755
47.9664618,-1.796967
47.9666964,-1.7967019
48.1394867,-1.9573078
48.1986175,-2.0480535
48.1999365,-2.047452
48.1996115,-2.047715
48.082582,-1.6784335
48.0824495,-1.6791775
48.0839341,-1.6802001
48.1094707,-1.7081765
48.1049215,-1.6848991
48.1086608,-1.6849301
48.1124777,-1.6888934
48.1104141,-1.6823766
48.1374522,-1.6961354
48.2180065,-1.6972767
46.61745,-1.658485
46.6169765,-1.658768
46.617196,-1.65809
46.6777425,-1.6103789
46.7372382,-1.6006547
46.6698871,-1.431485
46.6609604,-1.402303
46.804262,-1.620881
46.804758,-1.6180845
46.8876364,-1.5922714
46.8876454,-1.5932366
46.8424513,-1.4941636
46.843615,-1.495252
46.9399725,-1.511397
46.986771,-1.520367
46.8874815,-1.3224275
46.8864485,-1.321047
46.9096015,-1.3762713
46.9085552,-1.3769444
46.9720433,-1.4337227
46.9786206,-1.3147468
46.9781812,-1.311774
46.9779053,-1.3080243
46.636182,-1.173618
46.7213001,-1.1812552
46.8709505,-1.0118923
46.8698356,-1.0127792
46.8718502,-1.015595
46.8793096,-0.9005769
46.9629508,-0.9949046
47.0374548,-1.6434769
47.0908116,-1.6112568
47.1753709,-1.6241807
47.149501,-1.532945
47.0976774,-1.4923924
47.1612844,-1.5415368
47.1681382,-1.471058
47.1691555,-1.4700125
47.1889604,-1.5097334
47.1870852,-1.4765871
47.0760789,-1.3993132
47.0853991,-1.2839207
47.0855772,-1.2840656
47.0854061,-1.2838456
47.0860289,-1.2843425
47.0879281,-1.283579
47.085926,-1.283743
47.211244,-1.625379
47.215914,-1.6239851
47.2449255,-1.6055283
47.245335,-1.6051615
47.245455,-1.6050435
47.2621566,-1.67031
47.2049013,-1.5372344
47.2060252,-1.5339538
47.2053015,-1.5344507
47.2248862,-1.5293459
47.23817,-1.5703813
47.2418461,-1.5373553
47.2502847,-1.5197425
47.2498117,-1.5162943
47.2571274,-1.5149942
47.216942,-1.465034
47.2663315,-1.4413495
47.2439114,-1.3602356
47.336231,-1.2633365
47.0117464,-1.1964116
47.01349,-1.196345
47.0639355,-1.2550998
47.0657609,-1.2541669
47.0665595,-0.884895
47.0675435,-0.885113
47.195889,-0.8658949
47.2873749,-1.1890007
47.355492,-0.859644
47.3559885,-0.8598525
47.404974,-0.9228815
47.405412,-0.9226025
46.7797058,-0.5656542
46.9226553,-0.7482621
46.9208907,-0.7490915
46.9231955,-0.744763
46.9239046,-0.746118
46.8399035,-0.4925711
46.8393809,-0.4925723
46.8399035,-0.4922798
46.8419568,-0.4921861
46.8476039,-0.4745293
46.9438595,-0.592223
46.945752,-0.593703
46.9550575,-0.591288
46.644366,-0.2491001
46.6484799,-0.2440541
46.6473303,-0.2482977
46.6484839,-0.2464536
46.6475772,-0.2466926
46.6480617,-0.2466398
46.6485556,-0.2469003
46.645678,-0.2369013
46.7203984,-0.0288749
46.9784665,-0.2154911
46.980004,-0.2152753
46.8253699,-0.1419311
46.8273791,-0.1323931
46.9918201,-0.2093522
47.208622,-0.7296983
47.2106067,-0.7278507
47.2105487,-0.7290284
47.250454,-0.0894105
47.565817,-1.626833
47.5664575,-1.623795
47.666975,-1.6716416
47.7184528,-1.3786549
47.740608,-1.175689
47.740484,-1.17707
47.7398675,-1.173606
47.7052825,-0.9585755
47.6860157,-0.8735329
47.686222,-0.874476
47.6854315,-0.8696665
47.6846165,-0.8711395
47.6839205,-0.870673
47.685465,-0.8705429
47.896087,-1.6094432
47.9598223,-1.4968886
48.0829321,-1.6771657
48.0887629,-1.6199774
48.1220699,-1.6616889
48.121579,-1.662839
48.1144569,-1.6174094
48.1131983,-1.5921863
48.1809347,-1.6374053
48.1586209,-1.5804927
48.2144029,-1.5047473
48.2149535,-1.5043306
48.2138145,-1.5062656
48.1840756,-1.4377303
47.943043,-1.2324865
48.0595309,-0.9358133
47.5037201,-0.7935985
47.4510344,-0.5571033
47.4586085,-0.533502
47.4679012,-0.5945414
47.4681142,-0.5957056
47.4681274,-0.5953073
47.4808236,-0.5451468
47.615392,-0.46511
47.6283332,-0.7129032
47.4407245,-0.215819
47.4404115,-0.2160485
47.5428325,-0.1048205
47.5424425,-0.105075
47.542359,-0.105833
47.5421195,-0.1041185
47.541471,-0.103586
47.541327,-0.103868
47.6996707,-0.0775595
47.6993748,-0.0765578
47.6997129,-0.0756161
47.6992815,-0.0768449
47.6996969,-0.075328
47.6996123,-0.076374
48.0537184,-0.7946585
48.0773711,-0.7963742
48.0679552,-0.7743807
48.0709126,-0.767942
48.0725714,-0.7642784
48.0989573,-0.7902861
48.0731222,-0.7020855
48.0732872,-0.7030353
48.0843965,-0.640888
48.0843445,-0.6415755
47.8401629,-0.3330566
47.9676085,-0.233881
47.9667755,-0.2339325
48.5545998,-3.1246259
48.6315096,-2.9831884
48.2995215,-2.518129
48.535007,-2.7687115
48.62654,-2.8336819
48.6015527,-2.8282459
48.6124461,-2.8309673
48.7856239,-3.2287035
48.7865412,-3.105275
48.7811405,-3.045629
48.7792865,-3.045549
48.7797075,-3.044952
48.778927,-3.0446085
48.7790535,-3.0445275
48.7791565,-3.0462365
48.777226,-3.04368
48.5960305,-2.2924355
48.6318754,-2.0017748
48.6032752,-1.9758736
48.6585352,-1.9853535
48.6363072,-1.9053376
49.5318137,-1.8658165
49.6649623,-1.6942008
49.6614015,-1.6863145
48.26264,-1.6062497
48.3331208,-1.5357126
48.408936,-1.3676175
48.4103225,-1.3657915
48.411083,-1.3665695
48.410793,-1.3660655
48.5527833,-1.5090289
48.5531567,-1.5073633
48.5535859,-1.5057835
48.5532994,-1.5057732
48.523763,-1.3243025
48.523488,-1.322118
48.351961,-1.225504
48.3507045,-1.197119
48.296567,-0.9350131
48.2967343,-0.9362054
48.4794504,-1.1249822
48.4807083,-1.1247327
48.5387881,-0.8729288
48.9158575,-1.436035
48.908002,-1.3497595
48.9080295,-1.349443
48.9079135,-1.349825
48.90861,-1.3495155
49.025987,-1.283337
49.052457,-1.0396755
48.4021925,-0.630318
48.3008205,-0.612992
48.437705,-0.49581
48.557268,-0.4179785
48.5913505,-0.359642
48.5900234,-0.3562253
48.6991305,-0.365126
49.1144832,-1.093073
49.1108773,-1.0670643
49.1171045,-1.089193
49.1924715,-1.0283685
49.5978737,-1.6023094
49.6286275,-1.639657
49.647775,-1.6487045
49.6171435,-1.606494
49.586984,-1.2652025
49.586798,-1.265672
49.5932305,-1.3039805
49.666936,-1.2693555
49.168695,-0.407595
49.1722385,-0.396744
49.1793629,-0.3589765
49.1786295,-0.3487328
49.1943525,-0.360149
49.1905915,-0.3591975
49.1657577,-0.2936011
49.1646487,-0.2919414
49.203007,-0.3893342
49.2098045,-0.3678795
49.2288445,-0.3713474
49.2089224,-0.3649079
49.2066403,-0.3279937
49.2062795,-0.3284885
49.2783546,-0.1036234
49.28533,-0.1028596
-12.7890205,45.2698932
-21.0234357,55.265391
-21.0104335,55.2700495
-21.0092235,55.2706164
-21.0103709,55.2715636
-21.0091044,55.2707628
-21.008741,55.2704712
-21.0115303,55.2726931
-20.985631,55.2971178
-21.3771646,55.6170898
-21.3786771,55.6182893
-21.3466272,55.4889747
-21.3304102,55.4747203
-21.3232985,55.4733604
-21.358666500000002,55.7687325
-20.9959074,55.6788926
-20.9942466,55.6763273
-20.9618783,55.6610841
-21.0371118,55.7058311
-21.0330541,55.7127289
-21.0335059,55.7131701
-20.8957038,55.457868
-20.8788627,55.4515859
-20.9149068,55.5102084
-20.915025,55.5102001
-20.5614499,164.2808624
-22.2739205,166.445723
-22.2724571,166.4407089
-22.2719711,166.4388108
-22.2698246,166.4426458
-22.2778921,166.4688619
-22.2270331,166.5035907
-21.0613296,164.8619661
-21.0600896,164.8607011
-21.1011844,164.8966287
-20.9352465,165.330573
42.9042891,0.3602643
42.9057205,0.358454
43.0650293,0.1485998
43.0233278,0.6068737
43.060757,0.5909473
43.0613755,0.5900585
43.1086686,0.7230897
43.0148619,0.8038373
43.0150329,0.8038703
43.1172865,0.7610141
43.1008737,0.9585168
43.2062562,1.0853298
43.2106895,1.0859211
43.2095041,1.0854967
43.2082048,1.2307736
42.8440343,1.6066209
43.1034854,1.6306837
42.7213418,1.8387073
42.6162952,2.4219519
42.6168426,2.4227156
42.8092935,2.5027278
42.8115717,2.5048091
43.2088024,2.3699305
42.4595583,2.6357463
42.488176,2.7477673
42.4871231,2.7478504
42.644994,2.5300515
42.692567,2.692159
42.6333246,2.7580424
42.6324584,2.7574086
42.6399713,2.8721935
42.605733,2.8928705
42.6520266,2.8370751
42.6815292,2.8929992
42.6869284,2.9021576
42.6981144,2.8899079
42.5318245,2.9551489
42.6800508,2.9410084
43.1861231,2.751937
43.2009545,2.7576855
42.9351248,3.0320226
43.106971,3.086386
43.1893535,2.9863835
43.1806225,3.0040875
43.176479,3.0239935
43.180231,3.0181005
43.1809474,3.030736
43.191796,3.0141822
43.1263729,5.846866
43.1385225,5.8460605
43.1273829,5.8590266
43.1972549,5.8022626
43.1975084,5.8017395
43.09366,6.075671
43.1243455,6.0083435
43.125019,6.0098915
41.9433876,8.7543327
41.9562484,8.8009264
41.6179636,8.9739879
42.115770500000004,9.5127148
42.5595145,8.7564736
42.6099937,8.8895364
42.63351,8.9368522
42.551176,9.4426198
42.6310625,9.438338
42.6538877,9.4407164
42.6542752,9.442706
42.6549439,9.4429231
42.6738782,9.4429052
42.7086084,9.4543679
43.2302407,0.0856039
43.2409052,0.0812773
43.2446056,0.0734826
43.610597,0.590534
43.523467,0.763395
43.98565,0.009251
43.6465782,0.583905
43.6487303,0.5844029
43.2937651,1.2268006
43.2973455,1.2251247
43.2970931,1.2248835
43.6272326,0.8753599
43.2349255,1.574091
43.3525442,1.4699644
43.5833832,1.3451577
43.5552234,1.466217
43.5904141,1.3788064
43.608191,1.3966535
43.6076915,1.3965683
43.6360561,1.3845827
43.6343573,1.3966394
43.6055622,1.4400501000000001
43.6065357,1.4402653
43.6012352,1.4470984
43.6067838,1.4459137
43.609846,1.446193
43.6051351,1.4519361
43.6008137,1.4664849
43.6197914,1.4363192
43.5175476,1.4974921
43.5207219,1.4962254
43.5184355,1.5463788
43.4549071,1.586235
43.5533051,1.468734
43.5502645,1.4991205
43.5512048,1.5036522
43.5786143,1.4839611
43.5793451,1.4829177
43.5793184,1.4830634
43.5790217,1.4828887
43.609506,1.4937794
43.6285634,1.4849925
43.7300452,0.8770978
43.7301043,0.8782801
43.7284113,1.0486334
43.8904254,1.1954243
44.03933,1.1082175
43.9563694,1.2307539
43.9578954,1.2324214
43.9619616,1.2428926
43.9635173,1.2461473
43.6696881,1.3686225
43.6685901,1.3679707
43.6894379,1.4024729
43.662684,1.431464
43.661951,1.431823
43.7727697,1.2929717
43.772644,1.2927673
43.7719985,1.2921106
43.8278574,1.2966852
43.8278664,1.2984338
43.6575042,1.483313
43.9897745,1.329583
43.963962,1.4292315
44.0289735,1.369364
44.2896657,0.2778061
44.3903275,0.3084735
44.390484,0.3085525
44.389378,0.308194
44.0641515,0.428297
44.1851221,0.6216957
44.1962118,0.6270536
44.1874609,0.6330901
44.1854851,0.6644941
44.3983054,0.4958029
44.3984365,0.587692
44.398396,0.588235
44.398501,0.5910625
44.4435911,0.6200613
44.5131808,0.1335451
44.6763606,0.1842887
44.8057259,0.071917
44.8260456,0.2223028
44.8416157,0.2163062
44.8416023,0.2162438
44.8411956,0.2153806
44.8420029,0.2167789
44.8420221,0.2180204
44.8388324,0.2174639
44.8384106,0.2172053
44.844065,0.2103265
44.8673579,0.3745911
44.8672202,0.3755398
44.5292245,0.7681915
44.7312998,0.606354
44.8328098,0.4353826
44.8411458,0.4643673
44.8535234,0.4889122
44.7656614,0.7667603
44.1088364,0.8891152
44.2627848,0.9582903
44.1266818,1.2403441
44.3390415,1.0180095
44.3379245,1.2094895
44.1929155,1.362793
44.4569255,1.4262011
44.4590052,1.423926
44.4513707,1.4403493
44.4510269,1.4404132
44.4504444,1.4403571
44.4634001,1.4195211
44.4603448,1.4550094
44.483557,0.9785925
44.504348,1.1370404
44.860717,1.362556
43.5919107,2.2540812
43.6041586,2.244362
43.5928582,2.2548056
43.4982415,2.3922055
43.7007644,1.8201322
43.7000459,1.8206937
43.8934675,1.8797995
43.91753,2.0295305
43.705841,2.1380368
43.776013,2.1876357
43.7765506,2.1882949
43.6624068,2.3487896
43.7609025,2.4352825
43.9186773,2.1224198
43.9242987,2.1483231
43.934746,2.146681
43.9338729,2.1459687
43.282556,2.5849005
43.2850882,2.5720787
43.2668015,2.8713535
43.4764232,2.6391092
43.4762066,2.6390716
43.4216653,2.9470157
43.4221935,2.946235
43.3214239,3.2884889
43.3456905,3.216906
43.3449885,3.215921
43.343317,3.2159855
43.3438775,3.215531
43.3460865,3.2194795
43.3479625,3.2442865
43.3484119,3.2473068
43.3526085,3.2182945
43.351148,3.2179945
43.350326,3.2397045
43.6155555,3.1593065
43.616246,3.1599559
43.6180295,3.1592885
43.823695,2.8777492
43.9532078,2.8471582
44.3513703,2.0343247
44.353392,2.0322218
44.276039,2.4336083
44.8615013,1.8885355
44.8599086,1.8908086
44.8007133,2.0764426
44.7995918,2.0776956
44.8740112,2.0363444
44.5269594,2.2447082
44.5559858,2.2574922
44.6655609,2.1580756
44.540932,2.3079213
44.5410488,2.3074714
44.7098497,2.1968894
44.4698816,2.7211552
44.3814015,2.8235645
44.381107,2.8225315
44.093853,3.0731723
44.1019883,3.0769506
44.1011531,3.0772932
44.0980906,3.0817207
44.466074,2.9732985
44.646262,2.5659575
44.7225775,3.2838195
45.2730284,0.0393867
45.2714807,0.0384079
45.2728747,0.0399575
45.100509,0.469241
44.9465409,0.8097321
45.1985315,0.6612491
45.1864102,0.7152953
45.1887715,0.7608048
45.4905228,0.2777257
45.6439217,0.1354442
45.6478617,0.1567746
45.6589584,0.1430433
45.6589419,0.1712242
45.6633922,0.194365
45.364284,0.6480515
45.5288776,0.6618544
44.9348466,1.0155097
45.064342,1.1639065
44.9371804,1.6078713
45.168674,1.5597242
45.1685337,1.5597846
45.1687457,1.5574224
45.5142245,1.2040592
45.5145616,1.2043319
45.5153104,1.2049719
45.6533925,0.977674
45.6804836,1.1822394
45.3795211,1.5168293
45.4221133,1.5633533
45.4262277,1.5661236
45.4279652,1.5653279
45.4264863,1.5674567
45.889922,0.009549
45.7380287,0.3877681
45.885976,0.5816145
46.0032571,0.6747469
46.3712661,0.4069219
46.4549801,0.3697499
46.5658858,0.3189972
46.5719009,0.3699094
46.2328397,0.6890487
46.4042914,0.7239318
46.4034467,0.7259109
45.7965191,1.1347243
45.8246488,1.2290014
45.8398419,1.2573007
45.8405512,1.2567352
45.8404361,1.2569963
45.839746,1.2581986
45.9243172,1.1706848
45.9247883,1.1714947
45.8302037,1.2982338
45.8657843,1.3241918
45.9560597,1.3986671
46.1323579,1.2756595
46.2328639,1.48471
46.2345428,1.4882055
46.2400739,1.4858688
46.4414733,1.3918689
46.3911715,1.5314468
44.918468,1.8404135
45.0937595,1.937651
45.264015,1.7657746
45.2650428,1.7694363
45.2675781,1.7715197
44.9666148,2.1924644
44.9122683,2.4350639
44.9121526,2.4406203
44.98868,2.420502
45.3664182,1.7152285
45.3663533,1.717306
45.4314794,1.7030972
45.4056568,2.0470852
45.5374733,1.7955598
45.5976256,1.9279112
45.3833473,2.2708122
45.4006834,2.4954614
45.5347754,2.1470073
45.5471345,2.3078853
45.6870776,2.8056637
45.4016934,3.1238803
45.405031,3.318065
45.7311786,3.100348
45.5436356,3.2309035
45.726963,3.1890674
45.7268371,3.1896541
45.953847,1.755384
46.1140857,2.1749408
46.0275969,2.4994211
46.0269324,2.5020193
46.0266542,2.5022711
46.2044825,1.7543696
46.1705965,1.8696398
46.16872,1.8699125
46.1681128,1.8702351
46.1682295,1.8840149
46.181078,2.0845927
46.1765855,2.4858085
45.7528486,3.1310348
45.755277,3.1301597
45.7583978,3.12765
45.757266,3.1268018
45.7676536,3.1054614
45.761967,3.12565
45.7892264,3.0980758
45.8073915,3.1185334
45.8304638,3.0993761
45.8760293,3.1188078
45.8764851,3.1187951
45.8977,3.226491
45.9809736,3.0887296
46.024216,3.2044655
46.0922321,3.1978975
46.1013466,3.1977274
46.1015732,3.1970482
46.1668599,2.630718
46.3403278,2.6011572
46.3393334,2.607845
46.3384911,2.6039274
46.3384007,2.6041197
46.3402384,2.6018387
46.476272,2.830918
46.4092431,3.0534868
46.5343919,3.34692
43.4305468,3.6089409
43.5786029,3.7553144
43.5953602,3.8358707
43.6172591,3.843346
43.5688586,3.9050327
43.5824899,3.9301077
43.571453,3.9428435
43.6105938,3.8989537
43.6152797,3.8831625
43.6345205,3.894869
43.633687,3.8951855
43.6324439,3.89584
43.6330625,3.9157365
43.6469642,3.8047385
43.676137,3.8171979
43.6755439,3.8177714
43.6599019,3.9046675
43.642948,3.942952
43.676662,3.983913
43.7610905,3.8644745
43.6823577,4.1527675
43.6822812,4.1526705
43.6648859,4.1764986
43.6637399,4.180134
43.9100461,4.0013382
43.452043,4.428596
43.6365915,4.806924
43.496405,4.9807099
43.5822438,5.0025506
43.8403321,4.3179025
43.8407836,4.3185288
43.8370795,4.3567248
43.922312,4.25792
43.939043,4.5602337
43.9436755,4.572141
44.011253,4.41609
44.0107205,4.4180515
43.6854077,4.6343739
43.8031893,4.6575547
43.786657,4.8316435
43.789132,4.829884
43.8344305,4.9457387
43.849827,4.774927
43.9452574,4.8058698
43.9465993,4.8054256
43.9291907,4.8367154
43.8926534,4.9445051
44.0352743,4.9948246
44.0329296,4.9963392
44.1796999,3.4308002
44.0832678,4.0745745
44.0832283,4.0755942
44.122149,4.079733
44.1698326,4.1577475
44.1716005,4.156509
44.1913071,5.0068923
44.2806951,4.7492073
44.3472352,4.7655299
44.3753116,4.6990118
44.4436168,4.7113609
44.6192367,4.3883851
44.6202722,4.3878701
44.7162225,4.6107518
44.734349,4.5978296
44.5531333,4.6894849
44.7522588,4.8225769
44.753018,4.8183251
44.7521572,4.8225933
44.728617,5.0248762
44.7269789,5.0244693
44.7275787,5.0219189
44.7266646,5.0243329
44.7273589,5.0246845
44.8569628,4.8297595
44.8626104,4.8350655
44.832522,4.974362
44.8328769,4.9753106
44.8604053,4.9426902
43.3908912,5.162986
43.4170595,5.217125
43.417816,5.217201
43.4190088,5.2199783
43.267996,5.3829545
43.258444,5.4172735
43.2935624,5.3746168
43.290198,5.3774738
43.3084038,5.380747
43.3974691,5.2509255
43.410871,5.3105886
43.4109631,5.3169252
43.3479065,5.35882
43.3367369,5.4070498
43.3986267,5.3658905
43.4142066,5.3625123
43.4150426,5.3613651
43.6306425,5.151964
43.5076119,5.3995928
43.5131993,5.444112
43.5273425,5.4506284
43.2812454,5.5165045
43.2812065,5.5169105
43.2859465,5.527314
43.2928655,5.566722
43.346227,5.4624575
43.3466275,5.462458
43.3363557,5.481419
43.3959658,5.545545
43.390131,5.597196
43.3700059,5.7835247
43.4581919,5.4742176
43.5191033,5.4627103
43.4652937,5.6102373
43.5870743,5.4751911
43.4516897,5.6802833
43.4565658,5.8514739
43.4595559,5.8623889
43.6072125,5.7517945
43.6058907,5.7513958
43.6398054,5.094755
43.6560791,5.2621007
43.6551871,5.2632042
43.6522774,5.2639094
43.917283,5.0522771
43.918263,5.0497211
43.9988505,5.0542744
43.6781657,5.49945
43.6815217,5.4998061
43.6788005,5.4996319
43.6792662,5.4998143
43.6811962,5.499769
43.6838481,5.5007858
43.6846443,5.5018731
43.6928472,5.5023401
43.6931472,5.5020024
43.722942,5.811033
43.8205192,5.792813
43.817883,5.7992614
43.856055,5.590781
43.2380655,6.0714465
43.4076345,6.0503795
43.4077971,6.0653861
43.4086055,6.0642965
43.5580566,6.0057596
43.559417,6.004649
43.4904675,6.3618175
43.5303895,6.47242
43.5298285,6.4777965
43.5351759,6.465339
43.471708,6.561511
43.4525895,6.690746
43.4524285,6.6909515
43.4527,6.690351
43.818169,6.0902685
43.817024,6.09305
44.0274865,5.940143
43.9657785,6.507059
43.9667185,6.5083105
44.0590756,5.0710795
44.2409822,5.0738947
44.2412013,5.0729533
44.1751553,5.4419229
44.3603186,5.1378494
44.3601253,5.1383838
44.3610011,5.1382556
44.072226,5.995537
44.0716655,5.9932915
44.071785,5.993198
44.0718235,5.9928595
44.1950761,5.9446755
44.3516885,6.3571685
44.547729,6.065539
44.548209,6.066119
44.5590317,6.0805529
44.6829176,6.0740861
44.682669,6.0765097
44.565139,6.0924565
44.5680065,6.0997877
44.6923304,5.9413608
44.5652836,6.4943153
44.794008,6.559489
44.7953165,6.559021
45.093676,3.631781
45.0468985,3.9262695
44.9307695,4.892167
44.9307538,4.8916992
44.9307619,4.8919423
44.9295419,4.8946705
44.9309489,4.8934022
44.9301588,4.908145
44.9300661,4.9080914
44.9499468,4.8994154
45.0643555,4.836073
45.0659476,4.8345441
45.151152,4.6165395
45.1757657,4.8161495
45.1769798,4.8150327
45.1837157,4.8139695
45.2611175,4.7050165
45.3394865,4.3132075
45.4412282,4.4215542
45.4365207,4.4375573
45.5687104,4.2956268
45.418512,4.682773
45.5217055,4.8744985
45.521532,4.8744815
45.5301675,4.9121558
45.5296775,4.912338
45.689823,4.9388705
45.8551945,3.547159
45.8692995,3.6063245
45.8694016,3.6057949
45.8879165,3.592503
45.9605184,3.474583
46.1165902,3.4104195
46.1374345,3.416139
46.0356924,4.0723079
46.520254,3.6825425
46.175827,3.8679805
45.835689,4.615435
45.774596,4.805174
45.7640157,4.8350213
45.7694938,4.8487346
45.7615999,4.8570227
45.7922752,4.8446821
45.804478,4.8573797
46.1197531,4.9573843
46.1196613,4.9580838
46.3199975,4.8183555
46.3154928,4.8290552
46.3345085,4.8885845
45.0452942,5.0538298
45.0483267,5.0726609
45.0579583,5.050183
45.0591846,5.0604907
45.0555379,5.6713455
45.2077744,5.6620896
45.1252649,5.6983987
45.1432971,5.7193476
45.1524437,5.7486019
45.1600864,5.6932522
45.1793907,5.6967851
45.1889009,5.6844414
45.2083076,5.6627963
45.1583228,5.7256615
45.1813058,5.7642523
45.1897163,5.7238844
45.1851974,5.7620105
45.206002,5.7649639
45.1433691,5.8291198
45.192599,5.770677
45.2063755,5.7723645
45.2014313,5.8404625
45.230812,5.6811587
45.2394491,5.6637355
45.242123,5.8240445
45.2448145,5.8294606
45.3387007,5.0555201
45.3935712,5.2571068
45.3981661,5.4189369
45.3984058,5.4206887
45.6299559,5.0643307
45.5847666,5.273482
45.3660179,5.590789
45.3654409,5.5907825
45.3630901,5.5916589
45.3869145,5.7345701
45.3866563,5.7355666
45.386895,5.7344525
45.4370502,5.7535217
45.437194,5.753242
45.5359196,5.585893
45.5358355,5.586529
45.6487824,5.8600322
45.0452855,6.3067289
45.2775151,6.3431582
45.4343271,6.0085717
45.4574921,6.11665
45.59409,5.8787705
45.5781013,5.9089024
45.6889902,5.9142427
45.6963949,5.907707
45.7012619,5.9095468
45.3808251,6.5046517
45.54275,6.303764
45.6594913,6.3681769
45.850859,5.0583558
45.901567,5.347741
46.0489395,5.3361765
46.049744,5.335488
45.9771475,5.602641
45.9775055,5.599065
46.1531315,5.6052135
46.1515495,5.6076025
46.1529785,5.60543
45.9593079,5.8359185
46.200323,5.2421621
46.2135195,5.218182
46.207442,5.2392735
46.2204266,5.2419281
46.3368672,5.128876
46.28914,5.158557
46.3419277,5.2570576
46.493938,5.3878785
46.1558775,5.6042645
46.256632,5.654934
46.433322,5.726357
45.9256305,6.1243866
46.0255357,6.6383453
46.0698685,6.563674
46.2286096,5.995878
46.242026,6.0245945
46.1915681,6.2104539
46.1919491,6.2105153
46.1900771,6.2340516
46.1946222,6.233516
46.1948994,6.234186
46.2027078,6.248476
46.201343,6.2468666
46.4842335,6.060532
46.4843825,6.060423
46.484111,6.060588
46.484571,6.0604075
46.306541,6.306368
46.307252,6.309111
46.3611026,6.4581757
46.3606125,6.4572958
46.4002846,6.5888953
46.4005724,6.5902329
46.6399068,0.1663903
46.6450133,0.18042
46.5912915,0.326025
46.591194,0.3259265
46.597864,0.3224999
46.588545,0.329772
46.5888645,0.329706
46.6459895,0.3632724
46.842358,0.0923481
46.7859268,0.1807784
46.7863603,0.1813118
46.7854267,0.1815049
46.7854587,0.1814371
46.919283,0.8015485
47.0086399,0.0837863
47.010904,0.0827574
47.1661723,0.2400966
47.1660265,0.23955
47.1658562,0.2463685
47.1654585,0.2434152
47.1653469,0.2438753
47.1655326,0.2423658
47.2932376,0.0228978
47.2909131,0.0209587
47.2049544,0.1829708
47.2053569,0.1834408
47.3259719,0.4085072
47.326392,0.4094907
47.1147808,0.6196346
47.1115747,0.6162775
47.1130407,0.620562
47.1135848,0.621418
47.2606674,0.46619
47.2618304,0.4644702
47.2621876,0.4648966
47.338455,0.611978
47.3406817,0.6141652
47.3407916,0.6140907
47.3852423,0.5552138
47.4029779,0.5952052
47.4037666,0.5969408
47.4031503,0.5966632
47.4034705,0.5968426
47.4029903,0.5964645
47.2869304,0.7138248
47.287441,0.7147651
47.2875688,0.7144091
47.2878612,0.7154489
47.2882058,0.7159822
47.2877104,0.7369314
47.343984,0.6627515
47.3302158,0.7063148
47.337702,0.6995698
47.3382049,0.7028051
47.3387843,0.7131101
47.3387012,0.7130277
47.3444063,0.7132034
47.3433916,0.715622
47.3631531,0.680979
47.3741013,0.68166
47.3905534,0.6663235
47.3697453,0.7141039
47.3707207,0.7162865
47.3905082,0.6825497
47.3893935,0.6854767
47.3895852,0.6885511
47.3893481,0.6886102
47.3948453,0.6842906
47.387407,0.7033432
47.3866302,0.7032026
47.386616,0.7031056
47.4103247,0.6825915
47.3897977,0.7200387
47.3571649,0.7343901
47.3573387,0.7352611
47.3850599,0.8262078
47.3879055,0.827132
46.9872685,1.1717845
46.987477,1.171718
46.7877286,1.6610018
47.129159,0.9965202
47.1292002,0.99819
47.1286094,0.9965179
47.1291629,0.9980004
47.35568,0.908704
47.3283841,0.9914635
47.645835,0.1562475
47.647259,0.1565305
47.642626,0.1560745
47.6940049,0.4171674
47.694545,0.418506
47.693966,0.417647
47.5469405,0.5464956
47.5465234,0.5470249
47.413143,0.6725568
47.4253758,0.6579345
47.4126909,0.7033847
47.4578091,0.7091784
47.7287798,0.5734797
47.7285835,0.5757498
47.7277922,0.5747348
47.7291843,0.5736177
47.9685885,0.1611648
48.0148031,0.1523825
48.0050414,0.200206
48.0058688,0.202381
48.0027063,0.197822
48.0246153,0.2041569
47.878176,0.2268083
47.990766,0.2205651
48.0147364,0.2111929
48.023702,0.3330708
48.023541,0.332898
48.146096,0.1693988
48.0767808,0.298348
48.077321,0.3000542
48.0762913,0.2973602
47.9715885,0.5575095
48.1132223,0.5170707
47.4241745,0.9748915
47.4188965,1.428495
47.619942,1.2993425
47.5874503,1.3335906
47.5913925,1.3356385
47.6083332,1.3371451
47.5724017,1.3750186
47.5814285,1.377301
47.5837295,1.374696
47.8237431,1.3945842
47.7779605,1.631031
47.9185835,1.0850795
47.918617,1.0868195
48.0397871,1.0763119
48.137813,0.9794887
48.1384563,0.9795843
48.2102674,1.1662648
48.2101646,1.1671063
48.2097195,1.16716
48.2102995,1.1677498
48.2101303,1.1684246
48.2096301,1.1672665
47.9493005,1.6182345
48.0717136,1.3428568
46.7635075,1.718757
46.826127,1.700598
46.641847,2.2840487
46.9251227,2.4079169
47.1010005,2.2832258
47.0637822,2.3208557
47.0813886,2.401108
47.085105,2.3945301
47.096903,2.412331
47.0952288,2.4357327
47.0966542,2.4427676
47.098546,2.381942
47.098768,2.4891885
47.0987785,2.489343
47.0987735,2.489265
47.098763,2.4891105
46.7132373,3.3529153
46.950393,2.9465011
47.1983735,2.5717625
47.1993935,2.572304
47.0109375,3.1504373
47.0153437,3.1497659
47.000342,3.1763725
47.601222,2.023667
47.6002019,2.0239125
47.8246306,1.6950423
47.8247912,1.694702
47.8281344,1.6971025
47.819991,1.7543975
47.8231715,1.7590695
48.080447,1.87837
48.082163,1.8780465
47.6833181,2.633262
47.639696,2.7375465
47.638437,2.739273
47.6385245,2.7383035
47.63863,2.7385835
47.638455,2.738058
47.6379475,2.7384575
47.638948,2.739662
47.8234505,2.8450785
47.4644528,3.2560154
47.6987895,2.9482335
47.975471,2.733034
47.97965,2.73269
47.9772045,2.7377205
48.149325,2.7022485
48.1445661,2.767424
48.1472906,2.7657857
48.183318,2.7350205
48.1836195,2.7346795
47.8838128,3.0963355
47.8859214,3.0954458
47.8873388,3.0948262
47.8870918,3.0948607
48.039783,3.0578861
48.0395886,3.0562356
48.179884,3.0915335
48.1937255,3.2647845
48.1984765,3.2825762
48.1969505,3.28093
48.1970781,3.2813764
48.2000609,3.2821239
48.1992684,3.2823956
48.1998538,3.2806144
48.2068151,3.2854302
48.1987454,3.2905216
48.4232655,0.0632791
48.4358279,0.105136
48.2525715,0.31434
48.2516925,0.3145445
48.253185,0.3149335
48.7001125,0.2828325
48.9293469,0.1980153
49.089694,0.5970075
49.0894625,0.592366
48.451075,1.4623005
48.4117255,1.5986625
48.4117525,1.5985615
48.7712371,1.1975468
48.7710475,1.1973509
49.0469457,1.1623035
49.0469503,1.1623035
48.735756,1.3664844
48.7355792,1.3655915
48.7350236,1.3652065
48.734539,1.3654383
48.7355797,1.3709898
48.7368364,1.3655885
48.7360243,1.3669276
48.7475023,1.4219833
48.8631814,1.4603467
48.8832666,1.4596245
48.8832742,1.4595396
48.8832725,1.4592943
48.910999,1.4377475
49.144544,0.2599515
49.5053776,0.1020744
49.5069795,0.199117
49.3535436,0.5146941
49.6457325,0.3666395
49.6458308,0.3663375
49.646161,0.3677685
49.6171325,0.7541665
49.6170551,0.754819
49.149584,0.902921
49.2773735,1.0420765
49.2143112,1.165398
49.2115519,1.170384
49.2109241,1.1705185
49.2703308,1.2082842
49.3020135,1.013173
49.4811006,0.8747054
49.4711823,1.0433732
49.3416485,1.097291
49.3992942,1.0746568
49.4399757,1.0919756
49.4545581,1.1157084
49.4697728,1.050518
49.4621591,1.0689211
49.4694923,1.1175742
49.4699624,1.117893
49.4700716,1.1181496
49.470076,1.1179933
49.493504,1.146767
49.160244,1.335025
49.1606752,1.3353507
49.1600849,1.3374129
49.101747,1.45114
49.1026275,1.4517165
49.0927565,1.483536
49.091915,1.4825785
49.092089,1.484491
49.092836,1.484655
49.6693026,0.8977555
49.828094,0.912248
49.828819,0.911763
49.8970034,1.0777571
49.6727789,1.282589
48.6421696,1.8259622
48.642684,1.8260423
48.5315592,2.0107605
48.4358686,2.1605707
48.4033165,2.4700295
48.4930059,2.1931028
48.5533802,2.1238202
48.5757844,2.1911736
48.5848302,2.3038928
48.6081055,2.3057365
48.6088555,2.3053533
48.608454,2.3054786
48.6423784,2.2305726
48.642519,2.2294596
48.6423729,2.2292846
48.6422369,2.2333654
48.6396086,2.2683777
48.5249404,2.3854114
48.5246544,2.3850457
48.5246206,2.3853491
48.5244606,2.3847125
48.5313555,2.3881055
48.6519325,2.3164399
48.6525745,2.315648
48.6517434,2.3167263
48.6524235,2.3159095
48.6515562,2.316362
48.6450435,2.3342715
48.650894,2.3372155
48.653171,2.3509691
48.6550215,2.386928
48.6496392,2.4099303
48.6500982,2.4110361
48.566445,2.435028
48.6126448,2.481245
48.6116752,2.4801617
48.612944,2.4822419
48.6148374,2.5047976
48.6362966,2.4421455
48.6362621,2.4421983
48.7172144,1.8933636
48.7178152,1.8942355
48.7565271,2.0545053
48.7714195,2.0706763
48.7878974,2.0550178
48.8430526,2.0670037
48.9553822,1.8148396
48.9734096,1.8461971
48.9728814,1.8466522
48.9630949,1.8648133
48.9441414,2.0351788
48.9803824,2.0013443
48.9603901,2.067412
48.9606251,2.0678032
48.9969636,2.0640067
48.993629,2.0943881
48.7022052,2.1352358
48.6762843,2.1727315
48.6763596,2.1706275
48.6764583,2.1699649
48.6973215,2.296599
48.7342321,2.2744376
48.7471983,2.2673148
48.7513037,2.3042654
48.7982454,2.1269031
48.803839,2.1331323
48.7961666,2.1547283
48.7808319,2.2199826
48.7808659,2.219847
48.7816029,2.2203023
48.7869963,2.2274973
48.7867719,2.2274349
48.7871252,2.2263186
48.8125694,2.2725704
48.8787924,2.2829385
48.8747913,2.2904209
48.8766198,2.2875734
48.8698441,2.3062248
48.8715654,2.3034902
48.8700173,2.3046587
48.8751126,2.3063243
48.6922088,2.3772527
48.7560087,2.3720845
48.7559394,2.3714839
48.7560013,2.3718643
48.7657362,2.4061066
48.7009195,2.4868985
48.735883,2.4204564
48.73495,2.4205296
48.7299175,2.447992
48.730338,2.4472925
48.749671,2.50861
48.7539225,2.507078
48.749355,2.5088075
48.753692,2.5075315
48.8009671,2.3241007
48.7876283,2.3664236
48.799381,2.40119
48.8494627,2.336895
48.871951,2.3129143
48.8682593,2.3336344
48.8359858,2.3961013
48.8505758,2.3948498
48.8449899,2.4047731
48.7980567,2.4831357
48.8476023,2.4344021
48.8656442,2.4168272
48.8656688,2.4164755
48.8375285,2.487125
48.8542515,2.4852334
48.8542057,2.4872501
48.8542145,2.4863104
48.90777,2.1487855
48.9371935,2.1562573
48.937047,2.1560881
48.970368,2.1951145
48.8932329,2.2387786
48.8902292,2.2366207
48.8905553,2.23886
48.8905537,2.2441447
48.9263161,2.2134356
48.8928663,2.2973101
48.9127542,2.2726022
48.9236946,2.257668
48.9098287,2.2864499
48.9126074,2.2955684
48.925099,2.2919879
48.945666,2.2545973
48.8910317,2.3197585
48.9107295,2.3338227
48.9122717,2.3344898
48.8898709,2.3601922
48.9124618,2.3838981
48.9123139,2.3838857
48.9133768,2.3828363
48.9135012,2.3827936
48.934983,2.3518328
48.8949964,2.4247125
48.883744,2.4412439
48.9888881,2.31871
48.9999408,2.3553293
49.0304424,2.3337684
49.0342035,2.3424219
49.0077817,2.3901022
49.0080152,2.3889883
48.2717865,2.6804755
48.280084,2.6827734
48.3730181,2.816847
48.373241,2.8168805
48.5359679,2.6576047
48.663576,2.566928
48.6271775,2.588767
48.627244,2.591964
48.627532,2.592621
48.4973052,2.8026214
48.2821342,2.9696552
48.3389931,3.0667273
48.3399703,3.0682333
48.3851775,2.9518918
48.6883735,2.6073435
48.6911621,2.6065641
48.7701475,2.5187462
48.7458905,2.614588
48.7673595,2.673537
48.763132,2.6724829
48.7656204,2.6732938
48.7628245,2.6718777
48.7620659,2.6743978
48.7619391,2.6751218
48.7887192,2.5355638
48.7906741,2.5344283
48.7961435,2.533969
48.8125165,2.536354
48.8237336,2.5425349
48.7947485,2.604284
48.798774,2.605683
48.808629,2.574697
48.808716,2.5745296
48.8633131,2.5765241
48.8632924,2.5766681
48.862739,2.5772723
48.8408161,2.6242903
48.850606,2.6492375
48.8559915,2.628036
48.8769925,2.708117
48.7400955,2.763622
48.8689488,2.7853864
48.9037749,2.5898642
49.0541425,2.6806283
49.0538528,2.6811957
49.0538598,2.6838284
48.9581175,2.877951
48.9575828,2.9458239
48.9496936,3.1294645
48.9492046,3.1311112
49.023932,3.0282236
49.4829836,1.7244841
49.4819202,1.7235469
49.481771,1.723768
49.4828176,1.7249391
49.4824689,1.7248637
49.4812675,1.7249176
49.430357,2.079925
49.430924,2.0840215
49.43998,2.0809695
49.223905,2.2861485
49.1555502,2.4377214
49.288436,2.486787
49.329429,2.200558
49.3293825,2.200247
49.320045,2.319728
49.320071,2.319104
49.3171525,2.320592
49.319486,2.3201185
49.375888,2.4132965
49.378903,2.414835
49.3793485,2.4171515
49.097025,2.5168335
49.0999847,2.5303825
49.2056175,2.5830845
49.2050105,2.587008
49.2062625,2.589088
49.424651,2.6372585
49.425814,2.6442485
49.3808175,2.7857605
49.580877,2.999252
49.6123445,3.220979
49.6149741,3.2202157
49.6178008,3.220782
46.620659,3.7720718
46.620068,3.7730605
46.600806,4.062088
46.6009295,4.062638
46.6008385,4.062485
46.697118,4.391933
46.6973795,4.3916315
46.7505612,4.46874
46.9505626,4.2981331
46.9514942,4.2971432
46.952185,4.2965604
46.7131967,4.6927743
46.713335,4.694487
46.7824767,4.744726
46.7739166,4.8333119
46.7824147,4.8533587
46.7722161,4.864933
46.773243,4.8926716
46.7034335,4.9807445
46.7031125,4.982627
46.7944735,4.8203902
46.7968415,4.8107045
46.908916,4.7535865
46.79961,4.8464354
46.7974458,4.8473232
46.7833132,4.8517234
46.784191,4.8541096
46.7842606,4.8544221
46.8159076,4.8789277
47.3875871,4.3090107
47.2799205,5.003639
47.337291,5.011035
47.3370365,5.032882
47.4599795,3.522383
47.4607355,3.5204865
47.4598585,3.5206055
47.4596411,3.5210304
47.8003765,3.536575
47.7952421,3.5510637
47.8074303,3.5651203
47.812742,3.5627078
47.8147297,3.5640201
47.7958979,3.5685176
47.8012241,3.5672931
47.9815152,3.397667
47.9815447,3.3975435
47.9816416,3.3970741
48.0025786,3.7302113
48.1920905,3.996752
47.9937921,4.3626115
47.9914825,4.3668683
46.630104,5.22613
46.752763,5.2416785
47.2408275,5.2224735
47.3240217,5.0528005
47.3291004,5.0654139
47.354405,5.0452025
47.353937,5.0470566
47.3107415,5.0960915
47.095247,5.4965248
47.1823856,5.8122135
47.182498,5.81383
46.6594305,6.073425
46.9335535,5.877751
46.9356365,5.877151
46.9371115,5.8774265
46.8528603,6.1538145
46.7617078,6.3883551
46.9004022,6.3371112
46.9244284,6.3421788
46.99084,6.4580925
47.104507,6.149567
47.2402944,5.9871079
47.2428907,6.0292575
47.2804824,5.992033
47.2569498,6.0116214
47.284456,5.9924474
47.2243497,6.1178616
47.2236743,6.1171938
47.2243038,6.1170101
47.1477675,6.3439507
47.1484849,6.3437283
47.1817772,6.3952877
47.1278072,6.5231921
47.1278626,6.524284
47.3512517,6.3604825
47.3919322,6.4941624
47.2183957,6.5418477
47.2184598,6.5419356
47.2980515,6.5852795
47.5800294,5.1676334
47.5566524,5.6800438
48.0270835,5.340846
48.0266682,5.3414792
48.1086516,5.1408856
47.9998763,5.4949094
48.2075826,5.835893
47.6153024,6.1421827
47.616337,6.1613535
47.6209013,6.1606913
47.622053,6.1603475
47.6372067,6.1426565
47.5511088,6.4318356
47.5501055,6.4341567
47.5513455,6.4335084
47.5509444,6.4340831
47.5510849,6.4333651
47.7459428,6.5592702
47.7537853,6.5796801
48.2200626,6.228082
48.1699658,6.4484215
48.1749927,6.4363566
48.1766292,6.4464699
48.1727603,6.4513758
48.1851488,6.4709903
48.0933377,6.6110234
48.2940252,4.0544956
48.2957133,4.0714173
48.2992223,4.0707487
48.304067,4.0614637
48.3080476,4.0684744
48.275459,4.0924205
48.2983038,4.1194065
48.8702339,3.5387392
48.8702089,3.5386502
48.8705293,3.5385244
49.0470291,3.3989424
49.0445907,3.4020989
49.044114,3.954018
48.3640825,4.3369287
48.3926585,4.5271925
48.3921686,4.5269542
48.3917055,4.5272766
48.3940318,4.529405
48.7260012,4.5862258
48.9516465,4.347646
48.9420403,4.3871014
48.9420403,4.3871014
48.9181748,4.4071483
48.9877379,4.51466
48.7693264,4.8486823
49.2513451,3.9773074
49.1650131,4.0450186
49.2152097,4.0504869
49.2466854,4.0393326
49.2600515,4.0222104
49.2572658,4.0321345
49.4776235,4.5787519
49.6491137,4.2432205
49.6982779,4.4214988
49.701396,4.9271424
49.748923,4.7246185
49.7625705,4.7195075
49.7627835,4.7195475
49.7719037,4.7259425
49.8507155,4.7671075
49.8841454,4.7401412
48.3008845,5.8392795
48.6408023,6.1853085
48.6624923,6.1744961
48.6621299,6.1751809
48.6684465,6.20857
48.3734135,6.2941
48.472931,6.3167175
48.6233135,6.3498443
48.8400039,6.0704458
48.843093,6.0697595
48.8409853,6.0692572
48.6770349,6.1559624
48.6774513,6.1564574
48.674292,6.1852526
48.6950168,6.1645809
49.0598955,6.162681
49.0728037,6.6895781
49.159992,5.386652
49.191203,6.003236
49.1925805,6.000885
49.1141953,6.1733267
49.1038617,6.179915
49.1147414,6.1739476
49.1333405,6.1627908
49.2601205,6.142661
49.3696022,5.9029792
49.3599971,6.1322398
49.3539746,6.1417301
49.3938282,6.2753992
49.406548,6.239486
49.1047631,6.7045351
49.1036858,6.7058098
49.157285,6.6534095
49.2913146,6.5346426
49.308359,6.339137
49.3584605,6.4951595
43.423336,6.767607
43.5936612,6.928176
43.6256727,7.0512526
43.6187769,7.0757789
43.6002265,7.1222269
43.6446365,6.9403306
43.6780669,6.9744058
43.6811023,6.9734425
43.6735362,7.190331
43.6740787,7.1894703
43.6676219,7.2153249
43.6914,7.2456445
43.7247035,7.2749975
43.7250638,7.275342
43.7293368,7.3619023
44.2253985,6.932127
44.760727,6.8133635
46.2791146,6.7202022
47.1620547,6.7287816
47.383932,6.7688233
47.3882112,6.7680385
47.500284,6.812904
47.5005555,6.814137
47.5023842,6.8139983
47.5102258,6.7997397
47.5100734,6.7994312
47.5096942,6.7997454
47.4448648,6.8208577
47.569849,6.8622905
47.6153379,6.8628134
47.5130902,7.0012196
47.6370853,6.8424582
47.6505424,6.8517164
47.6507159,6.851643
47.6543458,6.8486193
47.7115006,7.0142666
47.7357703,6.9660778
47.7764345,6.995086
47.485611,7.2417985
47.5341875,7.1802455
47.5980044,7.2216286
47.5882505,7.253238
47.6016068,7.496616
47.6013351,7.4955732
47.6722025,7.2645629
47.7312645,7.148445
47.7415656,7.1472755
47.7766195,7.132042
47.797397,7.1730712
47.8096169,7.1743466
47.8088089,7.1761843
47.734707,7.308949
47.7443862,7.3115702
47.743618,7.3105775
47.7538372,7.3133877
47.7675043,7.3045525
47.770219,7.3039065
47.8099457,7.2427577
47.8271415,7.2509023
47.738992,7.3590515
47.7435038,7.3480829
47.758688,7.341066
47.7296689,7.4167757
47.744009,7.3994415
47.7438515,7.399166
47.7884391,7.369479
48.0722582,6.8823719
47.9072907,7.2093804
47.9233393,7.1960711
47.9024797,7.2504036
47.962035,7.2991173
47.9678162,7.3960535
48.0174515,7.380845
48.0396157,7.5471956
48.1114416,7.191707
48.0426384,7.3066237
48.0720565,7.2923035
48.0958849,7.3039669
48.1450788,7.3263384
48.1464944,7.3235555
48.1556242,7.3196465
48.194772,7.320157
48.1946155,7.3204819
48.1939536,7.3224921
48.1942691,7.3219073
48.1936409,7.3232045
48.0648214,7.3414986
48.0736761,7.3410681
48.0764791,7.3407732
48.069707,7.3601497
48.0808223,7.3968956
48.103149,7.4689056
47.5933865,7.582395
47.5935115,7.581142
48.2842498,6.9466421
48.284148,6.9533312
48.5895992,6.842934
48.6371128,7.0950334
48.452395,7.5159535
48.686536,6.9269655
48.720461,7.043145
48.7124535,7.107775
48.744647,7.1019895
48.84591,7.0200175
48.8080419,7.2352209
48.8658594,7.1874741
48.740047,7.3629365
48.8272201,7.4778076
48.8446567,7.5382191
48.9584645,7.3332998
49.0204865,7.153138
49.0820235,7.164387
48.9984785,7.3299405
48.9770632,7.515862
48.9866599,7.3827928
48.5051874,7.6087772
48.4902347,7.6650003
48.489553,7.679787
48.4897085,7.6785926
48.5239755,7.6826828
48.557955,7.683368
48.5297947,7.710845
48.5826621,7.631521
48.5871294,7.6666958
48.5883902,7.6869638
48.6051563,7.6874105
48.5695527,7.7103863
48.5873763,7.7391771
48.585849,7.7417082
48.5859014,7.7416761
48.581248,7.7479124
48.5850576,7.7490192
48.6113421,7.7125549
48.5996144,7.7568434
48.6009364,7.7572885
48.6104354,7.7336034
48.6513834,7.7017521
48.6429529,7.7249332
48.6199163,7.7554695
48.875855,7.578284
48.8452475,7.613096
48.8447885,7.610686
48.8443982,7.6138377
48.830133,7.653256
48.8198363,7.7362957
48.8204303,7.7378713
48.8212244,7.7363744
48.866297,7.6817685000000004
48.8684555,7.685018
48.8684135,7.685044
48.868499,7.6850505
48.8684045,7.6848905
48.6763732,7.8566893
48.6900978,7.8742395
48.6929432,7.8841976
48.7985815,7.7812898
48.806182,7.7737501
48.8109592,7.7815079
48.8229487,7.7705275
48.8134437,7.7863256
48.906097,7.655116
49.0207875,7.964765
49.143488,6.8026024
49.1204957,6.8802554
49.1284799,6.893201
49.2082716,6.8445282
50.5136185,1.6379645
50.5141445,1.6380525
50.016184,2.0801705
50.2317535,2.1163575
50.231536,2.115759
50.2316525,2.1173
50.155959,2.3426205
50.155815,2.3424115
50.1546425,2.49067
50.4613156,1.759329
50.4641722,1.7609589
50.463961,1.7612827
50.668282,1.8338835
50.668538,1.831837
50.667414,1.836471
50.358373,2.4923655
50.488157,2.483703
50.485988999999996,2.480094
50.48772,2.4846205
50.504221,2.4681635
50.5048312,2.5110731
50.705474,2.121649
50.7058,2.1233665
50.6404325,2.3968805
50.6379845,2.395298
50.6377325,2.395728
50.6410205,2.3970355
50.638822,2.3947605
50.6379775,2.3967015
50.071594,2.535988
49.929921,2.934847
49.929411,2.9353215
49.9297215,2.9344605
49.92977,2.9345425
49.929905,2.934779
49.9290005,2.9333145
50.1465815,2.7151835
50.2772905,2.527972
50.2825425,2.7300315
50.286923,2.7443427
50.2928235,2.7495885
50.2885355,2.7776045
50.2800857,2.781673
50.2821145,2.788042
50.1214754,3.1701127
50.3108135,2.942231
50.3105895,2.947011
50.1743717,3.2485149
50.1747917,3.2492259
50.347347,3.282612
50.4450578,2.723869
50.5328015,2.618342
50.478282,2.664887
50.4805905,2.663105
50.479577,2.6646945
50.4801995,2.664156
50.4800725,2.663415
50.5315505,2.6413935
50.531482,2.6409525
50.5312495,2.639963
50.5310955,2.6381855
50.531232,2.638291
50.5318025,2.6391565
50.3732935,2.8086684
50.3735985,2.810108
50.373913,2.809475
50.438431,2.7940365
50.429874,2.823166
50.427786,2.832699
50.487768,2.747099
50.4952825,2.854385
50.4948535,2.854032
50.4947455,2.8548255
50.521471,2.8708965
50.5233345,2.8737215
50.6934395,2.6449569
50.4194365,2.946727
50.4202655,2.9488775
50.420594,2.9492525
50.421042,2.949107
50.42195,2.9461345
50.421547,2.948006
50.4217335,2.947994
50.36881,3.078766
50.3661177,3.081277
50.369033,3.082739
50.413215,3.0524845
50.4568285,2.9471575
50.4571295,2.9484265
50.5173958,3.0153627
50.4759227,3.0569424
50.5269948,3.1698263
50.6093178,2.9840366
50.645573,2.987555
50.6256853,3.0399399
50.6251473,3.0395702
50.6260011,3.0409897
50.6261437,3.04093
50.646042,2.9896725
50.6402205,3.018764
50.5809787,3.080296
50.595004,3.0513925
50.5888475,3.112144
50.6149979,3.048819
50.6134766,3.0621939
50.6286935,3.0419981
50.6288605,3.0421584
50.6291731,3.0424563
50.6291731,3.0436329
50.627566,3.0496219
50.628756,3.0532939
50.6273128,3.0499308
50.6319769,3.046551
50.6245292,3.0671837
50.624269,3.0670643
50.6364068,3.0628817
50.6350197,3.0573409
50.6315647,3.0594103
50.630357,3.0561324
50.6310338,3.0592904
50.6318152,3.0625266
50.6359985,3.0621111
50.6324546,3.061752
50.6353131,3.0694378
50.6330351,3.0910249
50.6402664,3.0579658
50.6404827,3.0577899
50.6367385,3.0612189
50.6369056,3.0614431
50.6407806,3.0649955
50.6373839,3.0623152
50.662545,3.050898
50.6621181,3.0498103
50.6620295,3.0503
50.662466,3.04984
50.6615777,3.049867
50.6457029,3.0742733
50.6453508,3.0756192
50.6452597,3.0755451
50.6420135,3.0870378
50.6420917,3.0867303
50.648179,3.0858448
50.6533796,3.0734248
50.658075,3.0735515
50.6517082,3.0823365
50.6589984,3.0905114
50.6261497,3.1110878
50.6263105,3.111658
50.6278726,3.1076106
50.6262083,3.1107004
50.6621828,3.0955088
50.6387369,3.1266215
50.6387063,3.1273998
50.6392404,3.1275597
50.6372103,3.1279268
50.6796535,2.996068
50.7646568,3.0078289
50.7631452,3.0102124
50.6632525,3.049872
50.6664576,3.1029773
50.6669979,3.1032386
50.6647344,3.1027839
50.6703306,3.1290598
50.6266242,3.1486359
50.6264051,3.1490436
50.6262785,3.1489057
50.6240654,3.1609105
50.6539236,3.1847029
50.6526797,3.1871806
50.6184747,3.2333087
50.6747295,3.1482545
50.6841703,3.1538242
50.6822064,3.194048
50.7076094,3.1603788
50.6918028,3.1753886
50.6917405,3.1724064
50.7216661,3.1584186
50.8693951,1.870775
50.8683773,1.8691517
50.947479,1.854234
50.94653,1.853635
50.9473325,1.8542215
50.945782,1.8684745
50.9531975,1.8524545
50.9532625,1.8532115
50.9783499,2.0445125
50.8021975,2.4825525
51.0110405,2.2928005
51.0104805,2.289944
51.0114665,2.2946575
51.0188765,2.380145
51.01921,2.3800336
51.019492,2.3806755
51.0184125,2.3804125
51.0196205,2.3806115
51.0346442,2.3786739
51.0334327,2.3756166
51.0317886,2.3763462
51.0337975,2.3759317
51.0342405,2.3786202
51.0333044,2.3761953
51.0348325,2.3782996
51.0342832,2.3791942
51.034277,2.3789318
51.0433953,2.3829216
51.0413261,2.4067226
51.0478498,2.3955354
51.0476153,2.3956959
51.0470969,2.3953267
51.0468305,2.392842
51.0468226,2.3927338
51.047027,2.3949637
51.0471251,2.3955687
51.0174645,2.442217
50.8112435,2.582694
50.7826028,3.125772
50.016445,3.785575
50.016897,3.784895
50.0161825,3.785032
50.05868,4.1060565
50.199231,3.8411395
50.348359,3.524982
50.402895,3.666599
50.1370825,4.8252067
50.138929,4.823055
-17.5494182,-149.5773134
16.2540081,-61.5151849
42.8723859,-0.0045146
44.8422152,-0.5758406
44.8435382,-0.5722968
47.8737205,-3.9185835
48.6114225,-3.4719855
47.2154845,-0.7228688
47.2157243,-0.7224419
48.0879285,-1.6176274
47.699536,-0.0699092
48.055818,-0.7930773
43.220085,0.0838035
44.1874609,0.6330901
44.4512361,1.4403732
44.0114175,4.4179935
44.559834,6.0807105
44.9163364,4.9091841
45.2127977,5.7662478
47.600347,1.346163
48.8680413,2.323556
48.864839,2.3394094
48.859324,2.3572169
48.800708,2.6094311
48.855123,2.5824055
49.236548,2.8875345
49.309876,2.7290425
47.34633,5.0458095
48.6048381,7.7036109
48.5840197,7.7491517
50.514323,1.6387225
50.637956,2.3954215
50.6248657,3.1482975
50.6809682,3.1947271
