lat,lon
27.6408337,-17.9811322
27.7036868,-17.9811467
27.705385,-17.9794965
27.7528444,-18.0168254
27.7522302,-18.0147412
27.7520624,-18.0120715
27.8058845,-17.9137744
27.8064272,-17.9152158
27.806169,-17.9150521
27.8077868,-17.9157427
27.8071177,-17.9153
27.8064386,-17.9152481
28.0881158,-17.3356479
28.0882765,-17.3390274
28.0949534,-17.3355835
28.0949883,-17.3356614
28.0289756,-17.1968444
28.1098688,-17.2815644
28.091639,-17.11284
28.0914304,-17.113221
28.090976,-17.1097521
28.0911271,-17.1111849
28.0906718,-17.1097079
28.0911657,-17.1106
28.0927697,-17.1116377
28.092351,-17.1135378
28.4941741,-17.8447461
28.6410912,-17.9331624
28.64157,-17.9345202
28.7104859,-17.9557117
28.7105598,-17.9554169
28.658316,-17.9130673
28.6576465,-17.9129904
28.6579633,-17.914421
28.6582988,-17.9122915
28.6517086,-17.8803042
28.6064994,-17.7801568
28.606909,-17.7794556
28.6641233,-17.7870366
28.6460865,-17.7672951
28.6815722,-17.7661826
28.6821661,-17.7649605
28.6837586,-17.7642679
28.6825552,-17.7652863
28.6824261,-17.7655316
28.6847183,-17.7651162
28.6834742,-17.7642033
28.682268,-17.7650813
28.7398624,-17.7449202
28.7656246,-17.978857
28.773497,-17.978134
28.8040393,-17.7744637
28.8039455,-17.7744172
28.80483,-17.7744032
28.8288186,-17.8033584
28.8024904,-17.7730424
28.1652117,-17.1976163
28.179003,-17.2663407
28.1677162,-17.1954918
28.1676407,-17.1956269
28.1864179,-17.1952008
28.1296032,-16.781219
28.1806253,-16.815862
28.1820829,-16.8153475
28.2009008,-16.8267188
28.2007717,-16.8266281
28.2081365,-16.7773334
28.2095805,-16.7806205
28.2094575,-16.7783257
28.2114652,-16.781547
28.210568,-16.7814183
28.2295611,-16.8402549
28.2316267,-16.8410875
28.2385704,-16.8419512
28.2442305,-16.8414493
28.244123,-16.8409367
28.2441994,-16.8414706
28.2374786,-16.7945615
28.2694607,-16.8193249
28.2697622,-16.8190573
28.2967908,-16.8159158
28.3712982,-16.8507681
28.371713,-16.8510975
28.3699157,-16.8491761
28.3654492,-16.8181054
28.3654718,-16.8192253
28.3561721,-16.7777729
28.356546,-16.7809032
28.3563257,-16.7793989
28.3564802,-16.7811559
28.0087942,-16.6544171
28.0086787,-16.6537112
28.0577472,-16.7336514
28.0571644,-16.7289483
28.0571604,-16.7289343
28.0571412,-16.7288392
28.0566491,-16.7264778
28.0594872,-16.7336282
28.0598446,-16.7333072
28.0607021,-16.732484
28.0619277,-16.7309394
28.0518522,-16.7217457
28.0525356,-16.7146873
28.0519825,-16.7170342
28.0487375,-16.7109658
28.0588721,-16.721288
28.057361,-16.7228484
28.0547656,-16.7125387
28.053762,-16.7128938
28.0549308,-16.7132762
28.054391,-16.7142464
28.0543687,-16.7127326
28.0527821,-16.7151262
28.0682874,-16.7320834
28.0723412,-16.7300074
28.0770707,-16.731761
28.0784616,-16.7322593
28.0783684,-16.7323117
28.0734627,-16.7310612
28.077975,-16.7270046
28.0872111,-16.7326498
28.0870218,-16.7327249
28.0869082,-16.7327785
28.0902434,-16.7346171
28.0885063,-16.7282116
28.0784642,-16.6811395
28.0975944,-16.6824715
28.0975755,-16.6826807
28.0296489,-16.5941772
28.0498528,-16.6110606
28.0533694,-16.6114508
28.0739043,-16.6723401
28.0736529,-16.6714973
28.0992684,-16.6173682
28.0989975,-16.6186753
28.0995803,-16.6169719
28.0995677,-16.6170754
28.0450865,-16.5383777
28.0448101,-16.5390934
28.0450415,-16.539117
28.0715412,-16.5561212
28.0797767,-16.5581783
27.8189722,-15.7639088
27.7595546,-15.6816611
27.7595219,-15.6818763
27.7927823,-15.7072714
27.7933691,-15.7069599
27.7932489,-15.7070191
27.7918987,-15.7081723
27.7919367,-15.7077121
27.7391579,-15.6000715
27.7528908,-15.5776885
27.7609015,-15.5787079
27.7612322,-15.5791598
27.762655,-15.5793923
27.7621576,-15.5791202
27.7631156,-15.5793336
27.7587285,-15.5761258
27.758721,-15.5759725
27.7582504,-15.5760488
27.7580159,-15.5760664
27.7591589,-15.5700573
27.7635303,-15.5650409
27.7594423,-15.5672832
27.7611645,-15.5657523
27.8835294,-15.7238731
27.9852694,-15.7812563
27.9850024,-15.7804572
27.9253768,-15.5733303
27.9940678,-15.6146076
28.0100011,-15.5325325
28.0097186,-15.5329081
28.0104228,-15.5311228
28.0205264,-15.6463333
28.0996935,-15.700097
28.059295,-15.5473657
28.0601004,-15.5468818
28.0603903,-15.5465742
28.0606687,-15.5464187
28.060766,-15.5465392
28.1105736,-15.5830011
28.1074522,-15.5632522
27.8380363,-15.4492373
27.8429309,-15.4421701
27.8498285,-15.4419478
27.8548582,-15.4388446
27.9043131,-15.4447035
27.9042258,-15.445032
27.85943,-15.3994632
27.8595562,-15.3990682
27.9910877,-15.4984803
27.9970804,-15.4165897
27.9969393,-15.4165596
27.9967227,-15.4170186
28.0025852,-15.4144983
27.9102592,-15.4064306
27.9110031,-15.4058562
27.9106104,-15.405882
27.9117353,-15.4043069
28.0333518,-15.4982005
28.0341406,-15.4990738
28.0343577,-15.4988816
28.0341735,-15.4991629
28.0447163,-15.4754905
28.0983788,-15.4786031
28.0974054,-15.46782
28.0972131,-15.4468525
28.0989617,-15.4486294
28.1031019,-15.4531835
28.1017704,-15.4530173
28.1092455,-15.4457441
28.0983182,-15.4176632
28.0981338,-15.4141244
28.1034371,-15.4148539
28.1048497,-15.4158151
28.1022126,-15.4161406
28.1050851,-15.414125
28.1039976,-15.4186108
28.1023529,-15.4163237
28.1019992,-15.4160218
28.1048167,-15.4158075
28.1095607,-15.4327044
28.1100134,-15.4315117
28.1096832,-15.4321136
28.1150425,-15.4334435
28.1097865,-15.4216989
28.1071459,-15.4169544
28.1078815,-15.4171236
28.106523,-15.4164631
28.1066596,-15.4167029
28.1078002,-15.4170876
28.1070246,-15.4167072
28.1059675,-15.4145509
28.1075332,-15.4156392
28.1052216,-15.4145143
28.1074669,-15.4152706
28.1063163,-15.4147193
28.1078348,-15.4183672
28.1091833,-15.4176409
28.1090605,-15.4179135
28.1093852,-15.4171926
28.1096587,-15.4179773
28.1096156,-15.4181702
28.110929,-15.4179719
28.1109956,-15.4177846
28.110236,-15.4167745
28.1057333,-15.4200609
28.1068292,-15.416608
28.116251,-15.4216324
28.1144243,-15.4250244
28.1153633,-15.4252937
28.1121397,-15.423045
28.1119148,-15.4231427
28.115606,-15.4254392
28.1169421,-15.421835
28.1157943,-15.4212535
28.1164876,-15.4218428
28.1179223,-15.4230706
28.1174159,-15.4217114
28.1133351,-15.4192334
28.1128062,-15.419536
28.1152931,-15.4188437
28.1144785,-15.4205973
28.1141339,-15.4203131
28.0973416,-15.4126191
28.0978475,-15.4121689
28.097393,-15.4123823
28.102162,-15.4136534
28.0510475,-14.352567
28.0507689,-14.3527965
28.0505229,-14.3523332
28.0506085,-14.351509
28.0504371,-14.3514897
28.1284242,-16.7579169
28.1183694,-16.7384552
28.1223635,-16.7393574
28.1212308,-16.7253244
28.1215489,-16.7250187
28.1542277,-16.6386695
28.1201613,-16.5767702
28.1218834,-16.5776607
28.1824502,-16.4802676
28.1633602,-16.4334165
28.2362355,-16.4417341
28.2363829,-16.4420759
28.2615724,-16.4292551
28.3145594,-16.4105359
28.3149728,-16.4103955
28.3215915,-16.4110766
28.3191461,-16.4074363
28.3727044,-16.76548
28.3676779,-16.7187778
28.3674014,-16.7194062
28.369462,-16.7143231
28.3684162,-16.7166703
28.3678359,-16.7171689
28.3679303,-16.7168849
28.3684446,-16.7163967
28.3674808,-16.7174625
28.3728223,-16.7100447
28.3786781,-16.6955033
28.384960800000002,-16.6775269
28.380272,-16.5850103
28.3801304,-16.5839696
28.3799911,-16.584549
28.394152,-16.6495227
28.3944138,-16.6486699
28.384231,-16.6103805
28.3835798,-16.6126847
28.3807486,-16.5843773
28.3808643,-16.5843753
28.3864982,-16.5842646
28.3892444,-16.5855302
28.3879166,-16.5854872
28.387225,-16.5845878
28.3977202,-16.5763991
28.3986395,-16.5755699
28.3964373,-16.5581867
28.3953442,-16.5492366
28.4016615,-16.5500491
28.3931819,-16.5283433
28.3931323,-16.528421
28.3918705,-16.5218137
28.3922972,-16.5217314
28.3905124,-16.5229315
28.3928586,-16.5217879
28.3927712,-16.52215
28.3926534,-16.5222305
28.3899799,-16.5251669
28.3917897,-16.5209904
28.4125433,-16.5540137
28.4169625,-16.5478461
28.4166851,-16.5497789
28.4161972,-16.5497533
28.4173766,-16.54813
28.4148061,-16.5508488
28.417461,-16.5511009
28.4158465,-16.5457457
28.4163041,-16.5474998
28.4133373,-16.542361
28.4117358,-16.5365816
28.4119309,-16.5361772
28.4151869,-16.5379499
28.4135926,-16.5389049
28.4252899,-16.4899999
28.4256534,-16.4894567
28.4253243,-16.4894684
28.4252367,-16.4911366
28.4255795,-16.4907147
28.4255861,-16.4906205
28.3397532,-16.4189282
28.3402366,-16.4188142
28.3539398,-16.3701027
28.3561209,-16.3697712
28.3598505,-16.3680298
28.354525,-16.3702884
28.3658131,-16.3660826
28.3665698,-16.3656789
28.3620323,-16.3661171
28.3691417,-16.3625433
28.4361947,-16.4662538
28.4361098,-16.4660462
28.4359916,-16.4679798
28.4537258,-16.4536535
28.4545417,-16.4525089
28.4549004,-16.452654
28.4587943,-16.4178255
28.4799527,-16.4338025
28.4770672,-16.4150367
28.4772075,-16.413664700000002
28.4771498,-16.4140053
28.4774993,-16.4129873
28.4772194,-16.4135916
28.4772151,-16.414483
28.4774157,-16.4123951
28.4519539,-16.3666579
28.4848113,-16.3924827
28.5334691,-16.3604708
28.5332319,-16.3616079
28.5334785,-16.3620746
28.3994691,-16.3571666
28.4233825,-16.3187331
28.4251272,-16.3172024
28.4363812,-16.3193408
28.4365315,-16.3192248
28.436172,-16.3074112
28.4415558,-16.3147707
28.4419508,-16.3142949
28.4424488,-16.3133388
28.4794343,-16.3119656
28.4789652,-16.3116156
28.4383775,-16.3048942
28.4427386,-16.3014692
28.4448813,-16.3002238
28.444519,-16.3003672
28.4445899,-16.3006619
28.4402424,-16.2976408
28.4469613,-16.299339
28.4465889,-16.2988395
28.4489761,-16.2967337
28.449172,-16.2963734
28.4474612,-16.2987811
28.4473292,-16.2985772
28.4465631,-16.2978305
28.4467716,-16.2976548
28.4540297,-16.2849281
28.4526787,-16.2806411
28.4525062,-16.2762523
28.4527309,-16.276077
28.4581475,-16.2573268
28.456077,-16.2579182
28.456245,-16.2578431
28.4585497,-16.2576508
28.4587146,-16.2569557
28.4673106,-16.2861086
28.4694466,-16.2917662
28.4669028,-16.2860251
28.4668085,-16.2861177
28.467747,-16.2846525
28.4676857,-16.2844393
28.4647866,-16.2718678
28.4651799,-16.2700485
28.4644922,-16.2719975
28.4711835,-16.2725706
28.4594066,-16.2623606
28.4617507,-16.2619074
28.46001,-16.2646933
28.4616484,-16.2530362
28.4606492,-16.2571728
28.4602578,-16.2567705
28.4616095,-16.2566626
28.4611208,-16.2534456
28.4592382,-16.2572174
28.4693,-16.260207
28.4678756,-16.2608573
28.4676818,-16.2607715
28.4680816,-16.2614405
28.4681561,-16.2636319
28.468126,-16.2556465
28.4678469,-16.2552155
28.4673848,-16.2552315
28.4672322,-16.2557958
28.4676219,-16.2581566
28.4691094,-16.2558277
28.4673365,-16.2549176
28.4719787,-16.2558033
28.4671111,-16.255285
28.487468,-16.3451812
28.4900986,-16.325393300000002
28.4901045,-16.3274894
28.4899039,-16.3187923
28.4897229,-16.3243112
28.4899918,-16.3192873
28.4883514,-16.3162279
28.4881744,-16.3159106
28.4887843,-16.3168095
28.4889854,-16.3171667
28.4893336,-16.3166637
28.4869912,-16.3161252
28.4880097,-16.3165201
28.4881651,-16.3156741
28.4887583,-16.3169446
28.4886829,-16.3168789
28.5212797,-16.337872
28.5212388,-16.3377188
28.5222334,-16.3367831
28.5126724,-16.3059828
28.4624331,-16.2496996
28.4649514,-16.2475658
28.4710495,-16.2474858
28.4656965,-16.2480272
28.466121,-16.2480486
28.467002,-16.2491556
28.4672622,-16.2490893
28.4673479,-16.2492041
28.4678541,-16.2488736
28.4677136,-16.2494985
28.4677621,-16.2499047
28.4684237,-16.2508695
28.4693371,-16.2508167
28.4683099,-16.2512125
28.4683166,-16.2510205
28.4673468,-16.2509595
28.4687832,-16.2479068
28.4675821,-16.247998
28.4678827,-16.2479833
28.4693845,-16.2503873
28.4673636,-16.2497504
28.4731449,-16.2514786
28.4751707,-16.2510431
28.4735409,-16.2507832
28.4734614,-16.2508405
28.478656,-16.2435532
28.4787231,-16.2434634
28.4793662,-16.2447393
28.4872015,-16.2372381
28.5054604,-16.1914397
28.1403479,-15.6315796
28.1457277,-15.6529035
28.1455712,-15.6515504
28.1454533,-15.6540843
28.1455222,-15.6527342
28.1192239,-15.5261572
28.1191417,-15.52545
28.1186542,-15.5242297
28.1294697,-15.4443036
28.129497,-15.4440664
28.1298503,-15.4409993
28.130132,-15.4413001
28.1295714,-15.4441585
28.1318951,-15.4410093
28.1230737,-15.4277117
28.1251377,-15.440266
28.1311612,-15.4394082
28.1298669,-15.4328655
28.1295874,-15.4301012
28.1213461,-15.4261879
28.1183142,-15.4234309
28.1192261,-15.4237582
28.1186779,-15.4237838
28.1185355,-15.4236225
28.1368645,-15.4356838
28.1369368,-15.435355
28.1340538,-15.4337728
28.1345491,-15.4356133
28.1344178,-15.4356164
28.1347378,-15.4338421
28.1351913,-15.434809
28.1340317,-15.4352428
28.13401,-15.4361557
28.1352148,-15.4375808
28.13276,-15.4369001
28.1324673,-15.4372699
28.1320822,-15.4377128
28.1344142,-15.4335011
28.1340004,-15.4325772
28.1346945,-15.4294958
28.1339933,-15.4324154
28.1344953,-15.4323897
28.1340344,-15.4333103
28.1411198,-15.4344399
28.138475,-15.430719
28.1387331,-15.4307362
28.1388748,-15.4304715
28.1392734,-15.4305364
28.141538099999998,-15.4321617
28.1394499,-15.4323189
28.1422867,-15.4307144
28.1387185,-15.4322863
28.1390519,-15.4309838
28.142087,-15.4309583
28.1427088,-15.4309481
28.1393147,-15.4299835
28.1387606,-15.4312566
28.1387446,-15.4317256
28.1381035,-15.4303469
28.1415828,-15.4307291
28.1390094,-15.4314374
28.1405558,-15.4320789
28.1395567,-15.4305231
28.1383161,-15.4319359
28.1396151,-15.4305314
28.1418054,-15.4307127
28.1483276,-15.4300714
28.1473767,-15.4295549
28.1483345,-15.4301104
28.1488177,-15.4282098
28.1486417,-15.4291468
28.1481084,-15.4295761
28.1495874,-15.4240425
28.1499272,-15.4236523
28.1500296,-15.4237799
28.1498558,-15.4240884
28.1563353,-15.4159301
28.1564063,-15.4158516
28.1566705,-15.4156555
28.1610621,-14.2307506
28.1650479,-14.2230034
28.1848479,-14.1522853
28.2142794,-14.0210796
28.2130847,-14.0209857
28.2127006,-14.0210367
28.2119607,-14.0211051
28.2124453,-14.0203366
28.2140745,-14.0206283
28.3503524,-14.1076883
28.4223867,-14.0125885
28.3976561,-13.8548638
28.4977714,-13.8608784
28.5047314,-13.8665873
28.498391,-13.8603853
28.4985626,-13.8603401
28.4992444,-13.8600895
28.4987898,-13.8593766
28.5050218,-13.8543876
28.682393,-14.0099945
28.7328409,-13.8697456
28.7358245,-13.8691313
28.7367863,-13.868425
28.7370562,-13.8684102
28.7374871,-13.8685713
28.7408285,-13.8676655
28.7281916,-13.8646397
28.857125,-13.8390738
28.8593217,-13.8365121
28.8593091,-13.8362409
28.8630757,-13.8292475
28.862948,-13.8322282
28.8613353,-13.8331935
28.8611171,-13.8333034
28.8611601,-13.8333267
28.8636429,-13.8300222
28.8643188,-13.8302264
28.8627188,-13.8275643
28.9524384,-13.7666323
28.9212978,-13.6662938
28.9215342,-13.6703016
28.9196433,-13.6521603
28.9204126,-13.6482328
29.0659933,-13.6771269
29.0010375,-13.6111258
28.9593818,-13.5549683
28.9593445,-13.5562678
28.965614,-13.5580347
28.9578908,-13.5503602
28.9585961,-13.5483214
28.9596452,-13.5488114
29.0591089,-13.5602326
29.0574354,-13.5589044
28.9872347,-13.5097502
29.1463463,-13.4996876
36.2769451,-6.0882873
36.2795874,-6.0883472
36.2793196,-6.0895602
36.2777107,-6.0863317
36.2780866,-6.0868928
36.277753,-6.0859127
36.27804,-6.0875831
36.2774723,-6.0882027
36.1900086,-5.9216331
36.1908716,-5.9209057
36.1902003,-5.9214574
36.1904456,-5.9220608
36.1908384,-5.9210899
36.1944035,-5.9219698
36.2506751,-5.9694075
36.249717,-5.9673901
36.2524455,-5.9689034
36.2547831,-5.9668973
36.2547067,-5.9665638
36.2548765,-5.9674424
36.2514794,-5.9688919
36.3319832,-6.0903501
36.3377904,-6.0927109
36.3698831,-6.1795523
36.4994162,-6.2732045
36.5028487,-6.27511
36.5049503,-6.2758883
36.5062551,-6.2766579
36.5034435,-6.2750576
36.5010732,-6.2689105
36.5055719,-6.2706889
36.4567804,-6.2069343
36.4605755,-6.2010275
36.458342,-6.2033255
36.4620653,-6.2045431
36.4620468,-6.2050684
36.4612385,-6.2054275
36.4662595,-6.1965084
36.4654628,-6.1970556
36.4626204,-6.1994804
36.4660145,-6.1966675
36.464195,-6.1982861
36.4656516,-6.1968806
36.4641058,-6.198371
36.4665461,-6.1951258
36.4733476,-6.1943915
36.4693238,-6.1980625
36.4211477,-6.1472774
36.420457,-6.1491523
36.4207223,-6.1481015
36.4207889,-6.1489581
36.4198152,-6.1492867
36.4207068,-6.1496125
36.4206119,-6.1489339
36.4206772,-6.1488742
36.4192364,-6.14957
36.4203618,-6.1490546
36.4212565,-6.1499452
36.4207743,-6.1464459
36.4208887,-6.1467141
36.420634,-6.1460731
36.419817,-6.1452064
36.4213225,-6.1443742
36.4296009,-6.1449072
36.4583361,-5.9281005
36.4584055,-5.9281434
36.458247,-5.9278816
36.4580515,-5.9281198
36.0146169,-5.6047118
36.0144379,-5.6048472
36.0143461,-5.6047455
36.0145841,-5.6046419
36.0145399,-5.6042915
36.0133003,-5.6030763
36.0159253,-5.6060456
35.891873,-5.325699
35.8881528,-5.3160048
35.8880957,-5.3151794
36.1369218,-5.8460683
36.1369459,-5.8463741
36.1367878,-5.4560348
36.1362795,-5.4572958
36.1362434,-5.4570763
36.1428047,-5.4635048
36.1831223,-5.4931334
36.1835972,-5.4924352
36.1829891,-5.491399
36.1094745,-5.4399503
36.1094191,-5.4403536
36.1321657,-5.4486058
36.1314136,-5.4482499
36.1307426,-5.4474234
36.1302591,-5.4462801
36.1302203,-5.4464764
36.1329489,-5.4525678
36.1297589,-5.4450149
36.1288949,-5.4447122
36.1291894,-5.444796
36.1340733,-5.4497923
36.1454604,-5.4509486
36.1415308,-5.4475218
36.1622388,-5.3486455
36.1617914,-5.3496998
36.1617398,-5.3517421
36.1615839,-5.3491979
36.1619267,-5.3500117
36.1619929,-5.3507239
36.1810932,-5.3861809
36.1766135,-5.3487096
36.1674332,-5.3466727
36.2130775,-5.4314474
36.2099183,-5.387109
36.2105456,-5.3876928
36.2104176,-5.3873915
36.2096771,-5.3893394
36.2100996,-5.3862524
36.2103935,-5.3857878
36.2929717,-5.2984059
36.2927983,-5.2990143
36.2884609,-5.2698801
36.2993044,-5.3041265
36.3417709,-5.3196088
36.3776858,-5.250263
36.4321001,-5.4512074
36.4664121,-5.4135674
36.4451433,-5.2733966
36.4256603,-5.1535128
36.4241617,-5.1457754
36.4245496,-5.1452267
36.4248632,-5.1445535
36.4628933,-5.0424973
36.4659802,-5.0288285
36.473885,-5.0038784
36.4744518,-5.0023573
36.484731,-4.9894961
36.48639,-4.98976
36.4845522,-4.9894526
36.4829826,-4.9882902
36.4834623,-4.9891758
36.4828398,-4.9892901
36.4829902,-4.9893391
36.4840768,-4.9894474
36.4843594,-4.9893985
36.4862252,-4.9549408
36.4878145,-4.9558926
36.4927895,-4.9603167
36.4954142,-4.950741
36.4956928,-4.7763707
36.4889146,-4.7294817
36.4889238,-4.729879
36.4888492,-4.7286429
36.4892962,-4.7195285
36.4893381,-4.7188687
36.4927927,-4.7146527
36.4894003,-4.7157874
36.4898309,-4.711636
36.490019,-4.7109083
36.5053184,-4.6799483
36.5059975,-4.6823544
36.5050806,-4.6797802
36.5048994,-4.6796675
36.5051906,-4.6778513
36.5058035,-4.677949
35.2933193,-2.9393226
35.2933222,-2.9389085
37.2125442,-7.4081004
37.2132662,-7.4083351
37.2129884,-7.4085035
37.3036883,-7.3421039
37.2030583,-7.3257986
37.2032236,-7.3266788
37.2030979,-7.3260456
37.2502352,-7.2028964
37.2502008,-7.2004573
37.2551671,-7.202982
37.284121,-7.1532354
37.2843798,-7.1532219
37.2178348,-7.1228569
37.2112726,-7.0548963
37.1812875,-6.9673603
37.1828074,-6.9665936
37.1833574,-6.9625644
37.1836392,-6.9628757
37.27712,-6.9916042
37.2769364,-6.9912226
37.2569409,-6.9548939
37.2567518,-6.9537615
37.2575565,-6.9540559
37.2549706,-6.9546769
37.2561876,-6.9534802000000004
37.2575988,-6.9535605
37.2577119,-6.953653
37.2584886,-6.9517456
37.2571658,-6.9527938
37.2575441,-6.9514235
37.2563754,-6.9522667
37.2571073,-6.9518924
37.2621331,-6.9539831
37.2635913,-6.9542553
37.2623162,-6.9549609
37.2640907,-6.9524676
37.2633262,-6.9526003
37.2620716,-6.9528323
37.2620748,-6.9527264
37.2625192,-6.95291
37.2543067,-6.9414089
37.2664992,-6.942978
37.2606257,-6.9467645
37.2620898,-6.9384052
37.2598868,-6.9323203
37.2594218,-6.933043
37.2631179,-6.9270848
37.2692845,-6.9339596
37.2829289,-6.9432116
37.2830188,-6.9436946
37.2802419,-6.9406552
37.1389014,-6.8278043
37.1388159,-6.827976
37.1387303,-6.8282549
37.275134,-6.8396426
37.2760051,-6.8376285
37.2749421,-6.8377268
37.2761387,-6.8378485
37.276428,-6.8378094
37.3153824,-6.8408899
37.3135236,-6.8407476
37.3144406,-6.841067
37.3037479,-6.7304778
37.3037052,-6.7304381
37.4730354,-7.4679661
37.5481893,-7.1147109
37.5492181,-7.113834
37.79682,-7.1896027
37.7967386,-7.1880754
38.3758605,-7.1684754
38.3753977,-7.1692618
38.2761861,-6.9192919
38.2768784,-6.9195866
38.2768233,-6.9195578
38.276707,-6.9194818
38.2765562,-6.9184232
38.3203553,-6.7710308
38.3260881,-6.7711715
38.3230866,-6.7719927
38.3655498,-6.7880912
38.4453874,-6.97516
38.4461954,-6.9760147
38.5165597,-7.0698497
38.6823586,-7.1012729
38.6710996,-6.9808126
38.6712665,-6.9816377
38.6709029,-6.9833101
38.6704342,-6.9795821
38.8696321,-6.9873507
38.8695462,-6.9877644
38.8696957,-6.9880845
38.8666422,-6.9815003
38.870378,-6.9848159
38.8674053,-6.9732565
38.8724641,-6.976168
38.8725837,-6.9759355
38.8703469,-6.9730699
38.87412,-6.9800276
38.8763843,-6.9761272
38.8746663,-6.9788863
38.874726,-6.9788089
38.8749977,-6.9739008
38.8758051,-6.9732881
38.8751095,-6.9737616
38.8751118,-6.9736605
38.8889362,-6.9829463
38.870486,-6.9728681
38.8700185,-6.9728296
38.8733483,-6.972674
38.8733913,-6.9729223
38.872962,-6.9725202
38.8731637,-6.9724439
38.8734595,-6.9729194
38.8766013,-6.9722868
38.8765764,-6.9725161
38.8770841,-6.9714041
38.8765801,-6.9704593
38.8777033,-6.9720378
38.874105900000004,-6.9726745
38.8742674,-6.9726689
38.8731526,-6.9711327
38.8750898,-6.9723876
38.874575,-6.9725949
38.8790775,-6.9612792
38.8752489,-6.9545027
38.879267,-6.9591855
38.9202382,-6.9404435
38.92075,-6.9392596
38.9383309,-6.8335179
39.4113888,-7.2427685
39.4112904,-7.2432251
39.4115512,-7.2427125
39.411806,-7.2425689
39.410859,-7.2433482
39.4112534,-7.2426654
39.4120117,-7.2426281
39.2191418,-6.9997745
39.2183474,-6.999311
39.219462,-7.0014205
39.2197707,-7.0026005
39.2196821,-7.0016394
39.6120449,-6.7780104
39.7185952,-6.8833502
39.7195053,-6.8849352
39.7189021,-6.8839803
39.717005,-6.8165149
40.1147838,-6.7928796
40.1149122,-6.7928781
40.2181619,-6.8766336
40.2250339,-6.8780679
40.2248436,-6.8794576
40.2230406,-6.8784929
40.2235037,-6.8786887
40.2170099,-6.8465212
40.1874481,-6.7831814
40.2010583,-6.7177466
40.2015342,-6.717437
40.2956292,-6.8189855
40.2865147,-6.7278154
40.599756,-6.8228268
40.604098,-6.8225179
40.6043355,-6.8216495
40.9360093,-6.7183633
40.9361775,-6.7190875
40.9359445,-6.7202301
40.9357445,-6.7176985
40.9870107,-6.7951308
41.0470544,-6.7534082
41.9026044,-8.8712846
41.9013878,-8.8709219
41.9008694,-8.8717129
41.9007858,-8.871815
41.9371925,-8.8361337
42.0069386,-8.8761332
42.1162729,-8.8119805
42.1164998,-8.8127902
42.1194717,-8.848447
42.1204084,-8.8509647
42.1185662,-8.847208
42.277217,-8.8166206
41.9916126,-8.7436409
41.9917564,-8.7435546
41.991491,-8.7440387
42.0488645,-8.6461212
42.1111736,-8.7615374
42.1113756,-8.761849
42.0669235,-8.6232023
42.1605946,-8.6195432
42.1619417,-8.6208999
42.1614733,-8.6209236
42.1606017,-8.6211711
42.1625234,-8.6239721
42.1626566,-8.62201
42.1013118,-8.5585671
42.0824344,-8.5007463
42.082412,-8.5012334
42.082403,-8.49768
42.0882183,-8.415124
42.0886863,-8.415734
42.192214,-8.7045497
42.2131078,-8.7555755
42.2126726,-8.7548587
42.2115108,-8.7471312
42.2176526,-8.7479971
42.2179312,-8.7437766
42.214133,-8.742247
42.2125635,-8.7409737
42.211945,-8.7324305
42.2153223,-8.7409613
42.2159353,-8.7357597
42.2211818,-8.7296015
42.2208366,-8.7312085
42.2187032,-8.7356246
42.2202479,-8.7333777
42.2202449,-8.7339466
42.2174543,-8.7323563
42.2214342,-8.7306363
42.2610747,-8.7855804
42.2632824,-8.7851698
42.2629816,-8.7854561
42.2614471,-8.7855952
42.2618035,-8.7854395
42.2636796,-8.7838092
42.2241025,-8.7354368
42.2235308,-8.7350182
42.2278952,-8.7306728
42.2217841,-8.7315314
42.224669,-8.7300022
42.2224774,-8.731011
42.2227034,-8.7308465
42.223473,-8.7306012
42.2281957,-8.7325918
42.2322705,-8.7318201
42.2315089,-8.7324949
42.2283639,-8.7308422
42.222411,-8.7269255
42.2265297,-8.7228436
42.2265972,-8.7212536
42.2298354,-8.7174681
42.2339783,-8.7165605
42.2344755,-8.7163205
42.2321482,-8.7181302
42.2323069,-8.7118707
42.232128,-8.7161696
42.2328025,-8.71575
42.2289566,-8.707198
42.230744,-8.706855
42.2309637,-8.7068453
42.2310856,-8.7047602
42.2322103,-8.7069564
42.2375152,-8.7238056
42.2376323,-8.7245233
42.2379699,-8.7245564
42.2379135,-8.7242393
42.2374784,-8.723952
42.2360605,-8.7204932
42.2358012,-8.7202909
42.2374721,-8.7201334
42.2378077,-8.7207134
42.2375188,-8.7206052
42.238176,-8.7206667
42.237016,-8.7183072
42.237896,-8.7179163
42.2358411,-8.7195955
42.2377074,-8.7223072
42.2365801,-8.7218144
42.2400884,-8.7032054
42.2398538,-8.7034131
42.2395897,-8.7036569
42.239308,-8.7039986
42.2350147,-8.705878
42.1702608,-8.6835733
42.1704994,-8.6829325
42.2082062,-8.6564869
42.2080158,-8.6558721
42.2084405,-8.6555514
42.2310983,-8.703131
42.2404292,-8.7029733
42.2468517,-8.7006843
42.248037,-8.6987579
42.2481551,-8.6985585
42.2672367,-8.672115
42.2670419,-8.6722999
42.2805188,-8.7365922
42.2800787,-8.7365911
42.3273138,-8.7835787
42.2859222,-8.6832333
42.2821409,-8.6092196
42.2837613,-8.6087199
42.2833015,-8.6090021
42.2830964,-8.6088364
42.2816504,-8.6092914
42.3426134,-8.6068318
42.1737158,-8.5037944
42.1739556,-8.5044959
42.1738855,-8.5044354
42.1730058,-8.5030458
42.1736544,-8.5042434
42.1745234,-8.5047877
42.1745753,-8.5054982
42.2326469,-8.4551825
42.9048032,-9.2631138
42.9057925,-9.2623645
42.9065458,-9.2629191
42.3966415,-8.8279854
42.3968221,-8.8278936
42.3973084,-8.8272191
42.5547323,-8.9915057
42.5555703,-8.9910904
42.5558156,-8.9911382
42.4943791,-8.8648859
42.493547,-8.8655027
42.4933015,-8.8638378
42.4934474,-8.8643596
42.4930382,-8.8627607
42.51565,-8.8146051
42.5294999,-8.8104402
42.5637361,-8.8672372
42.5613887,-8.8276223
42.6356771,-9.0259629
42.7747118,-9.0571246
42.7744233,-9.0578566
42.7751741,-9.0581958
42.64593,-8.881763
42.6459992,-8.88275
42.6458981,-8.8831558
42.6458736,-8.8820291
42.6469883,-8.8819995
42.6477405,-8.8820514
42.6525343,-8.8185641
42.6521246,-8.8188487
42.6530619,-8.8174739
42.6743759,-8.8253034
42.674012,-8.8248411
42.7574467,-8.9478773
42.7848309,-8.8885564
42.7838045,-8.8866963
42.7838112,-8.8870759
42.7843796,-8.8874379
42.7818933,-8.8859371
42.7863789,-8.8861509
42.4002388,-8.8064259
42.4001426,-8.8071503
42.3996244,-8.807256
42.4002123,-8.8046844
42.4003209,-8.8051845
42.4015131,-8.8025074
42.444367,-8.7815057
42.4322303,-8.7074846
42.4318029,-8.7072525
42.3915667,-8.7020542
42.3918282,-8.7019961
42.392916,-8.6995687
42.3984996,-8.69024
42.3970029,-8.6921048
42.4262833,-8.6500717
42.4302112,-8.646432
42.4312755,-8.6458889
42.4304063,-8.6462729
42.4287551,-8.6461324
42.4307252,-8.6443141
42.4287366,-8.6455524
42.4307096,-8.6460235
42.4278648,-8.6414873
42.4302469,-8.64295
42.4308139,-8.6425227
42.4295373,-8.6413471
42.429542,-8.6405543
42.4296217,-8.6439079
42.4241927,-8.6366205
42.4243519,-8.6366581
42.4292712,-8.6371228
42.4285351,-8.6352724
42.4340242,-8.6547877
42.4324052,-8.6474944
42.4315436,-8.6343163
42.5183231,-8.7028251
42.3890165,-8.5020174
42.3892246,-8.5020124
42.3978529,-8.4412076
42.4727167,-8.4805854
42.593966,-8.7577521
42.5961084,-8.7646134
42.5961042,-8.7657496
42.5954738,-8.7655895
42.6041047,-8.6417347
42.6050572,-8.6427623
42.6045147,-8.6422131
42.6980613,-8.6870904
42.7390596,-8.659283
42.7380148,-8.6595952
42.6992463,-8.6490442
42.5905888,-8.5893254
42.5900614,-8.5900248
42.5899128,-8.5897706
42.5912599,-8.5877315
42.6895569,-8.4923547
42.6901807,-8.4916426
42.6900217,-8.4910698
42.762111,-8.5470015
42.7622103,-8.5469479
42.7977904,-8.4698613
42.8235332,-9.0887057
42.8223227,-9.0888618
42.9568292,-9.1890776
42.956322,-9.1884201
42.93845,-8.9930458
42.9353981,-8.9897298
43.1040299,-9.2167589
43.1042485,-9.2169566
43.0085137,-9.11414
43.0288611,-9.0178764
43.1298087,-9.1814219
43.1367104,-9.1153926
43.1381273,-9.1155905
43.1362747,-9.1158606
43.0988423,-8.9133669
43.0338356,-8.8089272
43.0340722,-8.8096984
43.0340575,-8.8094294
43.1487092,-8.9643687
42.8543187,-8.6756341
42.8578749,-8.6575407
42.8581345,-8.6568366
42.8594011,-8.6518546
42.860099,-8.6500186
42.8608272,-8.6485015
42.9097095,-8.7364124
42.9100185,-8.7370621
42.910933,-8.737072
42.9101082,-8.7370807
42.9620649,-8.7584152
42.8437278,-8.5777947
42.8462695,-8.575655
42.8456916,-8.5756096
42.844215,-8.5771552
42.819897,-8.5446184
42.8201872,-8.5445394
42.8204134,-8.5450945
42.8252303,-8.5433952
42.8659699,-8.5558186
42.8688259,-8.5548537
42.8741572,-8.5558723
42.8732493,-8.5530081
42.874552,-8.549756
42.8766745,-8.5462141
42.8733012,-8.5467513
42.8739186,-8.550183
42.8761703,-8.5464036
42.8752053,-8.5460077
42.8751126,-8.546008
42.8745551,-8.5488402
42.8763072,-8.546473
42.8750093,-8.5462782
42.8926668,-8.5474196
42.8618872,-8.5411275
42.8767137,-8.5449771
42.8750594,-8.5453686
42.874624,-8.544257
42.8767363,-8.5456314
42.8768419,-8.5439934
42.8771816,-8.5436114
42.8817808,-8.5403634
42.8788548,-8.5445408
42.881276,-8.5425736
42.8824935,-8.5345911
42.884503,-8.5339273
42.884189,-8.534132
42.8817372,-8.5318103
42.8863555,-8.5281355
42.8862321,-8.5163904
42.9667329,-8.4443599
42.9670537,-8.4443383
42.9668788,-8.4443072
42.9664536,-8.4446542
43.0225334,-8.6561322
43.0246138,-8.656796
43.0257197,-8.6559886
43.0263158,-8.6560637
43.1587837,-8.8049205
43.1867994,-8.7378074
43.1871572,-8.7363497
43.2137407,-8.6909232
43.2145104,-8.6906005
43.2132841,-8.6903777
43.2132423,-8.6900174
43.0275419,-8.516204
43.0896992,-8.5507308
43.0751945,-8.4082853
43.0770784,-8.4081049
43.0769886,-8.4074894
43.0776924,-8.4068416
43.0774984,-8.4069185
43.0754965,-8.4081437
43.1588259,-8.5683003
43.1893325,-8.4722153
41.9014018,-8.0842023
41.9030937,-8.0836051
41.9332061,-8.1172433
41.9577951,-7.9727822
41.9514753,-7.715485
42.0313997,-7.9753622
42.031325,-7.9752815
42.2319413,-8.3627701
42.3744998,-8.2519066
42.3742544,-8.2518076
42.3750758,-8.2525728
42.1937301,-8.0504697
42.1936613,-8.0506077
42.2916141,-8.1021547
42.3702059,-8.1246478
42.3743641,-8.0720009
42.3392003,-8.0120378
42.1537292,-7.9547605
41.9877762,-7.5938003
41.9889597,-7.593295
42.0204805,-7.6104941
42.0647818,-7.7267651
42.0643687,-7.7265357
42.1603376,-7.6116936
42.1879838,-7.7990022
42.1882629,-7.803352
42.1885352,-7.8035711
42.1891013,-7.8000588
42.1872591,-7.7980981
42.3140919,-7.9509366
42.3234695,-7.8847057
42.3392786,-7.8646174
42.3357975,-7.8654723
42.3357654,-7.8648421
42.3357963,-7.865124
42.3374892,-7.8647377
42.3382456,-7.8647545
42.3399032,-7.8716521
42.3416706,-7.8655478
42.3422851,-7.8650763
42.3396212,-7.8678725
42.3399159,-7.8645839
42.3402937,-7.8645849
42.3471968,-7.8691554
42.3480107,-7.8698482
42.3474963,-7.869406
42.3484904,-7.8698064
42.3548236,-7.8655302
42.3552091,-7.8652303
42.29031,-7.8345278
42.2900598,-7.8345721
42.3334804,-7.8613314
42.3353819,-7.8603621
42.3352899,-7.8609787
42.3421819,-7.8642391
42.3447725,-7.8619485
42.3442961,-7.8580542
42.3424915,-7.8551975
42.2703355,-7.6498472
42.3246369,-7.69689
42.0603994,-7.461732
42.0607784,-7.1383136
42.0605921,-7.1392113
42.0607804,-7.1401982
42.0605211,-7.141464
42.1662548,-7.1825611
42.2761585,-7.5031818
42.3748821,-7.4160425
42.3740295,-7.4179736
42.3394877,-7.2534785
42.3109051,-7.2339743
42.036042,-6.9060971
42.1788359,-7.1130346
42.2496115,-7.0254614
42.4662473,-8.2730703
42.4663003,-8.27334
42.4663136,-8.2735701
42.5364429,-8.3033275
42.4296438,-8.0786755
42.4306674,-8.0784083
42.4304174,-8.0789614
42.4315917,-8.077809
42.431461,-8.0778327
42.5127636,-8.1201711
42.5124208,-8.1181494
42.5915653,-8.3510096
42.7292603,-8.3022819
42.6978815,-8.2471676
42.6972332,-8.2455904
42.69748,-8.246142
42.6600063,-8.1124675
42.7937114,-8.1702236
42.7942398,-8.1709813
42.7935279,-8.1687254
42.7633002,-8.0195078
42.7632467,-8.0198552
42.7635273,-8.0184745
42.4146505,-7.8708129
42.4396642,-7.7955032
42.4108801,-7.7264702
42.3825746,-7.5690441999999996
42.4619123,-7.5873838
42.5845462,-7.6395328
42.6492152,-7.949434
42.6491959,-7.9488003
42.6104165,-7.7703444
42.609409,-7.7694963
42.610019,-7.7707124
42.6092244,-7.7696534
42.6092033,-7.7701125
42.7821238,-7.8909394
42.7826195,-7.8897132
42.7926564,-7.8351787
42.7919339,-7.8366716
42.7928124,-7.8367136
42.7645582,-7.5675088
42.7659199,-7.5675765
42.9053403,-8.3609313
42.9055425,-8.3609515
42.9053444,-8.3613158
42.9268919,-8.1637846
42.9268245,-8.1634532
42.9267471,-8.1628968
43.0000213,-8.134386
43.0021159,-8.1327064
42.9137499,-8.0151544
42.912998,-8.0150545
42.9133873,-8.0146184
42.9139025,-8.014093
43.0795275,-8.2383728
43.1511719,-8.3837278
43.1505215,-8.3845545
43.1347238,-8.3044154
43.1726174,-8.1998154
43.2162134,-8.1883716
43.2173232,-8.1881631
43.2148235,-8.1880716
43.0404333,-8.0234052
43.1258302,-8.1455468
43.1258654,-8.1452013
43.126124,-8.1452445
42.8740337,-7.8687092
42.8732337,-7.8688527
42.8866772,-7.701471
42.8072575,-7.6158862
42.807021,-7.6162084
42.8073618,-7.6157548
42.8071927,-7.6162263
42.9956275,-7.5549164
43.0039607,-7.5520377
43.0037196,-7.5504383
43.0040539,-7.5507574
43.0307772,-7.7942906
43.0315658,-7.7959421
43.1811017,-7.8944659
43.1809721,-7.8935962
43.1813133,-7.8957642
43.1620659,-7.8386443
43.1627208,-7.8379295
43.0111353,-7.5670526
43.0118964,-7.5673445
43.0202346,-7.5631284
43.0204204,-7.5632555
43.0197135,-7.5657901
43.0096716,-7.5573572
43.0117815,-7.557482
43.0112233,-7.5570855
43.0086893,-7.5569735
43.0124128,-7.5567612
43.0130868,-7.557338
43.0103519,-7.5559766
43.0109936,-7.5546319
43.0113551,-7.5550043
43.0118429,-7.5516033
43.0163152,-7.5599781
43.0163139,-7.5597239
43.0193365,-7.5624076
43.0201528,-7.5627995
43.0191855,-7.5620063
43.0197401,-7.5627275
43.016698,-7.5600123
43.0146663,-7.5575123
43.0164581,-7.5507027
43.0259198,-7.5678068
43.0453611,-7.5695023
43.1507971,-7.6860934
43.1499008,-7.6856216999999996
42.5205982,-7.5145529
42.5201197,-7.5152559
42.5299466,-7.5046401
42.5580226,-7.3934525
42.5582718,-7.3935637
42.5584148,-7.3935948
42.4760163,-7.2725071
42.4756728,-7.2715067
42.657086,-7.3632938
42.6561778,-7.3638489
42.7815271,-7.4153075
42.780749900000004,-7.4137534
42.7791253,-7.4131226
42.7799916,-7.412652
42.7789297,-7.4114118
42.7787794,-7.4117471
42.589691,-7.197771
42.6411685,-7.1524625
42.7301111,-7.3265591
42.755648,-7.2425272
42.4142256,-7.0615659
42.4164341,-6.9853877
42.4163262,-6.9859596
42.4161315,-6.9837495
42.4161442,-6.9838993
42.416135,-6.9850084
42.4161066,-6.9833034
42.4146743,-6.9129694
42.4149205,-6.9122103
42.5365766,-6.753776
42.5559376,-6.7315416
42.6651841,-6.9469263
42.6651175,-6.9462635
42.6653332,-6.946461
42.7272091,-7.0213022
42.6068095,-6.8092031
42.6064967,-6.8095159
42.6062945,-6.8096496
42.607966,-6.8088717
42.6068705,-6.8089976
42.5988269,-6.7260961
42.5986788,-6.7252825
42.5991929,-6.725407
42.598512,-6.7262391
42.5986599,-6.7257697
42.8658525,-7.4463508
42.864362,-7.4453716
42.8660009,-7.4447235
42.9942019,-7.5472803
43.0010564,-7.5489759
43.000957,-7.5488667
42.9988688,-7.5490277
42.9433847,-7.432977
42.8551193,-7.1636204
42.8550579,-7.1638189
42.8554059,-7.1641126
42.8535221,-7.162151
42.8532255,-7.1621987
43.010213,-7.5487454
43.0099523,-7.5486696
43.0300394,-7.3280341
43.0300917,-7.3274623
43.0301432,-7.3268458
43.2144291,-7.2939005
42.872989,-7.0627112
42.9643782,-7.0057919
43.1257605,-7.0694106
43.125878,-7.069606
43.1259463,-7.0683137
43.1260049,-7.0671551
43.217565,-6.8747512
36.5313128,-6.3022646
36.5316512,-6.2964352
36.5316211,-6.2966712
36.5307485,-6.2925417
36.5334023,-6.2974176
36.5337292,-6.2977515
36.5335312,-6.2949853
36.6227098,-6.3656127
36.6246196,-6.3632875
36.6208544,-6.3613118
36.6207244,-6.3610655
36.6189814,-6.3578002
36.627524,-6.3652562
36.6377229,-6.3310573
36.7788218,-6.3602746
36.7784487,-6.359401
36.7787568,-6.353491
36.7799837,-6.3542022
36.7791992,-6.3545219
36.8013692,-6.3362857
36.8298208,-6.3192278
36.8286585,-6.3191701
36.5119122,-6.2799853
36.5118583,-6.2799451
36.512555,-6.2804174
36.5122237,-6.2801212
36.5186531,-6.2837032
36.5150025,-6.2817365
36.5139072,-6.2810682
36.5079721,-6.2781167
36.5080592,-6.2781407
36.5072919,-6.2773374
36.5232016,-6.2868245
36.5230853,-6.2863059
36.5202858,-6.2846375
36.5277532,-6.1899491
36.52796,-6.1906963
36.5282187,-6.1912955
36.5279361,-6.1902144
36.5801986,-6.2236375
36.5941617,-6.2356028
36.5938108,-6.23611
36.5934872,-6.2362358
36.595099,-6.2345109
36.5987106,-6.2258349
36.6815078,-6.1373153
36.6849965,-6.1361974
36.6850627,-6.1365267
36.6791839,-6.1300501
36.6799091,-6.1289993
36.6936182,-6.130476
36.6934989,-6.1303187
36.6935521,-6.1291886
36.693190800000004,-6.1288587
36.6941931,-6.1299262
36.6944726,-6.1295615
36.6937017,-6.1293038
36.6939177,-6.1282941
36.8542556,-6.039334
37.0081015,-6.5639099
37.0086189,-6.5641104
37.0070724,-6.5588401
37.134105,-6.487845
37.3230338,-6.680464
37.3074171,-6.5985505
37.3089798,-6.5969236
37.3018211,-6.3013256
37.3019973,-6.2974179
36.9840646,-5.9389903
36.9837604,-5.9393685
36.9855516,-5.9379791
37.3039509,-6.2498317
37.3045653,-6.2499765
37.3036157,-6.2513983
37.338903,-6.137859
37.3404121,-6.1386372
37.1643027,-5.9248913
37.1593639,-5.9237777
37.1591497,-5.9240657
37.1619917,-5.9237872
37.2672578,-6.0621354
37.2682128,-6.0622494
37.2855167,-6.0514905
37.2887854,-6.052835
37.3427663,-6.0674366
37.3456975,-5.9786631
37.2764655,-5.9267445
37.2869168,-5.9439999
37.2828827,-5.9251322
37.2830752,-5.924494
37.2769226,-5.9167602
37.2839173,-5.9216593
37.2838529,-5.921942
37.2862414,-5.9237156
37.2818515,-5.9216201
37.2820064,-5.9218078
37.2842494,-5.9223845
37.2830102,-5.9219353
37.283152,-5.9220284
37.2831943,-5.921648
37.2821331,-5.9219715
37.2829675,-5.9226635
37.2823177,-5.9232697
37.2862819,-5.9156377000000004
37.291669,-5.9206285
37.2930109,-5.9223226
37.2935275,-5.9398949
37.3249956,-5.9685517
37.3252453,-5.9686434
37.3321269,-5.9682999
37.3395064,-5.9321308
37.3319781,-5.9240814
36.5218678,-5.8666707
36.5219098,-5.8661257000000004
36.6044189,-5.7988938
36.7546442,-5.8197309
36.7511921,-5.8130871
36.8719389,-5.8065126
36.8717802,-5.80632
36.7587967,-5.5051168
36.7645337,-5.4661854
36.5505913,-5.2750069
36.5727298,-5.2770894
36.5939772,-5.2613131
36.6749497,-5.4471636
36.699952,-5.4217728
36.6966035,-5.3865451
36.6172751,-5.3426333
36.6179806,-5.3423619
36.6517079,-5.2743067
36.5644711,-5.2147603
36.5226607,-5.0456093
36.5234474,-5.0461008
36.5242223,-5.0462604
36.6124725,-5.1490016
36.6558899,-5.129024
36.7582827,-5.3661158
36.7582736,-5.3655043
36.7214658,-5.2509571
36.735144,-5.2512004
36.8149931,-5.2982813
36.8800452,-5.4064453
36.880747,-5.4058927
36.8808875,-5.4063316
36.8538724,-5.3214609
36.7334358,-5.1648337
36.7422868,-5.166435
36.7429432,-5.1648414
36.7477967,-5.1595
36.7478508,-5.1567577
36.8639797,-5.1813668
36.8637676,-5.181244
37.1210906,-5.4591162
37.1814949,-5.7803075
37.1813232,-5.7817447
37.1813828,-5.7836841
37.1769328,-5.7804531
37.1816376,-5.7827007
37.181293,-5.781292
37.1812905,-5.7810482
37.184916,-5.7807942
37.1850926,-5.780611
37.1875705,-5.7833269
37.1849234,-5.7805582
37.1827603,-5.781266
37.185082,-5.7820991
37.1876088,-5.7835474
37.1800374,-5.7778643
37.1804734,-5.7793615
37.1853462,-5.7749657
37.1839884,-5.7791635
37.1839506,-5.7791216
37.1846986,-5.779817
37.1915024,-5.7914413
37.1916249,-5.791536
37.1557337,-5.7179308
37.3287681,-5.8524038
37.3411452,-5.8259317
37.3413754,-5.8253938
37.2622259,-5.545447
37.2621483,-5.5452519
37.2903299,-5.4968031999999996
37.290886,-5.4958888
36.9733389,-5.4404052
36.9727941,-5.4403445
36.9348804,-5.2654568
36.9349745,-5.2651512
36.9350305,-5.2593236
36.9355001,-5.2588796
36.9348842,-5.2593949
37.122362,-5.4515967
37.1227588,-5.4512795
37.1229701,-5.4512518
37.2225247,-5.3110959
37.2375928,-5.1029183
37.3874247,-6.5538753
37.3896691,-6.556625
37.3967494,-6.473824
37.4099208,-6.3894593
37.4079978,-6.3885162
37.6785277,-6.6600634
37.6797125,-6.6593339
37.6799451,-6.6604399
37.6930907,-6.6306017
37.693113,-6.6309245
37.6937844,-6.6298142
37.6919919,-6.5923247
37.6955196,-6.5504056
37.6952673,-6.5501149
37.6953381,-6.5511638
37.3564855,-6.2764514
37.3557386,-6.27617
37.3710421,-6.0829609
37.3712146,-6.0822201
37.3819742,-6.1232817
37.3824333,-6.1225376
37.4164471,-6.1120893
37.4183859,-6.1098109
37.4188109,-6.1106561
37.4183654,-6.1112174
37.3532045,-6.0602083
37.3718451,-6.072894
37.3717486,-6.072549
37.3508846,-6.0493946
37.3477219,-6.0396386
37.3586831,-6.0354221
37.3590035,-6.034763
37.3720951,-6.0723966
37.3727029,-6.0712513
37.372216,-6.0716252
37.3735753,-6.0698303
37.3892437,-6.0803552
37.3888672,-6.0801849
37.38724,-6.0775499
37.3868579,-6.0768049
37.3858216,-6.0555611
37.3851415,-6.0589211
37.3754263,-6.0519614
37.3752752,-6.0453648
37.375066,-6.0479074
37.3792844,-6.0427456
37.3721986,-6.0355323
37.3857464,-6.0551331
37.3862288,-6.053618
37.3851676,-6.0547895
37.3461906,-5.9780235
37.3458196,-5.9805337
37.3562629,-5.9861356
37.3574847,-5.9798766
37.3652554,-5.9836127
37.3649441,-5.983447
37.360672,-5.9859711
37.3591436,-5.9859253
37.3609089,-5.9859195
37.3646862,-5.9817146
37.3610088,-5.9795621
37.3607778,-5.9801099
37.3648252,-5.9812834
37.3691112,-5.9890739
37.3717468,-5.982888
37.3717117,-5.9825108
37.377187,-6.0036955
37.3849557,-6.0033416
37.3822054,-6.0076133
37.3809656,-6.0089281
37.3822818,-6.0074957
37.3797139,-6.0036795
37.3799582,-6.0038428
37.3820261,-6.0078602
37.3842461,-6.0045144
37.3835145,-6.0047039
37.3813443,-6.0090689
37.38753,-6.011066
37.3850535,-6.0036792
37.3853291,-6.0034714
37.3851409,-6.0037915
37.3974851,-6.0109974
37.377636,-5.997681
37.3748319,-5.9974083
37.3748558,-5.9985843
37.3773403,-5.9975382
37.3774005,-5.9975354
37.3745694,-5.9969079
37.3745562,-5.9976535
37.3744632,-5.9985647
37.3744624,-5.9997761
37.3744629,-6.0007847
37.374469,-6.0000663
37.3744009,-6.002306
37.3748414,-5.9993078
37.3748596,-5.998989
37.3748064,-6.0005286
37.3750386,-6.0022931
37.3782475,-6.0016722
37.3783685,-6.0014186
37.378337,-6.0006637
37.3771186,-6.0029572
37.3745803,-5.9959521
37.3801522,-5.9984397
37.3791442,-5.9999082
37.3788292,-6.0004942
37.3791781,-5.9989034
37.3803083,-5.9990976
37.3820978,-5.9914737
37.3821949,-5.9919201
37.382258,-5.9921579
37.3823308,-5.9924539
37.3839229,-5.9940017
37.3840048,-5.9935274
37.3840571,-5.9934117
37.3845035,-5.9939696
37.3822419,-5.9921333
37.3821517,-5.991772
37.3769075,-5.9841098
37.3770688,-5.9813504
37.3819376,-5.9867298
37.3806388,-5.9797014
37.3842613,-5.9789646
37.379808,-5.982382
37.37966,-5.982189
37.3791208,-5.9800764
37.3847842,-5.9793269
37.3799739,-5.9824006
37.3797941,-5.9816946
37.3800854,-5.9800961
37.3803344,-5.9794867
37.3789966,-5.9792108
37.3793795,-5.9795278
37.3801508,-5.9795034
37.3912899,-5.9970898
37.3894305,-5.999415
37.388966,-6.0001327
37.3888398,-6.0002651
37.3886501,-6.0004901
37.3897325,-6.0012381
37.3896111,-6.0011709
37.3885965,-6.0019159
37.3899351,-6.0013753
37.391133,-5.9973789
37.3889373,-6.0006111
37.3866945,-5.9943023
37.387082,-5.9939598
37.3891155,-5.9948393
37.3890271,-5.9958888
37.3889898,-5.9963494
37.3881181,-5.9962299
37.388328,-5.993749
37.3907913,-5.9963863
37.3901289,-5.990438
37.3880357,-5.9946476
37.3888179,-5.9964852
37.3900711,-5.9939565
37.3967522,-5.9969252
37.3979882,-5.9983478
37.3928217,-5.9952207
37.3924621,-5.9907402
37.3928644,-5.9924494
37.3943624,-5.9964637
37.3975485,-5.9915574
37.3911402,-5.9841829
37.3906212,-5.9842605
37.3892229,-5.9842924
37.3879903,-5.9850928
37.3875817,-5.9851305
37.3867184,-5.9856525
37.3860653,-5.9860472
37.3884365,-5.9824904
37.3875224,-5.9806033
37.3921618,-5.9794952
37.3922418,-5.9796949
37.3925637,-5.9795313
37.3932539,-5.9817479
37.3947364,-5.981663
37.3922285,-5.9823564
37.4003496,-6.034386
37.4344281,-6.0395229
37.402442,-6.0090706
37.3998679,-5.9918232
37.4006275,-5.9916926
37.3984756,-5.9916975
37.4030064,-5.9899534
37.4031512,-5.9896157
37.4036542,-5.9894925
37.4076475,-5.9856329
37.4076681,-5.9861419
37.4077017,-5.9851458
37.4095055,-5.978475
37.4246502,-5.9843803
37.4243647,-5.9847812
37.3465094,-5.97638
37.3634436,-5.9726591000000004
37.3670026,-5.9672981
37.3706522,-5.9598476
37.3709762,-5.960384
37.3679446,-5.9556413
37.3767678,-5.9729768
37.3751817,-5.9675074
37.3778837,-5.9665484
37.3754831,-5.9686673
37.3834374,-5.9732854
37.3823267,-5.973158
37.3814083,-5.9740425
37.3802103,-5.9743043
37.3826671,-5.9737896
37.3789956,-5.9741621
37.383167,-5.9733894
37.3819859,-5.9676572
37.3814408,-5.9665833
37.3819668,-5.9675615
37.3816448,-5.9667586
37.3812728,-5.9665985
37.3819399,-5.9674275
37.3818822,-5.9651767
37.3753234,-5.9529191
37.3757532,-5.9542013
37.376220000000004,-5.9541261
37.3731583,-5.9528487
37.3837466,-5.9556003
37.3861094,-5.972212
37.3874144,-5.9730986
37.3871171,-5.9736055
37.3891645,-5.9742901
37.3872894,-5.9768149
37.3873255,-5.975161
37.3870016,-5.9752053
37.3852474,-5.9728962
37.3876873,-5.9676766
37.3878413,-5.9679701
37.3873378,-5.9649015
37.3929082,-5.9707917
37.38926,-5.9582604
37.389829,-5.9582649
37.3894086,-5.9582676
37.3872594,-5.9603861
37.3773221,-5.9400735
37.3789477,-5.9414213
37.3852434,-5.9489706
37.3819732,-5.9188053
37.3835685,-5.9037622
37.3833252,-5.903671
37.3845007,-5.9032593
37.3870472,-5.9193412
37.3874902,-5.919947
37.3879384,-5.9199588
37.3936935,-5.9206603
37.3961969,-5.9224007
37.392591,-5.9198885
37.4026978,-5.9704738
37.4016031,-5.9741114
37.4015727,-5.9733048
37.4053363,-5.9753068
37.4058819,-5.9757236
37.4071888,-5.9720431
37.4030402,-5.9580584
37.3997671,-5.9526826
37.4069227,-5.9616292
37.4068933,-5.9611695
37.4106275,-5.958919
37.4067433,-5.9551455
37.4190368,-5.9731141
37.4206027,-5.9645307
37.4222615,-5.9647917
37.4183784,-5.9647112
37.4123938,-5.9536203
37.4184083,-5.9634371
37.399382,-5.9418262
37.4015688,-5.9421162
37.4034621,-5.9275955
37.4016135,-5.9262979
37.4015254,-5.9261684
37.4014827,-5.9254496
37.4014316,-5.9258493
37.4105791,-5.9254807
37.4104243,-5.9261254
37.410114,-5.9249021
37.4099996,-5.9256014
37.4105152,-5.9256765
37.4064153,-5.9290744
37.4095553,-5.9242893
37.5388578,-6.0518898
37.5118582,-6.02548
37.5168743,-5.9851292
37.484535,-5.9455343
37.5479941,-5.8720787
37.5847715,-5.9687876
37.5861431,-5.9679347
37.5845698,-5.9679372
37.5899904,-5.8753371
37.5883035,-5.8729196
37.9037979,-6.6607509
37.9027612,-6.6606511
37.9506823,-6.6829141
37.8944362,-6.5618085
37.8938329,-6.5618568
37.8929503,-6.5610924
37.8929651,-6.5645605
37.8938365,-6.5624958
37.8335104,-6.3400364
38.0618418,-6.6445087
38.0627267,-6.6443475
38.0627801,-6.6447568
38.1429233,-6.6879359
38.1420745,-6.6885657
38.1421708,-6.688401
38.1687288,-6.6539698
38.1687548,-6.6530368
38.1684105,-6.6529448
38.1206696,-6.5300923
38.1210093,-6.5297516
38.0243301,-6.4221618
38.0872716,-6.4227588
38.0870738,-6.4222421
38.0862687,-6.421575
38.105148,-6.3361553
38.1063186,-6.3375998
38.1063492,-6.3377742
38.105983,-6.3369105
37.9063291,-6.2296895
37.9060601,-6.2297995
38.0878126,-6.2724202
38.0875007,-6.2722278
38.0887031,-6.2727505
38.088806,-6.2727995
38.0898726,-6.2734953
38.0895723,-6.2730831
38.0841479,-6.0792549
37.3459998,-5.8448312
37.3730998,-5.7472909
37.3921107,-5.7181266
37.5482803,-5.8718479
37.4701928,-5.6443497
37.466324,-5.6453341
37.4668451,-5.6449242
37.4710961,-5.6431835
37.4707998,-5.6436457
37.4702763,-5.6441269
37.4707833,-5.6433641
37.4710338,-5.6429356
37.470745,-5.6439317
37.6576652,-5.5254821
37.6560979,-5.5311323
37.5413773,-5.0795218
37.5406594,-5.0796868
37.5407913,-5.0792768
37.5407452,-5.0792371
37.5406141,-5.0818181
37.5409329,-5.0788452
37.5399562,-5.078439
37.5400248,-5.0784816
37.5401818,-5.0789067
37.5416041,-5.07864
37.5387112,-5.0778612
37.5396063,-5.0784472
37.5695386,-5.4264098
37.5696373,-5.4270342
37.5704541,-5.4271441
37.6993779,-5.2834488
37.6992676,-5.283422
37.6979528,-5.2823424
37.6979698,-5.2824684
37.6978488,-5.2823638
37.697939,-5.2822539
37.6980888,-5.2812516
37.6986024,-5.2776371
37.6986726,-5.2771817
37.6985544,-5.2769599
37.7000379,-5.2791595
37.7001396,-5.2794443
37.7034286,-5.1040277
37.7040258,-5.1038722
37.7032864,-5.1028536
37.7033861,-5.1013444
37.7048736,-5.1038491
37.7036499,-5.1038217
37.7052404,-5.1008745
37.8413414,-5.763867
37.8416473,-5.7639108
37.9324393,-5.7599497
37.9331021,-5.7597031
37.931829,-5.7598178
37.9329905,-5.7595702
38.0377611,-5.7137381
38.0376586,-5.7131061
37.9938928,-5.6532936
37.9933574,-5.6527539000000004
37.7792767,-5.3893042
37.7804633,-5.3896526
37.8337065,-5.2455754
37.8338676,-5.2458573
37.8304556,-5.2421557
37.830647,-5.2425193
37.8306415,-5.2422468
37.8019712,-5.1066047
37.8019712,-5.1067675
37.802111,-5.1069798
37.8019209,-5.107401
37.802097,-5.1075496
36.582235,-4.949306
36.510113,-4.897804
36.5095896,-4.8983273
36.5105742,-4.895811
36.5105494,-4.8961914
36.5106633,-4.8908527
36.5105741,-4.8948423
36.510271,-4.8911783
36.5103264,-4.8890294
36.5102528,-4.8919959
36.5095283,-4.8854973
36.5090322,-4.8849489
36.5090751,-4.8851059
36.5094292,-4.8876522
36.5097065,-4.8877757
36.5097485,-4.8872875
36.5092353,-4.8851495
36.5084559,-4.8805233
36.5151923,-4.8868956
36.5155562,-4.8869145
36.5221931,-4.8748548
36.5629828,-4.8556978
36.564318,-4.8560607
36.6300141,-4.832448
36.6298011,-4.8325964
36.6869269,-4.9049277
36.5443769,-4.6420376
36.5444599,-4.6421191
36.5391245,-4.6371002
36.5392704,-4.6366508
36.5417724,-4.6396999
36.5447117,-4.6317709
36.5449897,-4.6316475
36.5424946,-4.6282234
36.540937,-4.6306928
36.5421586,-4.6305202
36.542133,-4.6303411
36.5368339,-4.6257588
36.5420096,-4.6233849
36.5418253,-4.623062
36.5411417,-4.6229578
36.5432366,-4.6231361
36.5397688,-4.6254065
36.5405581,-4.6233836
36.5416438,-4.6226319
36.5419678,-4.6223429
36.5509822,-4.6159399
36.5528336,-4.6147667
36.5541903,-4.6138281
36.5545934,-4.6138987
36.5532375,-4.6153837
36.5534749,-4.6145815
36.5950727,-4.6388328
36.5947594,-4.6384223
36.5948493,-4.6382189
36.5946956,-4.6387309
36.7101307,-4.6328878
36.7900964,-4.9483533
36.7892962,-4.9475872
36.7328031,-4.9208558
36.7277703,-4.8563034
36.8788926,-4.8458345
36.8782478,-4.846974
36.7671244,-4.7072431
36.851644,-4.8188999
36.5528214,-4.6134981
36.5957858,-4.5728763
36.5955333,-4.5732216
36.5809178,-4.5426086
36.5975839,-4.5351091
36.5987249,-4.5403036
36.5898477,-4.5337883
36.598035,-4.5314752
36.5984647,-4.5308609
36.5964621,-4.5200665
36.5985545,-4.5179497
36.5972417,-4.5191998
36.5971486,-4.5186394
36.5951451,-4.5210907
36.6004146,-4.5321639
36.5996134,-4.5318632
36.6012219,-4.5330126
36.5993843,-4.5314432
36.5994402,-4.531457
36.5993123,-4.5314295
36.600888,-4.5323269
36.5990524,-4.53348
36.5990251,-4.5340602
36.6009918,-4.5331925
36.6003129,-4.5323799
36.5993261,-4.516726
36.6070903,-4.509977
36.6603957,-4.5639614
36.6600321,-4.5625479
36.6600558,-4.5626874
36.6602335,-4.5617318
36.6622819,-4.5619233
36.6605679,-4.5595519
36.6614943,-4.549908
36.6118734,-4.5025212
36.622336,-4.4998721
36.6226161,-4.5007104
36.6225679,-4.5002809
36.6227763,-4.5009415
36.621575,-4.4997351
36.6213878,-4.4997886
36.6269335,-4.5027408
36.6250557,-4.499376
36.6318625,-4.4922912
36.6618457,-4.5044173
36.6617587,-4.5040193
36.6614829,-4.5027391
36.6624132,-4.5055095
36.6696755,-4.5034269
36.6691101,-4.502809
36.7082049,-4.4771634
36.7154087,-4.4639776
36.6884148,-4.45165
36.689373,-4.4558962
36.6917366,-4.450168
36.6965403,-4.4557755
36.6943746,-4.4530764
36.6963624,-4.4504691
36.6907841,-4.44754
36.7015747,-4.4443272
36.699321,-4.4470891
36.6995349,-4.4468535
36.7010016,-4.4445313
36.6969139,-4.4489757
36.697822,-4.4486714
36.6940438,-4.4408537
36.6962897,-4.4425951
36.7108175,-4.4478951
36.7045903,-4.4355344
36.7052144,-4.4362927
36.7055498,-4.4361377
36.7061514,-4.4356323
36.7116265,-4.4410602
36.7134907,-4.4320984
36.7138329,-4.4317309
36.7165384,-4.4310539
36.7138197,-4.4349039
36.7157529,-4.4250576
36.71642,-4.4291684
36.713522,-4.4242419
36.7148902,-4.424719
36.7117458,-4.4300912
36.715654,-4.4245599
36.7154065,-4.4245395
36.7154324,-4.4249282
36.7162745,-4.4221308
36.716526,-4.4223307
36.7151428,-4.3114912
36.715245,-4.3096593
36.7152081,-4.3102852
36.7153623,-4.2879964
36.715628100000004,-4.2890573
36.7150212,-4.2848281
36.7150309,-4.2850037
36.7151158,-4.2857816
36.7149012,-4.2838891
36.7144393,-4.2801511
36.7148715,-4.2812345
36.7147879,-4.2808124
36.7332634,-4.6131026
36.722628,-4.5373138
36.7270645,-4.5435159
36.7286692,-4.5466357
36.7269527,-4.5433657
36.7275248,-4.5443838
36.7191691,-4.4761173
36.7176046,-4.4635925
36.7191533,-4.4602131
36.7191636,-4.4601015
36.7372661,-4.4801299
36.7220292,-4.4485899
36.7193126,-4.4495454
36.7167772,-4.4410233
36.7225079,-4.4423772
36.7173271,-4.4308307
36.7174404,-4.4327209
36.7215718,-4.4356427
36.7213329,-4.4349606
36.729003,-4.4427684
36.7276111,-4.4424834
36.7238669,-4.4315124
36.7242386,-4.4320406
36.7301535,-4.4390472
36.7299525,-4.439295
36.7166212,-4.42497
36.717607,-4.4298985
36.7172619,-4.4299371
36.7174108,-4.4299199
36.7217146,-4.4282594
36.7227884,-4.420374
36.7216203,-4.4199945
36.7218798,-4.4215235
36.7194499,-4.4200679
36.7194709,-4.4218906
36.7186795,-4.421666
36.7180553,-4.4224542
36.718522,-4.4232644
36.7185633,-4.4230873
36.7188656,-4.4227402
36.7188122,-4.4216645
36.7199038,-4.4220226
36.7213344,-4.4219847
36.7171395,-4.4222157
36.7183992,-4.4211996
36.7173035,-4.4225646
36.718552,-4.4205929
36.7267789,-4.4292239
36.7273633,-4.4235947
36.7201066,-4.4156333
36.7196171,-4.4113169
36.719771,-4.4109854
36.7201828,-4.4096794
36.7203523,-4.4096112
36.7185643,-4.4099088
36.7212535,-4.4056512
36.7213251,-4.4051295
36.7181403,-4.410376
36.7189165,-4.4105368
36.7209955,-4.4066335
36.7185269,-4.4097682
36.7271369,-4.4135771
36.7263627,-4.4143383
36.7260575,-4.4145518
36.7323229,-4.4172397
36.732241,-4.4174145
36.7312318,-4.415063
36.7297421,-4.4149795
36.7328375,-4.4156992
36.732991,-4.416429
36.7431824,-4.4221094
36.7459651,-4.4217199
36.745807,-4.4217053
36.7450285,-4.4218293
36.7472892,-4.4215746
36.7445713,-4.4232202
36.7497047,-4.4213976
36.8246788,-4.5413548
36.8949366,-4.4315961
36.7286102,-4.4021179
36.7232468,-4.3965294
36.7264126,-4.381483
36.7220724,-4.3778035
36.721274,-4.3605302
36.7212853,-4.3613843
36.721281,-4.3608994
36.7211894,-4.362722
36.7216595,-4.3641496
36.7209857,-4.3599471
36.7209817,-4.3602744
36.7212813,-4.3610209
36.7203715,-4.362465
36.8088599,-4.2173207
36.9053474,-4.3364645
36.9054957,-4.3363376
36.833954,-4.19482
36.9150677,-4.2937232
36.9514745,-5.0249525
36.9518857,-5.0253906
37.0472814,-4.8633861
37.0475973,-4.8619434
37.048049,-4.8614446
37.0482399,-4.8615855
37.0478299,-4.8615317
37.0481625,-4.8613911
37.1250253,-4.8682906
37.1239175,-4.867781
36.9316656,-4.6818896
36.9320496,-4.624127
37.0374668,-4.7271883
37.1356513,-4.7303457
37.1198588,-4.6583506
37.1255739,-4.6576755
37.1256993,-4.6579139
37.2691727,-4.8273309
37.2698726,-4.8263329
37.2001865,-4.7801529
37.2009426,-4.7794844
37.2942833,-4.760003
37.2938484,-4.7601162
36.9306435,-4.528388
37.0189784,-4.5625115
37.0213114,-4.564898
37.0183047,-4.5615077
37.0185657,-4.5618365
37.0196004,-4.5630299
37.0199705,-4.5634348
37.0167509,-4.5597766
37.018097,-4.561222
37.0195441,-4.558484
37.0191572,-4.5583754
37.0290003,-4.5347563
36.9982512,-4.3667093
37.0277748,-4.3385535
37.0287368,-4.3376377
37.0283088,-4.3383638
37.1237625,-4.2990862
37.2354619,-4.4887569
37.2742837,-4.4883201
37.2746928,-4.4881006
37.2678846,-4.4139447
37.2568136,-4.3074019
37.2565859,-4.3076554
36.7163902,-4.1934028
36.7309323,-4.1300055
36.7306077,-4.1290485
36.7401023,-4.09668
36.7403169,-4.0962653
36.7415567,-4.0941341
36.7410763,-4.0950464
36.7416395,-4.0939676
36.7415095,-4.0942318
36.7407304,-4.0956931
36.7442224,-4.0897727
36.7820844,-4.1072458
36.7810976,-4.1041205
36.7813445,-4.1047888
36.7816022,-4.104773
36.7816701,-4.1053911
36.7785174,-4.1032044
36.7760537,-4.1062001
36.7775179,-4.1005003
36.7784878,-4.1002913
36.7822877,-4.1059988
36.7821633,-4.1068631
36.7461974,-4.0860954
36.7491415,-4.0639493
36.7492376,-4.0655058
36.7492894,-4.0664103
36.7495134,-4.0645797
36.7473989,-4.0535823
36.7469108,-4.0536855
36.7735624,-4.038918
36.7722508,-4.0391037
36.797745,-4.0118929
36.8338481,-4.1938303
36.8338473,-4.1937422
36.7352075,-3.9781545
36.7348488,-3.9767823
36.7320181,-3.9685207
36.7328163,-3.9693586
36.7305663,-3.9636389
36.7393827,-3.9496239
36.7587061,-3.952621
36.7588618,-3.9522832
36.7587861,-3.9516098
36.7574544,-3.9509033
36.744844,-3.8848805
36.7908898,-3.8946859
36.7909684,-3.8946667
36.7906081,-3.8948625
36.7478083,-3.8790473
36.7486913,-3.8788844
36.7449605,-3.8775914
36.7473527,-3.8764587
36.7454173,-3.8783627
36.7451507,-3.8763067
36.7463096,-3.8767112
36.7471471,-3.8791713
36.7452238,-3.8773903
36.7448357,-3.8763894
36.7490167,-3.8787958
36.7534895,-3.8752997
36.8327724,-3.9758259
36.7022387,-3.4865645
36.7034305,-3.4883504
36.7011263,-3.4409236
36.7010988,-3.4402935
36.700779,-3.4163893
36.7006851,-3.4169677
36.733426,-3.7406957
36.7337145,-3.741021
36.734847,-3.6925767
36.7326211,-3.6884035
36.7328927,-3.6886164
36.7321537,-3.687207
36.7328313,-3.6873091
36.7326245,-3.6882023
36.7317236,-3.6891452
36.7318759,-3.6895654
36.8154983,-3.6796296
36.7411465,-3.5858963
36.7408281,-3.5861639
36.746151,-3.5865091
36.7456053,-3.5854472
36.7955196,-3.6691015
36.799693,-3.6388362
36.7864889,-3.6069526
36.8409745,-3.5808055
36.7447566,-3.5241753
36.7451635,-3.5166366
36.7450998,-3.5161811
36.7442116,-3.5169252
36.7455573,-3.5170751
36.7442495,-3.516466
36.7443398,-3.5168603
36.7456968,-3.5167877
36.7436885,-3.518215
36.7458517,-3.5169572
36.7440748,-3.5164974
36.7436651,-3.5183911
36.7522877,-3.5144908
36.7523272,-3.5181194
36.7227977,-3.3583693
36.7230112,-3.359619
36.7245969,-3.3558207
36.8323843,-3.5160396
36.8316351,-3.5156531
36.8329315,-3.5159157
36.9179648,-3.4845983
36.9177397,-3.482789
36.900817,-3.4237698
36.9016814,-3.4240017
36.9017047,-3.4238502
36.900931,-3.4237617
36.9273558,-4.1901649
36.9760515,-4.1440141
36.9730297,-4.1415066
36.9732416,-4.1417146
36.9734956,-4.1413984
37.0585756,-3.9164299
37.0685174,-3.8207722
37.194576,-4.0466002
37.196627,-4.0470141
37.1950727,-4.0463793
37.1971874,-4.0472723
37.1960054,-4.0498544
37.1967362,-4.0465143
37.1960808,-4.0472887
37.3252979,-4.1585207
37.3252013,-4.1580174
37.1691898,-3.9670145
37.1706929,-3.9663161
37.2386108,-3.8446538
37.255005,-3.805981
36.9280466,-3.6318257
37.0227533,-3.6258969
37.0226736,-3.6265075
37.0228425,-3.6251573
37.0228579,-3.6250428
36.9881383,-3.5669417
37.1316792,-3.6746971
37.1080391,-3.6451679
37.1074106,-3.6427687
37.1354562,-3.668349
37.1351866,-3.668499
37.135058,-3.6689083
37.1035601,-3.6036337
37.1197711,-3.5845355
37.1203189,-3.5847733
37.1196244,-3.5831117
37.1192645,-3.5847597
37.1192996,-3.5840167
37.1191571,-3.5839635
37.1265903,-3.5689905
36.9774952,-3.5398164
36.9615939,-3.3592946
37.1334433,-3.560207
37.132285,-3.539155
37.0941391,-3.3985833
37.1732024,-3.670993
37.1993011,-3.7724797
37.195911,-3.740835
37.2229978,-3.688492
37.2229988,-3.6868817
37.2228363,-3.6878683
37.222974,-3.6894863
37.2228464,-3.6877164
37.222789,-3.6891137
37.1438607,-3.6272896
37.1721694,-3.6664881
37.1455314,-3.6138506
37.1466538,-3.6133799
37.1573645,-3.6088126
37.1494122,-3.5989299
37.1494181,-3.603188
37.1549504,-3.5930917
37.1583566,-3.6000866
37.1569987,-3.600416
37.1561756,-3.600598
37.1573817,-3.5999979
37.1606424,-3.6000044
37.1559043,-3.593761
37.1619369,-3.5942831
37.1608609,-3.5964016
37.1601794,-3.5938042
37.1464448,-3.57094
37.1455693,-3.5704904
37.1592738,-3.5892562
37.1575736,-3.5870693
37.1611878,-3.5865254
37.1697388,-3.6069837
37.1705798,-3.6058976
37.1741321,-3.6064227
37.1743524,-3.6062814
37.1707837,-3.6049664
37.1721005,-3.6067847
37.1704377,-3.6050201
37.1704513,-3.6055104
37.166063,-3.6035627
37.1680562,-3.5992043
37.1666658,-3.595503
37.1667601,-3.5951999
37.1652932,-3.5943673
37.1722984,-3.6016967
37.173397,-3.60016
37.1713393,-3.6034304
37.1725867,-3.5996221
37.1728212,-3.5992143
37.169104,-3.6006874
37.1691051,-3.6008622
37.173587,-3.5937319
37.1730364,-3.5926196
37.169232,-3.596825
37.1723846,-3.5976658
37.1772974,-3.6115743
37.1791013,-3.6110687
37.1804471,-3.6123026
37.1799456,-3.6087728
37.177252,-3.6059458
37.1768575,-3.6062012
37.1857483,-3.607126
37.1876645,-3.6107926
37.1853373,-3.6073537
37.1873996,-3.6109827
37.1864083,-3.6084801
37.1854846,-3.6065985
37.1763037,-3.5979749
37.1767451,-3.5982163
37.1763672,-3.6013096
37.1773903,-3.5981873
37.1767996,-3.5979837
37.180853,-3.6001356
37.1786729,-3.5989003
37.1777686,-3.5987882
37.175985,-3.5974905
37.1754928,-3.5964119
37.1758285,-3.5972311
37.1755112,-3.5978068
37.1834441,-3.6035446
37.1842931,-3.6041743999999998
37.1841743,-3.6039475
37.1840492,-3.6030412
37.1835079,-3.5924039
37.1673163,-3.5891116
37.1894114,-3.6274351
37.188706,-3.6213473
37.1890651,-3.620901
37.1890837,-3.6211066
37.1989079,-3.6179323
37.2064353,-3.6338839
37.2076442,-3.6334302
37.2062258,-3.6321341
37.2081748,-3.6316907
37.2088963,-3.631819
37.227598,-3.6526905
37.2288143,-3.6535582
37.2291362,-3.6534169
37.2292782,-3.6533269
37.2293852,-3.6532133
37.1944768,-3.6084262
37.1982147,-3.6166783
37.1997215,-3.6075502
37.1919278,-3.5979494
37.2225735,-3.6071626
37.2211983,-3.5943056
37.2375287,-3.5663172
37.3310458,-3.7663639
37.257256,-3.6559152
37.2752393,-3.5726302
37.1596345,-3.5392943
37.1637661,-3.5018945
37.2316673,-3.5545047
37.1921191,-3.4670811
37.2185399,-3.4813542
37.3644852,-4.8501951
37.364616,-4.8501933
37.364872,-4.8504057
37.5254218,-4.9180191
37.5639238,-4.8442151
37.563772,-4.844061
37.5634138,-4.8444523
37.562642,-4.8446977
37.6371141,-4.8654331
37.6538771,-4.82533
37.6540576,-4.8253177
37.6706824,-4.9351708
37.6726914,-4.9333682
37.6718191,-4.9329666
37.6727524,-4.9328428
37.6726563,-4.9329479
37.6734344,-4.9321564
37.7576718,-4.9445505
37.7580318,-4.9445089
37.6815999,-4.852501
37.6815382,-4.8525176
37.7119506,-4.867767
37.5829822,-4.7494393
37.5826272,-4.749634
37.582088,-4.7501272
37.5817606,-4.7502774
37.6066736,-4.7395579
37.6061403,-4.7395337
37.6083055,-4.7406495
37.6084245,-4.7395337
37.6084181,-4.7394506
37.6082864,-4.7415481
37.6708713,-4.726235
37.6698362,-4.725259
37.6700137,-4.725775
37.6698806,-4.725796
37.6697678,-4.7259922
37.6694074,-4.7263214
37.4352057,-4.6085768
37.4356927,-4.6075121
37.4353711,-4.6080163
37.4356032,-4.6078044
37.4104301,-4.4920727
37.408502,-4.4924321
37.4093286,-4.4918635
37.4113611,-4.4920968
37.4064243,-4.414021
37.4729906,-4.4439991
37.4728363,-4.4435847
37.4733542,-4.4431358
37.4729764,-4.4433026
37.4735702,-4.4428896
37.4719912,-4.4432253
37.4743903,-4.4425708
37.4746716,-4.4299055
37.4407486,-4.2080286
37.4394961,-4.2017596
37.4384255,-4.2014894
37.4383354,-4.1948228
37.4381713,-4.1943219
37.4384912,-4.1943738
37.4383493,-4.1949613
37.4382562,-4.1964097
37.4376473,-4.1945079
37.4383741,-4.1943403
37.5546871,-4.3574623
37.5545131,-4.3570069
37.5543632,-4.3568809
37.5438099,-4.3161055
37.6796444,-4.5533923
37.6796656,-4.5529138
37.6911878,-4.4831196
37.6908733,-4.4832274
37.6907148,-4.483135
37.6897907,-4.4836465
37.8103645,-5.0196997
37.8103047,-5.0196013
37.80937,-5.0197534
37.8782456,-4.7973344000000004
37.8887615,-4.7973156
37.8891853,-4.7975265
37.8901133,-4.7979517
37.8898069,-4.7978121
37.8904932,-4.7981264
37.8909393,-4.7983492
37.8926646,-4.7991095
37.8703065,-4.7914083
37.8827468,-4.7914101
37.8814882,-4.7909309
37.8814079,-4.7922038
37.8810105,-4.7901989
37.8792117,-4.7885599
37.8787748,-4.7884534
37.879921,-4.7868965
37.880929,-4.790101
37.8845086,-4.7947782
37.8854143,-4.7917868
37.8850588,-4.7902845
37.8868165,-4.7843516
37.884788,-4.7829059
37.884365,-4.7800755
37.887131,-4.7827918
37.8861524,-4.7825551
37.8861975,-4.7820963
37.8876715,-4.7820198
37.8863535,-4.7821221
37.8875289,-4.7823025
37.8847978,-4.7796465
37.8874505,-4.7832019
37.8869375,-4.7840865
37.8887809,-4.7829607
37.8879268,-4.7822181
37.8884853,-4.7805672
37.8883132,-4.7814982
37.8860922,-4.7798525
37.888608,-4.7809766
37.8882095,-4.7824216
37.8882335,-4.7816764
37.8881337,-4.7819097
37.8855785,-4.7761113
37.8845264,-4.7769429
37.885235,-4.775888
37.8930379,-4.7836494
37.8902571,-4.7831789
37.8902482,-4.7831395
37.8897501,-4.7826598
37.8899605,-4.7826814
37.8903813,-4.7827504
37.8950802,-4.782632
37.8920961,-4.7757248
37.8955242,-4.7731656
37.8969735,-4.7944248
37.8977164,-4.7913758
37.897322,-4.7781879
37.8987591,-4.7800305
37.8976892,-4.7784594
37.8973429,-4.7774747
37.9092703,-4.7804887
37.9103523,-4.7791816
37.8799364,-4.7652355
37.8772037,-4.7627979
37.8884013,-4.764475
37.886458,-4.7643151
37.8842928,-4.7597534
37.8878712,-4.7643391
37.8903674,-4.7644276
37.8909819,-4.7635739
37.8910012,-4.763045
37.890814,-4.7634071
37.8908894,-4.7634841
37.896364,-4.7587464
37.8967052,-4.7566819
37.8981579,-4.7571504
38.0759675,-5.0148963
38.0760603,-5.0145751
38.1392929,-4.9019163
38.13204,-4.7999749
37.9409175,-4.4988078
37.9398987,-4.4989941
37.9670729,-4.4554311
37.8672758,-4.3190575
37.867356,-4.3182871
37.8947339,-4.3804469
37.896022,-4.3813894
37.896023,-4.3806588
37.8950108,-4.3806553
37.8962582,-4.3815443
37.9446575,-4.2145728
37.9457189,-4.2112621
37.9462094,-4.2111581
37.94611,-4.2111822
37.9445984,-4.2122803
38.0268257,-4.5227829
38.026856,-4.5247286
38.0266704,-4.5233868
38.0238146,-4.3823728
38.0237477,-4.3822949
38.0235984,-4.3827753
38.0226104,-4.3835844
38.0248907,-4.3817854
38.0234527,-4.3827692
37.9809808,-4.290279
37.9809403,-4.2904005
37.9808262,-4.2903678
37.9810783,-4.2914916
37.9820777,-4.2914255
37.4385076,-4.194038
37.4383563,-4.1939827
37.4388322,-4.0899744
37.5271352,-3.9420635
37.526646,-3.9411509
37.4864181,-3.8384481
37.4868245,-3.8377509
37.4867146,-3.8355942
37.5873095,-4.0807762
37.5883936,-4.0788638
37.6390597,-4.0018312
37.6606406,-4.1065734
37.7532571,-4.1706419
37.7529914,-4.1710348
37.6466398,-3.9067773
37.646823500000004,-3.9065439
37.6469584,-3.9062704
37.646823500000004,-3.9065439
37.5904214,-3.8193523
37.5904385,-3.819185
37.5904958,-3.8188608
37.5905292,-3.8188849
37.7224223,-3.9714863
37.7220574,-3.9717519
37.7220096,-3.971914
37.7198346,-3.9749071
37.7212523,-3.9696119
37.7213237,-3.9696768
37.7222948,-3.9711693
37.7224768,-3.9704025
37.7209263,-3.9696939
37.7474589,-3.912838
37.7473848,-3.9123036
37.7474715,-3.9122611
37.6889023,-3.8185383
37.6888949,-3.8188041
37.6912619,-3.8180397
37.762591,-3.795204
37.763531,-3.7894099
37.7622345,-3.790161
37.4280116,-3.6836891
37.4273081,-3.6832587
37.5288922,-3.6538239
37.5286906,-3.6535014
37.5294229,-3.654351
37.5546464,-3.6355845
37.5547503,-3.6351527
37.4426233,-3.4402455
37.495846,-3.5097216
37.6358649,-3.6404037
37.7426088,-3.6920359
37.7425642,-3.6926153
37.6772687,-3.5653704
37.7399364,-3.6468343
37.7398898,-3.64632
37.7403699,-3.6474688
37.5574732,-3.399706
37.5577411,-3.3996921
37.6839742,-3.3691234
37.7237187,-3.3821952
37.7240346,-3.3828413
37.7984007,-4.1568865
37.7986065,-4.1572137
37.8695337,-4.1844227
37.8694926,-4.1838381
37.8707797,-4.1850395
37.8707995,-4.185241
37.8705946,-4.1842045
37.9731821,-4.1068287
37.9744342,-4.1080827
37.9736023,-4.1053297
37.9735598,-4.1051125
37.8788905,-4.0329832
37.8785701,-4.0344253
37.9705318,-3.9893404
37.9705042,-3.9890743
37.7713631,-3.8979422
37.7716408,-3.8983802
37.7716471,-3.8986023
37.7710947,-3.8974958
37.7712799,-3.8978166
37.7710387,-3.8969253
37.7704379,-3.8975808
37.771269,-3.8979307
37.7693572,-3.7884056
37.7695574,-3.7884377
37.7694501,-3.7880211
37.7697343,-3.7880754
37.7705702,-3.7882029
37.7680073,-3.7880409
37.7676516,-3.7883137
37.7661206,-3.7901009
37.7665546,-3.788225
37.7708666,-3.7891405
37.7705583,-3.7885521
37.7715546,-3.7883616
37.7672585,-3.7884879
37.7657145,-3.7897376
37.7664088,-3.7882194
37.7775963,-3.7949461
37.7777478,-3.7965625
37.7778719,-3.797894
37.7774969,-3.7975882
37.7780145,-3.7997058
37.7772789,-3.7915981
37.7760792,-3.7890572
37.7738698,-3.7901033
37.7771696,-3.7903866
37.7772184,-3.7908022
37.7731299,-3.7892504
37.7717016,-3.7920453
37.7748153,-3.7934352
37.7723459,-3.7924477
37.7725594,-3.7928357
37.7671546,-3.787762
37.7671339,-3.7874532
37.7699266,-3.7876915
37.7741118,-3.785848
37.7748162,-3.7856794
37.7737204,-3.78614
37.7805062,-3.7994247
37.780315,-3.7893517
37.7802171,-3.7893349
37.7796849,-3.789124
37.7795569,-3.7894053
37.7809992,-3.7891851
37.7878234,-3.7900071
37.7845793,-3.7843392
37.7799931,-3.7876839
37.7783767,-3.7860896
37.798142,-3.7810183
37.8745542,-3.8845897
37.8746882,-3.8849373
37.9682689,-3.8090272
37.9679007,-3.8070685
37.9684557,-3.8072837
38.0454242,-4.1711892
38.0453419,-4.1711723
38.0447989,-4.1710722
38.0449985,-4.1710956
38.0051566,-3.919882
38.0050616,-3.9172124
38.0051817,-3.9184586
38.0102559,-3.8312235
38.0323855,-3.8626362
37.785849,-3.612162
37.786105,-3.6113651
37.7863668,-3.6124012
37.7863434,-3.609924
37.7863427,-3.6091091
37.7863131,-3.6103207
37.9403737,-3.7294552
37.939666,-3.729774
37.9390178,-3.7303877
37.9582509,-3.666746
37.7844796,-3.5076983
37.7850851,-3.5084239
37.7923307,-3.4678434
37.7922532,-3.4681796
37.8410763,-3.4767579
37.8412042,-3.4760805
37.8220958,-3.4127913
37.8224584,-3.4118084
37.8207584,-3.4137341
37.8743453,-3.4572753
38.0184263,-3.7233698
38.0188953,-3.7222709
37.9972077,-3.6367776
37.9979653,-3.6363303
38.1708545,-3.7744766
38.1713192,-3.7744098
38.1712845,-3.7738773
38.1826516,-3.687741
38.1830395,-3.6871483
38.1836509,-3.6862175
38.1820988,-3.6859833
37.9961435,-3.5465956
37.9851881,-3.5330024
37.9848549,-3.5324258
37.9852474,-3.5320573
37.9853139,-3.5320935
37.993007,-3.4677047
37.9938102,-3.4673073
37.9937141,-3.4691135
37.9929387,-3.4685175
37.9930721,-3.4690236
37.9926568,-3.4674251
37.9929765,-3.4676562
37.9943299,-3.4658405
37.994306,-3.4659081
38.0210036,-3.5026673
38.0216339,-3.502285
38.0217712,-3.5023345
38.0465155,-3.4802866
38.0474158,-3.482678
38.0473431,-3.48172
38.045774,-3.4619786
38.0482339,-3.4615654
38.0481227,-3.4617297
38.0484891,-3.4622181
38.0487647,-3.4617031
38.013768,-3.375299
38.01068,-3.3720421
38.0110055,-3.3715476
38.0104843,-3.3718777
38.0103524,-3.3721613
38.011339,-3.3737657
38.0113932,-3.3718421
38.0114266,-3.373488
38.0598575,-3.4324382
38.1812871,-3.4314232
38.1821633,-3.4304386
38.380954,-6.5900413
38.3808877,-6.5895665
38.3809907,-6.5904754
38.3824832,-6.5914545
38.2471594,-6.3055549
38.2472089,-6.3036591
38.2472229,-6.303495
38.2473526,-6.3045626
38.247297,-6.3007953
38.3009787,-6.3174756
38.4221205,-6.4179914
38.4221142,-6.417868
38.4238206,-6.4150106
38.4243101,-6.4139466
38.5606532,-6.3407948
38.5616152,-6.3427531
38.5605599,-6.339895
38.5613633,-6.3409575
38.5617742,-6.338839
38.5601347,-6.3413822
38.5612861,-6.3420621
38.5611704,-6.3420743999999996
38.5621883,-6.3373307
38.2984996,-6.2084159
38.2982399,-6.2086694
38.2378621,-6.0155164
38.2370356,-6.0160554
38.2382498,-6.0147523
38.2384243,-6.0142805
38.2378947,-6.0145175
38.2377551,-6.015433
38.2393329,-6.0132372
38.2386921,-6.0135819
38.2378922,-6.0157428
38.2935209,-6.0803918
38.2942469,-6.079807
38.6823088,-6.4095332
38.6805015,-6.4106606
38.682261,-6.4090948
38.6822672,-6.4091855
38.6791216,-6.4035085
38.6794145,-6.4025841
38.6798157,-6.398877
38.6800617,-6.4016068
38.6826687,-6.4088248
38.683462,-6.407891
38.6829011,-6.4082713
38.682929,-6.4092824
38.6828404,-6.4068553
38.6840309,-6.407341
38.6837338,-6.4075306
38.6836192,-6.4075801
38.6829858,-6.408602
38.6838976,-6.4075331
38.8900452,-6.7014544
38.8879028,-6.7005499
38.8878477,-6.7004673
38.9085623,-6.6166817
38.9079844,-6.6169557
38.9094516,-6.6165249
38.9093037,-6.6160722
38.9088247,-6.6161504
38.9092791,-6.616161
38.9278647,-6.6901136
38.9264653,-6.6900236
38.9277761,-6.6900709
38.9159479,-6.346424
38.9168754,-6.3447576
38.9170944,-6.3446088
38.9168783,-6.3461438
38.9162405,-6.3457347
38.9171752,-6.3456182
38.9174883,-6.3454561
38.9098492,-6.3395222
38.9125702,-6.3433224
38.917608,-6.3435423
38.9173853,-6.3437108
38.9211395,-6.4772354
38.9206151,-6.4764723
38.9216537,-6.3313834
38.9208558,-6.3335198
38.9218283,-6.3316798
38.9225636,-6.3305464
38.9229452,-6.329594
38.6630669,-6.1033298
38.8588696,-6.1014937
38.8590346,-6.101534
38.8592695,-6.1022702
38.8591829,-6.1023011
38.8588926,-6.101078
38.8586075,-6.1006328
38.9489294,-6.186965
38.2594608,-5.8653973
38.260241,-5.8651146
38.2825609,-5.8303149
38.2826988,-5.8305016
38.2825745,-5.8298894
38.2598932,-5.6792283
38.2587819,-5.6766252
38.2596471,-5.6780836
38.259844,-5.6790935
38.2595002,-5.6767996
38.2585902,-5.676112
38.2585512,-5.675974
38.2600463,-5.6796389
38.2586585,-5.6758004
38.3093272,-5.5951053
38.3096488,-5.5952244
38.3100808,-5.5959416
38.1993668,-5.1520248
38.1987935,-5.1511074
38.2724834,-5.2089146
38.5880146,-5.4466135
38.5771772,-5.1672131
38.5772506,-5.1670977
38.6446337,-5.7409404
38.6487574,-5.607408
38.6744668,-5.6393828
38.8635076,-5.6179479
38.8633771,-5.6175371
39.0055292,-5.5329945
38.7215403,-5.2194368
38.7214912,-5.2195169
38.7211662,-5.2198509
38.7210848,-5.2201146
38.7208659,-5.2208616
38.7204729,-5.2222472
38.9756869,-5.2710522
38.9751367,-5.2683158
39.108253499999996,-6.6893267
39.1107971,-6.6900395
39.0615732,-6.5048235
39.0617814,-6.5045616
39.1798365,-6.2297247
39.1796161,-6.2308325
39.1798324,-6.2318034
39.0273235,-5.9329706
39.2740234,-6.1272407
39.3835171,-6.2483077
39.3831337,-6.2486994
39.4382495,-6.274252
39.4394929,-6.2742385
39.4842785,-6.584345
39.4843613,-6.5852248
39.4841543,-6.5852677
39.483732,-6.5846776
39.4834339,-6.5812337
39.4454977,-6.5080787
39.4461359,-6.5074153
39.4460868,-6.5070814
39.4458828,-6.5072052
39.4511681,-6.3881693
39.4556297,-6.3746545
39.4685774,-6.3888209
39.4688525,-6.3870268
39.4688365,-6.3895132
39.4687518,-6.3839375
39.4572811,-6.3795858
39.4563184,-6.3813099
39.4610017,-6.3746254
39.4682753,-6.3800239
39.4665767,-6.3802368
39.4635131,-6.3791597
39.4643922,-6.3790215
39.4663509,-6.3770349
39.468928,-6.3824405
39.4680133,-6.3789074
39.4687854,-6.3787875
39.469068300000004,-6.3773428
39.4700733,-6.389766
39.4728631,-6.3904677
39.4717469,-6.3890281
39.4719999,-6.3781355
39.4714158,-6.3809072
39.4725836,-6.3794068
39.4701353,-6.3787765
39.4699533,-6.3789874
39.4712008,-6.379836
39.472205,-6.379865
39.4697141,-6.3826193
39.4691353,-6.3785883
39.471282,-6.3768564
39.4708716,-6.378312
39.473156,-6.3749824
39.4708583,-6.3760758
39.4718214,-6.3765106
39.4722872,-6.3761485
39.4741221,-6.3731809
39.4870424,-6.3769608
39.4844734,-6.3669506
39.4799966,-6.3374246
39.5615791,-6.4181864
39.561121,-6.4170471
39.5612956,-6.4169461
39.5615004,-6.4178641
39.7115658,-6.5489636
39.7092836,-6.3572456
39.6377497,-6.2127682
39.45669,-5.8830073
39.45715,-5.8809116
39.4568591,-5.8817173
39.4573072,-5.8802875
39.4571324,-5.8830666
39.4593565,-5.8811024
39.459972,-5.8796711
39.4575055,-5.8801528
39.7177468,-6.2813655
39.8614427,-6.2335228
39.8616618,-6.2340164
39.829435,-6.1401119
39.8296905,-6.1398133
39.7711484,-6.0119167
39.1393981,-5.6273599
39.1393332,-5.6278421
39.1390606,-5.6288763
39.4250947,-5.7566851
39.425797,-5.7555424
39.3367392,-5.4929583
39.3367338,-5.4945671
39.3365434,-5.4929647
39.3371573,-5.492505
39.3368939,-5.4904371
39.0347947,-5.2357055
39.0366811,-5.2349682
39.1665524,-5.0487174
39.1661386,-5.0481649
39.1687567,-5.0512092
39.1686901,-5.0511395
39.3797173,-5.3883601
39.3799673,-5.3885232
39.3801601,-5.3882691
39.243279,-5.1902565
39.2426624,-5.1896155
39.283891,-5.0902135
39.6672177,-5.8134823
39.7842152,-5.4845112
39.4514925,-5.3266109
39.4522029,-5.3279698
39.4513843,-5.3268486
39.6283358,-5.4171308
39.4478656,-5.2169999
39.8025182,-5.1725537
38.1887055,-5.0201537
38.3931451,-4.9991558
38.3930584,-5.0001948
38.3815894,-4.8500689
38.377974,-4.8477592
38.3782459,-4.8472408
38.3783303,-4.8486151
38.3792828,-4.8490818
38.3806622,-4.84947
38.3775649,-4.8475771
38.3802017,-4.8494922
38.3778677,-4.8477193
38.3804506,-4.8493892
38.3221034,-4.6285397
38.3225434,-4.6276259
38.3229681,-4.6293931
38.3228159,-4.6293705
38.3227159,-4.6286813
38.3944228,-5.0006885
38.4541786,-4.9840004
38.4553525,-4.9848083
38.483312,-4.9548056
38.4117626,-4.8977994
38.4115188,-4.8991942
38.4456401,-4.8955795
38.4450053,-4.8948275
38.5951291,-4.9030119
38.4952616,-4.7829292
38.4751786,-4.6782251
38.4746439,-4.6782286
38.7757469,-4.8325702
38.7756728,-4.8339287
38.7756521,-4.8326999
38.7756503,-4.8353564
38.7756792,-4.8347287
38.7757658,-4.8340753
38.4659509,-4.0738811
38.4660632,-4.0743394
38.2300385,-3.6307553
38.3426404,-3.5394083
38.3418588,-3.5394098
38.4122793,-3.3710022
38.5222443,-3.563261
38.5221957,-3.5647079
38.5219582,-3.5627222
38.5217967,-3.5640554
38.5136505,-3.4953939
38.6866423,-4.1031986
38.6865855,-4.1070567
38.6851599,-4.1044703
38.688525,-4.1079329
38.6865718,-4.1066116
38.6879026,-4.1077738
38.6865718,-4.1063995
38.6891954,-4.1073011
38.6895014,-4.1075224
38.68603,-4.0993574
38.6218866,-3.9097328
38.8349046,-3.9452819
38.8352879,-3.9446775
38.9722676,-3.9357399
38.9860375,-3.9206365
39.0183653,-3.8164116
39.0185325,-3.8164133
38.7585774,-3.3884844
38.7609548,-3.3875111
38.7586569,-3.3821008
38.7577451,-3.3854863
38.7606711,-3.3877307
38.76051,-3.3877684
38.7603155,-3.3877951
38.7610954,-3.3874558
38.7618674,-3.386851
38.7618611,-3.3875403
38.7613152,-3.387629
38.7614743,-3.3875914
38.7657217,-3.3872201
38.7659601,-3.3875205
38.88941,-3.71003
38.8886718,-3.7110413
38.888055,-3.7105689
38.8875533,-3.7104138
38.88903,-3.7106743
38.9054578,-3.6663067
38.9057233,-3.6662556
38.9060981,-3.6672134
38.9062315,-3.6664781
38.9054694,-3.6662428
38.9064254,-3.6663343
39.0179628,-3.7498511
38.998259,-3.3631544
39.3104198,-4.9080989
39.2598111,-4.4768163
39.6096315,-4.9048784
39.7591909,-4.949203
39.7575965,-4.949009
39.7584771,-4.9485614
39.724187,-4.6406732
39.7253068,-4.6407383
39.7258935,-4.6403989
39.7624835,-4.7100588
39.4606261,-4.4096789
39.5397417,-4.3322926
39.5400802,-4.3293106
39.6414856,-4.2834599
39.7007549,-4.2743351
39.6998451,-4.2735446
39.6642029,-4.2121695
39.1472347,-4.1537063
39.146916,-4.1539096
39.147824,-4.1538565
39.0687924,-3.6128894
39.0691017,-3.6124654
39.0680128,-3.6129342
39.0682806,-3.6129876
39.0696055,-3.6124952
39.0696106,-3.6128081
39.0698077,-3.6123737
39.0712616,-3.6091938
39.2290057,-3.7743119
39.2283969,-3.77327
39.2291599,-3.7742028
39.2176291,-3.6065393
39.2193704,-3.503031
39.2183191,-3.5031313
39.2384668,-3.4240669
39.4283484,-3.4578879
39.4283876,-3.458374
39.4273161,-3.3634512
39.4261115,-3.3633021
39.8049858,-4.0251864
39.8585142,-4.0211531
39.8586672,-4.0211665
39.8593825,-4.0204862
39.8595409,-4.0217921
39.8594453,-4.0220262
39.8593639,-4.0221719
39.8605862,-4.0209878
39.8599074,-4.0217009
39.8598258,-4.0214207
39.8587494,-4.0211907
39.8602595,-4.0221112
39.8593575,-4.0217118
39.8597418,-4.0050307
39.8600513,-4.0058868
39.8594114,-4.0038967
39.860671,-4.0006425
39.8607374,-4.0041079999999996
39.6780267,-3.971904
39.6780229,-3.9719707
39.6767455,-3.9708868
39.7990188,-3.9447749
39.7994502,-3.945174
39.4603615,-3.6070163
39.6972979,-3.503536
39.6960049,-3.5035469
39.6969003,-3.5038964
39.7064844,-3.4340464
36.7466394,-3.2785656
36.7483344,-3.1701946
36.7479295,-3.1714782
36.7910161,-3.2025685
36.790819,-3.2028505
36.8269289,-3.2109004
36.8262294,-3.2112169
36.7487676,-3.0150334
36.7480682,-3.0186899
36.7488108,-3.0147326
36.7483297,-3.0176199
36.7485642,-3.0161548
36.748557,-3.016234
36.749116,-3.014326
36.758798,-2.9786489
36.7586749,-2.9789866
36.8464347,-2.9499752
36.8417184,-2.9452677
36.8423872,-2.9460171
36.8433763,-2.9468229
36.6958994,-2.7878292
36.6967865,-2.7898762
36.749305,-2.9059709
36.7498889,-2.9072192
36.8204627,-2.8708132
36.8208127,-2.8703605
36.8205871,-2.8701697
36.7689626,-2.8192337
36.7679894,-2.8017042
36.775528,-2.8119999
36.7736252,-2.8125255
36.7735385,-2.811593
36.772939,-2.8152296
36.7729148,-2.8154154
36.7732368,-2.8150139
36.7735279,-2.8117878
36.7724562,-2.8114703
36.7738819,-2.8093598
36.7742712,-2.8089875
36.7748073,-2.8070281
36.7738449,-2.8112137
36.7797518,-2.7756485
36.7797812,-2.7754781
36.7798706,-2.7749017
36.7800886,-2.7740429
36.7316423,-2.6294832
36.8014946,-2.6440112
36.8012262,-2.6459536
36.7996826,-2.6472978
36.8034896,-2.6319004
36.8038258,-2.6300245
36.7652304,-2.6152385
36.7656505,-2.6156739
36.7642034,-2.6122285
36.7644256,-2.612794
36.7641241,-2.6125206
36.765895,-2.6119011
36.7666084,-2.6143784
36.767014,-2.6142597
36.7646468,-2.6147402
36.7567282,-2.6076197
36.7732678,-2.6094547
36.8054688,-2.6201824
36.8101343,-2.5912551
36.814634,-2.5706054
36.8148743,-2.5715247
36.8153134,-2.5700467
36.8152424,-2.5702138
37.0005212,-3.2651798
36.9444455,-3.1802557
36.9445173,-3.180084
36.9753087,-3.1901116
36.9816108,-3.1557231
36.9624073,-3.0540384
36.9622947,-3.0529876
36.9963422,-3.082661
37.0084014,-3.0143476
37.0301221,-2.9952054
37.0309518,-2.9952161
37.1845798,-3.1606856
37.1851504,-3.1591332
37.3201389,-3.3326481
37.2966553,-3.2023615
37.3166416,-3.1910622
37.3169435,-3.1910657
37.1614056,-3.0724073
37.1806597,-3.0617464
37.2260874,-3.134212
37.2597123,-3.0995385
37.3017163,-3.134157
37.3019343,-3.134156
37.3032609,-3.1384612
37.3039132,-3.1365241
37.3000816,-3.1315856
36.9938084,-2.8909583
36.993712,-2.8914722
37.1414143,-2.7794605
37.1411275,-2.7793113
36.8376616,-2.4793355
36.8376475,-2.4759246
36.8453636,-2.4644133
36.8294537,-2.4517521
36.8291574,-2.4518451
36.8297061,-2.4517987
36.8293228,-2.4516372
36.8343587,-2.4512603
36.8251663,-2.4473656
36.8269171,-2.4495551
36.8318323,-2.4466862
36.8328655,-2.4492302
36.8318679,-2.443386
36.8377688,-2.463517
36.8374278,-2.4634855
36.8361151,-2.4628355
36.8354255,-2.4616977
36.8367987,-2.4617392
36.8387608,-2.4632653
36.8370199,-2.4630078
36.8402763,-2.4638041
36.8395583,-2.4636808
36.8391891,-2.4636432
36.8362823,-2.4591279
36.8357993,-2.4588838
36.8386379,-2.4582692
36.8347061,-2.4616892
36.8370046,-2.4615599
36.8384768,-2.4606081
36.8389405,-2.4602943
36.8395045,-2.4633642
36.837842,-2.4625582
36.8381223,-2.4586464
36.839424,-2.4600749
36.8408192,-2.4590633
36.8398569,-2.4545602
36.8380772,-2.4512313
36.8382317,-2.451242
36.8373638,-2.4510916
36.8417071,-2.4638186
36.8413193,-2.4631501
36.8408326,-2.4495349
36.8356635,-2.4446292
36.8354123,-2.4440418
36.8362049,-2.4439888
36.8361834,-2.4443911
36.8359465,-2.4435807
36.835704,-2.444419
36.8449717,-2.4470681
36.8474932,-2.4466937
36.841285,-2.4505492
36.8435012,-2.4468736
36.841435,-2.4494919
36.8494281,-2.4553398
36.8483213,-2.4469962
36.8516717,-2.4468781
36.8519035,-2.4465992
36.8514142,-2.4468567
36.851627,-2.4459279
36.8527373,-2.4460098
36.8402363,-2.4083917
36.8405959,-2.4077734
36.8405905,-2.4046473
36.8762216,-2.3344992
36.8148357,-2.2273179
36.8158214,-2.2238686
36.9115954,-2.1681405
36.9107218,-2.1322548
36.9437859,-2.4624114
37.0496115,-2.3923829
37.0506613,-2.3912518
37.0515336,-2.3902533
36.9638358,-2.2073849
36.9644889,-2.2077671
36.9658426,-2.207357
36.9656301,-2.2083901
36.9364167,-2.1324612
36.9368264,-2.1313761
36.9370337,-2.1310903
36.9386929,-2.1353372
36.9402599,-2.1382905
37.0406943,-2.200844
37.0983354,-2.1239919
37.0980258,-2.1249072
37.0985181,-2.1241324
37.2044795,-2.3472439
37.1842333,-2.2048495
37.2279026,-2.2842169
37.2284782,-2.2848585
37.211998,-2.2416389
37.3335836,-2.3036767
37.3340979,-2.30268
37.3342597,-2.3024793
36.997037,-1.8944569
36.9973329,-1.8939276
36.9976088,-1.8938187
36.9979236,-1.8934039
36.9962589,-1.8919616
36.997587,-1.8936152
36.999058,-1.89191
37.1343405,-1.8303293
37.1351071,-1.8327282
37.1333203,-1.8305902
37.1335274,-1.830475
37.1351216,-1.8325546
37.215742,-2.0675528
37.215876,-2.0676407
37.1523159,-1.8931664
37.1808977,-1.8220614
37.1778955,-1.8229636
37.1800866,-1.8223187
37.179738,-1.8220618
37.1828732,-1.8211712
37.1825585,-1.8212804
37.2472364,-1.8701927
37.2473621,-1.8689841
37.2471335,-1.8653488
37.2467806,-1.86451
37.246711,-1.8656124
37.2466315,-1.8648794
37.2468071,-1.8653036
37.2481458,-1.8676681
37.2963417,-1.8802801
37.2962763,-1.8800383
37.2962869,-1.8792448
37.4393413,-3.3309061
37.5029138,-3.2307359
37.7043962,-3.2860768
37.7048394,-3.2861985
37.7599714,-3.2026564
37.7643965,-3.0778594
37.7043809,-2.936851
37.7155628,-2.9992523
37.5289193,-2.9078872
37.4894541,-2.7727049
37.4883399,-2.7734316
37.4914598,-2.7743269
37.4916096,-2.7737098
37.6071001,-2.930293
37.6091615,-2.9315213
37.6548164,-2.7704036
37.6547774,-2.7693807
37.6076067,-2.7033438
37.7154912,-2.6422443
37.7150203,-2.6430416
37.7430314,-2.5508135
37.7436125,-2.5506023
37.8383836,-3.3526708
37.7924945,-3.1393958
37.7653669,-3.0763034
37.8443352,-3.0673162
37.8451943,-3.0669835
37.8457318,-3.0667033
37.84508,-3.0669463
37.8448164,-3.0669807
37.8446587,-3.0668242
37.9135886,-3.120445
37.913826,-3.1222146
37.9132895,-3.1251636
37.9137939,-3.1223818
37.9135639,-3.1213112
37.913558,-3.1213706
37.9137984,-3.0033077
37.9124818,-3.002825
37.9126795,-3.0030355
37.9131766,-3.0029074
37.9122713,-3.002859
37.9113295,-3.0028333
37.9106896,-3.0026595
37.9197042,-2.9954851
37.945732,-2.9530722
38.0697692,-3.3078739
38.0694971,-3.3086375
38.0270038,-3.1001505
38.0283713,-3.1005227
38.0284668,-3.1007469
38.0024409,-3.0308463
38.0013581,-3.0310758
38.1152534,-3.0877827
38.1160561,-3.0871586
38.1156996,-3.0871688
38.1155645,-3.0843866
38.1155539,-3.0844938
38.1154943,-3.0849931
38.1694867,-3.0065892
37.7953699,-2.7792081
37.7959535,-2.7790473
37.808982,-2.5394959
38.1189714,-2.6709006
38.1111352,-2.5517968
38.1109598,-2.5517577
38.1104221,-2.5518771
37.3553841,-2.2959542
37.356068,-2.2964252
37.3556488,-2.2963019
37.3570341,-2.2976913
37.359077,-2.2643757
37.3593831,-2.2647553
37.3523519,-2.1934587
37.3526729,-2.1936394
37.3524134,-2.19375
37.3480151,-2.1357648
37.3879391,-2.1457876
37.387782,-2.1461347
37.3867993,-2.1481445
37.3867183,-2.1471703
37.4855484,-2.2939883
37.4853025,-2.2942375
37.7217399,-2.4797719
37.7210024,-2.4797687
37.3893581,-1.9428704
37.3894832,-1.9428525
37.3892286,-1.9421989
37.3911798,-1.9439728
37.3925198,-1.9445154
37.3925583,-1.943869
37.3924217,-1.9439266
37.6108095,-1.7602127
37.6443127,-1.6953917
37.665873,-1.7027923
37.6658618,-1.7034553
37.6662303,-1.7025388
37.6733097,-1.6999025
37.6721747,-1.7005078
37.6684706,-1.7010491
37.6657284,-1.6865142
37.6669663,-1.6867395
37.6734371,-1.6997979
37.6743101,-1.6993351
37.6740485,-1.6994627
37.6735438,-1.6999306
37.6746009,-1.6990535
37.6735729,-1.6996739
37.6738257,-1.6986273
37.6746602,-1.6987739
37.6740464,-1.696767
37.6738468,-1.696928
37.6808916,-1.6896808
37.9590665,-2.4370124
37.958616,-2.4358142
38.0725739,-2.0059496
38.1055288,-1.8604056
38.0922136,-1.7986984
38.0926057,-1.7984055
38.0928243,-1.7985415
38.0938557,-1.7972827
37.4029172,-1.5902695
37.4082379,-1.5722336
37.545555,-1.4445582
37.7107823,-1.5944153
37.5723361,-1.2675486
37.5718385,-1.2666675
37.5745986,-1.2099496
37.6906431,-1.070803
37.6919851,-1.0717583
37.690406,-1.069913
37.6037908,-0.9963131
37.604655,-0.996296
37.6060134,-0.9971158
37.6012305,-0.9868711
37.6009669,-0.9867367
37.600975,-0.9866352
37.6006057,-0.9864571
37.6000394,-0.9863056
37.6012862,-0.9863916
37.6053007,-0.9912435
37.6043958,-0.9898945
37.6069592,-0.9872864
37.60696,-0.9876285
37.6014012,-0.9869348
37.6070214,-0.9841974
37.6068967,-0.9881867
37.6015052,-0.9865788
37.6016638,-0.9867873
37.602621,-0.9889816
37.606319,-0.9872159
37.6065787,-0.9847274
37.5977527,-0.9714781
37.5977984,-0.9718635
37.606803,-0.977602
37.6068412,-0.9765871
37.6069065,-0.9749229
37.60691,-0.9747837
37.6120998,-1.0428944
37.6118848,-1.0438113
37.6295727,-1.0466589
37.6290182,-1.0437289
37.619762,-0.9973909
37.6199355,-0.9975807
37.6203049,-0.9977112
37.6248866,-0.997273
37.6213713,-0.9992982
37.6253659,-0.9973808
37.6289508,-0.9969617
37.6366075,-1.0098686
37.6391349,-1.0032036
37.639061,-1.0031891
37.6405881,-1.0034825
37.6357429,-1.0080441
37.6400618,-1.0033878
37.6401755,-1.0033991
37.63808,-1.0025557
37.6377418,-1.0025566
37.6525012,-1.0110904
37.6518565,-1.0120107
37.6096344,-0.9896612
37.6099557,-0.9901941
37.6095372,-0.991365
37.6113317,-0.9933908
37.6119023,-0.9945118
37.609978,-0.989149
37.6117545,-0.9838767
37.608468,-0.9852927
37.6148527,-0.9913218
37.6169957,-0.9942299
37.6106291,-0.9722773
37.6218685,-0.9886208
37.6248953,-0.9890033
37.6232491,-0.988592
37.6252694,-0.9891356
37.6202502,-0.9580932
37.6271642,-0.9635756
37.6454938,-0.8680245
37.648119,-0.8680455
37.6658394,-1.0146332
37.6768106,-1.0206547
37.7124768,-0.99331
37.7592865,-1.0349236
37.737757,-0.9525847
37.7431351,-0.9540483
37.7442865,-0.9545438
37.7428673,-0.9543119
37.7423496,-0.9545532
37.7426332,-0.9543836
37.7435346,-0.9526066
37.7454654,-0.951747
37.7425218,-0.9537385
37.7434706,-0.9539059
37.7420008,-0.954452
37.7178953,-0.9207888
37.7381926,-0.8527834
37.7383977,-0.850632
37.7383089,-0.8511427
37.7382737,-0.8515804
37.7383281,-0.851201
37.7381906,-0.8512344
37.7400578,-0.8519345
37.7545912,-0.8471049
37.7549223,-0.8464117
37.7544815,-0.846472
37.7639847,-0.845073
37.794024,-1.5723769
37.8510637,-1.4290954
37.8489186,-1.4274114
37.8504909,-1.4240986
37.850632,-1.4241698
37.8509729,-1.4239427
37.8509778,-1.4241393
37.8511872,-1.4242154
37.8511534,-1.4245996
37.8511172,-1.4247628
37.8856911,-1.3542304
37.8868879,-1.353959
37.8849029,-1.3557002
37.886589,-1.3530252
38.049688,-1.6692638
38.0493909,-1.6705546
38.027168,-1.3861773
38.0395889,-1.3536275
38.1796742,-1.3768174
38.1792479,-1.3757275
38.1791098,-1.3750489
38.1169951,-1.3050922
38.1165793,-1.3051485
37.8282941,-1.1608321
37.828398,-1.1603619
37.8285925,-1.1597447
37.9713294,-1.2107432
37.9395534,-1.1621195
37.9407006,-1.1620312
37.9390085,-1.1620299
37.9408224,-1.1620244
37.9406199,-1.1620606
37.9413511,-1.1409597
37.9414209,-1.1402355
37.9415309,-1.1401845
37.9427528,-1.1318269
37.9742989,-1.1344402
37.9734001,-1.1345333
37.9724001,-1.1225246
37.957561,-1.0923553
37.9583392,-1.0912361
37.7777197,-0.8696693
37.7657512,-0.8438082
37.890428,-0.9421178
37.8898378,-0.941798
37.9770721,-1.1785339
37.9885219,-1.1543434
38.0221235,-1.1722902
38.0531062,-1.2148337
38.0578523,-1.2131172
38.0549609,-1.2124339
37.9782152,-1.1274154
37.9787532,-1.1307012
37.9812808,-1.1309344
37.9772148,-1.1323821
37.9789909,-1.1301622
37.9798108,-1.130371
37.980504,-1.1315784
37.9861716,-1.1272972
37.985616,-1.1291217
37.9836315,-1.1323172
37.9845703,-1.1290492
37.9868128,-1.1293527
37.9860524,-1.1328732
37.9867289,-1.1307784
37.9859977,-1.1328714
37.9839313,-1.1318919
37.9843655,-1.1319878
37.9849791,-1.1320784
37.9852409,-1.1291316
37.9856389,-1.1292305
37.9906866,-1.1350416
37.9913574,-1.1339501
37.9912327,-1.1344751
37.9906732,-1.1342139
37.9904584,-1.1338985
37.9905376,-1.1347007
37.9906015,-1.1341132
37.9898741,-1.1278264
37.9914661,-1.1300083
37.991385,-1.1305936
37.9914061,-1.1308618
37.9914695,-1.1311274
37.9918605,-1.1315712
37.9922984,-1.1286067
37.9886686,-1.1323522
37.9892107,-1.1326797
37.9891225,-1.1325978
37.9923784,-1.1293678
37.9899927,-1.130288
37.9894639,-1.131771
37.9920203,-1.132776
37.991548,-1.131263
37.9916333,-1.1325985
37.998198,-1.135846
37.9976221,-1.1311807
37.9967388,-1.1312171
37.9968062,-1.1309531
37.9774726,-1.1262309
37.9782151,-1.1270954
37.9809518,-1.1209542
37.9792232,-1.1239649
37.9780165,-1.1267816
37.9805884,-1.1222882
37.9812997,-1.1192654
37.981047,-1.1206549
37.9833798,-1.1265695
37.9831099,-1.1270755
37.9843154,-1.1194255
37.9788588,-1.1058372
37.9784909,-1.1058117
37.9785956,-1.1059003
37.9896483,-1.1253546
37.9917174,-1.1264049
37.9917343,-1.1264907
37.9910594,-1.1214875
37.9910298,-1.1213936
37.9925307,-1.121694
37.9897264,-1.1262849
37.9941893,-1.1241524
37.9941821,-1.1239565
37.9938365,-1.1231865
38.0230905,-1.1356269
38.021931,-1.1357476
38.0045681,-1.1151572
38.0239848,-1.1222535
38.0087615,-1.0913126
38.0090714,-1.0913359
38.0096141,-1.0901179
38.0056654,-1.0704866
38.0053378,-1.0719377
38.0059866,-1.0711866
38.0363866,-1.0774976
38.0532468,-1.0761574
38.0594939,-1.0489009
38.095042,-1.1663617
38.0948279,-1.1662078
38.0953239,-1.165661
38.0956632,-1.1659185
38.0160286,-1.0369677
38.0156418,-1.0368014
38.0159061,-1.0362703
38.0598672,-1.0482352
38.059748,-1.0481422
38.0598942,-1.047729
38.0599255,-1.0480957
38.0685103,-1.0297845
37.9918815,-0.8655187
37.9918942,-0.8648803
38.0556611,-0.9414557
38.0590174,-0.9230711
38.0626641,-0.8985842
38.0629889,-0.8957699
38.0626893,-0.8956493
38.062709,-0.8957894
38.0627496,-0.8969007
38.0810256,-0.945486
38.0814537,-0.9455661
38.0801639,-0.9453246
38.0833242,-0.9457235
38.0815496,-0.945152
38.0807161,-0.9450158
38.084107,-0.9448426
38.0838842,-0.9448648
38.0819961,-0.9441044
38.0860424,-0.9500405
38.084831200000004,-0.9445002
38.0860634,-0.9459512
38.0853942,-0.9489467
38.170991,-0.9640048
38.1715874,-0.9641114
38.1719048,-0.9640801
38.0820365,-0.9425215
38.0821408,-0.943248
38.0820721,-0.9435885
38.0821084,-0.9434246
38.0869635,-0.9381951
38.0816909,-0.9085014
38.0901001,-0.8976071
38.1125917,-0.9056529
38.1135152,-0.9063593
38.1134365,-0.906165
38.1141698,-0.9076932
38.0943618,-0.8610742
38.1050161,-0.8485596
38.1510933,-0.8905868
38.1702257,-0.8403592
37.6316683,-0.7052649
37.6410291,-0.712652
37.7973766,-0.837672
37.8071525,-0.8357701
37.8064356,-0.8351509
37.8061272,-0.834232
37.806538,-0.8354207
37.8075763,-0.8352458
37.806225,-0.8344987
37.8062933,-0.8367326
37.7975604,-0.8066909
37.7977172,-0.8064924
37.797289,-0.8050654
37.835285,-0.7916877
37.8347094,-0.7913169
37.8347231,-0.791401
37.8354761,-0.7910681
37.8643836,-0.7903734
37.8644299,-0.7905366
37.8651612,-0.792547
37.9088222,-0.8374336
37.9117149,-0.7404414
37.9319412,-0.7675237
37.9316277,-0.7680026
37.9312873,-0.7677988
37.9380991,-0.7760167
37.9257099,-0.7350326
37.9290536,-0.7363422
37.9431055,-0.7586212
37.9427653,-0.7588227
37.9256899,-0.7291922
37.9280511,-0.7272876
37.9316932,-0.7250584
37.9363033,-0.7220669
37.9359986,-0.7226919
37.9783591,-0.7889875
38.0775635,-0.8385419
38.0789298,-0.8373677
38.0796926,-0.8376614
38.0277994,-0.7478895
38.0278841,-0.7429344
38.027819,-0.740741
38.0280053,-0.7437551
38.0795032,-0.7376905
37.9794815,-0.6893874
37.9767348,-0.6816238
37.9757426,-0.6835643
37.975850199999996,-0.6819796
37.97586,-0.6817474
37.9767635,-0.6856068
37.9786838,-0.6819333
37.9777924,-0.6854813
37.9925518,-0.6854046
38.0102616,-0.6946896
38.0105911,-0.6945219
38.0217285,-0.7037431
37.9803715,-0.6790285
37.9794773,-0.6788244
37.9796126,-0.6772902
37.9798375,-0.6754701
37.9759009,-0.6811349
37.977539,-0.6772915
37.9760893,-0.6808692
37.9761015,-0.6810806
37.9767636,-0.6809908
37.9758911,-0.6791505
37.9763817,-0.6772554
37.9774233,-0.6796548
37.9804661,-0.6687077
37.9804732,-0.6651583
37.9804585,-0.6654455
38.0022542,-0.6587051
38.0137425,-0.6609875
38.02536,-0.6542444
38.0486573,-0.7106538
38.0626992,-0.7289506
38.0630327,-0.7282425
38.0638768,-0.7263112
38.0808412,-0.8375974
38.0875447,-0.7950031
38.0870864,-0.7963711
38.1095142,-0.7922333
38.1089868,-0.7919695
38.1091805,-0.7909459
38.1090008,-0.7907892
38.1085217,-0.7915697
38.1088788,-0.7906858
38.1101172,-0.7906792
38.0810562,-0.7379381
38.0802193,-0.7380795
38.0863421,-0.7467764
38.114177,-0.7622462
38.1607203,-0.8021568
38.1600517,-0.8037693
38.1600391,-0.800534
38.1620321,-0.8020065
38.1786219,-0.8101121
38.1394447,-0.7693139
38.1399511,-0.7701983
38.1393835,-0.7688925
38.1393107,-0.7683496
38.1393951,-0.7685857
38.1394731,-0.7681623
38.0882791,-0.7240692
38.0883223,-0.7252272
38.0881236,-0.7247985
38.0881771,-0.723579
38.0879349,-0.7239131
38.0887434,-0.7224837
38.0851686,-0.651475
38.0896896,-0.6546054
38.0903764,-0.6545701
38.0909351,-0.6548952
38.0904356,-0.6540723
38.0916703,-0.6548703
38.088961,-0.6544337
38.0902682,-0.6553342
38.1351058,-0.6866653
38.1349265,-0.6873375
38.141579,-0.6752466
38.1462349,-0.645626
38.1454168,-0.6458601
38.2552,-3.1313639
38.2549059,-3.1313484
38.2546637,-3.131343
38.2553362,-3.1304565
38.2411432,-3.0521769
38.2411493,-3.0521091
38.3282683,-3.1274906
38.3423596,-3.1036985
38.3611487,-3.0751883
38.3613001,-3.0731555
38.2528096,-2.8925728
38.3204574,-2.8960048
38.3214622,-2.893258
38.3215458,-2.8931515
38.3547331,-2.8032034
38.3534564,-2.8037238
38.3537203,-2.8034773
38.3557352,-2.8036543
38.35053,-2.7373374
38.3510168,-2.7384226
38.3489557,-2.7372192
38.2469334,-2.7256337
38.247546,-2.7256171
38.2977758,-2.6518331
38.3178196,-2.661156
38.3175996,-2.6610994
38.3174543,-2.6623432
38.3880316,-2.5832725
38.3901504,-2.5845029
38.3885275,-2.5824694
38.4150448,-2.6773303
38.4146816,-2.6780329
38.6604144,-3.0733023
38.7372997,-3.0129729
38.7364484,-3.0139578
38.7363658,-3.0138839
38.7363245,-3.0136832
38.7361864,-3.0135716
38.7360602,-3.0134322
38.6182814,-2.8064697
38.6182814,-2.8065806
38.6177253,-2.8063434
38.6173185,-2.8069411
38.9764648,-2.8847594
38.3661182,-2.1016418
38.4558277,-2.5158997
38.4984758,-2.416875
38.4669656,-2.2395644
38.4689774,-2.2362546
38.2308617,-1.6975863
38.5927667,-1.6889141
38.9492099,-2.3532117
38.9490567,-2.3539122
38.7269499,-2.0032923
38.7264822,-2.0017366
38.9025116,-1.9926664
38.902545,-1.9920226
38.8670726,-1.9237072
38.8669101,-1.9227152
38.9173433,-1.9207399
38.9179396,-1.9223924
38.9182508,-1.9194522999999999
38.9159853,-1.7237833
38.9177561,-1.7225939
38.9876673,-1.8618932
38.9902641,-1.8659137
38.9897305,-1.8655829
38.9895043,-1.8653878
38.9943325,-1.8714427
38.9950099,-1.873776
38.9959913,-1.8736494
38.9968532,-1.8687661
38.9964497,-1.8735291
38.9917044,-1.8660066
38.9909667,-1.8661252
38.9960452,-1.8620993
38.9960032,-1.8617726000000001
38.977408,-1.8550411
38.9826878,-1.8560172
38.9899741,-1.8567858
38.9900363,-1.8567562
38.9870427,-1.8612066
38.9862211,-1.8543513
38.9854834,-1.8537822
38.9861526,-1.8543342
38.9865648,-1.8545007
38.9853288,-1.8542097
38.9867492,-1.8537607
38.9841103,-1.8535604
38.989272,-1.848434
38.9958319,-1.8604444
38.9924993,-1.858965
38.9916704,-1.8560706
38.9955853,-1.8548426
38.9906575,-1.8564981
38.9914242,-1.8559177
38.9910548,-1.85612
38.9907305,-1.8562654
38.9946059,-1.8534198
38.9956302,-1.8529852
38.9941212,-1.8544547
38.9918671,-1.8513262
38.9924041,-1.8529669
38.9965663,-1.852675
38.9944122,-1.8538255
38.9944387,-1.8540672
38.9953363,-1.8535077
38.9946375,-1.8529583
38.9988428,-1.8646899
39.0008131,-1.8619063
39.0000009,-1.8622925
39.0005569,-1.8621867
39.0008677,-1.8624722
39.0068334,-1.869065
39.0040972,-1.8663125
39.0123767,-1.8783499
39.0127214,-1.8787612
39.0125229,-1.8790498
39.0132289,-1.879879
39.0126313,-1.8791571
39.0121016,-1.8785113
38.9993044,-1.8606002
38.9995953,-1.8552605
39.1194281,-3.3519798
39.1735943,-3.2360976
39.1479782,-3.0262332
39.1508994,-3.0166086
39.1530645,-3.0108558
39.1560413,-3.0226939
39.156169,-3.0226583
39.1560327,-3.022474
39.1587178,-3.0212363
39.1566012,-3.0225461
39.1550706,-3.0231026
39.1589107,-3.0210688
39.159032,-3.0207709
39.3663326,-3.3552305
39.3682922,-3.3545951
39.3683301,-3.3544898
39.3671992,-3.3546245
39.3915037,-3.2169768
39.3907713,-3.2092891
39.390611,-3.2104873
39.3104349,-3.0260345
39.4051749,-3.1265146
39.406144,-3.1241611
39.404659,-3.1257116
39.4052447,-3.1244771
39.404253,-3.1232811
39.4050613,-3.1248802
39.4054042,-3.1237955
39.2643339,-2.6046589
39.376498,-2.5724603
39.3759936,-2.5727353
39.3760008,-2.5719761
39.6247153,-3.334053
39.6248597,-3.3333552
39.6247414,-3.3333913
39.6248574,-3.3349841
39.6247706,-3.3340703
39.6149004,-3.2188325
39.6170464,-3.219012
39.5249855,-3.0752997
39.5253006,-3.075556
39.5254957,-3.0756149
39.5261231,-3.0761878
39.5134693,-2.9953916
39.5124905,-2.9962343
39.5982059,-3.1173769
39.597576,-3.1184358
39.7232696,-3.3050441
39.7237309,-3.3059021
39.7590227,-3.1659869
39.6727779,-3.0119789
39.6732135,-3.0131963
39.8416181,-2.9978799
39.6038832,-2.8262645
39.5581153,-2.7056195
39.59845,-2.6740034
39.7887671,-2.6949669
39.2063656,-2.1584872
39.2058693,-2.1588985
39.2058915,-2.1581905
39.2058695,-2.1580179
39.2050883,-2.1580033
39.2056888,-2.1586327
39.2048478,-2.1582418
39.1139351,-1.9961955
39.0541341,-1.8334847
39.3438421,-1.9282979
39.3429494,-1.9283171
39.3435571,-1.9281463
39.2371741,-1.8004925
39.3267832,-1.8478198
39.3262695,-1.8470065
39.734037,-2.4987302
39.6865944,-2.3799306
39.851437,-2.3606713
39.717593,-2.2195405
39.7162685,-2.2202899
39.7184629,-2.219038
39.7660132,-1.6875104
39.7665453,-1.6875957
38.2051773,-1.4000701
38.4746302,-1.3270939
38.4751225,-1.3265131
38.4746212,-1.324791
38.4760519,-1.3234914
38.2736529,-0.9281822
38.273718,-0.9282296
38.3390638,-1.0037025
38.4361533,-0.8390528
38.9632187,-1.444077
38.6146386,-1.1158497
38.6142615,-1.1153293
38.6141438,-1.1161859
38.6145794,-1.1156797
38.6124244,-1.1105826
38.611699,-1.1106432
38.6117561,-1.1113188
38.7052026,-0.9873644
38.8688275,-1.0958202
38.2120188,-0.6837142
38.2592569,-0.7090586
38.2588972,-0.7082585
38.2604108,-0.7017996
38.2580644,-0.7032004
38.258529,-0.7039051
38.2587732,-0.7049106
38.2654482,-0.7085565
38.2654767,-0.7087128
38.26906,-0.7100811
38.2680416,-0.7080628
38.2699373,-0.7078463
38.2705128,-0.7089666
38.2719572,-0.7105428
38.2662944,-0.7042837
38.2679485,-0.7026943
38.2673958,-0.6966618
38.2645566,-0.6955811
38.2664446,-0.6955723
38.2661049,-0.6962099
38.2662363,-0.695827
38.2650799,-0.699098
38.2650624,-0.6989246
38.2650992,-0.6987575
38.2651576,-0.6985051
38.2674094,-0.6967943
38.2707121,-0.7043961
38.2701107,-0.7052084
38.284388,-0.688591
38.2698197,-0.6809265
38.3467982,-0.7688306
38.3461527,-0.76947
38.3469247,-0.7680617
38.3473111,-0.7683617
38.3469634,-0.7681363
38.347098,-0.7684304
38.3477131,-0.767511
38.3469702,-0.7691431
38.3437127,-0.7662035
38.3847576,-0.7672706
38.3847366,-0.7672084
38.3812941,-0.7686104
38.385368,-0.7656193
38.3851328,-0.7657654
38.3817787,-0.7627688
38.3856118,-0.7643282
38.3853926,-0.7654322
38.3850059,-0.7662451
38.3847382,-0.7652114
38.3856145,-0.7643076
38.3856107,-0.7643166
38.3806378,-0.7302362
38.3804478,-0.7305718
38.1905454,-0.5562197
38.1926916,-0.561756
38.1925152,-0.5552608
38.1925856,-0.5558649
38.1917826,-0.5551921
38.1913026,-0.5557608
38.1922468,-0.5559818
38.1915898,-0.5555699
38.191546,-0.555788
38.2730475,-0.5392241
38.2268353,-0.5237482
38.2325796,-0.5234372
38.2321345,-0.5236968
38.2922776,-0.6096162
38.2963337,-0.6125651
38.2939788,-0.5864002
38.2930491,-0.588704
38.2934658,-0.5875392
38.292516,-0.589461
38.3295452,-0.5139541
38.3303496,-0.5144609
38.3301213,-0.5147969
38.3290716,-0.5156609
38.3304534,-0.515133
38.3417827,-0.4984421
38.3412099,-0.4985933
38.3395093,-0.4933153
38.3402241,-0.4935199
38.3410723,-0.4977812
38.3408823,-0.4936696
38.340914,-0.4958049
38.3411109,-0.4874182
38.3418128,-0.4879078
38.3387277,-0.4911547
38.3392219,-0.4900272
38.3452891,-0.5188876
38.3436421,-0.5151798
38.3421305,-0.5142769
38.3453446,-0.5154459
38.3484873,-0.5127509
38.3443511,-0.5081166
38.3419357,-0.5083625
38.3446979,-0.5088051
38.3436923,-0.5089264
38.3444143,-0.508881
38.347911,-0.5002442
38.3429415,-0.498747
38.3428107,-0.4947396
38.3451867,-0.4924609
38.3453907,-0.4928402
38.3428764,-0.4940076
38.3430756,-0.4959923
38.342569,-0.4937967
38.3436405,-0.4941931
38.348055,-0.4947032
38.3481459,-0.4955551
38.3448688,-0.4933483
38.3480831,-0.4855961
38.3479136,-0.4849837
38.348174,-0.4853381
38.3481465,-0.4854164
38.3475461,-0.4870529
38.3476824,-0.4866893
38.3470172,-0.4884604
38.3462926,-0.4893964
38.3461166,-0.4899243
38.3456311,-0.4912135
38.3465198,-0.4903214
38.3419937,-0.4874947
38.3450615,-0.4902726
38.3465316,-0.4903609
38.3463818,-0.4912768
38.3473861,-0.485763
38.3422901,-0.4876801
38.3429964,-0.4899694
38.3440782,-0.4889417
38.3468915,-0.4889059
38.3522045,-0.4977767
38.3514936,-0.4974187
38.3514812,-0.4968929
38.3525591,-0.4859253
38.352389,-0.4857807
38.3440472,-0.4832378
38.3452184,-0.4838795
38.3463325,-0.4840938
38.3431315,-0.4841675
38.3603244,-0.4917654
38.3591865,-0.4859398
38.3658521,-0.4958866
38.3636842,-0.4939906
38.3626697,-0.4935399
38.3595211,-0.4846694
38.3606094,-0.4731884
38.3610078,-0.4777867
38.3628675,-0.483857
38.3624787,-0.473505
38.3620887,-0.4740986
38.3820337,-0.513088
38.3819194,-0.5130365
38.3939828,-0.5190523
38.3912311,-0.5203229
38.3865177,-0.5094589
38.3906857,-0.5048617
38.3912047,-0.5056789
38.3728074,-0.4871053
38.3872318,-0.4909777
38.3661356,-0.4704564
38.3654803,-0.4709949
38.3669644,-0.4702729
38.365914,-0.4327223
38.3647208,-0.4313375
38.3648646,-0.4310529
38.3649426,-0.4308142
38.3650539,-0.4304754
38.3654574,-0.4295348
38.3639818,-0.4314956
38.3633412,-0.4314743
38.3667175,-0.4285982
38.3673763,-0.4246527
38.4723553,-0.7974446
38.4748788,-0.7957306
38.4773559,-0.7947678
38.475297,-0.793817
38.4751767,-0.7943824
38.4758932,-0.7937455
38.4768431,-0.7883609
38.476665,-0.7888616
38.4785363,-0.7913996
38.4786083,-0.7911488
38.480854,-0.7855858
38.4822702,-0.7798147
38.4844244,-0.7723273
38.5355868,-0.8197642
38.5376774,-0.8181759
38.5372207,-0.8183909
38.5367445,-0.8186194
38.5364835,-0.8187225
38.5375838,-0.817972
38.5365971,-0.8188873
38.5940458,-0.6699602
38.394699,-0.5199969
38.3970829,-0.5230065
38.3967684,-0.5236989
38.3966188,-0.5242316
38.3972406,-0.5225608
38.3959489,-0.5212305
38.3989464,-0.5188382
38.3970015,-0.5220683
38.3979227,-0.521357
38.3976938,-0.5228799
38.3981144,-0.5207862
38.3955301,-0.5208478
38.3961984,-0.4339743
38.3990842,-0.4346559
38.3990062,-0.4348993
38.3989344,-0.4348911
38.3983509,-0.4344243
38.3956116,-0.4337424
38.5323969,-0.5754558
38.5406133,-0.50683
38.5410733,-0.5066179
38.3680183,-0.4139498
38.3680565,-0.4134635
38.3684312,-0.4139615
38.3696471,-0.4123455
38.388489,-0.4113214
38.4272531,-0.4031309
38.4216656,-0.3917804
38.5044896,-0.2376919
38.5055067,-0.2357204
38.5081527,-0.2312167
38.5066342,-0.2314806
38.5062265,-0.231623
38.5065993,-0.2305565
38.5065145,-0.2308081
38.50717,-0.2319586
38.5116858,-0.2273836
38.507712,-0.2286491
38.5326437,-0.1632915
38.5417521,-0.1320488
38.5436485,-0.1326092
38.5407552,-0.1349197
38.5426334,-0.133266
38.5366722,-0.1278825
38.5362002,-0.1297097
38.5358816,-0.1299463
38.5357305,-0.1300816
38.5364598,-0.126545
38.5367549,-0.1205722
38.5372261,-0.1220008
38.5357664,-0.1126887
38.5345713,-0.1076484
38.5351332,-0.1091728
38.5388539,-0.129964
38.5417023,-0.1248152
38.5770269,-0.1006332
38.5725608,-0.0750985
38.572939,-0.0660525
38.5733401,-0.0655423
38.5788371,-0.1013962
38.5941642,-0.0532905
38.6015848,-0.0552943
38.6007489,-0.048321
38.6004084,-0.0489162
38.6022484,-0.0471557
38.6021459,-0.046953
38.6011281,-0.0479458
38.6031007,-0.0462944
38.6030575,-0.0450118
38.6027458,-0.0450866
38.603242,-0.0447839
38.6037606,-0.0440441
38.7843897,-0.7848378
38.7171881,-0.6577937
38.7190204,-0.6555288
38.7171975,-0.6571097
38.7193925,-0.6545696
38.6949583,-0.4850035
38.6908214,-0.4752934
38.6974168,-0.4841742
38.6972379,-0.4842158
38.6990887,-0.480836
38.6965369,-0.4768064
38.6961191,-0.4769726
38.6960831,-0.4774733
38.7012636,-0.4779374
38.6969169,-0.4757255
38.6964472,-0.4769184
38.697404,-0.47515810000000003
38.6966463,-0.476644
38.7014653,-0.4781069
38.6974123,-0.4739945
38.708176,-0.4655495
38.7649979,-0.610726
38.7654077,-0.6106776
38.7122389,-0.4657156
38.7089036,-0.4675323
38.7405665,-0.440382
38.7417823,-0.4402234
38.7799647,-0.5157212
38.7809301,-0.4396907
38.7807201,-0.4384569
38.7808255,-0.4387616
38.8745266,-0.7511811
38.8739087,-0.7521451
38.8746855,-0.7520954
38.8749096,-0.752521
38.8751602,-0.7525692
38.9797701,-0.6872275
38.9802713,-0.6872426
38.9794531,-0.6871291
39.0212564,-0.6452343
39.0210591,-0.6465246
38.8246228,-0.6025212
38.8248566,-0.6026293
38.8230643,-0.5993477
38.8226044,-0.5988497
38.823169,-0.5472705
38.8780628,-0.5899992
38.8397244,-0.5198993
38.8395601,-0.5179456
38.8391045,-0.5199336
38.8383033,-0.5171709
38.8342294,-0.4971819
38.834512,-0.4969282
38.8343775,-0.4971503
38.8407629,-0.5187885
38.8410393,-0.5189507
38.8880417,-0.4955413
38.8877457,-0.4962545
38.961737,-0.5839435
38.9716887,-0.5894342
38.9890774,-0.524358
38.9885279,-0.5245318
38.9437644,-0.4435025
38.9442629,-0.4435972
38.9432221,-0.4440126
38.990445,-0.5227089
38.9891271,-0.5237795
38.6086664,-0.2714162
38.6084509,-0.2719203
38.7761568,-0.391266
38.6224869,-0.1314644
38.6145163,-0.1258242
38.6128959,-0.1263761
38.6163933,-0.1250681
38.6120978,-0.126864
38.6141484,-0.1262473
38.6144199,-0.1259622
38.6499012,-0.1219156
38.6504376,-0.1217382
38.6501928,-0.1217063
38.6766681,-0.1125161
38.60427,-0.0481515
38.6041771,-0.0445805
38.7394026,-0.012374
38.7410447,-0.0117403
38.7408833,-0.0106434
38.7399923,-0.0121047
38.7797009,-0.1031341
38.7804968,-0.0636574
38.7798347,-0.0627285
38.7801689,-0.0635264
38.9326236,-0.2572926
38.8412986,-0.1160819
38.8412679,-0.1159531
38.9669003,-0.1928429
38.9703894,-0.1850577
38.9696608,-0.185331
38.9662776,-0.1864558
38.968396,-0.1856584
38.965725,-0.185395
38.9659556,-0.1845956
38.9656211,-0.1848339
38.9659102,-0.1843092
38.96677,-0.1899076
38.9652914,-0.1810033
38.9650463,-0.1814732
38.9655025,-0.1820921
38.9652007,-0.182062
38.9655265,-0.1822987
38.9650005,-0.1811379
38.9685112,-0.1809761
38.9207212,-0.1182491
38.9215054,-0.1204701
38.9204736,-0.118137
38.923017,-0.1192322
38.9203627,-0.1149176
38.9205563,-0.1179376
38.9198543,-0.1155825
38.9686069,-0.152571
38.9720239,-0.1775282
38.991913,-0.1611055
38.9913461,-0.1608585
38.9923146,-0.1610139
39.2666737,-1.5506092
39.2868304,-1.4699382
39.2876644,-1.4701565
39.1060718,-1.0513545
39.229344,-1.0621069
39.243472,-0.9403275
39.5365195,-1.5940806
39.5197446,-1.1547499
39.5201435,-1.1541016
39.487899,-1.1011562
39.4882071,-1.1012254
39.4882039,-1.1005368
39.4877385,-1.100126
39.48766,-1.1006138
39.4875463,-1.0964635
39.7336121,-1.2302351
39.7322624,-1.2296133
39.7488591,-0.9963001
39.1311984,-0.7870983
39.0690154,-0.5682058
39.1227107,-0.4512418
39.2140172,-0.5263653
39.1514051,-0.4367511
39.1500437,-0.4383
39.1499179,-0.4388895
39.1505629,-0.4383177
39.151396,-0.4381178
39.1518539,-0.4380412
39.1509863,-0.4374642
39.1478394,-0.4310098
39.153121,-0.4298609
39.1489633,-0.4308547
39.1987405,-0.5047484
39.1938817,-0.506098
39.1950098,-0.5073963
39.1967104,-0.5072976
39.1968171,-0.506839
39.1950639,-0.5074336
39.1983207,-0.5044814
39.1982116,-0.5044149
39.1857351,-0.4785642
39.1859715,-0.477591
39.1900577,-0.4374932
39.1907639,-0.4364393
39.1914616,-0.4375986
39.1912828,-0.4373355
39.189998,-0.4376585
39.1911313,-0.4360241
39.1914179,-0.4325435
39.1951788,-0.438074
39.384468,-0.8088216
39.4166019,-0.7878646
39.4169787,-0.7883247
39.4170449,-0.7884758
39.4176331,-0.7896738
39.423991,-0.7914477
39.2852137,-0.4260757
39.2838064,-0.4253608
39.284666,-0.4259411
39.3636851,-0.4605315
39.3624606,-0.4618696
39.3685088,-0.4466795
39.428398,-0.478774
39.428959,-0.478258
39.429199,-0.47835
39.432079,-0.472883
39.430214,-0.475046
39.431919,-0.473332
39.433563,-0.476814
39.4317602,-0.4734866
39.4324943,-0.4760478
39.4346169,-0.4778253
39.433647,-0.473575
39.4301636,-0.4758896
39.432533,-0.472225
39.435669,-0.467811
39.4348357,-0.4686774
39.4351782,-0.4681497
39.433838,-0.470295
39.433392,-0.470925
39.435776,-0.467756
39.43251,-0.469469
39.4362694,-0.4658918
39.4353088,-0.4673649
39.435846,-0.4671785
39.4355264,-0.467029
39.434317,-0.4688951
39.4361451,-0.4637939
39.4364881,-0.4661201
39.436832,-0.465267
39.438519,-0.462731
39.439362,-0.46032
39.4390039,-0.4617374
39.43803,-0.463261
39.4348292,-0.4378476
39.4357865,-0.4368077
39.4341583,-0.435969
39.4339149,-0.4351898
39.4348624,-0.4341237
39.0714918,-0.2676694
39.0725199,-0.2659748
39.0715217,-0.2652723
39.071655,-0.2650709
39.0719681,-0.267427
39.0730651,-0.2628373
39.0353626,-0.2162957
39.0356775,-0.2146967
39.032715,-0.2161457
39.1584175,-0.3536911
39.197171,-0.3694079
39.1641519,-0.2549763
39.1638839,-0.2552243
39.164281,-0.2547897
39.1637864,-0.2553291
39.165321,-0.2440276
39.1663395,-0.2441357
39.1992124,-0.3124134
39.2026488,-0.3110509
39.2024097,-0.3107425
39.2023827,-0.3118288
39.2032494,-0.3106881
39.2013445,-0.3104537
39.2012463,-0.3104147
39.2015502,-0.3090348
39.2018121,-0.310266
39.2020034,-0.3120872
39.2025096,-0.310099
39.2030593,-0.3105909
39.2031555,-0.310585
39.2004603,-0.3053285
39.1842022,-0.2197007
39.2927167,-0.4129794
39.2930741,-0.4141751
39.2453998,-0.2644205
39.2764586,-0.2781685
39.2765133,-0.2785243
39.3621432,-0.4132483
39.3634657,-0.4117735
39.3577637,-0.41143420000000003
39.3659659,-0.4092176
39.3971168,-0.4128275
39.4025949,-0.4037427
39.4026365,-0.4041058
39.4229889,-0.3954394
39.4236823,-0.3975498
39.4231101,-0.3879271
39.4220832,-0.389576
39.4210042,-0.3401628
39.472279,-0.7175255
39.5419528,-0.5435153
39.460663,-0.4628207
39.4619054,-0.46284
39.4594649,-0.4634749
39.4651306,-0.4605244
39.4651631,-0.4607438
39.4631658,-0.4626653
39.4630742,-0.4626598
39.4639522,-0.462365
39.4649443,-0.461762
39.4646299,-0.4587297
39.470945,-0.4673646
39.4932414,-0.4648796
39.4929326,-0.464601
39.4926649,-0.4625518
39.4824096,-0.4462031
39.4767073,-0.4210905
39.4829311,-0.4419265
39.4828423,-0.4419106
39.4822814,-0.4446962
39.4832315,-0.4415953
39.482248,-0.4451963
39.4823548,-0.4410037
39.5270138,-0.4868581
39.5271436,-0.4878665
39.5096561,-0.4515818
39.5097827,-0.4516885
39.5003118,-0.4395291
39.4996244,-0.4389331
39.502162,-0.4409507
39.5022179,-0.4407415
39.5024134,-0.4415333
39.5030519,-0.4415068
39.5024531,-0.441278
39.5946843,-0.5870079
39.5937885,-0.5851646
39.5942779,-0.5857984
39.5940924,-0.5853639
39.5663112,-0.5296567
39.5649516,-0.5307225
39.5655299,-0.530087
39.56413,-0.5289865
39.5662628,-0.5307204
39.5664803,-0.5291686
39.5664435,-0.5293268
39.5660629,-0.5300455
39.5904071,-0.5547057
39.5920585,-0.5553521
39.5918276,-0.5518689
39.5918483,-0.5520285
39.5917181,-0.5516128
39.5920529,-0.553603
39.5927433,-0.5539356
39.5930967,-0.5539329
39.6273111,-0.5957387
39.561363,-0.5007271
39.5609823,-0.5006932
39.8487662,-0.4885637
39.8495482,-0.4879059
39.4546979,-0.4038858
39.4555493,-0.4025425
39.4620516,-0.3983698
39.4476894,-0.3868668
39.4480786,-0.3893999
39.4484977,-0.3896856
39.4474057,-0.3801118
39.4534639,-0.3897417
39.4525551,-0.3890819
39.4554521,-0.3908045
39.4550315,-0.3910993
39.4532874,-0.3922336
39.4530108,-0.3743822
39.4530454,-0.374966
39.4522788,-0.37597969999999997
39.4539286,-0.3752436
39.4507713,-0.371892
39.459322,-0.3882924
39.4676072,-0.3922183
39.4667324,-0.3893017
39.4682103,-0.380385
39.4661881,-0.3863746
39.467205,-0.3804264
39.4670559,-0.3805272
39.4656746,-0.3813215
39.4630157,-0.3864369
39.4686845,-0.3843874
39.4666771,-0.3828083
39.4604118,-0.3745594
39.4608482,-0.3708447
39.4614337,-0.3712879
39.4679214,-0.3792412
39.4677001,-0.3783999
39.469064,-0.3763102
39.4690548,-0.3765173
39.4679484,-0.3768399
39.4646221,-0.373754
39.468694,-0.3783957
39.4684596,-0.3739364
39.4688645,-0.3771099
39.4686865,-0.3783493
39.4656107,-0.3740388
39.4662522,-0.3724307
39.4634799,-0.3719903
39.4646359,-0.3728073
39.4658733,-0.3721212
39.4653941,-0.3718475
39.4634497,-0.3673234
39.4668449,-0.3700284
39.4739458,-0.4172206
39.4733162,-0.4157729
39.4740597,-0.4175552
39.4716585,-0.4192089
39.4727318,-0.4122897
39.4696892,-0.4028152
39.4715126,-0.3988037
39.4718166,-0.3989305
39.4717945,-0.3986874
39.4804942,-0.3944782
39.4804283,-0.393595
39.4787225,-0.3949996
39.480656,-0.3949329
39.4801997,-0.3959078
39.4788581,-0.3982389
39.485648,-0.3969893
39.4854018,-0.3975932
39.4921968,-0.4014952
39.4924809,-0.4016286
39.4915678,-0.401028
39.4927237,-0.3945051
39.4929677,-0.3941797
39.4742663,-0.3869307
39.4750198,-0.3890355
39.4695135,-0.3897585
39.4694328,-0.3902804
39.4711132,-0.3898482
39.4741534,-0.3881199
39.4708155,-0.3857276
39.4706318,-0.3848742
39.4690851,-0.3845153
39.4713453,-0.3860985
39.4710844,-0.3859227
39.4714661,-0.3840361
39.4804506,-0.3912181
39.4728924,-0.3799646
39.4712948,-0.3773816
39.4705459,-0.3754761
39.4713212,-0.3776116
39.4697562,-0.3788727
39.4705239,-0.3782673
39.4715412,-0.3771916
39.4706982,-0.3740036
39.4708171,-0.3735799
39.4704903,-0.3737029
39.4703237,-0.374073
39.4702934,-0.3742823
39.4718834,-0.3772565
39.4693254,-0.3739842
39.469092,-0.3748239
39.473421,-0.3780767
39.4737108,-0.3779719
39.4729281,-0.3795793
39.4716596,-0.3687289
39.4724345,-0.3678626
39.4711938,-0.3728395
39.4710786,-0.3730157
39.4712811,-0.3726566
39.4713312,-0.3722068
39.470966,-0.3728156
39.4711676,-0.3723978
39.4715155,-0.3719351
39.4712343,-0.3724356
39.4713857,-0.371919
39.4814575,-0.3709894
39.4941485,-0.3833267
39.4923229,-0.3827312
39.493738,-0.3813885
39.4913482,-0.3841317
39.4877678,-0.3736697
39.4822163,-0.3702605
39.4824948,-0.3702094
39.4834877,-0.3699827
39.4837927,-0.3698088
39.4932732,-0.3795986
39.4952828,-0.3740141
39.4928031,-0.3737351
39.4921987,-0.3740636
39.4924636,-0.3735688
39.4901074,-0.3752243
39.4931957,-0.378717
39.4951051,-0.3718504
39.4618799,-0.3626054
39.45762,-0.3616425
39.4675344,-0.3669162
39.4635696,-0.3663027
39.4634801,-0.3658705
39.4626456,-0.3635956
39.4596882,-0.3505312
39.4597156,-0.3509206
39.4619119,-0.3443385
39.4593067,-0.3459734
39.4662422,-0.3531785
39.4646421,-0.3476796
39.4684914,-0.3475349
39.4647076,-0.3479167
39.46741,-0.3507427
39.4678902,-0.3497148
39.4627216,-0.3442098
39.4628755,-0.3441532
39.46332,-0.3451137
39.4642205,-0.3464565
39.4610614,-0.3357049
39.4613217,-0.3366235
39.4605449,-0.3349805
39.4673892,-0.3395449
39.4625689,-0.3307767
39.4661764,-0.3291883
39.4670951,-0.3290348
39.4701746,-0.3576114
39.4700607,-0.3575463
39.4714364,-0.3549318
39.4724817,-0.3568608
39.4712292,-0.3586354
39.4771476,-0.3634481
39.4759578,-0.3627967
39.4811043,-0.3630122
39.4783885,-0.358892
39.4816693,-0.3565117
39.4801199,-0.3574249
39.4797941,-0.3569761
39.4803011,-0.3555466
39.4731963,-0.3478893
39.4738107,-0.3529699
39.4749256,-0.3528554
39.4732686,-0.3471236
39.4738349,-0.3456981
39.4741959,-0.3469333
39.4732237,-0.3435915
39.4698626,-0.34370270000000003
39.4698159,-0.3466083
39.4691514,-0.345714
39.4813866,-0.3440874
39.4815391,-0.3441475
39.48555,-0.3604482
39.4857383,-0.361679
39.4862181,-0.3618108
39.4830102,-0.3644098
39.4859458,-0.359476
39.4889025,-0.3604501
39.4912711,-0.3658462
39.4918936,-0.3664772
39.4889592,-0.3586963
39.4888592,-0.3601539
39.4801706,-0.3279541
39.4780028,-0.3279421
39.4844339,-0.3266113
39.5017258,-0.4192543
39.5095979,-0.4100363
39.5087191,-0.4108871
39.5084308,-0.4104594
39.5085792,-0.4110088
39.4966697,-0.3771337
39.4954047,-0.371654
39.5282841,-0.4121609
39.5319985,-0.4117342
39.5289,-0.4119771
39.5451396,-0.3936067
39.5446329,-0.3850293
39.5458122,-0.3846535
39.5367198,-0.3704979
39.5361924,-0.3707788
39.4972275,-0.3519681
39.4975821,-0.3513852
39.4978207,-0.3511148
39.5124245,-0.3559914
39.5129731,-0.3550633
39.5541811,-0.3397975
39.5575916,-0.3261373
39.5576651,-0.3264128
39.570602,-0.3314315
39.570694,-0.3312015
39.5716258,-0.3307293
39.5710817,-0.3309338
39.5705848,-0.3314287
39.5781625,-0.328202
39.5780303,-0.3278513
39.5772688,-0.3275045
39.5778597,-0.3271675
39.5636853,-0.2846094
39.5886949,-0.3079772
39.6174631,-0.3080887
39.6171402,-0.3064283
39.6168321,-0.306147
39.6173897,-0.307713
39.7121255,-0.3483006
39.7128768,-0.34782
39.6817088,-0.2783388
39.6637616,-0.2321591
39.6599926,-0.2232607
39.662389,-0.2279747
39.6624983,-0.2276829
39.6591763,-0.2218005
39.6630202,-0.2197013
39.6628801,-0.2198352
39.6628823,-0.2199734
39.6616893,-0.2211321
39.6619664,-0.2189449
39.6658164,-0.2301655
39.6660745,-0.2306319
39.6668644,-0.2340321
39.6794859,-0.2199086
39.7260889,-0.2646904
39.7266409,-0.2647429
39.82047,-0.2329651
39.8212861,-0.2324523
39.8281654,-0.2339766
39.8231518,-0.2304648
39.7687501,-0.2068037
39.7828304,-0.1881278
39.781848,-0.1876691
39.7819365,-0.1873954
39.8073053,-0.1458073
39.807877,-0.1464564
39.8075198,-0.1461202
39.8541001,-0.154606
39.8539332,-0.1540206
39.8519931,-0.1549789
39.853156,-0.1552858
39.8537776,-0.1548787
39.8535732,-0.1549055
40.0693789,-6.6564843
39.9854932,-6.5365695
39.9855341,-6.5366687
39.984037,-6.5347357
39.9874397,-6.5381835
39.9875834,-6.5382563
39.9878994,-6.5381072
39.9871043,-6.5379895
39.9153136,-6.4097971
39.9736348,-6.3157762
40.2217404,-6.5764129
40.2236483,-6.5757017
40.2375718,-6.5969133
40.1479529,-6.413973
40.0888187,-6.3481443
40.0890987,-6.3489519
40.0888476,-6.3487117
40.0893058,-6.3499217
40.088728,-6.3493227
40.08884,-6.3488046
40.2016755,-6.4073597
39.9761152,-6.2675215
40.016855,-6.1028798
40.013367,-6.1057451
40.0256709,-6.0950093
40.0289298,-6.0884277000000004
40.0300373,-6.0890309
40.0290006,-6.0881522
40.0297637,-6.0869717
40.0299941,-6.0868947
40.029207,-6.0880175
40.0294524,-6.0873173
40.0291534,-6.0876511
40.0301037,-6.0867747
40.0316226,-6.0840369
40.0292577,-6.087501
40.0294193,-6.087558
40.0300615,-6.0865772
40.0303221,-6.0861848
40.0333913,-6.0895246
40.033506,-6.0893095
40.0330146,-6.0845246
39.9780667,-6.0464673
39.9782877,-6.0464005
39.9811965,-6.0439167
39.9812706,-6.0439093
39.981321199999996,-6.0434403
40.0392376,-6.0812132
40.0395926,-6.0806671
40.082209,-6.2478289
40.17623,-6.2234868
40.1897123,-6.1873012
40.1907226,-6.1885937
40.1071858,-5.9057072
40.1072065,-5.90522
40.203668,-5.9609947
40.2588179,-5.9297676
40.3845507,-6.6072738
40.4290715,-6.6758635
40.4287584,-6.6754662
40.484304,-6.6946233
40.3020948,-6.3334169
40.5970192,-6.5341213
40.597434,-6.5341693
40.5989671,-6.5330042
40.5985232,-6.533016
40.5973479,-6.5322647
40.5965898,-6.5327187
40.5970014,-6.5333742
40.4891085,-6.1103173
40.4886842,-6.1097605
40.4902617,-6.1111876
40.48964,-6.1119097
40.3235989,-5.9714684
40.4352237,-6.0327941
40.4358422,-6.0325078
40.4656377,-6.0408566
40.4842672,-5.9983287
40.4842686,-5.9978047
40.6585017,-6.1055727
40.6585922,-6.1061937
40.6573409,-6.1055043
40.6575636,-6.1063288
40.4923378,-6.0524158
40.5223687,-6.0643872
40.5103312,-6.0114493
40.5063175,-5.9060726
40.0517004,-5.8208951
40.0587184,-5.7538626
40.0600968,-5.7530568
40.0605735,-5.7522928
40.0603568,-5.7527999
40.060214,-5.7527828
40.0601902,-5.7531834
40.0600543,-5.7535656
39.8911402,-5.5412469
40.1180557,-5.8505564
40.1179743,-5.8484312
40.1111304,-5.7765267
40.1116707,-5.7758098
40.1766909,-5.83119
40.1766194,-5.8312979
40.1058452,-5.7247775
40.1063084,-5.7244799
40.1061013,-5.7243629
40.128414,-5.7004407
40.1280544,-5.7011225
40.1276125,-5.7007313
40.1780473,-5.8292313
40.1768953,-5.8309522
40.1930443,-5.807681
40.1982632,-5.7703168
40.2736849,-5.859144
40.2730731,-5.8599387
40.273373,-5.8586612
40.2225314,-5.7514361
40.1218696,-5.6065482
40.1230854,-5.6065757
40.1213943,-5.6071194
40.1270822,-5.6585187
40.1279875,-5.6592071
40.1266926,-5.658616
40.1271214,-5.6585352
40.1270157,-5.6587307
40.1224976,-5.4961984
40.130197,-5.4636016
40.1307858,-5.4590359
39.9176049,-5.1749067
39.9171156,-5.1748276
39.91783,-5.1750601
40.154896,-5.2413235
40.1551792,-5.2414082
40.2103313,-5.087827
40.2096799,-5.0897357
40.3192192,-5.8579842
40.3664567,-5.7422683
40.3684134,-5.7439277
40.3859204,-5.7651098
40.3855223,-5.7640959
40.3856624,-5.7634845
40.3857354,-5.7638744
40.3853295,-5.762467
40.3853152,-5.7622551
40.3854206,-5.7632753
40.3856014,-5.7633027
40.3858115,-5.763508
40.3853199,-5.7642811
40.3849158,-5.7561475
40.46886,-5.7208283
40.4693078,-5.7201447
40.4694241,-5.7199891
40.4444441,-5.677527
40.3564858,-5.5250807
40.357058,-5.5252965
40.357381,-5.5249552
40.3576263,-5.5247415
40.3581097,-5.5240438
40.4864333,-5.6097176
40.5556261,-5.6737288
40.5563455,-5.6733426
40.5570384,-5.6721463
40.5574818,-5.673021
40.5589864,-5.6728779
40.5570404,-5.6730886
40.5580885,-5.673066
40.6704548,-5.288197
40.8496523,-6.7073058
40.8923054,-6.305509
41.0724424,-6.6653696
41.0083947,-6.4362263
41.0079909,-6.4357569
41.0074939,-6.435494
41.0083678,-6.43511
41.0081143,-6.4352119
41.0079118,-6.4347963
40.7783146,-5.8768887
40.8252759,-5.94265
40.8258542,-5.9437523
41.0878939,-6.0026917
41.162752,-6.6897242
41.2176419,-6.6154295
41.2180656,-6.6168337
41.2179849,-6.61874
41.2181771,-6.618733
41.3654152,-6.1120837
41.365487,-6.1122023
41.3653993,-6.1122483
41.3653329,-6.112742
41.4893826,-6.1381159
40.827633,-5.5152546
40.8270707,-5.5140999
40.8277826,-5.5128296
40.8270047,-5.5135841
40.8269238,-5.5134361
40.8279186,-5.5141451
40.9603848,-5.7463625
40.9472973,-5.6720133
40.9556362,-5.6882854
40.9548936,-5.6795555
40.9503495,-5.6704722
40.9622404,-5.6625033
40.9670478,-5.6784361
40.9694539,-5.6691848
40.9687234,-5.6671383
40.9668764,-5.6623989
40.9667751,-5.6655919
40.9661648,-5.6629987
40.9680629,-5.6680089
40.9657586,-5.6639106
40.9679986,-5.6639713
40.9681786,-5.6637382
40.9695964,-5.6655174
40.9671442,-5.6633958
40.9673754,-5.6667265
40.9672962,-5.6638754
40.9666235,-5.6641375
40.9720357,-5.6710421
40.9711711,-5.6704196
40.9758562,-5.6743936
40.9732711,-5.6701977
40.9703864,-5.6747174
40.9703803,-5.6633878
40.9712647,-5.6655773
40.972787,-5.668677
40.9719731,-5.663516
40.9785652,-5.6671786
40.979964,-5.6639711
40.9986434,-5.6958052
41.0864599,-5.7029869
40.9333383,-5.6507198
40.9335218,-5.6506888
40.9327434,-5.6515498
40.9327678,-5.6516397
40.9326887,-5.6512696
40.942959,-5.6575602
40.9488524,-5.6621436
40.9502825,-5.6277463
40.9502884,-5.627963
40.9502803,-5.6271264
40.9503079,-5.6290252
40.950316,-5.6291819
40.9654745,-5.6605249
40.9649195,-5.6582235
40.9695634,-5.6608426
40.9696754,-5.6612779
40.9681799,-5.6588267
40.9665718,-5.6617279
40.9663693,-5.6599576
40.969086,-5.6602642
40.9673371,-5.6607243
40.9664807,-5.6507038
40.965307,-5.6531705
40.9681865,-5.6506879
40.9645806,-5.653849
40.9648242,-5.6535867
40.9645748,-5.6540248
40.9706099,-5.6586749
40.9711593,-5.6583586
40.9720571,-5.6619995
40.971942,-5.6578967
40.9723353,-5.657357
40.972067,-5.6578068
40.9725787,-5.6572038
40.9725966,-5.6575024
40.9744189,-5.6564403
40.9734908,-5.6598451
40.9747585,-5.6556165
40.9753839,-5.6557218
40.9757664,-5.6548043
40.9754719,-5.6550405
40.9700408,-5.6544388
40.9743182,-5.6555019
40.9704654,-5.6535291
40.9674801,-5.6489722
40.9766021,-5.6138076
40.9895986,-5.6448417
40.9898957,-5.644322
40.9905388,-5.6421813
41.0063472,-5.6495961
41.0091046,-5.649213
41.0084806,-5.6475964
41.0064309,-5.6473287
40.9788422,-5.6098086
40.9454064,-5.5509771
41.0189734,-5.5936385
41.0741542,-5.5679605
41.0435536,-5.5370352
41.0438824,-5.5375358
40.7701184,-5.4227778
40.7488581,-5.2860043
40.8303296,-5.2861277
40.8309273,-5.2848869
40.9021343,-5.2008236
40.9010402,-5.2007837
41.0649631,-5.0910821
41.4448575,-5.7344008
41.4451365,-5.734104
41.445052,-5.7340289
41.4446197,-5.7340933
41.5052277,-5.7494048
41.5051994,-5.748747
41.5071085,-5.7414971
41.5068415,-5.741511
41.5065418,-5.7422376999999996
41.5060805,-5.7426172
41.5053986,-5.7429786
41.513371,-5.7487656
41.5125207,-5.7524318
41.5072698,-5.7419906
41.5075656,-5.7428365
41.5075446,-5.7427365
41.5097577,-5.742766
41.5075854,-5.7429031
41.5044937,-5.737872
41.5105735,-5.7380919
41.5116277,-5.7406851
41.432078,-5.5679472
41.3299183,-5.0800769
41.3309048,-5.0812597
41.3309471,-5.0816373
41.3304169,-5.080471
39.9558624,-4.8431828
39.9581672,-4.8398333
39.9602117,-4.8308278
39.9670637,-4.8336132
39.9637705,-4.8246735
39.9622629,-4.8253139
39.9629486,-4.8272893
39.9622069,-4.8288431
39.9623947,-4.8280518
39.9619495,-4.8280144
39.9618846,-4.8263484
39.9624595,-4.8267376
39.9629549,-4.8251593
39.978113,-4.976776
40.0098546,-4.8823839
40.0229365,-4.8658136
39.9639172,-4.8201274
39.9664454,-4.8232742
39.9646025,-4.814621
39.9644177,-4.8149425
39.9639586,-4.8149854
39.9632539,-4.8116982
39.9126185,-4.679983
40.1754873,-4.849273
40.2602454,-5.0168888
40.2431025,-4.9104465
40.276922,-4.8525922
40.1012998,-4.6861084
40.101117,-4.685101
40.1369525,-4.69064
39.9436854,-4.438385
39.976424,-4.5043015
40.0246788,-4.4283426
40.0242332,-4.4287376
40.0240111,-4.4278901
40.0239283,-4.4276987
39.8648425,-4.3602465
39.8633156,-4.3605367
39.8631504,-4.3609775
39.8632902,-4.3585458
39.8634219,-4.3585164
39.8639079,-4.3597534
39.9566661,-4.4033569
39.9254732,-4.349104
40.0128012,-4.3256196
39.982163,-4.2818417
39.9821813,-4.2815653
39.9814607,-4.2834397
39.9812497,-4.2823999
40.0520568,-4.2086188
40.0519767,-4.2085624
40.0533487,-4.2093156
40.0530525,-4.2097262
40.2340209,-4.3910859
40.2332021,-4.3909578
40.2338659,-4.3911192
40.2341443,-4.3907268
40.2779298,-4.3045223
40.2957447,-4.8373609
40.2965754,-4.8382997
40.4139587,-4.7857648
40.4121348,-4.7083797
40.4095636,-4.7080042
40.4111026,-4.7080632
40.6508535,-4.7034647
40.6490137,-4.6978915
40.6538373,-4.6954644
40.6546982,-4.6957704
40.654609,-4.6977323
40.6546922,-4.6943061
40.6546871,-4.695881
40.6543985,-4.6949608
40.6545133,-4.695521
40.6558998,-4.6995134
40.6580364,-4.6926036
40.6537913,-4.6886251
40.6552573,-4.6898239
40.6553358,-4.6903564
40.6561371,-4.6891498
40.6500721,-4.6754591
40.3016593,-4.4400231
40.3026916,-4.4414059
40.4114268,-4.4972376
40.3612415,-4.4008891
40.3612073,-4.4008187
40.3615247,-4.3999776
40.3589039,-4.3346742
40.3595019,-4.3344869
40.3845386,-4.2508786
40.5022315,-4.4232189
40.5022837,-4.4234272
40.5013745,-4.4231541
40.594127,-4.410908
40.6026733,-4.3341331
40.6028024,-4.3328105
40.6035584,-4.3301944
39.8639252,-4.0411722
39.8670487,-4.0315818
39.8665322,-4.0309297
39.8667468,-4.031006
39.8670698,-4.0305953
39.8685154,-4.0318148
39.8686017,-4.0296918
39.8656702,-4.0269242
39.8661829,-4.0295361
39.8669771,-4.0302014
39.8667461,-4.029183
39.87392,-4.0360028
39.8729973,-4.0352591
39.8725448,-4.036223
39.8725007,-4.0273796
39.8729965,-4.0288054
39.8738872,-4.0294739999999996
39.8707012,-4.0270457
39.87084,-4.0271336
39.8712565,-4.0274186
39.8690729,-4.0249564
39.8689391,-4.0257911
39.8759363,-4.0352108
39.8783823,-4.036522
39.8789117,-4.0359171
39.8766672,-4.0318255
39.8818177,-4.0333193
39.8763774,-4.0332994
39.8761761,-4.0354214
39.9448919,-3.9869016
39.9461644,-3.9862855
40.0522774,-3.9919642
40.0529354,-3.9924828
40.0530931,-3.9921635
39.8843043,-3.9742648
39.8648116,-3.95288
39.8636258,-3.9553777
39.8674077,-3.9453094
39.8674067,-3.9460602
39.8675837,-3.944813
39.867761,-3.9444358
39.8633582,-3.9430993
39.8678072,-3.9443117
40.0075638,-3.9474338
40.0271146,-3.9126637
40.0274722,-3.9098389
40.0268235,-3.9120954
40.0416286,-3.9027411
40.0415136,-3.9019526
40.0232565,-3.8588316
40.0249835,-3.8589325
40.0251218,-3.8597963
40.0441722,-3.8351768
40.0462127,-3.8353023
40.0902095,-3.9669266
40.0892113,-3.9671166
40.1138657,-3.925094
40.1134407,-3.924106
40.1137565,-3.9215955
40.1152482,-3.9249448
40.1155867,-3.9243627
40.0881024,-3.8734465
40.0888499,-3.8726675
40.0881973,-3.8728472
40.0887986,-3.8724449
40.0931879,-3.8694095
40.1239467,-3.8476927
40.1235531,-3.8480443
40.1258094,-3.848201
40.1246445,-3.848581
40.1262599,-3.8459531
40.1705521,-3.8299084
40.1709043,-3.8315002
40.269737,-3.9205645
40.2689501,-3.9192172
40.1908944,-3.8395996
40.2129912,-3.8522017
40.2126808,-3.852486
40.186896,-3.7781438
40.2011372,-3.8002374
40.1999969,-3.797734
40.2007508,-3.7990721
40.2524976,-3.8289631
40.2529816,-3.8278671
40.2520452,-3.8294486
40.2519542,-3.829276
40.2522518,-3.8293011
40.2621141,-3.8490801
40.2554181,-3.8251492
40.2816294,-3.8026818
40.2769609,-3.8019813
40.2772079,-3.8018266
40.2798721,-3.7975282
40.2803965,-3.7952936
40.2772543,-3.7909828
40.2755241,-3.7922756
40.2794892,-3.7891844
40.0690553,-3.7388408
40.0692339,-3.7388531
40.0295333,-3.6066937
40.0318494,-3.6036073
40.0318567,-3.6039139
40.0319732,-3.602775
40.0325543,-3.6038503
40.0307481,-3.6037678
40.0297639,-3.6038796
40.0312755,-3.6035261
40.0342307,-3.6034126
40.0327551,-3.6021396
40.033634,-3.6034316
40.0335996,-3.603676
40.0335053,-3.6022225
40.0330575,-3.602657
40.0336897,-3.597777
40.0354356,-3.5974132
39.9571232,-3.5001393
39.9589857,-3.4997266
39.9572626,-3.4995556
39.9579847,-3.4983456
39.9579185,-3.4988423
39.9573494,-3.4993695
40.104179,-3.6976308
40.1587681,-3.6184621
40.1365588,-3.5715204
40.2281152,-3.7514439
40.2283337,-3.7535084
40.180963,-3.6838335
40.1812123,-3.6842977
40.1817451,-3.6837961
40.1842037,-3.6817918
40.1919418,-3.6757697
40.2344624,-3.7731173
40.2302462,-3.7734282
40.2415913,-3.7693971
40.241364,-3.7694941
40.2393968,-3.7686541
40.2382386,-3.7704038
40.239388,-3.7692817
40.2417557,-3.7703819
40.2394194,-3.7646788
40.2396132,-3.7646574
40.236661,-3.7678706
40.2303027,-3.7528527
40.2302211,-3.7524251
40.2308059,-3.7504889
40.2707004,-3.7631518
40.2712898,-3.7629024
40.2708254,-3.7636105
40.2423899,-3.6997414
40.2423673,-3.6988621
40.2416265,-3.6980009
40.2421901,-3.6976569
40.2423935,-3.6982352
40.242746,-3.6993282
40.2457312,-3.6968795
40.2427308,-3.699439
40.2428122,-3.6997167
40.2443574,-3.6998831
40.2440944,-3.6998733
40.2441606,-3.6998752
40.2438856,-3.699856
40.2430574,-3.7001508
40.2426482,-3.6995345
40.2444915,-3.6998598
40.2508782,-3.6963548
40.2408958,-3.6919882
40.2486753,-3.6948184
40.2462442,-3.6952018
40.2122216,-3.5811519
40.2082474,-3.5732989
40.2081936,-3.5730093
40.2093655,-3.5714738
40.2091723,-3.5711505
40.2091947,-3.5707716
40.1087012,-3.3887833
40.1087722,-3.3888292
40.1093416,-3.3890224
40.1084306,-3.388228
40.1082371,-3.3879006
40.1403674,-3.4218691
40.1404258,-3.421384
40.1403373,-3.4217238
40.2285032,-3.4364897
40.2296742,-3.4367917
40.2980333,-4.1100886
40.2981074,-4.1098725
40.2981075,-4.1093159
40.3456154,-4.0270618
40.3464388,-4.0268652
40.3459105,-4.0263062
40.3475996,-4.0281416
40.3472973,-4.0282444
40.4680407,-4.1243246
40.4052924,-3.9973011
40.4012713,-3.9957741
40.3113328,-3.9243725
40.3217577,-3.8808959
40.3213429,-3.8806824
40.325593,-3.8843811
40.3258659,-3.8837452
40.328594,-3.8840886
40.357914,-3.907252
40.3506719,-3.8933188
40.3578369,-3.901914
40.3577296,-3.9016325
40.357653,-3.9014749
40.3572977,-3.9009146
40.3581601,-3.9033621
40.35842,-3.9035217
40.35682,-3.9027874
40.3566182,-3.9031109
40.3569518,-3.9031062
40.3507663,-3.8820501
40.3007856,-3.8380395
40.297402,-3.8374203
40.2957112,-3.8327787
40.3174643,-3.8742326
40.3195325,-3.8734237
40.3209468,-3.8667255
40.3178849,-3.869124
40.3195852,-3.873115
40.3197098,-3.8636347
40.3186871,-3.8618457
40.3159882,-3.8561757
40.3209198,-3.8598658
40.3199564,-3.8566898
40.3274742,-3.8745079
40.3214245,-3.8668887
40.3299426,-3.8677742
40.3267818,-3.8623707
40.3231003,-3.8665618
40.3270979,-3.8607883
40.3231021,-3.8640899
40.3222298,-3.8648577
40.3228673,-3.8636709
40.3272225,-3.8545271
40.3245253,-3.8562498
40.3274246,-3.8546838
40.3292237,-3.8664173
40.3318037,-3.8635348
40.3280688,-3.8608211
40.328188,-3.860298
40.3282994,-3.8605682
40.3277664,-3.8624408
40.3280997,-3.8604721
40.3309253,-3.8569656
40.3282612,-3.8600235
40.3197046,-3.8507833
40.3309651,-3.8370929
40.2823732,-3.8086971
40.2832144,-3.8094431
40.2837824,-3.8095019
40.2824104,-3.8023822
40.2826764,-3.8043224
40.2859493,-3.8022766
40.2852337,-3.8046503
40.2841407,-3.802591
40.2849698,-3.801365
40.2900713,-3.8031949
40.2900053,-3.8042658
40.2914099,-3.8016032
40.2882887,-3.8076196
40.2899203,-3.8032816
40.2990586,-3.8093713
40.296717,-3.8096052
40.2967331,-3.8019503
40.2831851,-3.7952434
40.287574,-3.7997838
40.2830316,-3.8002216
40.2831213,-3.8005215
40.2877003,-3.8009041
40.2829028,-3.7941882
40.287036,-3.7913247
40.2826477,-3.7936979
40.2866593,-3.7906301
40.2827266,-3.7939878
40.2853789,-3.7929553
40.2828621,-3.7939601
40.2843603,-3.7909597
40.2847551,-3.7936456
40.2844906,-3.7940179
40.2843014,-3.7942861
40.2835854,-3.7887468
40.2837159,-3.7895868
40.2928754,-3.7967789
40.2935494,-3.7970599
40.2892378,-3.7918737
40.2930074,-3.7901337
40.2936851,-3.789952
40.2928226,-3.7881901
40.2900023,-3.7916812
40.2858984,-3.7863806
40.2925393,-3.7857884
40.2929994,-3.7859749
40.2940634,-3.7831958
40.2948989,-3.7967729
40.2953183,-3.7967702
40.3167317,-3.7868905
40.317583,-3.7863965
40.3171678,-3.7866375
40.3164194,-3.7870618
40.3162629,-3.7863305
40.3343351,-3.8773172
40.3383916,-3.8657544
40.3381115,-3.864536
40.3390521,-3.8353825
40.3387154,-3.8348142
40.3385845,-3.8345629
40.3379232,-3.8330977
40.3447596,-3.8151904
40.3440817,-3.8175777
40.347029,-3.8097651
40.3492954,-3.8244702
40.3482366,-3.8084561
40.3487086,-3.8106428
40.348279,-3.8094785
40.3590396,-3.7814559
40.3588302,-3.7810385
40.3588438,-3.7811108
40.379528,-3.7920042
40.3786967,-3.7788302
40.3786917,-3.779838
40.3785343,-3.7797586
40.3786307,-3.7792088
40.3786772,-3.7788305
40.4059204,-3.896039
40.4057196,-3.8959004
40.4056173,-3.895651
40.4058582,-3.8761725
40.4059172,-3.8756506
40.4078459,-3.8797206
40.3996362,-3.8381845
40.4102123,-3.7968531
40.4107671,-3.7970615
40.4346967,-3.8144603
40.4348977,-3.8145006
40.4350809,-3.8151618
40.4373595,-3.817988
40.4349132,-3.8148426
40.4355169,-3.8139973
40.4353027,-3.8131079
40.4362425,-3.8093189
40.4346021,-3.8021457
40.4340489,-3.8038619
40.4192546,-3.7970952
40.4194181,-3.7972584
40.4197935,-3.7974374
40.4320722,-3.7924224
40.4367567,-3.7955725
40.4369026,-3.7952631
40.4370557,-3.7949514
40.4359061,-3.798658
40.4362006,-3.7980688
40.4372747,-3.7946141
40.4368167,-3.7969641
40.4370719,-3.7964302
40.4370143,-3.7965521
40.4379588,-3.7945484
40.4366107,-3.7973476
40.4376066,-3.7952526
40.4374612,-3.7956103
40.437853,-3.7933178
40.452757,-3.8674287
40.4526335,-3.8680172
40.4639946,-3.866905
40.4630529,-3.8666838
40.4562196,-3.8658603
40.4701494,-3.8719532
40.4715786,-3.8714076
40.4710156,-3.8715259
40.4670035,-3.8707263
40.4704503,-3.8711248
40.4741725,-3.8739874
40.4717871,-3.8683201
40.4722268,-3.8683533
40.4736688,-3.8723645
40.4738216,-3.871058
40.4742184,-3.8721744
40.4724299,-3.8719447
40.4737518,-3.8703537
40.4741668,-3.8720702
40.474024,-3.8713593
40.4738544,-3.8720601
40.4733615,-3.8722559
40.474123,-3.8613156
40.4840578,-3.867993
40.4898812,-3.8771164
40.4901977,-3.8706851
40.4719871,-3.8494564
40.4471514,-3.801878
40.4470271,-3.8026516
40.4468742,-3.8030929
40.4469568,-3.8028932
40.4444648,-3.7895918
40.4443136,-3.7899646
40.4451771,-3.7866733
40.4451588,-3.7874379
40.4451597,-3.7873715
40.4517449,-3.7848555
40.4583191,-3.7836567
40.4646651,-3.7842449
40.4589593,-3.7840107
40.4592073,-3.7841175
40.4677937,-3.8142815
40.5397719,-4.1620502
40.5915221,-4.147412
40.5917076,-4.1481349
40.5911044,-4.1459739
40.5918935,-4.1476797
40.5833342,-4.1306361
40.5842475,-4.1314791
40.5843536,-4.1292141000000004
40.5842692,-4.1314322
40.5009431,-4.0678894
40.5607754,-4.0178636
40.5588197,-4.0168253
40.576456,-4.0034758
40.5755816,-4.0033776
40.5771934,-4.0045473
40.5768405,-4.0057626
40.5773339,-4.0046881
40.5777697,-4.0036534
40.5771117,-4.0038945
40.5775872,-4.0035068
40.5775125,-4.0034851
40.5769865,-4.0037526
40.6724629,-4.0896861
40.673731,-4.0907366
40.6270647,-4.0185393
40.6287849,-4.0079836
40.6279475,-4.0079714
40.6277211,-4.0083257
40.6290393,-4.0083409
40.6266384,-4.0057362
40.6323312,-4.0044307
40.6306697,-4.0054825
40.6296727,-4.0066248
40.629926,-4.0067098
40.6292778,-4.0075198
40.631568,-4.0044887
40.6316448,-4.0048393
40.6314036,-4.0051179
40.6314632,-4.0052823
40.6316804,-4.0073133
40.6466828,-3.9938405
40.644222,-3.9910624
40.6722381,-4.0892971
40.6600861,-4.0260135
40.6573682,-4.0244256
40.6579247,-4.0246602
40.6592008,-4.0238195
40.6927204,-4.0263601
40.6932744,-4.0250449
40.5009376,-3.8874075
40.5065899,-3.8951918
40.5062473,-3.893325
40.5069556,-3.8943494
40.5182441,-3.92267
40.520507,-3.8949128
40.5203071,-3.8966812
40.5224314,-3.8929752
40.519764,-3.895643
40.5207274,-3.8926293
40.5247196,-3.8847912
40.579277,-3.9553908
40.5787561,-3.9538673
40.5787848,-3.9539858
40.552386,-3.8960379
40.5751374,-3.9289555
40.5766632,-3.9310348
40.4923571,-3.8738124
40.4923318,-3.8732578
40.492287,-3.875198
40.4925973,-3.8737675
40.491931,-3.8730819
40.4921947,-3.8729988
40.4915216,-3.8714329
40.4920813,-3.8726098
40.4920287,-3.872451
40.491764,-3.8720092
40.4915896,-3.8721995
40.519867,-3.7767536
40.520617,-3.7770837
40.6221493,-3.9063138
40.6217953,-3.9064646
40.6794138,-3.9725174
40.6776432,-3.9728362
40.6800435,-3.9713496
40.6675251,-3.7769988
40.6674311,-3.7767568
40.6674982,-3.776809
40.2952345,-3.7531601
40.2933088,-3.7452689
40.3044203,-3.73652
40.3045758,-3.7367265
40.305098,-3.7310483
40.3077264,-3.7277173
40.3259468,-3.7714636
40.3247894,-3.7714636
40.3267811,-3.7711525
40.3268956,-3.7704658
40.3267156,-3.7699455
40.3247831,-3.7670509
40.3262414,-3.7621762
40.3275166,-3.7638209
40.3272693,-3.7637748
40.3264146,-3.7626763
40.331616,-3.7710666
40.3316751,-3.771142
40.3324017,-3.7728597
40.3328442,-3.7660426
40.3319329,-3.7619238
40.3305159,-3.7651993
40.3283324,-3.7638859
40.3285024,-3.7639156
40.3278509,-3.7650066
40.3284043,-3.7655103
40.3210754,-3.7529369
40.3284548,-3.7587422
40.3287159,-3.7592857
40.3333632,-3.7532424
40.3097923,-3.7321532
40.3092611,-3.7292666
40.3100437,-3.7284447
40.3129171,-3.7276892
40.318836,-3.7244097
40.3040613,-3.7047775
40.3245721,-3.7184438
40.325917,-3.7217868
40.3349425,-3.7694532
40.3345858,-3.7694393
40.3343494,-3.7694925
40.3350851,-3.7694542
40.3355606,-3.755195
40.342839,-3.7498961
40.3428562,-3.7494557
40.34286,-3.7490831
40.3362238,-3.7405062
40.3366532,-3.7388643
40.3506336,-3.7234981
40.364004,-3.762226
40.3627819,-3.7597993
40.362176,-3.7580917
40.3620656,-3.7563
40.3623701,-3.7522284
40.3770582,-3.7686953
40.3785867,-3.7734433
40.3785621,-3.7692974
40.3838947,-3.7651877
40.3744255,-3.7512393
40.3750143,-3.7507188
40.3734842,-3.7508614
40.386562,-3.7591739
40.3836895,-3.7473292
40.3835447,-3.747406
40.3852055,-3.7455672
40.3738765,-3.7331554
40.3741863,-3.7327902
40.3863102,-3.7281633
40.3860726,-3.7276945
40.385553,-3.7279108
40.385959,-3.7272201
40.3461245,-3.7100679
40.3462595,-3.7094315
40.3387505,-3.7088952
40.346293,-3.7092853
40.346742,-3.7064237
40.3469308,-3.706528
40.3524323,-3.6972443
40.3522688,-3.7010897
40.3520507,-3.6990151
40.35951,-3.6964622
40.3594009,-3.6964479
40.3566617,-3.6938186
40.3599315,-3.6940519
40.357683,-3.6897709
40.3562646,-3.6959266
40.3574302,-3.6891433
40.3582441,-3.6891936
40.3541637,-3.6887402
40.3700716,-3.7089641
40.3706992,-3.6972657
40.3850131,-3.712288
40.3814156,-3.7139544
40.3855237,-3.7094966
40.3827954,-3.711114
40.3852598,-3.7116581
40.3852691,-3.71168
40.3755688,-3.6987629
40.3860283,-3.7034253
40.3860235,-3.7032103
40.3862008,-3.7034333
40.3829761,-3.7079794
40.3856519,-3.7084759
40.3864811,-3.7018386
40.3861345,-3.702549
40.3608961,-3.6941509
40.3668862,-3.6905477
40.3735182,-3.6907943
40.3737561,-3.6911236
40.383922,-3.670803
40.3596806,-3.6620312
40.3608218,-3.6621913
40.3609648,-3.662314
40.365797,-3.654203
40.3781594,-3.6690318
40.3862064,-3.6662973
40.3862748,-3.6659139
40.3857779,-3.6663423
40.3816227,-3.6572046
40.3816221,-3.6575125
40.3668235,-3.6224904000000002
40.3863155,-3.6409854
40.3810938,-3.6366045
40.3798322,-3.6266791
40.3783983,-3.6242621
40.3789699,-3.6281969
40.3744536,-3.6201034
40.3797231,-3.6209347
40.379437,-3.6192403
40.3796587,-3.6195978
40.3783355,-3.6233717
40.3784016,-3.6234862
40.3809376,-3.6249962
40.3800339,-3.6216176
40.3707087,-3.6128846
40.3678476,-3.6131292
40.364042,-3.5993737
40.3650548,-3.6013546
40.3684171,-3.59916
40.3758636,-3.6046202
40.3799402,-3.6057197
40.3849303,-3.6090174
40.3840733,-3.6104839
40.3810049,-3.6059436
40.3814968,-3.6061385
40.3630081,-3.5899673
40.3870587,-3.7652899
40.3947487,-3.7686236
40.3973598,-3.7738477
40.3977931,-3.7720376
40.395668,-3.7645954
40.395093,-3.7671725
40.3952296,-3.7679877
40.3965221,-3.7655441
40.3963645,-3.7656417
40.3931953,-3.7671279
40.3964122,-3.7654266
40.3965657,-3.7652201
40.3961286,-3.7650473
40.3918619,-3.7553077
40.3867202,-3.7593296
40.3927145,-3.7558218
40.3926267,-3.7555532
40.3876123,-3.7561451
40.3895888,-3.7523947
40.3906926,-3.753884
40.3870075,-3.7435124
40.3872677,-3.7432824
40.3885625,-3.74005
40.3914847,-3.7377537
40.3912975,-3.7373787
40.3916809,-3.7420771
40.3893494,-3.7369683
40.3956702,-3.7440121
40.3885937,-3.7309565
40.3897498,-3.7301543
40.3871427,-3.7341359
40.3918627,-3.7262686
40.3912644,-3.7278439
40.3910857,-3.7274618
40.3921032,-3.7258059
40.3933976,-3.7240838
40.4006312,-3.7461175
40.4049972,-3.7460583
40.4026668,-3.7453286
40.405027,-3.7441338
40.4075432,-3.7475363
40.4108446,-3.7357105
40.4123106,-3.7317759
40.4121851,-3.7319499
40.4123885,-3.7314331
40.4140767,-3.7259379
40.4136376,-3.7273363
40.4135689,-3.7278806
40.4246038,-3.7255332
40.3979483,-3.7167031
40.3956921,-3.7110264
40.3954284,-3.7111157
40.3964794,-3.7151298
40.396923,-3.7153006
40.3958627,-3.7152976
40.397064,-3.7145415
40.3972212,-3.7148634
40.3890755,-3.7007854
40.3978016,-3.7047632
40.3986514,-3.705879
40.3945158,-3.7085423
40.3946971,-3.7089506
40.3991053,-3.7007295
40.3989471,-3.7009017
40.3971482,-3.6983144
40.3991053,-3.7012365
40.4024302,-3.7132926
40.405083,-3.7120651
40.4057042,-3.7117659
40.4018267,-3.7126041
40.4020759,-3.7121373
40.4021842,-3.7119308
40.4047381,-3.7128804
40.4121819,-3.719575
40.4114612,-3.7094244
40.411489,-3.7097257
40.4096844,-3.7130166
40.4004244,-3.7028588
40.403254,-3.7062839
40.4037901,-3.7075095
40.4034422,-3.7076069
40.4045323,-3.7048901
40.404057,-3.7054665
40.4036826,-3.7068223
40.4049613,-3.701739
40.4034105,-3.6968298
40.4011969,-3.6983517
40.4036098,-3.6971298
40.4015606,-3.699549
40.4024195,-3.7002433
40.4060744,-3.6993059
40.4118548,-3.7082225
40.4117751,-3.7059197
40.4087032,-3.7013161
40.4085446,-3.7008184
40.4126694,-3.6994807
40.3906553,-3.6947333
40.3914286,-3.6944765
40.3923001,-3.6933526
40.3957157,-3.6960173
40.3982538,-3.6944339
40.3951359,-3.6955739
40.3956033,-3.6947487
40.3981592,-3.6944448
40.3994112,-3.6898021
40.3954061,-3.6953017
40.3986407,-3.6849677
40.392464,-3.6789682
40.3938066,-3.6789031
40.3988984,-3.670711
40.3940573,-3.6758477
40.4031976,-3.6934118
40.4042265,-3.6933572
40.4024273,-3.6935589
40.4058558,-3.6935636
40.4037862,-3.6938107
40.4055719,-3.6936026
40.4053803,-3.6936425
40.4009417,-3.6937355
40.4006468,-3.6949523
40.4028765,-3.6921887
40.4029991,-3.6921627
40.4014809,-3.6881482
40.4065208,-3.6934992
40.4039078,-3.6804187
40.4057882,-3.6801418
40.4026776,-3.6779449
40.405975,-3.6700292
40.4032294,-3.6733393
40.4026971,-3.6758847
40.4025927,-3.6759869
40.4076276,-3.6796314
40.4072013,-3.6792208
40.4070819,-3.6803638
40.406883,-3.6741231
40.406952,-3.6747307
40.4096025,-3.6702245
40.409957,-3.6701078
40.4073503,-3.6747227
40.4073688,-3.6749033
40.4067869,-3.6729342
40.4068163,-3.6732516
40.4074004,-3.6703819
40.4068215,-3.6732291
40.4095528,-3.6702265
40.4066167,-3.6712304
40.4068031,-3.6732412
40.4136755,-3.7172076
40.4156013,-3.709523
40.4223326,-3.7221023
40.4220614,-3.7217733
40.4246975,-3.7117841
40.4234116,-3.7105533
40.4258844,-3.7130804
40.4177059,-3.7084882
40.4162686,-3.7053452
40.4164841,-3.70436
40.4163896,-3.7052034
40.4148828,-3.7053699
40.4176582,-3.7078082
40.4135155,-3.7080041
40.4163599,-3.7055037
40.4180163,-3.7042386
40.4159605,-3.6970951
40.4152683,-3.6970294
40.4166928,-3.6986621
40.4184442,-3.699657
40.4191917,-3.6996144
40.4129216,-3.6999661
40.419308,-3.6985902
40.4183467,-3.6986073
40.4190226,-3.698939
40.4216695,-3.7077648
40.421942,-3.7082201
40.4209992,-3.7074627000000002
40.4210457,-3.7080645
40.4220818,-3.7084506
40.4226042,-3.7092707
40.4254177,-3.7010689
40.4194396,-3.6980825
40.4196894,-3.6999494
40.419784,-3.7004013
40.4243078,-3.6981616
40.422299,-3.6997299
40.4294965,-3.7202664
40.4301135,-3.717402
40.4304314,-3.717418
40.4301684,-3.7172345
40.4273237,-3.7183013
40.4319986,-3.7167625
40.4314473,-3.7172964
40.4282749,-3.7192178
40.4291215,-3.7203417
40.4266901,-3.7176784
40.4266005,-3.7175904
40.4296299,-3.7198701
40.4300548,-3.7176158
40.4305329,-3.7170615
40.4285185,-3.718185
40.4273322,-3.7182816
40.428691,-3.7151266
40.4303419,-3.7117315
40.427979,-3.7145836
40.4313258,-3.7158636
40.4302334,-3.7138058
40.4292004,-3.7157211
40.4302206,-3.7103291
40.43455,-3.7165867
40.435535,-3.7165238
40.4325687,-3.716917
40.4346929,-3.7168472
40.4330031,-3.7114035
40.4388669,-3.7142169
40.4365478,-3.7143826
40.435443,-3.7142337
40.4355011,-3.7156012
40.4374345,-3.711328
40.438818,-3.7124943
40.4389062,-3.7145791
40.4387596,-3.7108491
40.4318226,-3.7075164
40.4316439,-3.7075343
40.4301761,-3.7071302
40.42966,-3.702856
40.4293328,-3.7063643
40.4306015,-3.7087835
40.431158,-3.7050379
40.4300494,-3.705838
40.4319979,-3.7053373
40.4289675,-3.7029715
40.4315634,-3.7036872
40.4320444,-3.7047296
40.4295777,-3.707217
40.4264213,-3.7012019
40.4312616,-3.6996528
40.4309631,-3.6999947
40.42933,-3.7018007
40.4314414,-3.6970287
40.4302571,-3.6969199
40.4304359,-3.7004833
40.4290672,-3.701495
40.432088,-3.6985472
40.4317671,-3.6989337
40.4300845,-3.6997104
40.4286557,-3.6996607
40.4320674,-3.6980208
40.4288721,-3.7006344
40.433862,-3.7088664
40.4350043,-3.7045282
40.4357346,-3.704121
40.4356126,-3.7044815
40.4325963,-3.7074544
40.4326227,-3.7079392
40.4335241,-3.704921
40.434571,-3.6996498
40.434504,-3.7011732
40.4351245,-3.6981919
40.4365454,-3.6996476
40.4366572,-3.6996856
40.43443,-3.7015413
40.4369129,-3.6993648
40.4382695,-3.6992283
40.4382598,-3.6989265
40.435124,-3.6979381
40.4358842,-3.6993852
40.4171362,-3.6946366
40.4172265,-3.6906311
40.4162554,-3.6919202
40.4185423,-3.6961126
40.4158695,-3.6922457
40.4256306,-3.6909727
40.4218088,-3.692572
40.4223692,-3.6922625
40.4219559,-3.692485
40.4252529,-3.6960992
40.4194987,-3.6909152
40.4220262,-3.6927161
40.4250975,-3.6914071
40.4222361,-3.6911756
40.4229885,-3.690796
40.4199241,-3.6955576
40.4254289,-3.6855095
40.4205566,-3.6881487
40.4215234,-3.6842206
40.4212478,-3.6872931
40.4250523,-3.6845783
40.4255034,-3.6843248
40.422323,-3.6858536
40.4229712,-3.6880226
40.4253608,-3.684315
40.4242097,-3.684436
40.4183737,-3.6752611
40.4183553,-3.6747715
40.4183449,-3.6749417
40.4180907,-3.6760476
40.4168976,-3.6727348
40.41699,-3.6744025
40.4178053,-3.6760816
40.4246989,-3.6771222
40.4224692,-3.680036
40.4226371,-3.6801016
40.4218712,-3.6792568
40.4238151,-3.6827396
40.4237049,-3.6786098
40.4251044,-3.678491
40.4249046,-3.6814025
40.4248561,-3.6803904
40.421218,-3.673185
40.4245018,-3.6759605
40.4213491,-3.6757851
40.4212283,-3.6758221
40.423822,-3.6761929
40.4236975,-3.6749947
40.4212144,-3.6730129
40.4216504,-3.6753997
40.4269704,-3.6947675
40.4271486,-3.6951219
40.4262749,-3.693406
40.4271673,-3.69435
40.4274106,-3.6956461
40.4264317,-3.6936365
40.4268284,-3.6937173
40.4265593,-3.6931988
40.4296819,-3.6932568
40.4283977,-3.6946945
40.4301214,-3.6933952
40.4308064,-3.6923009
40.4287953,-3.688959
40.427492,-3.6841367
40.4301435,-3.6834892
40.4291345,-3.6873601
40.4302065,-3.6849732
40.4317545,-3.6855911
40.4307383,-3.6882694
40.4276878,-3.686728
40.4287176,-3.6836316
40.4339356,-3.6914943
40.4352856,-3.6930305
40.4352623,-3.6929995
40.4349579,-3.6914801
40.4326045,-3.6910676
40.4349978,-3.6917572
40.4360028,-3.691461
40.4363952,-3.691469
40.438218,-3.6918703
40.4330294,-3.6936647
40.4341145,-3.6922096
40.4324951,-3.6913788
40.4380343,-3.6944393
40.4356121,-3.691063
40.4365166,-3.6861865
40.434917,-3.68518
40.4361684,-3.685225
40.4375493,-3.6841172
40.4350717,-3.6895125
40.4262099,-3.6798695
40.4289588,-3.6825691
40.4303394,-3.680942
40.4304531,-3.6827553
40.430019,-3.6750476
40.4260123,-3.6741666
40.4274024,-3.6756962
40.4321436,-3.6728018
40.4294986,-3.6704715
40.4268211,-3.6706465
40.4271482,-3.6703053
40.4315059,-3.6721627
40.4285435,-3.6755818
40.4321882,-3.6736168
40.4316807,-3.6749403
40.4297446,-3.6755344
40.4297861,-3.6764933
40.427027,-3.671341
40.4373199,-3.6816159
40.4372611,-3.6783563
40.4349734,-3.6795183
40.4349138,-3.6797912
40.4342832,-3.6795884
40.4371903,-3.6774837
40.4350592,-3.6823854
40.432541,-3.6809931
40.4373492,-3.6816395
40.4346341,-3.679569
40.4388011,-3.6738169
40.4340078,-3.6735592
40.4348464,-3.674045
40.4339251,-3.6741017
40.4330564,-3.6732736
40.4344051,-3.6706435
40.4342837,-3.6709966
40.438455,-3.6751772
40.434941,-3.6751816
40.4649311,-3.7258628
40.4650719,-3.7258999
40.4753261,-3.7423669
40.4750498,-3.7389309
40.4757592,-3.7411994
40.4754063,-3.7394594
40.4746285,-3.728924
40.4395221,-3.7167994
40.4427345,-3.712805
40.4421289,-3.7137193
40.4423091,-3.7134327
40.4414094,-3.7135641
40.4394894,-3.7129389
40.4390784,-3.7112209
40.4401279,-3.7158098
40.4462332,-3.7121375
40.4465945,-3.710611
40.4462907,-3.7135868
40.446208,-3.713877
40.446137,-3.7142258
40.4464801,-3.7127531
40.4464497,-3.712892
40.4464982,-3.7125985
40.4493649,-3.7100653
40.4431041,-3.7024871
40.4472931,-3.7034754
40.4474345,-3.7036639
40.4505763,-3.703164
40.4468072,-3.7065713
40.4460735,-3.7037443
40.4460756,-3.7033504
40.4495391,-3.7033899
40.4496368,-3.7033712
40.4486089,-3.7035008
40.4495582,-3.7037906
40.4471005,-3.7045531
40.4460728,-3.7041772
40.4471859,-3.7033763
40.4489401,-3.7034793
40.4481196,-3.6966506
40.4578134,-3.7107507
40.4582383,-3.711188
40.4543087,-3.7154278
40.4567668,-3.707504
40.4567385,-3.7069131
40.4535734,-3.7031855
40.4540019,-3.7031137
40.4565142,-3.7081732
40.4533951,-3.7084268
40.4567732,-3.7075084
40.4564944,-3.706309
40.4571236,-3.7014489
40.4542643,-3.6963203
40.4546458,-3.6989848
40.45575,-3.7021837
40.4522064,-3.6963327
40.4613956,-3.7081244
40.4617981,-3.6976393
40.460394,-3.696656
40.4617576,-3.6975989
40.4618909,-3.6979832
40.4622258,-3.6973934
40.4620501,-3.6975086
40.4593406,-3.699459
40.4438651,-3.6959282
40.4477193,-3.6900396
40.4499041,-3.6954176
40.4500694,-3.695399
40.4506433,-3.6948825
40.4504156,-3.6949776
40.4472166,-3.6904744
40.4473395,-3.6903597
40.4470571,-3.6905072
40.4519016,-3.6898882
40.4519514,-3.6944885
40.450848,-3.6900867
40.4463913,-3.6844671
40.4501704,-3.6884042
40.4506756,-3.6873342
40.4516266,-3.6864774
40.4516922,-3.6870447
40.4402697,-3.6799935
40.4419909,-3.6784082
40.4416316,-3.6778213
40.441535,-3.6780201
40.441952,-3.6779592
40.44149,-3.6718959
40.4392884,-3.6736225
40.4421265,-3.675577
40.4429783,-3.6759089
40.4448579,-3.671125
40.4446313,-3.6760246
40.4441457,-3.6739903
40.4442016,-3.6750983
40.4445711,-3.6733302
40.4444431,-3.6735576
40.4444921,-3.6747441
40.443914,-3.6743304
40.445021,-3.6726006
40.4518983,-3.6808341
40.4489939,-3.6781418
40.4512581,-3.6778852
40.4460422,-3.6714518
40.4474806,-3.675277
40.4548084,-3.6909546
40.4568191,-3.6944227
40.4564833,-3.6925115
40.4561086,-3.6938327
40.4521666,-3.695326
40.458536,-3.6843947
40.4558069,-3.6874578
40.4586091,-3.6865151
40.4564415,-3.6887321
40.4642212,-3.6960063
40.4596609,-3.6945531
40.4621808,-3.6903145
40.4595504,-3.6938857
40.4594634,-3.692349
40.459054,-3.6941416
40.4596137,-3.6918056
40.45944,-3.6912411
40.4590355,-3.6938131
40.4603521,-3.6944451
40.4590136,-3.6948449
40.4645517,-3.6945029
40.4629986,-3.6914505
40.4609661,-3.6915757
40.4618455,-3.6903998
40.4595537,-3.6923266
40.4600195,-3.6905339
40.4586952,-3.6866375
40.4588419,-3.6833272
40.459005,-3.6860699
40.4586655,-3.6875153
40.4614461,-3.6879892
40.4606244,-3.6883463
40.4627087,-3.6875504
40.4634968,-3.6886583
40.4606686,-3.6891257
40.4620547,-3.6876116
40.4591657,-3.6887749
40.4594905,-3.6892729
40.4631738,-3.6871863
40.4569926,-3.6780946
40.4557736,-3.6815096
40.4550102,-3.6821813
40.4583185,-3.6803096
40.4568838,-3.6767626
40.4561602,-3.6773367
40.4580496,-3.6770982
40.4579906,-3.6777756
40.4537535,-3.6795195
40.4538858,-3.6793206
40.4584187,-3.6796966
40.4568936,-3.6798753
40.456326,-3.6808056
40.4541475,-3.6791894
40.4549483,-3.6737746
40.4545496,-3.6717634
40.4636394,-3.6800642
40.460188,-3.6775016
40.4622232,-3.6802077
40.4631425,-3.6714243
40.4587421,-3.6735562
40.4655457,-3.7210193
40.4675487,-3.7214935
40.46773,-3.7189991
40.4669025,-3.7212997
40.4758728,-3.719691
40.4757675,-3.7201767
40.4752356,-3.7160396
40.4725221,-3.7193138
40.4757132,-3.7098182
40.4755199,-3.710756
40.4745625,-3.712859
40.4743795,-3.7132138
40.4724635,-3.709914
40.4776668,-3.7134121
40.4778488,-3.7125626
40.4759284,-3.7136077
40.4776537,-3.71141
40.470752,-3.6979381
40.4705074,-3.6975573
40.4668841,-3.6969901
40.4769179,-3.7040126
40.4765311,-3.7038603
40.477612,-3.7039255
40.4766081,-3.7036844
40.4744297,-3.7031486
40.476569,-3.7041622
40.4769919,-3.7024695
40.4800879,-3.7180628
40.4819293,-3.7180006
40.4815323,-3.7189942
40.4813565,-3.7173412
40.4807682,-3.7208479
40.4801944,-3.7181437
40.4814675,-3.7204648
40.4796813,-3.7130065
40.4785803,-3.7127403
40.4821007,-3.7121525
40.482141,-3.7119509
40.4822143,-3.7112624
40.4869604,-3.717589
40.4869604,-3.7176668
40.4869624,-3.7175193
40.4869644,-3.7172243
40.4789732,-3.7050697
40.4842782,-3.7064869
40.4845125,-3.7065464
40.4841598,-3.7031189
40.4841719,-3.7078415
40.4826604,-3.70458
40.4786721,-3.7065009
40.4792042,-3.7078808
40.4792321,-3.7036067
40.4856168,-3.7035693
40.4870406,-3.7018191
40.4660692,-3.6904236
40.4708633,-3.6913327
40.4654261,-3.6926793
40.4653217,-3.6932292
40.4676518,-3.6862626
40.4686249,-3.6865874
40.4685356,-3.6865543
40.4696841,-3.6857312
40.4704551,-3.6857476
40.4687703,-3.6865771
40.4746778,-3.6876214
40.4782387,-3.6874753
40.4672162,-3.6750221
40.473206,-3.6755948
40.4752191,-3.6754729
40.482921,-3.6941024
40.4821281,-3.6936288
40.4783297,-3.6865485
40.4800143,-3.6862802
40.3961683,-3.665315
40.3955679,-3.6643024
40.3955098,-3.6635895
40.3971737,-3.6667445
40.3968973,-3.6662662
40.3959147,-3.6644057
40.397564,-3.6680734
40.3931587,-3.6591141
40.3937505,-3.6602495
40.3935069,-3.6597871
40.3948749,-3.6623994
40.3933517,-3.6595227
40.3891613,-3.6445455
40.3902524,-3.6470759
40.3876848,-3.6490574
40.39012,-3.6467794
40.3950484,-3.6495954
40.4031576,-3.6632957
40.4030411,-3.6598383
40.4116046,-3.668514
40.4118069,-3.6694792
40.4051729,-3.6510472
40.4052587,-3.6513664
40.4046143,-3.6512886
40.4061989,-3.6510783
40.4060376,-3.650684
40.4053401,-3.6511687
40.405237,-3.645548
40.4050366,-3.6495488
40.406009,-3.6500752
40.4032126,-3.6443946
40.4064767,-3.6512768
40.4103755,-3.6517498
40.4077247,-3.6533824
40.408365,-3.6529867
40.4104876,-3.654123
40.4104591,-3.6566712
40.407043,-3.6482167
40.4074063,-3.6473105
40.4065557,-3.6493918
40.3914348,-3.6417529
40.3903791,-3.6283676
40.3966402,-3.6225488
40.3978953,-3.6220084
40.3983728,-3.6225435
40.4044818,-3.6378837
40.4034792,-3.6430776
40.4029085,-3.6313428
40.4098615,-3.6416902
40.407989,-3.6365285
40.4080146,-3.6361477
40.4075714,-3.6368142
40.4082289,-3.6313804
40.4072394,-3.6283682
40.4175539,-3.6695664
40.4188061,-3.6688885
40.4168739,-3.6690668
40.4160726,-3.6690759
40.4161216,-3.669071
40.4206045,-3.6687849
40.4256459,-3.6683823
40.4252795,-3.6683706
40.4255084,-3.6692335
40.4247923,-3.6580437
40.4258014,-3.6618457
40.422741,-3.6556531
40.4234627,-3.655381
40.424888,-3.6534197
40.4242812,-3.6542513
40.4301497,-3.66497
40.4286537,-3.668029
40.4260727,-3.6650307
40.4261922,-3.6645252
40.4258961,-3.66516
40.4288188,-3.6676799
40.4290267,-3.6673038
40.4296537,-3.6659328
40.4266497,-3.6677912
40.4260533,-3.6578875
40.426624,-3.6581549
40.431818,-3.6587428
40.4319865,-3.65736
40.4378223,-3.6634877
40.4319296,-3.6557455
40.4320173,-3.6551017
40.4320494,-3.6548774
40.4321671,-3.6562282
40.432349,-3.652661
40.4311848,-3.6451739
40.4382564,-3.6513644
40.4388795,-3.6516414
40.4325175,-3.6513616
40.4367741,-3.6516265
40.4344399,-3.6565638
40.4329847,-3.648295
40.4336028,-3.6439567
40.4330249,-3.647993
40.4328152,-3.6493015
40.4338471,-3.6473315
40.4346932,-3.6451052
40.4192559,-3.6203865
40.4221432,-3.6272496
40.4223698,-3.6274125
40.4251657,-3.6291832
40.43079,-3.6406768
40.4308855,-3.6407542
40.4276506,-3.6395919
40.427962,-3.6429954
40.4317557,-3.6429441
40.4270607,-3.6333998
40.4378811,-3.6372999
40.4381266,-3.6376634
40.4382902,-3.6380322
40.4373888,-3.6373847
40.435548,-3.6427557
40.4336183,-3.6378262
40.4364858,-3.641434
40.4363722,-3.6416711
40.436439,-3.6415616
40.4387505,-3.6354236
40.4379268,-3.6371025
40.438863,-3.6349572
40.4389703,-3.6345604
40.4367912,-3.6369484
40.4344527,-3.6358315
40.4353336,-3.6364798
40.4353945,-3.6365204
40.4384012,-3.6366564
40.4312107,-3.6299835
40.4332445,-3.6254664
40.4333658,-3.625212
40.4386532,-3.617612
40.4041749,-3.605227
40.4060738,-3.6105213
40.4041372,-3.6043376
40.4219646,-3.6163897
40.4201636,-3.6136995
40.4195714,-3.6152954
40.4197561,-3.6158525
40.4255319,-3.6061548
40.4280992,-3.6162903
40.4274193,-3.61728
40.4283115,-3.61625
40.4265989,-3.6171676
40.428533,-3.6064353
40.4263214,-3.6046103
40.43656,-3.6100411
40.4269092,-3.6042573
40.4181714,-3.5710961
40.4191439,-3.5696324
40.4253015,-3.56664
40.4247257,-3.5686167
40.425344,-3.5662644
40.4257265,-3.5679583
40.444012,-3.6693411
40.4436556,-3.6685589
40.4451739,-3.6684997
40.4419419,-3.66359
40.4407574,-3.6627692
40.4477937,-3.6641203
40.4470907,-3.6698849
40.4478017,-3.6659639
40.4464826,-3.6681835
40.4466098,-3.6662768
40.4475303,-3.6693056
40.4473312,-3.6666598
40.445684,-3.6689361
40.4469886,-3.6700121
40.4467926,-3.6698879
40.4474333,-3.6675433
40.4476622,-3.6674392
40.4470877,-3.667626
40.4486127,-3.6569756
40.4419923,-3.654986
40.4421678,-3.6544319
40.4390874,-3.6543817
40.4393732,-3.6537331
40.4426017,-3.6539269
40.4434036,-3.6525961
40.4396966,-3.6448355
40.4486021,-3.6511587
40.4500659,-3.6512209
40.4485249,-3.6512137
40.4510348,-3.6519678
40.4499858,-3.6512253
40.4509593,-3.6500776
40.4474207,-3.6500876
40.4526558,-3.668815
40.4586431,-3.6595
40.4581975,-3.6589466
40.4577466,-3.6585269
40.4588698,-3.6598254
40.4587824,-3.6596969
40.4542693,-3.6543919
40.463214,-3.6464052
40.4426838,-3.6412118
40.4406377,-3.6434166
40.4390259,-3.6343578
40.4392346,-3.6335757
40.4390614,-3.6342102
40.4445265,-3.6350701
40.4481735,-3.631015
40.4472773,-3.6365321
40.4410768,-3.6257176
40.4647317,-3.6409794
40.4651132,-3.6390104
40.4605945,-3.6328466
40.4580004,-3.6256021
40.4540313,-3.6229575
40.4545195,-3.6217193
40.455922,-3.6188483
40.4755016,-3.6652843
40.4766193,-3.6689796
40.4768196,-3.6690223
40.4766938,-3.668987
40.4776275,-3.6685128
40.4767635,-3.6689983
40.477138,-3.6695113
40.4678093,-3.6446011
40.4772414,-3.6452917
40.4772319,-3.6460466
40.4733308,-3.6489261
40.4736412,-3.6447304
40.4773854,-3.6448402
40.4818911,-3.6649438
40.4828568,-3.6646423
40.481217,-3.6653697
40.4784514,-3.6683358
40.4790684,-3.6680876
40.4797011,-3.6673598
40.4891568,-3.6507341
40.47007,-3.6423284
40.4737734,-3.6436616
40.4733584,-3.6398221
40.4737356,-3.6397801
40.4744603,-3.633975
40.4656622,-3.6302875
40.4399513,-3.6125691
40.4446586,-3.6109577
40.4461272,-3.6119092
40.4616475,-3.5914405
40.4453417,-3.5887774
40.4428257,-3.5834706
40.4430156,-3.5834291
40.4438869,-3.5832873
40.4470014,-3.5867125
40.4533106,-3.591276
40.4533391,-3.5907771
40.4548902,-3.5890196
40.4899496,-3.5918987000000002
40.4903358,-3.5919631
40.4713807,-3.5798895
40.4715861,-3.5796923
40.4698483,-3.5813029
40.4704679,-3.5806679
40.4706355,-3.5802723
40.4718954,-3.5793891
40.3093596,-3.4761018
40.3134213,-3.4742762
40.3497603,-3.5423317
40.3496437,-3.5424406
40.3521956,-3.5442827
40.3498493,-3.542113
40.3418797,-3.5215143
40.3417959,-3.5217755
40.3490949,-3.5261103
40.3539647,-3.5342207
40.3475892,-3.5237451
40.3485821,-3.5251817
40.3487589,-3.5254918
40.3479621,-3.5242515
40.3482743,-3.5246847
40.3659377,-3.5509073
40.3655262,-3.5503031
40.3671642,-3.4867913
40.3049937,-3.4590788
40.300957,-3.4416775
40.3009941,-3.4421284
40.3006264,-3.4381764
40.3006239,-3.4372804
40.3014674,-3.4431507
40.3017653,-3.443229
40.301749,-3.4453849
40.3382828,-3.3819502
40.3382314,-3.3809496
40.3384835,-3.3812963
40.3385981,-3.3810892
40.3381289,-3.3803305
40.3378351,-3.3813729
40.4049752,-3.5605065
40.4248563,-3.56346
40.4211525,-3.5615218
40.425696,-3.55434
40.4191116,-3.541807
40.4252805,-3.5436552
40.4288405,-3.56064
40.4272251,-3.5618494
40.4266035,-3.5634584
40.4261165,-3.5639143
40.427536,-3.5612462
40.4272385,-3.5548442
40.4262299,-3.5530528
40.4261802,-3.5527614
40.4261413,-3.545517
40.4283766,-3.541031
40.428446,-3.5408065
40.428197,-3.5434139
40.4281748,-3.5421085
40.4179829,-3.5264374
40.4179962,-3.5263252
40.4252435,-3.5328094
40.4252897,-3.5333284
40.4251105,-3.533257
40.4258219,-3.53347
40.4257967,-3.5324649
40.4258796,-3.5326977
40.4260758,-3.5334639
40.4262903,-3.5372911
40.4280166,-3.5327824
40.4291856,-3.5323929
40.4293778,-3.5330049
40.4282342,-3.5327907
40.4267446,-3.5377352
40.4296877,-3.5330972
40.396635,-3.4907796
40.4574548,-3.5324638
40.449917,-3.5103308
40.4460403,-3.4838228
40.4423268,-3.4624589
40.4456304,-3.4718112
40.4495095,-3.4687355
40.4498545,-3.4663131
40.44661,-3.4612053
40.447509,-3.4612929
40.4480584,-3.4618421
40.4504358,-3.4653105
40.4484507,-3.4613013
40.4560688,-3.4803483
40.4558082,-3.4802465
40.4566075,-3.4800314
40.4563052,-3.4833087
40.45588,-3.4785572
40.4565807,-3.4770642
40.456055,-3.479597
40.4581037,-3.4795227
40.4576294,-3.4786829
40.4582737,-3.4788645
40.4586623,-3.479749
40.4576298,-3.4793657
40.4571521,-3.4792684
40.4578615,-3.4794226
40.4589647,-3.4751177
40.4628205,-3.4788372
40.4533348,-3.4728845
40.4571089,-3.4725736
40.4604993,-3.4717892
40.4615727,-3.4720947
40.4626394,-3.4694695
40.461354,-3.4720677
40.4639494,-3.4672523
40.4599622,-3.4611137
40.4600056,-3.4609251
40.4599252,-3.4616392
40.4059769,-3.3625148
40.4056395,-3.361655
40.4545242,-3.4557008
40.4548244,-3.4559365
40.4545997,-3.4557625
40.4606288,-3.4586937
40.464002,-3.4488979
40.4821693,-3.3952235
40.481947,-3.3959908
40.4819851,-3.3958716
40.4838999,-3.3914248
40.4850338,-3.3901774
40.4749612,-3.3770389
40.4751019,-3.376831
40.4779276,-3.3732854
40.4781335,-3.3726737
40.4781087,-3.373044
40.4777651,-3.3708967
40.4777741,-3.3700745
40.4770437,-3.369123
40.4841064,-3.3633797
40.4835345,-3.3641019
40.4835853,-3.3639969
40.4797271,-3.3637997
40.4795196,-3.3636816
40.483656,-3.3642152
40.4839042,-3.363348
40.4877038,-3.3652855
40.4863076,-3.3650684
40.4873641,-3.3661035
40.4874024,-3.3593766
40.4864716,-3.3585986
40.4862661,-3.3556062
40.4858136,-3.3575534
40.4858104,-3.3569845
40.4855036,-3.3579345
40.4859287,-3.3567103
40.4857378,-3.3577107
40.4864334,-3.3615992
40.4921672,-3.7057353
40.4923,-3.7066776
40.4921897,-3.7064786
40.4920622,-3.7055495
40.4925773,-3.7064046
40.5029638,-3.6973765
40.5033671,-3.6985113
40.492645,-3.6870916
40.492559,-3.6872395
40.492869,-3.6866934
40.5025211,-3.6902822
40.5038969,-3.6766525
40.499659,-3.6751661
40.5062887,-3.6959973
40.5068377,-3.6945634
40.5060876,-3.6952136
40.5089341,-3.6927917
40.5109983,-3.6765213
40.5053545,-3.6707506
40.5451661,-3.6931476
40.4957951,-3.6586609
40.4952954,-3.658128
40.504499,-3.6694899
40.5039422,-3.6686786
40.4925904,-3.655087
40.492715,-3.655275
40.492824,-3.6554597
40.4927722,-3.6553629
40.4937229,-3.655614
40.4917305,-3.6537786
40.5102499,-3.6674508
40.5093221,-3.6685636
40.5084773,-3.6455848
40.5159213,-3.6515487
40.5249865,-3.6591334
40.5212589,-3.6453687
40.5292673,-3.642745
40.5272354,-3.6218183
40.5273735,-3.621505
40.5277397,-3.6218069
40.5357591,-3.6365794
40.531226,-3.6319852
40.5315093,-3.6323181
40.5308709,-3.6324429
40.5316508,-3.6339624
40.5355329,-3.636954
40.5316742,-3.6372145
40.5412438,-3.6417725
40.538488,-3.6386708
40.5435967,-3.6384943
40.5413331,-3.63285
40.540388,-3.634491
40.54092,-3.633721
40.4943435,-3.6158703
40.4922145,-3.5928255
40.4925922,-3.5911994
40.5447249,-3.6521943
40.5463422,-3.6527168
40.5459196,-3.6510006
40.5482845,-3.6415306
40.5453545,-3.6277601
40.5485658,-3.6246769
40.5495358,-3.6229631
40.5491331,-3.6232272
40.5612324,-3.6187026
40.560797,-3.6204397
40.5605276,-3.6207304
40.5621355,-3.6144326
40.5656356,-3.6116704
40.6078087,-3.7135937
40.6081694,-3.7140569
40.6086252,-3.7140907
40.608916,-3.7137888
40.6091318,-3.7136198
40.6092526,-3.7135721
40.5967851,-3.7006778
40.6595855,-3.7683446
40.6585994,-3.7654658
40.6596242,-3.7659174
40.659206,-3.7673732
40.6592127,-3.767115
40.6590773,-3.766748
40.6590607,-3.7665832
40.6600122,-3.7635384
40.6585746,-3.7655967
40.6593031,-3.7676187
40.6595878,-3.7660924
40.670021,-3.7691207
40.6791439,-3.6146306
40.6797072,-3.614488
40.6798766,-3.6144362
40.679973,-3.6144087
40.6829807,-3.6125592
40.5042363,-3.5307424
40.5044738,-3.5306446
40.5030115,-3.5140087
40.5047945,-3.5319913
40.5045468,-3.531815
40.5054003,-3.5317388
40.5050167,-3.5294548
40.5047382,-3.5300798
40.5343447,-3.4810889
40.5340543,-3.4794873
40.5338686,-3.4788564
40.5670931,-3.5062781
40.5672406,-3.5023012
40.5429117,-3.4581995
40.5433846,-3.4583584
40.4968383,-3.3743899
40.4971881,-3.363945
40.4964556,-3.3629917
40.4979384,-3.3645427
40.4978409,-3.3639797
40.494515,-3.3590504
40.5027384,-3.3661088
40.5489491,-3.3783654
40.5485396,-3.3773606
40.5485151,-3.377779
40.6299066,-3.4740106
40.801565600000004,-4.8698023
40.8019026,-4.8701044
40.8029884,-4.8727368
40.8727595,-4.9707945
41.061112,-4.7198526
41.0615033,-4.7198223
41.0614895,-4.7200373
41.0639643,-4.7208271
41.0634069,-4.7203981
41.0623872,-4.719394
41.0625793,-4.71953
41.0629613,-4.7199643
40.7808561,-4.4136052
40.7805499,-4.4131955
40.893585,-4.5811325
40.7190093,-4.2475709
40.7187613,-4.2478861
40.7190051,-4.247735
40.7185493,-4.2486459
40.89626,-4.3844727
40.8193035,-4.2097525
41.0703767,-4.4061228
41.0698935,-4.4059222
40.916278,-4.2665155
40.9162571,-4.2659277
40.9566183,-4.2351067
41.3090607,-4.9152723
41.3082708,-4.9159463
41.3105475,-4.91405
41.3078235,-4.9143987
41.310481,-4.9143638
41.3096288,-4.9149217
41.3088994,-4.9144604
41.3094112,-4.9148116
41.3096328,-4.913763
41.2884232,-4.685968
41.2890306,-4.6870121
41.2888573,-4.6870121
41.2886966,-4.6856582
41.287483,-4.6850087
41.2876122,-4.6851568
41.4142874,-4.9604606
41.413956399999996,-4.9598795
41.5031311,-4.9997697
41.503379,-4.9998873
41.3711843,-4.6720132
41.5118456,-4.6406647
41.512157,-4.6403085
41.5131163,-4.6383454
41.2181247,-4.5224534
41.2175403,-4.5230554
41.2162805,-4.523494
41.1557697,-4.4884194
41.1554796,-4.4878609
41.15527,-4.4871717
41.1552259,-4.4857603
41.1961893,-4.4379493
41.1954471,-4.4387478
41.128186,-4.3498658
41.1213636,-4.266192
41.2150612,-4.2577237
41.322957,-4.3069106
41.3421383,-4.5819077
41.3407934,-4.581214
41.3413203,-4.5805679
41.3382485,-4.4280722
41.4043562,-4.4274956
41.4054889,-4.427214
41.4737115,-4.5944478
41.4739419,-4.5946273
41.4742933,-4.5931212
41.4756057,-4.5945958
41.4755428,-4.5937109
41.3995689,-4.3117748
41.3998871,-4.3121972
41.4013862,-4.3122108
41.3994131,-4.3122687
41.4002518,-4.3117749
41.3987691,-4.3115975
41.3992403,-4.3115239
41.5096256,-4.3168025
41.5101326,-4.3161647
41.4925116,-4.1950967
40.7134031,-4.189028
40.712978,-4.1872326
40.7158846,-4.07318
40.7149042,-4.072887
40.7411991,-4.0560209
40.7411695,-4.0556994
40.7409532,-4.0554281
40.715997,-3.9896646
40.7154802,-3.98901
40.7149355,-3.9897572
40.7280451,-4.01731
40.9000235,-4.0060242
40.9001319,-4.0058215
40.717797,-3.9201922
40.7273262,-3.8650381
40.7266892,-3.8646535
40.7278122,-3.8651148
40.7532883,-3.7837555
40.7535366,-3.7868296
40.753709,-3.7857721
40.9036684,-3.8795178
40.9043784,-3.8789928
40.9290007,-4.0997071
40.9303158,-4.0998367
40.9433345,-4.1195303
40.9460036,-4.1195672
40.946227,-4.1194242
40.9473205,-4.1186507
40.9470573,-4.1192049
40.9472555,-4.1190744
40.9470768,-4.118921
40.9459012,-4.1196293
40.9449089,-4.1210226
40.9478031,-4.1185515
40.9457,-4.1197786
40.9450269,-4.1198095
40.938827,-4.1147116
40.9464316,-4.1038802
40.9545177,-4.1092297
40.9544327,-4.1092458
40.9542706,-4.109278
40.9543646,-4.1092656
40.9506744,-4.0814769
40.9519469,-4.0815059
41.0741452,-4.1586362
40.9514248,-3.7922241
40.7438492,-3.60012
40.7313909,-3.5829221
40.7357403,-3.583834
40.8131293,-3.7681599
40.8131049,-3.7668108
40.8580803,-3.7118499
40.8651277,-3.6130729
40.7032371,-3.4289811
40.7030012,-3.4287558
40.7027685,-3.4292143
40.8272366,-3.5392961
40.8264847,-3.5372376
40.8257282,-3.5387959
40.9263726,-3.6181239
40.9933778,-3.6368955
40.9935012,-3.6369409
41.1459802,-4.1879833
41.1464759,-4.1873601
41.1664608,-4.1220636
41.2215596,-4.1766671
41.2213653,-4.1764233
41.1563852,-4.0061962
41.2599184,-4.184741
41.2273104,-4.1118575
41.2265716,-4.1118543
41.2964248,-4.1073236
41.2355587,-3.9318383
41.2573593,-3.9291237
41.257187,-3.9266348
41.2593881,-3.927969
41.2587898,-3.927871
41.415606,-4.1604685
41.4911825,-4.1940965
41.4932787,-3.9625425
41.4936547,-3.9625041
41.1383229,-3.6880026
41.1383174,-3.6878889
41.2978376,-3.7491724
41.2768928,-3.4791396
41.2789061,-3.4777818
41.2798675,-3.4771573
41.3368942,-3.6406614
41.4300005,-3.5458267
41.4183527,-3.3807923
41.4199367,-3.3763983
41.8688371,-6.3773445
41.7421937,-6.2774592
41.9413519,-6.2882959
41.8264842,-5.9587
41.8973047,-6.0784805
41.8972352,-6.0787769
41.9401428,-5.8889662
42.0514609,-6.6344117
42.051805,-6.6333248
42.051906,-6.6336914
42.0524444,-6.6331586
42.0520025,-6.6336878
42.0521586,-6.6334008
42.0588926,-6.5221167
42.0943845,-6.6645234
42.0837928,-6.6408829
42.0835671,-6.6424574
42.0234946,-6.3323025
42.0231838,-6.3287197
42.0229865,-6.3292937
42.0231539,-6.3299482
41.9844983,-5.9761481
41.9849705,-5.9213405
42.0717961,-6.0143854
42.0747067,-6.0146374
42.075582,-6.0144274
42.1825973,-6.1907427
42.183787,-6.1904191
41.7957293,-5.6392345
41.8649508,-5.4135664
41.8644574,-5.4140131
41.8648038,-5.4134277
41.8640693,-5.4134443
41.86499,-5.4136264
41.8832759,-5.0448036
41.8830111,-5.0442288
41.8837814,-5.0453921
41.883047,-5.0443583
41.8827744,-5.0450062
41.8829115,-5.0448636
42.0027417,-5.6776582
42.0020646,-5.6801464
41.9993731,-5.6761777
42.0013771,-5.6805533
42.0035587,-5.6782236
42.0021853,-5.67833
42.0022391,-5.6812835
42.003214,-5.6743217
42.0030816,-5.6743468
42.0030047,-5.6748294
42.0851615,-5.8075982
42.1391781,-5.8349834
42.1398922,-5.8351808
42.1390597,-5.8349538
42.1446749,-5.5998874
42.1472567,-5.5986169
42.3552894,-5.7486425
42.3553023,-5.7488443
42.3557304,-5.7480722
42.2920418,-5.5182107
42.2933037,-5.5183027
42.2928168,-5.5193291
42.2926597,-5.5200511
42.2927984,-5.5196688
42.2918612,-5.5178886
42.2925864,-5.5180125
41.985963,-5.407443
41.9860904,-5.4069719
42.1663701,-5.2625341
42.1660195,-5.2605753
42.5096305,-6.6708363
42.5803501,-6.6715232
42.5804998,-6.6715018
42.5806788,-6.671073
42.5805344,-6.670741
42.5804796,-6.6706143
42.5775055,-6.6647987
42.5454901,-6.6137972
42.5594452,-6.6235735
42.5605365,-6.6251524
42.5606054,-6.6253226
42.556013,-6.6076537
42.5476627,-6.6006459
42.5476655,-6.5995749
42.5475919,-6.5999995
42.5483211,-6.6031251
42.5475434,-6.6013391
42.5461854,-6.6017397
42.5482811,-6.5978945
42.5482742,-6.598173
42.5477224,-6.599241
42.5483493,-6.5984368
42.5475478,-6.5963915
42.5479096,-6.5991333
42.5482505,-6.5875033
42.5478158,-6.5868431
42.5467799,-6.5883483
42.5484751,-6.5854515
42.7657157,-6.628314
42.7658216,-6.6280387
42.7662,-6.6278817
42.7662562,-6.6275382
42.6974092,-6.5138389
42.6994049,-6.5128419
42.6996118,-6.512725
42.614526,-6.4174006
42.616032,-6.4184171
42.616792,-6.4172236
42.6156491,-6.4177278
42.6163775,-6.4193908
42.6155418,-6.4184743
42.4558324,-6.0530052
42.4566998,-6.0536917
42.4567717,-6.053835
42.4568283,-6.0539664
42.4554673,-6.0525915
42.4547242,-6.0534818
42.459609,-6.061701
42.5014315,-5.8958341
42.6087859,-6.0343146
42.9392306,-6.317311
43.1778051,-6.5506686
43.0926373,-6.25651
43.1617259,-6.0972434
43.1620299,-6.0962746
43.1609366,-6.098123
43.1592298,-5.9735155
42.5172707,-5.7660241
42.580224,-5.6408788
42.5816122,-5.638663
42.58046,-5.6405219
42.564514,-5.5820163
42.5868527,-5.5678825
42.5871785,-5.5681551
42.574444,-5.5424682
42.5461718,-5.4599419
42.5466417,-5.4611125
42.5485905,-5.4629742
42.5485948,-5.463027
42.5450762,-5.4583258
42.5959028,-5.6100344
42.5964216,-5.6053035
42.5963793,-5.605765
42.5963136,-5.6064403
42.5962519,-5.6070237
42.595474,-5.6078505
42.6052429,-5.5904987
42.6127257,-5.5886707
42.5936871,-5.5730685
42.5960337,-5.5776301
42.5997344,-5.5730701
42.5958212,-5.5722378
42.598471,-5.5719526
42.599797,-5.5717369
42.5987036,-5.5724128
42.598563,-5.5736401
42.5999578,-5.5759444
42.5969977,-5.5715257
42.597249,-5.5739143
42.597643,-5.5723094
42.5970258,-5.5758431
42.5969679,-5.5760696
42.598247,-5.5728377
42.5982267,-5.5709573
42.5981375,-5.572548
42.5928909,-5.5683043
42.5925007,-5.5672425
42.5932096,-5.5646422
42.5926719,-5.5651999
42.5917334,-5.5652551
42.5919941,-5.5649812
42.5918979,-5.5657179
42.5923467,-5.5608934
42.591249,-5.5631315
42.5983514,-5.5696634
42.5968148,-5.5648754
42.5986941,-5.5618219
42.5986759,-5.5617222
42.604585,-5.578068
42.6025306,-5.5759283
42.6108121,-5.57152
42.6067648,-5.5684214
42.6031653,-5.5699793
42.6031087,-5.570205
42.6026799,-5.569619
42.6084863,-5.5680217
42.6092459,-5.5665812
42.6115741,-5.5603485
42.6238946,-5.5639207
42.4988831,-5.4175042
42.5000221,-5.4188837
42.4999701,-5.4190708
42.5002839,-5.418209
42.8549828,-5.6711735
42.8013728,-5.6291866
42.8025011,-5.6293673
42.8037805,-5.6281254
43.1051589,-5.8180848
43.158613,-5.8290942
43.1579392,-5.8296241
43.1591344,-5.8299975
43.1597926,-5.8295037
43.1595422,-5.8292816
43.1605547,-5.8278432
43.1589365,-5.8293146
43.2035208,-5.7912003
43.1737486,-5.7500624
43.1693834,-5.7379752
43.1675858,-5.738469
43.16846,-5.737355
43.168509,-5.7375786
43.2095501,-5.7447623
43.1619458,-5.6242639
42.8660536,-5.323618
42.8657542,-5.3235426
42.8031408,-5.1277709
42.8035586,-5.1281449
42.8029736,-5.1278457
42.8037636,-5.1285225
42.8053969,-5.1292532
43.1825919,-5.344074
43.1823614,-5.3447612
43.1815323,-5.3447851
43.1903483,-5.1643871
41.592233,-4.8295294
41.6487606,-5.0252672
41.6487379,-5.0230463
41.6991267,-4.8415343
41.699165,-4.8418788
41.6990102,-4.8418309
41.5537032,-4.7916009
41.580295,-4.7197614
41.5809452,-4.7193859
41.58155,-4.7197277
41.582166,-4.7192261
41.5822603,-4.719674
41.583651,-4.7195404
41.5814675,-4.7193097
41.5819695,-4.7191896
41.6250787,-4.7734994
41.6251737,-4.7728937
41.625233,-4.7725449
41.6259173,-4.7722345
41.6252167,-4.7739996
41.6214033,-4.7475526
41.6260989,-4.7459098
41.6363727,-4.7645654
41.6360824,-4.7655082
41.6361036,-4.7615042
41.6357485,-4.7543944
41.6361463,-4.7540475
41.6353873,-4.7566503000000004
41.6269502,-4.7414335
41.6261397,-4.7417381
41.626729,-4.7412526
41.6271136,-4.7414136
41.6277376,-4.7410729
41.6333548,-4.7398104
41.6330804,-4.739884
41.6381547,-4.7383586
41.6325941,-4.7399648
41.6445463,-4.7349223
41.6443442,-4.7351302
41.6409803,-4.7371906
41.6412428,-4.73711
41.6409943,-4.7366475
41.642769,-4.7370812
41.6411433,-4.7371643
41.6447143,-4.7346926
41.6381771,-4.7220794
41.6380849,-4.7215859
41.6413725,-4.7205128
41.6391513,-4.7212694
41.6401859,-4.7203894
41.6399732,-4.720502
41.6419216,-4.7208564
41.6387023,-4.7212799
41.638546,-4.721366
41.639442,-4.7210765
41.6397517,-4.7206325
41.6416596,-4.7202314
41.6117547,-4.6860728
41.6114348,-4.6863264
41.6122185,-4.6861628
41.6125862,-4.6864797
41.6244037,-4.705434
41.6212413,-4.7047786
41.6439796,-4.7137933
41.6598081,-4.7815885
41.6601107,-4.782192
41.6603893,-4.7835403
41.6606656,-4.7823591
41.6509689,-4.7415013
41.65003,-4.7361803
41.6449091,-4.7365692
41.648539,-4.7297039
41.6496479,-4.7289359
41.6497633,-4.7288868
41.6509986,-4.7287394
41.6493232,-4.7299527
41.6494448,-4.7301159
41.6497613,-4.7264655
41.6498679,-4.7265088
41.6498457,-4.7303592
41.648596,-4.7252695
41.6476222,-4.7260415
41.6513246,-4.7268128
41.6485357,-4.7260218
41.6510013,-4.7276192
41.6482856,-4.7280697
41.648368,-4.7273823
41.6484201,-4.7291099
41.6479773,-4.7288376
41.6491281,-4.7259458
41.6513816,-4.7261058
41.6513647,-4.7285788
41.6492887,-4.7291229
41.6482071,-4.7283008
41.6486436,-4.7238017
41.6480644,-4.7194489
41.6480918,-4.7204414
41.6480662,-4.7202507
41.6483145,-4.7208328
41.6524258,-4.7282804
41.6515257,-4.7271132
41.6521584,-4.7266688
41.6524598,-4.7266637
41.6547613,-4.7237342
41.6544841,-4.7238437
41.6544066,-4.7239275
41.6532509,-4.7248919
41.6621138,-4.7329639
41.6621244,-4.733914
41.6611987,-4.7335259
41.6616082,-4.733191
41.6622776,-4.7329578
41.66162,-4.7345394
41.6627642,-4.734193
41.6627634,-4.7340174
41.6615533,-4.7226526
41.6597984,-4.7204039
41.6621524,-4.7231762
41.6624653,-4.7224576
41.6593043,-4.7194938
41.6594249,-4.7193329
41.6596422,-4.7190941
41.6584236,-4.7204721
41.6587769,-4.7197986
41.743634900000004,-4.7620621
41.6476104,-4.7164722
41.6478783,-4.7172518
41.6477487,-4.7176573
41.6467446,-4.7098274
41.6515031,-4.7171011
41.6516809,-4.717289
41.6524624,-4.7129627
41.6525903,-4.7120595
41.652365,-4.7135941
41.6595402,-4.7144238
41.7576895,-4.7003059
41.7564319,-4.6953768
41.7581226,-4.6983272
41.5868506,-4.5829571
41.5868751,-4.5824254
41.8508418,-4.4082477
41.850588,-4.408573
41.8737708,-4.544855
41.9500957,-4.5147894
41.9512014,-4.5141692
41.951101,-4.5141655
41.9199434,-4.496589
41.9206257,-4.4893409
41.9220841,-4.4896751
41.9219507,-4.4896224
41.9208109,-4.4888136
41.9209808,-4.4882264
41.9213122,-4.4884988
41.9376354,-4.2468272
41.9383051,-4.2466544
41.9381977,-4.2462495
41.9381099,-4.2463427
42.0427329,-4.9127756
42.04365,-4.9125403
42.0829957,-4.7826491
42.0833645,-4.7839954
42.1076487,-4.6403807
42.1526411,-4.6929113
42.1526825,-4.693568
42.1522272,-4.693927
42.2510814,-4.9676444
42.2511465,-4.9667613
42.2509951,-4.966631
42.3716955,-5.0294424
42.3719172,-5.0299078
42.3717213,-5.0313298
41.9980983,-4.5225068
42.0029094,-4.5280058
42.0029841,-4.527992
42.0012149,-4.5265308
42.0024343,-4.5275786
42.0014254,-4.5264022
42.0008877,-4.5261997
42.0112834,-4.5334388
42.0096529,-4.5331166
42.0096683,-4.531709
42.0093546,-4.5302186
42.0096683,-4.5313834
42.009761,-4.5299137
42.0091476,-4.5293286
42.0094209,-4.5338063
42.0087227,-4.5322227
42.0099199,-4.5330102
42.010092,-4.5332362
42.0109061,-4.5299767
42.0113534,-4.5246551
42.0124838,-4.533741
42.0166226,-4.5320918
42.0171834,-4.5312677
42.0134912,-4.5217871
41.9624066,-4.3422308
42.0345041,-4.318241
42.0846313,-4.2082323
42.2659468,-4.4060014
42.2658559,-4.4063995
42.2680442,-4.4048117
42.3376538,-4.6037024
42.339149,-4.6030492
42.3381816,-4.6037483
42.3387656,-4.6033127
42.1923967,-4.2929072
42.1930206,-4.2931764
41.5965335,-4.1184516
41.5967708,-4.1191747
41.5966484,-4.1191402
41.5971164,-4.1192293
41.5959897,-4.1181132
41.5995958,-4.1186145
41.6971738,-3.9272804
41.6970091,-3.927453
41.6969387,-3.9286823
41.8152267,-4.0216859
41.8299652,-3.9108429
41.7762363,-3.8257877
41.9182218,-3.9124644
41.5748885,-3.6977597
41.6398676,-3.5719484
41.6599428,-3.6929109
41.6614721,-3.6920774
41.6612602,-3.6921141
41.6659684,-3.6909611
41.6663432,-3.6909163
41.6655259,-3.6913507
41.6699082,-3.6852511
41.6705282,-3.6851509
41.670308,-3.684954
41.6692688,-3.6864255
41.6698885,-3.6857129
41.670432,-3.6857085
41.6707277,-3.6811328
41.6711831,-3.684897
41.6716857,-3.6854368
41.672065,-3.685198
41.672932,-3.685791
41.6099183,-3.4011792
41.6888686,-3.4777027
41.6880727,-3.4786355
41.6875086,-3.4791783
41.7732799,-3.6885106
41.7732783,-3.6877006
41.7732222,-3.688794
41.8249683,-3.4867303
41.8253252,-3.4867773
41.8249313,-3.4856254
42.0448233,-3.8657085
42.0774508,-3.9130877
42.1326309,-3.9735507
42.1321012,-3.9742795
42.2039577,-3.9878909
42.2199457,-3.9982506
42.2186668,-3.998964
42.2872155,-4.141552
42.2874272,-4.1417318
42.2883146,-4.1416944000000004
42.2757745,-3.8983825
42.2762589,-3.898593
42.2764278,-3.8983517
42.3496576,-3.8158565
42.3486573,-3.8157702
42.3494308,-3.8147006
42.0262546,-3.7605207
42.0266205,-3.7604685
42.027271,-3.7606844
42.026971,-3.7604926
42.0261372,-3.7599252
42.026146,-3.7594045
42.0956993,-3.5741262
42.0960472,-3.5745287
42.0594069,-3.5201846
42.0595084,-3.5196223
42.2648745,-3.7549628
42.29979,-3.7350623
42.3436362,-3.7343477
42.3746856,-3.7231639
42.3747783,-3.7229568
42.3316413,-3.7071676
42.3312609,-3.7000282
42.3315449,-3.7002072
42.3314861,-3.6999342
42.3330301,-3.704677
42.3384035,-3.6988095
42.3384386,-3.701288
42.3361081,-3.7024451
42.3351174,-3.6998136
42.3348453,-3.6996517
42.3358778,-3.7001898
42.338079,-3.7020907
42.3383311,-3.6992368
42.341216,-3.7167046
42.3449063,-3.7205743
42.3415576,-3.7159348
42.3417177,-3.7154683
42.3401544,-3.7028542
42.3413039,-3.6986838
42.3413038,-3.6977169
42.3437197,-3.6987271
42.3432675,-3.6989311
42.3417399,-3.6969792
42.3451684,-3.6980361
42.3420989,-3.7008834
42.3435898,-3.6973145
42.3414109,-3.6982776
42.3420224,-3.6996361
42.344657,-3.6971574
42.3466663,-3.6973462
42.3483934,-3.6965529
42.3374723,-3.6946541
42.3421134,-3.6955564
42.3417059,-3.6959678
42.3439608,-3.6950709
42.3444126,-3.695027
42.3446111,-3.6943447
42.3441637,-3.6958445
42.3455168,-3.6897223
42.3443455,-3.6960905
42.3445284,-3.6959139
42.3451351,-3.6925388
42.3441122,-3.6944823
42.3442734,-3.6954398
42.3441975,-3.6957186
42.3447126,-3.6957692
42.3436526,-3.688226
42.3434051,-3.6880311
42.3492585,-3.6949246
42.3482653,-3.6954385
42.3480025,-3.6953833
42.3462722,-3.6832504
42.3503952,-3.6746775
42.3512298,-3.6724882
42.3518998,-3.671229
42.350537,-3.6756048
42.3490084,-3.6725857
42.3516606,-3.6707128
42.3519937,-3.6710635
42.3511788,-3.6732904
42.3524925,-3.6701797
42.350976,-3.6729586
42.3591675,-3.6810607
42.3532248,-3.6763901
42.3599504,-3.6785685
42.3595843,-3.6820885
42.3595274,-3.6802273
42.3603717,-3.6777633
42.3000856,-3.6663255
42.3007272,-3.6675698
42.3477129,-3.6693016
42.3475942,-3.6684177
42.347672,-3.6687744
42.3492949,-3.6679797
42.3498981,-3.6652512
42.350359,-3.6673709
42.3534114,-3.6691843
42.3578836,-3.6644868
42.3566681,-3.6642926
42.3549079,-3.6632495
42.3604794,-3.6668968
42.3631762,-3.6571189
42.3629487,-3.6546314
42.331768,-3.5348921
42.3317826,-3.5352394
42.5221976,-4.736945
42.521856,-4.7353111
42.5221096,-4.7373596
42.7883018,-4.8440026
42.7890799,-4.8443001
42.7885782,-4.8457673
42.4106466,-4.361537
42.4116221,-4.3606855
42.4034829,-4.2442574
42.4035446,-4.244871
42.4035269,-4.2447271
42.5960822,-4.331496
42.6597751,-4.3110576
42.6604714,-4.3111938
42.6601677,-4.3108754
42.7930103,-4.260097
42.7930616,-4.2619426
42.7930052,-4.2622041
42.793011,-4.26252
42.7928829,-4.2623959
42.7934915,-4.2618794
42.7926028,-4.2615843
42.7929798,-4.2596065
42.8266872,-4.8461895
42.9764247,-5.005107
42.9760999,-5.0057427
42.9763398,-5.0041095
43.100507,-4.6463612
43.1548526,-4.6205183
43.1541232,-4.6241198
43.1539995,-4.6220846
43.1542427,-4.6215821
42.8654941,-4.4980007
42.8646251,-4.4977983
42.864294,-4.4976033
42.4178342,-4.0438735
42.4170825,-4.0430076
42.4180413,-4.0431417
42.5154617,-4.0105871
42.5160944,-4.0096163
42.5150266,-4.0102213
42.5157806,-4.0097333
42.4805707,-3.7833093
42.4794353,-3.7840299
42.5843926,-3.7760701
42.3846336,-3.734889
42.4340713,-3.6817703
42.4334647,-3.682426
42.4340632,-3.6814741
42.7165145,-3.7499861
42.716217,-3.7501084
42.7339083,-3.4148266
42.733912,-3.4153717
42.7340388,-3.4151453
42.7345941,-3.4141706
42.8744638,-4.1634418
42.8740319,-4.1627897
43.0004543,-4.1382665
43.0003392,-4.1387217
43.0001132,-4.1389711
42.9993367,-4.1386179
43.0004015,-4.1383419
42.969515,-3.7863825
42.9699448,-3.785927
43.125879,-4.0561793
43.1957066,-3.9209836
43.1160442,-3.8170907
43.158204,-3.7833484
43.1586296,-3.7825009
43.2154968,-3.8065084
42.9385895,-3.5730246
42.9391319,-3.5721895
42.939845,-3.572053
42.9382871,-3.5730071
42.9380555,-3.5721056
42.8017319,-3.3909438
42.8019785,-3.3903869
42.8023825,-3.3907828
42.9324721,-3.4870117
42.9316886,-3.4852553
42.9323675,-3.4862139
42.9316087,-3.4860734
42.9315903,-3.4863141
43.0089942,-3.7404401
43.1950934,-3.5696201
43.0770402,-3.5526032
43.0760001,-3.5508408
43.0760395,-3.5520492
43.0766749,-3.5516298
43.07701,-3.5520289
39.9011222,-3.3231668
39.9014947,-3.3238561
39.9025708,-3.3239741
39.9816338,-3.188938
39.9836387,-3.1878532
39.9849846,-3.1860406
40.0103082,-3.0148746
40.0101446,-3.0093753
40.0104958,-3.0073096
40.1685106,-3.2761667
40.1683286,-3.2753089
40.1682705,-3.2751074
39.9201677,-2.8046076
40.1440493,-2.6901436
40.1447024,-2.6904816
40.1443901,-2.6909402
40.3660575,-3.3218305
40.3550788,-3.265272
40.3550169,-3.2648993
40.3547608,-3.2649312
40.4823711,-3.3548079
40.4869765,-3.3537385
40.4849708,-3.3477769
40.4848803,-3.3487989
40.4849664,-3.3482104
40.488968,-3.3470658
40.3231211,-3.1092397
40.5098297,-3.3535382
40.5075248,-3.3480494
40.5525732,-3.3261326
40.5546717,-3.3269476
40.5545537,-3.3269956
40.5542147,-3.3267993
40.5670196,-3.2661145
40.5689607,-3.2636547
40.6463165,-3.3379103
40.645944,-3.3386824
40.6461961,-3.3363637
40.6292957,-3.1765585
40.6287799,-3.1687267
40.6288991,-3.1684325
40.6352667,-3.1676165
40.6323441,-3.1656092
40.6331965,-3.1665658
40.6321685,-3.1656146
40.6694787,-3.2029707
40.5927353,-3.1075942
40.4169532,-2.9239676
40.4172805,-2.9238227
40.4173372,-2.9237795
40.4175903,-2.922605
40.4812735,-2.7332467
40.4013051,-2.637164
40.5171756,-2.8817862
40.0616544,-2.1388193
40.0699035,-2.1466997
40.0700086,-2.136722
40.0699452,-2.1366696
40.0702247,-2.1373777
40.0619143,-2.1321626
40.064485,-2.1330874
40.0629208,-2.1282919
40.0697641,-2.13596
40.0677447,-2.1354363
40.0679774,-2.1351548
40.0716291,-2.1355804
40.071949,-2.1364284
40.0784928,-2.1479414
40.0781933,-2.1475884
40.072972300000004,-2.1375103
40.0742589,-2.1369328
40.0772515,-2.1367362
40.0726852,-2.1363677
40.0736809,-2.1357737
40.0725861,-2.1362838
40.0787443,-2.1297521
40.3580184,-2.3954071
40.3583734,-2.3953338
40.449091,-2.3157101
40.4491036,-2.3160606
40.4495351,-2.3159605
40.5059191,-2.4449662
40.6790948,-2.2514363
40.6792821,-2.2509338
40.7531056,-3.1654526
40.7537666,-3.1657489
40.7535904,-3.1661343
40.7446575,-3.0302335
41.0009563,-3.2489242
40.9465847,-3.0891734
41.0838217,-3.0037732
40.762019,-2.8686849
40.760788,-2.8692143
40.7849356,-2.6220068
40.7850565,-2.6221583
40.7855147,-2.6215796
40.7015964,-2.5910004
40.7016635,-2.5914268
41.0679767,-2.6424584
41.068048,-2.6430424
41.0678756,-2.643554
41.0681876,-2.641759
41.0686932,-2.6442536
41.2238089,-3.1832955
41.2003402,-2.8709976
41.1999258,-2.8709734
41.200246,-2.8709848
41.4656827,-2.8611137
41.465326,-2.8607516
41.4660672,-2.8607455
41.4850043,-2.5302263
41.4855667,-2.5312476
41.4875143,-2.5320127
41.4847249,-2.5305465
41.486635,-2.5325917
41.4878217,-2.5322279
41.0365085,-2.467644
41.0259931,-2.369336
41.0463898,-2.2046827
40.8424496,-1.9782671
40.8432511,-1.8863092
40.8429409,-1.8872159
40.8430887,-1.8868081
40.8427711,-1.8871381
40.842848,-1.8867481
41.1723536,-2.4358337
41.1651464,-2.4225836
41.1662661,-2.4218561
41.1645365,-2.4228847
41.164665,-2.4229396
41.3650597,-2.1689674
41.2916276,-1.9619361
41.2963786,-1.8938835
41.2975763,-1.8935739
41.211825,-1.789716
41.3298622,-1.7927427
41.330816,-1.7913279
41.3311789,-1.791771
41.4449459,-1.7060337
40.041951,-1.6472342
40.0421493,-1.6474048
39.9069436,-1.3674903
39.9061782,-1.3666802
39.9071638,-1.3667097
40.0636173,-1.2852951
40.0639355,-1.2851831
40.1273527,-1.3057872
40.1290894,-1.3074607
40.1258922,-1.3051225
40.2247356,-0.9300563
40.407845,-1.4435005
40.4078766,-1.4436192
40.4083027,-1.4394773
40.4541461,-1.2864775
40.4541581,-1.2865836
40.4541846,-1.2861282
40.5079528,-1.5885261
40.5496964,-1.6491732
40.5183444,-1.2659756
40.5670501,-1.3118316
40.567248,-1.3121909
40.5669445,-1.3131302
40.3315,-1.1085179
40.3325908,-1.1083131
40.331251,-1.0898506
40.3348658,-1.1029867
40.3346446,-1.1028348
40.3347604,-1.1029232
40.3362767,-1.1041523
40.3348918,-1.1031046
40.3361366,-1.1039642
40.3425977,-1.1070765
40.3427881,-1.1073438
40.3440227,-1.1051666
40.3437109,-1.1062697
40.3428674,-1.1072919
40.3427405,-1.1068808
40.3420429,-1.1069807
40.341601,-1.1073165
40.3432924,-1.1069512
40.3417862,-1.1070727
40.6354055,-1.0022574
40.6345602,-1.0017246
39.9100109,-0.7073811
40.0156992,-0.6973354
39.9203694,-0.5960264
39.9212302,-0.5957088
39.8775952,-0.5077166
40.0681661,-0.5240798
40.0542482,-0.464043
40.0554178,-0.4624274
40.1404551,-0.81342
40.1402419,-0.813589
40.251481,-0.7530754
40.2505555,-0.7535636
40.1903763,-0.6512437
39.9520759,-0.3322512
39.9625587,-0.2646509
39.962933,-0.2677942
39.9630748,-0.2662936
39.9632462,-0.2639985
39.9628232,-0.2635368
39.9628435,-0.2643104
39.9640566,-0.2641317
39.9620797,-0.2646429
40.0715179,-0.2106121
39.8950442,-0.1118191
39.8949554,-0.1110476
39.8966829,-0.1136872
39.924475,-0.1967443
39.9282704,-0.196453
39.9343152,-0.1050284
39.8876019,-0.0887642
39.8854339,-0.0815344
39.88459,-0.0812852
39.8896758,-0.08481
39.8894085,-0.0843604
39.889244,-0.0840474
39.8889662,-0.0836657
39.8892714,-0.0848065
39.8898577,-0.0843904
39.9311626,-0.1042943
39.9383975,-0.0992718
39.9365044,-0.0998354
39.9365599,-0.1001198
39.9368396,-0.1004255
39.9371378,-0.1011283
39.9351601,-0.0995131
39.937724,-0.1010639
39.9375871,-0.0982157
39.9497822,-0.0660494
39.9455015,-0.0625715
39.9433322,-0.063066
39.9452055,-0.0644115
39.9454642,-0.0641539
39.9438692,-0.0631597
39.9456785,-0.0637309
39.9491921,-0.0609586
39.9547744,-0.0587324
39.9950073,-0.0695617
39.9756459,-0.0484381
39.9759289,-0.0468284
39.9780326,-0.0456191
39.9791181,-0.0425891
39.9801104,-0.035351
39.9856818,-0.0496191
39.9857928,-0.0507402
39.9864356,-0.0503514
39.9834322,-0.0394539
39.9845938,-0.039545
39.9894206,-0.0492811
39.9899928,-0.0469156
39.9918009,-0.0404338
39.984667,-0.0391621
39.9827829,-0.0367147
39.9864151,-0.0368093
39.9844021,-0.0392403
39.9828112,-0.0366762
39.9839016,-0.0380843
39.9802844,-0.034754
39.9853568,-0.0368333
39.985522,-0.0365215
39.9898543,-0.0365762
39.9869809,-0.0328725
39.9892868,-0.0338896
39.9872747,-0.0334467
39.9888448,-0.0392323
39.9875342,-0.0350152
39.9901471,-0.0318314
39.9933651,-0.0366229
40.0419506,-0.0711678
40.0760768,-0.214068
40.1385864,-0.2797134
40.137833,-0.2804325
40.1382148,-0.2803186
40.2027239,-0.4179579
40.1002905,-7.307e-4
40.2156966,-0.1711669
40.215882,-0.1700875
40.2165514,-0.1697303
40.2287509,-0.0797404
40.2695678,-0.0187316
40.3612802,-0.4489705
40.3617563,-0.4484634
40.6734552,-0.7032157
40.2933729,-0.291587
40.4820235,-0.3195574
40.4279027,-0.2565076
40.4263877,-0.2572497
40.3365295,-0.165948
40.3266366,-0.0782278
40.5242128,-0.4053804
40.5821351,-0.2162974
40.6457753,-0.1998647
40.7371943,-1.4988792
40.7865153,-1.3540488
40.8256299,-1.3368276
40.8394448,-1.3236306
40.8397432,-1.3233772
40.9211518,-1.4982237
40.9219908,-1.4998098
41.0544758,-1.5598478
40.9203963,-1.2976451
41.0395167,-1.3565219
40.7623773,-1.0288191
40.8129547,-0.8436317
41.3386955,-1.2699308
41.3384579,-1.2685239
41.3661948,-1.2991084
41.3658343,-1.2987612
41.4777583,-1.3729937
41.4776965,-1.3731151
41.5039374,-1.4043218
41.5040766,-1.404065
41.5235876,-1.3464027
41.4665762,-1.084161
41.468607,-1.0842172
40.7942707,-0.8104122
40.9768828,-0.4470645
41.0303065,-0.5938285
41.0307234,-0.5919853
40.7990143,-0.3173811
40.8911396,-0.3809695
40.8914699,-0.3812066
40.9392932,-0.2295393
40.9392827,-0.2312218
40.9333126,-0.0852796
41.0517794,-0.137828
41.0507921,-0.1323189
41.0506772,-0.1311056
41.2056688,-0.7101303
41.2802266,-0.7931374
41.1211657,-0.5111445
41.1212862,-0.5110592
41.1207368,-0.5111672
41.1751661,-0.4533516
41.5119702,-0.6293807
41.5125119,-0.6304124
41.5121237,-0.630671
41.5119161,-0.6293071
41.4867323,-0.5321464
41.2368523,-0.0397834
41.2366657,-0.0392385
41.2363787,-0.0386024
41.2361643,-0.0383511
41.4976099,-0.1547954
41.4975018,-0.1524468
41.5001759,-0.0399449
41.5728604,-3.2022146
41.7147888,-3.1826721
41.5866079,-3.0673728
41.5867688,-3.0681477
41.5869188,-3.0670203
41.5872467,-3.0670203
41.8394022,-3.3463222
41.8393285,-3.3474157
41.8395513,-3.3483074
41.8484621,-3.1637936
41.8488883,-3.1627277
41.8297584,-3.0678774
41.8298983,-3.0681281
41.8292697,-3.0682608
41.8290491,-3.0657349
41.9516633,-3.0765305
41.6390672,-2.6150611
41.9545475,-2.9313703
41.9536799,-2.9306967
41.9105339,-2.7639468
42.0220428,-3.287585
42.0218839,-3.2882905
42.0223911,-3.2870836
42.0221261,-3.2881962
41.9635512,-3.1271051
41.9633975,-3.1273642
41.981015,-3.0414236
41.9813797,-3.0402713
41.9813713,-3.0398774
41.9814309,-3.0401565
42.324756,-3.2015798
42.3240209,-3.2004604
42.3233374,-3.1996794
42.3237879,-3.2004562
42.3235847,-3.1998845
42.3240325,-3.0154133
42.3249732,-3.0141185
42.3348656,-2.7610712
42.2559799,-2.6310582
42.3677511,-2.655565
41.6239991,-2.2248203
41.624899,-2.2238417
41.6828341,-2.2015419
41.7752625,-2.5034123
41.7617669,-2.4806596
41.7613697,-2.473263
41.7613624,-2.4721693
41.7587265,-2.4696771
41.7610699,-2.4675392
41.7672844,-2.4807693
41.7707334,-2.4868139
41.7657449,-2.4755248
41.7657685,-2.4765577
41.7645167,-2.4698816
41.7640897,-2.4685047
41.7642542,-2.4685062
41.7645959,-2.4684435
41.7642282,-2.4675939
41.7641469,-2.4673739
41.7642267,-2.4673409
41.7629666,-2.4695185
41.7648363,-2.469315
41.7635791,-2.4685986
41.7641107,-2.4665972
41.7641331,-2.4677139
41.763294,-2.4696909
41.7631349,-2.4693143
41.779157,-1.984979
41.8769395,-2.0594454
41.8234184,-1.6881466999999999
41.9046233,-1.7241798
42.1487273,-2.2687238
42.3575182,-2.4732973
42.0687578,-2.0092558
42.3333568,-2.0692711
42.3342378,-2.0685728
42.3342661,-2.0683334
42.3341554,-2.0690695
42.3776674,-1.9426694
42.3769742,-1.9440117
42.3766905,-1.9445813
42.3771593,-1.9436001999999999
42.2343304,-1.8511641
42.1782577,-1.7499964
42.178899,-1.7488481
42.3151438,-1.8026794
42.3154135,-1.8007268
42.3388472,-1.7990882
42.3382595,-1.7969946
42.3389568,-1.7989975
42.3387677,-1.7987476
42.2790254,-1.7490142
42.2789515,-1.7491617
42.3868798,-3.3090826
42.4201308,-3.1900962
42.4208024,-3.1907764
42.4194688,-3.1902481
42.4191239,-3.1914614
42.4198502,-3.1905181
42.5506483,-3.32464
42.5511053,-3.3246724
42.550792,-3.3232969
42.5504897,-3.3246395
42.5499437,-3.3246305
42.4372599,-3.0855134
42.4394919,-2.9534216
42.4394756,-2.9531817
42.4383188,-2.9534597
42.4393514,-2.9543857
42.4393298,-2.9541767
42.4397517,-2.9549415
42.4397208,-2.9545026
42.4393697,-2.954689
42.4911732,-3.1348079
42.4906851,-3.1374829
42.490818,-3.1367986
42.7619258,-3.2951275
42.7927855,-3.2709183
42.7932404,-3.2713416
42.7924944,-3.2691909
42.6332672,-3.1117828
42.6343707,-3.1113106
42.6351088,-3.1106829
42.6860519,-2.9471017
42.6853782,-2.9483133
42.6837288,-2.9451365
42.6857347,-2.9471224
42.6865959,-2.9425987
42.6865584,-2.9467962
42.686101,-2.9469929
42.6848752,-2.9484094
42.6859468,-2.9473073
42.6855743,-2.9366454
42.6872143,-2.9432612
42.6886687,-2.9449476
42.6878919,-2.9440817
42.6882107,-2.943055
42.6878096,-2.9469146
42.6875755,-2.9440604
42.6869113,-2.9451747
42.6872786,-2.9445565
42.6880429,-2.9384184
42.6878012,-2.9408614
42.4167224,-2.7315683
42.4168096,-2.7310634
42.4169543,-2.7303107
42.5479948,-2.9116495
42.5481144,-2.9120689
42.5751705,-2.8512009
42.5734991,-2.8523089
42.5748465,-2.8502537
42.5771588,-2.8487937
42.5440705,-2.7846824
42.5624046,-2.758442
42.5626062,-2.7586886
42.4811319,-2.6416845
42.481466,-2.6445107
42.481232,-2.6422394
42.4295443,-2.5634148
42.4288567,-2.5610378
42.4665226,-2.5625412
42.4666349,-2.5630719
42.4665582,-2.5624554
42.5488729,-2.6657178
42.5149297,-2.6184515
42.5154171,-2.6183617
42.5530702,-2.584953
42.5533764,-2.5851697
42.5531672,-2.5849701
42.5535394,-2.5852049
42.6826311,-2.8589579
42.5903787,-2.7934608
42.7668755,-2.8315098
42.7348495,-2.7468449
42.7347901,-2.746863
42.6887689,-2.6347525
42.9900673,-3.2454153
42.9912501,-3.2470051
42.9892934,-3.2432284
42.8471844,-3.0981522
42.8082034,-3.0462963
42.9944973,-3.0091465
42.9943342,-3.0096968
42.9950668,-3.0101125
43.1002166,-3.2843789
43.1009217,-3.2827655
43.100626,-3.2831365
43.1002757,-3.2833085
43.1935888,-3.1964061
43.0510565,-3.0029094
43.0513216,-3.0029207
43.051602,-3.0016573
43.0517458,-3.0014472
43.0519284,-3.0011481
43.052141399999996,-3.0007674
43.0525178,-3.0015395
43.052701,-3.0003895
43.0534537,-3.0000131
43.214352,-3.1329716
43.2139732,-3.1324993
43.2136381,-3.1312612
43.2137194,-3.1308175
43.2141998,-3.1324798
43.2105289,-3.1158793
43.2110329,-3.0952347
43.1795354,-3.074069
43.2015003,-3.04894
43.2014288,-3.0490239
43.2007241,-3.0480587
43.2011616,-3.0482911
43.1552155,-3.0266085
43.1432059,-2.9606239
42.8049668,-2.9076363
42.8168782,-2.8122705
42.8175938,-2.810261
42.9527239,-2.9007903
42.9526059,-2.9007401
42.8415109,-2.697923
42.8413802,-2.6972176
42.8424198,-2.6969495
42.8418959,-2.697094
42.8422633,-2.6949588
42.8405409,-2.689132
42.8403313,-2.6886421
42.8410239,-2.6878152
42.8400665,-2.6905536
42.8429769,-2.692388
42.8505247,-2.682458
42.8505047,-2.6828421
42.8504332,-2.6820274
42.8462381,-2.6817956
42.8456579,-2.6815452
42.846159,-2.6839399
42.8477368,-2.6825378
42.8502538,-2.6805663
42.8447925,-2.6821127
42.8445022,-2.6826532
42.8475436,-2.6819635
42.8449332,-2.682081
42.8501561,-2.6805539
42.8446852,-2.6819397
42.8483527,-2.6784244
42.8468141,-2.6742841
42.8486739,-2.6799722
42.8473889,-2.6748234
42.8458211,-2.6746857
42.8452901,-2.6738853
42.849731,-2.6750433
42.8483123,-2.6793934
42.8364945,-2.670319
42.8354381,-2.6631209
42.8399703,-2.668608
42.8438522,-2.672325
42.8423209,-2.6724126
42.8433049,-2.6697052
42.8431527,-2.6730606
42.8421396,-2.6637369
42.8439948,-2.666396
42.8439523,-2.6660069
42.8385671,-2.6660465
42.8381697,-2.6654807
42.8386377,-2.6664448
42.8394866,-2.667224
42.838987,-2.6662423
42.8459587,-2.6708753
42.846022,-2.6733401
42.8485887,-2.6684536
42.8459048,-2.6720039
42.8449163,-2.6725843
42.8442109,-2.6730147
42.8502456,-2.6688396
42.848886,-2.6685975
42.8486343,-2.6684766
42.8456429,-2.6675678
42.8457632,-2.6710571
42.845556,-2.6695158
42.8445394,-2.669395
42.8443985,-2.6699343
42.8449832,-2.6710365
42.8449655,-2.6708371
42.8449361,-2.6704384
42.8445852,-2.6696864
42.8451301,-2.6690373
42.8446079,-2.6725996
42.8456759,-2.6725097
42.8456902,-2.6678834
42.8457815,-2.6689087
42.845517,-2.6682798
42.8448606,-2.6719358
42.8454652,-2.6660159
42.8463387,-2.6610209
42.8506107,-2.6658473
42.8451489,-2.6656494
42.8495913,-2.6637976
42.8451029,-2.6661225
42.845195,-2.6660444
42.8462692,-2.6653582
42.8474123,-2.6627302
42.8473847,-2.664811
42.8456075,-2.6672969
42.8457432,-2.6597949
42.8476144,-2.6601703
42.8476182,-2.6604807
42.8479978,-2.6597909
42.8472386,-2.6503232
42.8551353,-2.7007714
42.8628814,-2.6938642
42.8624742,-2.693574
42.8627895,-2.6937951
42.8604649,-2.6872443
42.8597167,-2.6928484
42.861384,-2.691566
42.8600365,-2.6933709
42.8564266,-2.6849261
42.8544266,-2.6804411
42.8510923,-2.6811438
42.8514231,-2.6821622
42.8541423,-2.6761812
42.8525803,-2.68005
42.8522715,-2.6801005
42.8521378,-2.6801246
42.8519193,-2.6801704
42.856521,-2.6783014
42.8523773,-2.676891
42.8532291,-2.6798926
42.8530529,-2.6799269
42.8533106,-2.6798722
42.8564336,-2.6780426
42.8571908,-2.6781289
42.8527,-2.6754645
42.857829,-2.6806913
42.8635452,-2.6831003
42.8584884,-2.6776421
42.8581549,-2.6791527
42.8576765,-2.6780222
42.8575132,-2.6780592
42.8675557,-2.6970452
42.86647,-2.6922647
42.8668369,-2.692508
42.8671809,-2.692145
42.864338,-2.6817582
42.8646325,-2.6819008
42.8652224,-2.6808362
42.8650501,-2.6797421
42.8571042,-2.6737025
42.854043,-2.667332
42.854222,-2.6676146
42.857278,-2.6694374
42.8554872,-2.6632826
42.8569618,-2.6640373
42.8559551,-2.6654878
42.8556276,-2.6658421
42.8554979,-2.6660217
42.8560261,-2.6645609
42.8563463,-2.6649235
42.8562086,-2.6650979
42.8528193,-2.6635744
42.8511952,-2.6659814
42.8576867,-2.669903
42.8592497,-2.6630595
42.8546819,-2.654148
42.8544573,-2.6525967
42.9775589,-2.6426356
42.9783382,-2.6425317
43.1071469,-2.9117487
43.2080353,-2.8877873
43.2077348,-2.8877644
43.2071392,-2.8877443
43.207174,-2.887016
43.2066232,-2.8880153
43.2066663,-2.8878717
43.2052405,-2.8878045
43.1335857,-2.7841493
43.1207743,-2.7690856
43.1210114,-2.7696422
43.1635218,-2.7777327
43.1631401,-2.7781555
43.162763,-2.7786669
43.1423988,-2.7512131
43.2175247,-2.8181352
43.2112757,-2.7795603
43.0409481,-2.654702
43.0177657,-2.5268921
43.0183957,-2.5257093
43.1700296,-2.6325792
43.1686121,-2.6322198
43.1683861,-2.6324322000000002
43.151379,-2.6099696
43.1303385,-2.5429641
43.130725,-2.5428147
43.1302111,-2.5419414
43.1295502,-2.5411069
43.1696116,-2.5746612
43.1697706,-2.5746127
43.1703968,-2.5468079
43.1704672,-2.5465504
42.4058241,-2.4407713
42.4552702,-2.4410448
42.4559367,-2.4357134
42.455832,-2.4372946
42.4557368,-2.43483
42.4539628,-2.4262058
42.4600909,-2.4595132
42.4610235,-2.4550593
42.4635965,-2.4534951
42.4598929,-2.4561095
42.465247,-2.4552472
42.4654725,-2.4548541
42.4651721,-2.4554566
42.4648175,-2.4539968
42.4654951,-2.4539031
42.464888,-2.4559696
42.4654804,-2.4555877
42.4658368,-2.456111
42.4644222,-2.452497
42.4662903,-2.4516338
42.463984,-2.4447367
42.4597218,-2.4464344
42.4594686,-2.4465575
42.4616796,-2.4501566
42.4628745,-2.4464107
42.4637131,-2.4476855
42.461808,-2.440109
42.4640711,-2.4454028
42.46408,-2.4458005
42.4640909,-2.4460144
42.4640968,-2.4461887
42.4641112,-2.4466461
42.4641072,-2.4464174
42.4643414,-2.4471291
42.4648458,-2.4474426
42.465124,-2.4473987
42.4651355,-2.4468968
42.4654046,-2.4465427
42.4653719,-2.4457887
42.4653648,-2.4446437
42.4643452,-2.447291
42.4639714,-2.4324093
42.4636933,-2.4325418
42.4637269,-2.4314245
42.4605824,-2.4355324
42.4633747,-2.4266738
42.4612848,-2.4209091
42.4018003,-2.3249508
42.5049273,-2.4359784
42.5044163,-2.4358689
42.5045888,-2.4356151
42.5034981,-2.4357211
42.5142774,-2.3719571
42.5148984,-2.3719976
42.4345839,-2.251281
42.404328,-2.1208512
42.4042989,-2.1206252
42.4439813,-2.1991231
42.4434285,-2.1999455
42.4446056,-2.1986242
42.5686447,-2.191061
42.5687262,-2.1918689
42.6275725,-2.4972695
42.669884,-2.3506112
42.6699777,-2.3513672
42.6699004,-2.3514949
42.6700268,-2.3510134
42.7399482,-2.4465535
42.3821729,-2.0581369
42.3833349,-2.0576929
42.4235514,-2.0786686
42.4237958,-2.0782283
42.4240963,-2.0799291
42.4826064,-1.9725233
42.6712214,-2.0323716
42.6709325,-2.0325848
42.6707885,-2.0327189
42.6713923,-2.0329284
42.6710822,-2.0315865
42.6604938,-1.9910183
42.6760531,-1.8915692
42.6285773,-1.8344
42.6719078,-1.8154075
42.6726469,-1.812982
42.6712437,-1.8146513
42.6796311,-1.7858231
42.785124,-1.6895594
42.7867549,-1.693461
42.7870337,-1.6934952
42.7884305,-1.69143
42.7883172,-1.6912615
42.8420081,-2.5110629
42.8419851,-2.5112294
42.8895369,-2.3164313
42.8762899,-2.1981894
42.8765349,-2.1969804
42.8947275,-2.1714662
42.8944113,-2.1695228
42.8955689,-2.1718054
42.8955532,-2.1719878
42.8958727,-2.1719622
42.8956331,-2.1706681
42.8945967,-2.1688902
42.8950034,-2.168187
42.9766957,-2.2896551
42.9762027,-2.2910751
43.0362164,-2.5053876
43.035021,-2.5047582
43.0335831,-2.4144417
43.0326587,-2.4127594
43.032536,-2.4128016
43.0335545,-2.4141298
43.0332479,-2.4137872
43.0330582,-2.41352
43.0631598,-2.4965853
43.0612462,-2.4932572
43.0617009,-2.4935172
43.0639302,-2.4952728
43.0663068,-2.4888522
43.0654029,-2.4887376
43.0666637,-2.4791627
43.0673946,-2.4899079
43.0673805,-2.4794876
43.1120881,-2.4136498
43.0324275,-2.4041532
43.0321645,-2.4045941
43.0987367,-2.3817898
43.0891573,-2.3159901
43.0892204,-2.3163068
43.0886069,-2.318396
43.0881192,-2.3194018
43.089248,-2.313451
43.0918694,-2.3149558
43.0918926,-2.3135587
43.0896452,-2.3132327
43.0896825,-2.3132762
43.1160546,-2.4154373
43.1177703,-2.4131463
43.1167155,-2.4151521
43.1173633,-2.4134817
43.1864895,-2.5044474
43.1866445,-2.5028811
43.1835809,-2.4819558
43.1841373,-2.481351
43.1857319,-2.4711789
43.1859177,-2.4689153
43.1851828,-2.4692912
43.1857186,-2.4672907
43.1852266,-2.4687994
43.1851532,-2.4684906
43.1861808,-2.4668768
43.1858418,-2.4692996
43.1859553,-2.4692228
43.1853854,-2.4690336
43.1752349,-2.4133569
43.1736544,-2.4129063
43.2154113,-2.4157848
43.2153668,-2.4150161
43.2140961,-2.4170719
43.2150079,-2.4146202
43.2150731,-2.4152105
43.2151106,-2.4163563
43.214729,-2.4170229
43.1779299,-2.311819
43.0103024,-2.2522891
43.0467934,-2.2025934
43.0332099,-2.1863155
43.034121,-2.1864274
43.034178,-2.1864386
43.0463265,-2.1985958
43.0471884,-2.1990093
43.0471768,-2.1983438
43.0469862,-2.1985059
43.0470368,-2.1984031
43.0471436,-2.1986363
43.0466997,-2.197709
43.0466374,-2.1983966
43.046753,-2.1990468
43.0536549,-2.1798918
43.053753,-2.1796239
43.053852,-2.1802578
43.0532378,-2.1807401
43.0534293,-2.181559
43.0535358,-2.1811147
43.0535542,-2.1813392
43.05401,-2.1804532
43.0856059,-2.1502603
43.1005365,-2.0983285
43.1824776,-2.266177
43.1842136,-2.2655351
43.1830504,-2.2652378
43.1837381,-2.2673389
43.1835582,-2.2670653
42.9070749,-2.0651443
42.9133865,-2.0396892
42.9224548,-2.0231981
42.9221688,-2.0232109
42.9198068,-1.9688317
42.9203308,-1.9696257
43.0013109,-1.8916921
43.0047135,-1.8959608
43.0043034,-1.8965558
42.8042628,-1.6850688
42.8045031,-1.685205
42.8049907,-1.6805446
42.823509,-1.6962046
42.91892,-1.8280447
42.9186608,-1.8281282
43.1034097,-2.0338321
43.025457,-1.980404
43.0798636,-1.915488
43.0797416,-1.9154869
43.0796236,-1.9154827
43.0797944,-1.9152452
43.1368368,-2.073391
43.1369018,-2.074131
43.1359478,-2.0749237
43.1342743,-2.0753695
43.1362694,-2.07442
43.1364208,-2.0740963
43.1369347,-2.0732156
43.1340421,-2.0762787
43.1324645,-2.0673194
43.1327268,-2.0676043
43.1887118,-2.0525419
43.1876165,-2.0526465
43.1881589,-2.0527142
43.1874537,-2.0524279
43.1873297,-2.0523847
43.1935516,-2.0961551
43.2122293,-2.0253174
43.2174248,-2.021893
43.2176016,-2.0221688
43.217295,-2.021949
43.217018,-2.0209382
43.2166316,-2.0207224
43.2169581,-2.0206582
43.1956586,-1.7260659
41.8174444,-1.5199261
41.8166818,-1.5201514
41.9005024,-1.4202081
41.9011001,-1.4202576
41.923384,-1.421173
41.8691506,-1.3179946
41.8689449,-1.3185656
41.8683937,-1.3166021
41.8685146,-1.3162404
41.5801673,-1.1163847
41.5799552,-1.116947
41.5796749,-1.1165668
41.5797479,-1.118164
41.5797138,-1.1183384
41.63551,-0.9454626
41.592879,-0.9317166
41.5927467,-0.9318275
41.59257,-0.932403
41.6296528,-0.9316655
41.6226422,-0.9298497
41.6204286,-0.9205779
41.6200556,-0.9209684
41.6417564,-0.9334976
41.6382058,-0.9064232
41.6402282,-0.9138795
41.6420499,-0.9115607
41.6436656,-0.9152873
41.6435553,-0.9126399
41.643482,-0.91232
41.6391895,-0.9078461
41.6428559,-0.9075179
41.6414507,-0.9103599
41.6418884,-0.9106385
41.6401536,-0.9081008
41.6406798,-0.9084175
41.6419046,-0.9102879
41.6420378,-0.9098716
41.6426025,-0.9094461
41.6398896,-0.908003
41.6415272,-0.9101547
41.6410829,-0.9096046
41.638636,-0.8966738
41.6387598,-0.8972605
41.6413498,-0.8941793
41.6442005,-0.8948964
41.6445697,-0.8918768
41.6436684,-0.891375
41.6403384,-0.8957821
41.6436339,-0.8921015
41.6433612,-0.8929874
41.6431023,-0.8925589
41.6424821,-0.8937976
41.6392236,-0.8968272
41.6384548,-0.8968876
41.6314296,-0.8864055
41.6314621,-0.8852783
41.6297192,-0.8860531
41.629519,-0.885846
41.6316969,-0.8859911
41.6254873,-0.8784452
41.624684,-0.8758646
41.63256,-0.8853129
41.6342723,-0.8782101
41.6352789,-0.8795775
41.6348354,-0.8788715
41.6357736,-0.8788679
41.6332835,-0.8785326
41.6382,-0.8786884
41.640122,-0.8868308
41.6434324,-0.8896103
41.6389297,-0.8864152
41.6419019,-0.8859481
41.6420851,-0.886527
41.6396965,-0.8866363
41.6437098,-0.8857324
41.6395903,-0.8860831
41.644582,-0.8784108
41.6391694,-0.8805394
41.6387551,-0.8797407
41.6429308,-0.8817737
41.6441063,-0.8823046
41.6431901,-0.8823628
41.6349309,-0.8751935
41.6379658,-0.877477
41.6377093,-0.8769223
41.638126,-0.8777902
41.6386997,-0.8752161
41.6447345,-0.8781764
41.6442219,-0.876507
41.6418921,-0.8747822
41.6432377,-0.8718453
41.6407958,-0.8738527
41.6422971,-0.8656875
41.6424898,-0.8696325
41.6420498,-0.8697532
41.6412933,-0.8672667
41.6426009,-0.8688484
41.7070976,-0.9984419
41.7046942,-1.0002361
41.7051202,-0.9999485
41.7061113,-0.9987958
41.7057148,-0.9989594
41.7053991,-0.9988271
41.7111889,-0.9968342
41.7118572,-0.9966351
41.702886,-0.9681321
41.6489086,-0.9212329
41.6515321,-0.9252012
41.6645337,-0.9324271
41.6513363,-0.9124343
41.6507039,-0.9160816
41.6503104,-0.9171505
41.6484635,-0.9138122
41.6488448,-0.913977
41.6499107,-0.9143785
41.6509469,-0.9159851
41.6513771,-0.9168365
41.648985,-0.9087166
41.6497395,-0.9090595
41.6517783,-0.9112412
41.6514976,-0.9124404
41.6540708,-0.9130072
41.6517312,-0.9052969
41.6550893,-0.9058963
41.6519385,-0.9104921
41.6528983,-0.9061507
41.6524785,-0.908113
41.6560525,-0.9081292
41.6515571,-0.9098659
41.649696,-0.8991039
41.6493221,-0.8994625
41.6490696,-0.8984491
41.6481744,-0.8998345
41.6504449,-0.8985248
41.6498507,-0.8986361
41.6472965,-0.8940334
41.647598,-0.8940997
41.6490448,-0.8973405
41.6489175,-0.8964953
41.6491112,-0.8977311
41.6538593,-0.9022746
41.6537437,-0.9027529
41.6515753,-0.8986147
41.6525423,-0.9019809
41.6537074,-0.9030438
41.6535172,-0.9037596
41.6522212,-0.8977124
41.6722619,-0.8924625
41.6485213,-0.8854295
41.6477078,-0.8849527
41.6477003,-0.8847818
41.6462597,-0.8882601
41.6479226,-0.886717
41.6463965,-0.8858252
41.650785,-0.8901331
41.6492893,-0.8869768
41.64665,-0.8858224
41.6482482,-0.8860704
41.6488275,-0.8873198
41.6486602,-0.8865297
41.6497555,-0.8870744
41.6488517,-0.8866874
41.6485054,-0.8897681
41.6468911,-0.8841904
41.649742,-0.8838427
41.6470175,-0.8802441
41.6505556,-0.8805998
41.6514051,-0.8783477
41.6466025,-0.8811666
41.6465369,-0.8807243
41.6502209,-0.8846853
41.6490084,-0.8846004
41.6465283,-0.8838243
41.650847,-0.8803739
41.6483078,-0.8832837
41.6494768,-0.8828092
41.646694,-0.881394
41.6490259,-0.8823527
41.6578587,-0.889522
41.6528931,-0.8847391
41.6556756,-0.8903636
41.6523016,-0.8804555
41.6521009,-0.8800958
41.6518855,-0.8803373
41.6527856,-0.8814347
41.6539339,-0.8786353
41.6515048,-0.8785971
41.6530564,-0.882418
41.6535688,-0.8833753
41.6529334,-0.8821084
41.651747,-0.8791065
41.6533485,-0.8830537
41.6548418,-0.8844302
41.6519425,-0.8796948
41.6507589,-0.8771293
41.6460402,-0.8724297
41.6464503,-0.8726413
41.6466878,-0.8729958
41.6513826,-0.8747384
41.6448964,-0.8769766
41.652869,-0.8779822
41.6703868,-0.8857769
41.6691988,-0.8881908
41.6679574,-0.886756
41.6685764,-0.8876733
41.6646155,-0.8839302
41.6608716,-0.8736184
41.6605003,-0.8734483
41.6605837,-0.8738145
41.6615428,-0.8660595
41.6705528,-0.8766506
41.6695626,-0.8765454
41.669278,-0.8763545
41.6637674,-0.8605619
41.6626068,-0.863437
41.6626039,-0.8643157
41.6764078,-0.8890987
41.6772866,-0.8890668
41.6748924,-0.886644
41.674916,-0.8869732
41.6712304,-0.8891141
41.6712741,-0.8896136
41.6717509,-0.8863001
41.6727382,-0.8857381
41.6713312,-0.8911651
41.6839568,-0.8861044
41.6839956,-0.8861605
41.6757209,-0.8768629
41.6721203,-0.8773512
41.686593,-0.8773522
41.7880982,-1.2173544
41.7906532,-1.2150211
41.7950149,-1.1629029
41.8487061,-1.2505422
41.8487161,-1.2512568
41.848266,-1.251278
41.8151965,-1.1947648
41.8386044,-1.1761807
41.7689971,-1.1191976
41.7687591,-1.1184409
41.7689837,-1.1196965
41.769143,-1.1201752
41.7703715,-1.1208306
41.7575117,-1.0648227
42.0622978,-1.6033529
42.0621603,-1.6029463
42.0617972,-1.6049391
42.0584516,-1.5997901
42.0317973,-1.5251928
42.0207643,-1.4853193
42.0203706,-1.4855704
42.1968514,-1.6352692
42.3751051,-1.5516398
42.3751566,-1.5511248
42.125796,-1.1414201
42.1262871,-1.1385603
41.5725143,-0.7424569
41.5722295,-0.7419724
41.6043732,-0.8244063
41.6331823,-0.7548699
41.6328664,-0.7541945
41.63271,-0.7543929
41.6326619,-0.7543714
41.6331115,-0.7513199
41.6669753,-0.8323625
41.6669543,-0.8321505
41.6668204,-0.8312923
41.6667384,-0.8293958
41.6598223,-0.7878718
41.7681349,-0.8247685
41.7610872,-0.7951511
41.7612822,-0.7977295
41.8301546,-0.7689379
41.8304431,-0.7685253
41.8673947,-0.7892536
41.8684378,-0.787659
41.8686989,-0.7876
41.868798,-0.7867998
41.8696011,-0.787827
41.9358461,-0.7548367
41.6389635,-0.4152168
41.638846,-0.4152845
41.9307813,-0.1664346
41.9766571,-0.537701
41.9778806,-0.5368235
41.9781293,-0.5367045
42.0430234,-0.5829012
42.0426324,-0.5824355
42.0419277,-0.5821781
42.275427,-0.6888132
42.2758853,-0.6894137
42.2592388,-0.5532807
42.3143187,-0.6260342
41.9956416,-0.2442849
42.1323504,-0.4156275
42.1355755,-0.4087397
42.1355294,-0.4085091
42.1356787,-0.4084188
42.1362417,-0.408252
42.1356805,-0.4082538
42.1357781,-0.4077337
42.1359269,-0.4083952
42.1310059,-0.4084654
42.131408,-0.4076697
42.1352591,-0.4085872
42.1423978,-0.4172404
42.1364253,-0.4082279
42.1370682,-0.4080315
42.1372371,-0.4078012
42.1372854,-0.4090053
42.1389681,-0.4104063
42.1312946,-0.4039195
42.131256,-0.4043326
42.1373232,-0.4061793
42.1386806,-0.4054395
42.1392294,-0.4037639
42.1392873,-0.4027765
42.1392498,-0.4034199
42.1367035,-0.4025408
42.1429739,-0.4178885
41.960714,-0.0033614
42.481025,-1.6512547
42.4810282,-1.6504823
42.4814741,-1.6512439
42.526834,-1.6749082
42.5265394,-1.6747791
42.5274991,-1.6743611
42.5273647,-1.6745113
42.5272682,-1.6756149
42.5309759,-1.6727678
42.5311899,-1.674353
42.576063,-1.2819865
42.576487,-1.2832835
42.603668,-1.6458146
42.7382143,-1.6352403
42.7607411,-1.6337544
42.7901852,-1.6184403
42.7894021,-1.616892
42.7051756,-1.5078996
42.5913359,-1.362496
42.6526953,-1.3067532
42.6528076,-1.3058601
42.7852565,-1.3698024
42.7855376,-1.3711833
42.4949537,-1.2167662
42.6032744,-0.8588995
42.8044084,-1.6759123
42.8040333,-1.6771362
42.8041204,-1.6767447
42.808473,-1.6718739
42.8085939,-1.671961
42.8092401,-1.6726255
42.8090331,-1.6729918
42.8105721,-1.6660938
42.8077213,-1.6707198
42.8043365,-1.6520125
42.8089939,-1.659124
42.8065813,-1.6616229
42.8077924,-1.6558247
42.8067509,-1.6566767
42.8099711,-1.6571415
42.8112682,-1.6565099
42.8054779,-1.6543655
42.8058091,-1.655102
42.8055532,-1.6545707
42.8205494,-1.669311
42.8207956,-1.6684046
42.8137195,-1.6599661000000001
42.8172138,-1.6584477
42.8145748,-1.6599024
42.8135825,-1.6608741
42.81438,-1.6588477
42.8147753,-1.663454
42.8116037,-1.662033
42.8146206,-1.6632602
42.8145337,-1.6579531
42.8161889,-1.6577973
42.8114227,-1.6563415
42.8146162,-1.6521247
42.811624,-1.655432
42.8225351,-1.6634773
42.8231084,-1.6528423
42.8045581,-1.6514681
42.8016288,-1.645855
42.8025867,-1.6426878
42.8028252,-1.6438379
42.8065608,-1.6459421
42.8054969,-1.6465367
42.805846,-1.6462932
42.8111184,-1.6433119
42.8104901,-1.6442075
42.8110533,-1.638393
42.8111171,-1.6366909
42.8061372,-1.6351663
42.8055577,-1.63538
42.8112562,-1.6336353
42.8153799,-1.6456845
42.8146753,-1.6458967
42.8148181,-1.6470698
42.8156488,-1.6458871
42.8150123,-1.6468049
42.8120344,-1.6449765
42.8115178,-1.6386512
42.811708,-1.6388393
42.8130521,-1.6387835
42.8125213,-1.6421923
42.8142714,-1.6401792
42.8132936,-1.6430567
42.8163752,-1.6422536
42.813348,-1.639779
42.8146253,-1.6412072
42.8131397,-1.6413044
42.8153205,-1.6441214
42.8148976,-1.6423051
42.8149571,-1.6390605
42.813106,-1.641655
42.8173963,-1.6436227
42.8171134,-1.643642
42.8143021,-1.6417818
42.8132825,-1.6400793
42.8156854,-1.6444972
42.814844,-1.6423795
42.8240622,-1.6506776
42.8195018,-1.6454425
42.8118198,-1.6361398
42.8121406,-1.6383382
42.8117387,-1.6373838
42.8120552,-1.6377229
42.8137961,-1.6383554
42.8368134,-1.6736932
42.8371617,-1.674094
42.8275182,-1.6533734
42.8268666,-1.6525237
42.8266864,-1.6523759
42.8270516,-1.6513151
42.8285871,-1.6468438
42.8293507,-1.6454218
42.8270407,-1.647174
42.8284305,-1.6479681
42.8328863,-1.6397474
42.8327129,-1.6394519
42.829529,-1.6295975
42.8249294,-1.6307415
42.8329214,-1.6383227
42.833738,-1.6327618
42.8127997,-1.6140939
42.8117872,-1.6125197
42.8118382,-1.6128148
42.8239814,-1.6156517
42.8240978,-1.6181064
42.8104728,-1.5972591
42.8105801,-1.5977114
42.810474,-1.597927
42.8260854,-1.6192472
42.8252735,-1.6171376
42.8252331,-1.6162368
42.8254227,-1.6169734
42.8260027,-1.6156588
42.8255601,-1.6162059
42.8263519,-1.6151707
42.8306164,-1.6094436
42.8316746,-1.6103582
42.8318233,-1.6101636
42.8323074,-1.6099296
42.8315679,-1.5910332
42.8315628,-1.5908714
42.8294122,-1.5828464
42.9308194,-1.5043659
42.9422321,-1.4472366
42.9453417,-1.2647001
42.9436491,-1.2635258
42.9868854,-1.337116
42.9883392,-1.3365579
43.1317667,-1.6701564
43.1319584,-1.6706532
43.1318286,-1.6702983
43.1637969,-1.6691943
43.138273,-1.608896
43.166379,-1.6732242
43.1449852,-1.5179837
43.1464572,-1.5171357
43.1461533,-1.5169658
43.1469639,-1.5165618
43.0926726,-1.3019836
42.8874283,-1.0980354
42.9059511,-1.0894031
42.9052114,-1.0905649
42.8080331,-0.9555237
42.8604101,-0.9240813
42.8609953,-0.9227009
42.5692564,-0.5512435
42.5699628,-0.5512998
42.5695639,-0.5502519
42.5713588,-0.5488438
42.5693166,-0.5495394
42.571342,-0.549184
42.5694279,-0.5495467
42.5715714,-0.5490383
42.5716262,-0.5488503
42.6263047,-0.7236933
42.7389054,-0.7501409
42.7388371,-0.7516449
42.7386947,-0.7506277
42.7554046,-0.8290369
42.7565824,-0.8285796
42.7530002,-0.5150232
42.7532307,-0.5149955
42.5183678,-0.3677735
42.5188351,-0.3689815
42.5086515,-0.3568328
42.508,-0.3574122
42.5182648,-0.3644228
42.5182873,-0.366693
42.5182894,-0.3669552
42.4957714,-0.120076
42.4966237,-0.1202048
42.6287901,-0.3215213
42.6287701,-0.321375
42.6287547,-0.3201945
42.7718031,-0.3316326
42.7721963,-0.3311272
42.7237484,-0.2850312
42.7236739,-0.2834453
42.6054698,-0.1237101
42.6042831,-0.1227971
42.6041262,-0.1224029
42.628676,-0.1121981
43.2200424,-9.0056646
43.2201239,-9.0056968
43.2186595,-8.9294853
43.2651909,-8.9614242
43.2653784,-8.9608033
43.2651084,-8.9621092
43.2426516,-8.9001885
43.2426816,-8.8988728
43.3230253,-8.8105773
43.323244,-8.8105596
43.3236683,-8.8097828
43.2480662,-8.5800441
43.2477257,-8.5798043
43.2481881,-8.5822759
43.2552069,-8.5533743
43.3171338,-8.4823408
43.3252736,-8.4357454
43.3314305,-8.4311681
43.3343543,-8.4107793
43.3418781,-8.4034004
43.3420239,-8.4050128
43.3413153,-8.4048901
43.3392454,-8.4038755
43.3468042,-8.4094557
43.3476156,-8.4068187
43.3485207,-8.4027279
43.3472541,-8.401483
43.3473838,-8.4016213
43.352282,-8.4229393
43.3598061,-8.4237969
43.3598762,-8.4234874
43.3579312,-8.4194396
43.359766,-8.4193681
43.3610143,-8.4194919
43.3605828,-8.4202584
43.3609272,-8.420522
43.3604954,-8.4153086
43.3601357,-8.4171761
43.3600465,-8.4173689
43.3597336,-8.4207472
43.3627424,-8.4229383
43.3635404,-8.42265
43.3667047,-8.4236791
43.3647142,-8.4195594
43.3745886,-8.4273286
43.3714099,-8.4224855
43.3721307,-8.423234
43.3716109,-8.4222394
43.3548624,-8.4092393
43.3548964,-8.4144279
43.3547673,-8.41057
43.3545925,-8.4110227
43.3550766,-8.4112165
43.3543846,-8.4079922
43.3548703,-8.4039173
43.3551121,-8.4035042
43.3549387,-8.4037379
43.3527651,-8.4032174
43.3551034,-8.4044622
43.358939,-8.4097043
43.3561074,-8.411549
43.361274,-8.4068749
43.3584129,-8.4033848
43.3575918,-8.4044613
43.356182,-8.4021613
43.3559396,-8.4024387
43.357829,-8.402528
43.3618318,-8.4081498
43.3570041,-8.4036347
43.3614986,-8.4038367
43.3516649,-8.395131
43.3535095,-8.3936821
43.3539778,-8.3945815
43.3534665,-8.3925799
43.352942,-8.3913753
43.3528694,-8.3900811
43.3674938,-8.408813
43.3679058,-8.4088141
43.3658584,-8.4100027
43.3662668,-8.4105014
43.365929,-8.4086903
43.3658874,-8.409791
43.3662974,-8.4103857
43.364468,-8.4083196
43.3670495,-8.4043916
43.3623524,-8.4056514
43.3665629,-8.404798
43.3683125,-8.4051782
43.3684402,-8.4030342
43.3669371,-8.4067435
43.3666201,-8.4056568
43.3664211,-8.4078816
43.3653959,-8.4051906
43.3677914,-8.4037212
43.3656081,-8.4051419
43.3652309,-8.4074314
43.3650211,-8.4056192
43.3632051,-8.4062563
43.3626946,-8.4056521
43.3625513,-8.4078419
43.368158,-8.404125
43.3665429,-8.4055898
43.3676538,-8.4051841
43.3646394,-8.4058112
43.3635761,-8.4056007
43.3620539,-8.4082038
43.3644857,-8.4079307
43.3652724,-8.4080865
43.3639707,-8.4079387
43.3673511,-8.4040378
43.3726282,-8.4024701
43.3689388,-8.4023713
43.3690234,-8.4024909
43.370346,-8.4021086
43.3696426,-8.4033051
43.3740737,-8.3972543
43.3691878,-8.4014182
43.3714794,-8.3976229
43.3721646,-8.3975539
43.3704072,-8.3933456
43.3752186,-8.4306302
43.3752597,-8.3978778
43.3756916,-8.3980045
43.3791762,-8.3980977
43.3751368,-8.3977965
43.3770555,-8.4004519
43.3751687,-8.398158
43.229914,-8.3554593
43.2296155,-8.3553058
43.2282544,-8.3556543
43.230872,-8.3563142
43.2274762,-8.2884472
43.2918184,-8.3451705
43.2922737,-8.3430853
43.2926739,-8.3426591
43.292718,-8.3425762
43.2926078,-8.3420527
43.3160315,-8.3660627
43.3157204,-8.3660846
43.3158714,-8.3662302
43.3153847,-8.3657832
43.3159804,-8.366018
43.3162092,-8.365717
43.3178085,-8.3569767
43.3179734,-8.3567795
43.3176925,-8.3572891
43.3080482,-8.2641116
43.2802373,-8.2100822
43.2797457,-8.2109537
43.2783034,-8.2112794
43.2796384,-8.2109443
43.2801562,-8.2104556
43.3199901,-8.2312111
43.3337374,-8.3782739
43.333471,-8.3791812
43.333937,-8.3790028
43.3413478,-8.3464116
43.3473317,-8.3461859
43.3491874,-8.3459921
43.3343226,-8.3150555
43.3511833,-8.2541033
43.3509829,-8.255059
43.3512406,-8.255614
43.3509786,-8.2541413
43.3518,-8.2536937
43.3457193,-8.2073805
43.3465283,-8.2064202
43.347522,-8.2050809
43.3475524,-8.2049238
43.3940492,-8.171058
43.4064858,-8.1707722
43.4067758,-8.171074
43.4076755,-8.1713956
43.4072013,-8.1701516
43.4076375,-8.1710889
43.406965,-8.1697413
43.3802217,-8.0798403
43.430103,-8.2405301
43.4275423,-8.2444059
43.4599149,-8.2560576
43.4603304,-8.2548087
43.4604085,-8.2545851
43.4835781,-8.2343442
43.4843619,-8.2320207
43.4839683,-8.2344068
43.4839611,-8.2330078
43.482905,-8.2338312
43.4849699,-8.2330618
43.4872046,-8.2377701
43.4836597,-8.2256535
43.4858842,-8.2288021
43.4843957,-8.2296716
43.4860197,-8.2295363
43.4894367,-8.2203583
43.4856591,-8.206576
43.4916395,-8.2154822
43.4912781,-8.2163908
43.4910581,-8.217018
43.4907017,-8.2178502
43.4969085,-8.2296365
43.4931003,-8.2120015
43.4820629,-8.2030029
43.4917252,-8.1992841
43.4925516,-8.2007758
43.4980559,-8.1983348
43.5022853,-8.1998331
43.5012808,-8.1922256
43.5051742,-8.1874274
43.502319,-8.1910028
43.5072855,-8.1852902
43.5073251,-8.1852402
43.471929,-8.172325
43.4764739,-8.1706033
43.4754005,-8.1654407
43.5165416,-8.1574544
43.5162678,-8.157519
43.5165481,-8.1581495
43.5163419,-8.1508508
43.435569,-8.0713656
43.6075621,-8.1431
43.607257,-8.1434769
43.5323986,-8.070172
43.5614455,-8.0146332
43.5609092,-8.0145685
43.2982041,-7.6814533
43.2980215,-7.6812705
43.2992396,-7.6786533
43.2988206,-7.6801439
43.2984535,-7.6803492
43.2991113,-7.6794381
43.3005052,-7.6789151
43.236186,-7.5581038
43.2357128,-7.5578645
43.2361567,-7.5548338
43.4470751,-7.8532618
43.4481736,-7.8557801
43.4480576,-7.8555125
43.4481996,-7.8551429
43.4471665,-7.8526367
43.4484325,-7.8564266
43.4482083,-7.852741
43.607279,-7.9519094
43.6075872,-7.9524515
43.5618187,-7.6418301
43.6609245,-8.0547324
43.6595709,-8.0522398
43.6610448,-8.053819
43.660718,-8.0535381
43.7409319,-7.869321
43.7409671,-7.8701865
43.7410659,-7.8700668
43.6822542,-7.8527579
43.6814208,-7.8533767
43.6829934,-7.8521203
43.683276,-7.8518593
43.6837128,-7.8515713
43.7200905,-7.8066683
43.7369085,-7.7058448
43.7321989,-7.6745066
43.7327979,-7.6730786
43.6697396,-7.609147
43.659707,-7.5969
43.6595244,-7.5965238
43.6620026,-7.5963972
43.6615952,-7.596614
43.6636477,-7.5950255
43.6783163,-7.5937055
43.2535002,-7.4307641
43.3009579,-7.351676
43.3004002,-7.3507077
43.3629705,-7.4743778
43.3640717,-7.4731815
43.3641124,-7.4750077
43.3412436,-7.2617591
43.3483163,-7.1923209
43.3480908,-7.1924132
43.4088346,-7.1433513
43.4294096,-7.3639457
43.4293809,-7.3642991
43.5288143,-7.4149664
43.549804,-7.4410376
43.5500598,-7.4412824
43.5519692,-7.4433423
43.4710466,-7.2989488
43.4469438,-7.1939596
43.566424,-7.2616713
43.5662055,-7.2602604
43.5671803,-7.2603565
43.5688989,-7.2582054
43.5416502,-7.2315666
43.5409514,-7.2333003
43.2589404,-7.0196553
43.3113272,-6.9866465
43.3600196,-7.108066
43.3605702,-7.1083183
43.2182234,-6.8757689
43.4642337,-7.0517975
43.4641224,-7.0510852
43.4644879,-7.0480152
43.4647671,-7.0482926
43.464166,-7.0495999
43.527498,-7.0298893
43.5280276,-7.0299023
43.5366135,-7.0409871
43.5369231,-7.0411676
43.5364999,-7.0417047
43.5377026,-7.0425037
43.5374607,-7.0432915
43.5365757,-7.0438786
43.5364368,-7.043615
43.5704288,-6.9439674
43.4281841,-6.819489
43.4277629,-6.8203698
43.4279832,-6.819669
43.4284712,-6.8182677
43.5505475,-6.8284576
43.5379682,-6.7248582
43.5402305,-6.7246969
43.5395775,-6.7245638
43.5390857,-6.7247265
43.6847698,-7.5119889
43.2715927,-6.6121999
43.2715665,-6.6107827
43.4048565,-6.5432761
43.3352049,-6.4164024
43.3376657,-6.4164259
43.3371331,-6.41594
43.5639908,-6.6465878
43.5437305,-6.5359503
43.5428046,-6.5341215
43.5427132,-6.5350452
43.5430478,-6.5349782
43.5447119,-6.5351742
43.5447633,-6.3897739
43.5448489,-6.3913421
43.2827592,-6.2186761
43.2820146,-6.2176924
43.4087081,-6.2592837
43.4087705,-6.2597128
43.4084112,-6.26052
43.4111221,-6.1595037
43.2502852,-6.0174894
43.2331482,-5.879165
43.2805795,-5.8789446
43.2831423,-5.8773966
43.3896977,-6.0700425
43.3885739,-6.0694788
43.3447766,-5.9723966
43.3448897,-5.9717315
43.359026,-5.9180156
43.3595306,-5.9174587
43.3677052,-5.8726623
43.4893497,-6.1127587
43.490271,-6.1114403
43.4902129,-6.1121803
43.4900514,-6.1102541
43.488237,-6.1116271
43.5617926,-6.23087
43.5621509,-6.2313981
43.5614169,-6.1481597
43.561338,-6.1477569
43.5628506,-6.1461272
43.5628928,-6.1450208
43.5547317,-6.0848878
43.4494394,-6.077379
43.5586444,-6.0758762
43.5418707,-5.938931
43.5518428,-5.9275609
43.5576946,-5.9276463
43.5529808,-5.9286484
43.5528035,-5.9286534
43.5581344,-5.9250633
43.5575334,-5.9249458
43.5576099,-5.9246884
43.5603877,-5.9744877
43.5751391,-5.9645276
43.5745671,-5.9622724
43.5591142,-5.9321105
43.5606114,-5.9255438
43.5601819,-5.9259302
43.5750412,-5.9397596
43.5376282,-5.9052817
43.5377497,-5.9038697000000004
43.5497437,-5.9182158
43.5501273,-5.9155117
43.5517698,-5.9175946
43.555936,-5.9231886
43.552682,-5.9186194
43.5567752,-5.9236802
43.5570246,-5.9242356
43.5571596,-5.9239779
43.5562086,-5.9234376
43.558023,-5.9238963
43.55705,-5.9234885
43.5463636,-5.9068853
43.5461909,-5.9060517
43.5482297,-5.8997636
43.5590402,-5.9224297
43.249287699999996,-5.7789774
43.2501468,-5.7750179
43.2502758,-5.7740307
43.2501924,-5.775496
43.2503647,-5.775323
43.2480211,-5.7762096
43.2500626,-5.7736923000000004
43.2526151,-5.7766769
43.2524574,-5.7742579
43.2976436,-5.8208312
43.2957728,-5.6833598
43.2953383,-5.6833556
43.2951282,-5.6833303
43.295224,-5.6826373
43.2959445,-5.6836131
43.2961816,-5.683632
43.2883823,-5.6694722
43.3026773,-5.7067702
43.3081591,-5.6930474
43.309365,-5.6928492
43.3081831,-5.6932369
43.308381,-5.6932029
43.3086822,-5.6905988
43.3087048,-5.6914187
43.3076814,-5.6906388
43.3112753,-5.6908392
43.3613825,-5.8672916
43.3614973,-5.8672123
43.3576711,-5.8710216
43.3616774,-5.85986
43.3618551,-5.8615468
43.3556115,-5.8617103
43.360204,-5.8627598
43.3558235,-5.8614648
43.3618107,-5.8605614
43.3615753,-5.8545049
43.356225,-5.8585607
43.361227,-5.8544924
43.3607303,-5.8585536
43.3574109,-5.8523967
43.3603599,-5.8486488
43.3618232,-5.8472758
43.3575892,-5.8481643
43.3603211,-5.8483753
43.36135,-5.8471389
43.3579534,-5.8480543
43.355786,-5.8508283
43.3610111,-5.8469714
43.3574621,-5.8483961
43.3601316,-5.8467946
43.3606017,-5.8475431
43.3681044,-5.866196
43.3683946,-5.8675843
43.3672726,-5.8658329
43.3654976,-5.8693352
43.3633628,-5.8609935
43.3620959,-5.8622449
43.3622212,-5.8609355
43.3639611,-5.8604686
43.3631133,-5.8645396
43.3630551,-5.8643755
43.3619332,-5.8617854
43.3688634,-5.8688303
43.3638975,-5.8552337
43.3672683,-5.852379
43.3625006,-5.8550321
43.3625453,-5.8542121
43.3624484,-5.8541241
43.3643223,-5.8532343
43.367051,-5.8562138
43.3628153,-5.8492776
43.3640722,-5.8521097
43.3633212,-5.8505309
43.362471,-5.8486844
43.363499,-5.8479964
43.3635731,-5.8482807
43.3645489,-5.8518951
43.3639913,-5.8466712
43.3648312,-5.8523486
43.3658936,-5.8522357
43.3660733,-5.8519731
43.3639029,-5.8485849
43.3677335,-5.8504361
43.3653491,-5.8497578
43.364543,-5.8504432
43.3631857,-5.8484497
43.3653776,-5.8502861
43.3662426,-5.8461196
43.3628204,-5.8463973
43.3625616,-5.8488813
43.3625124,-5.8487922
43.3697841,-5.8549326
43.3691706,-5.8484562
43.3536559,-5.8397507
43.3542211,-5.8447995
43.3539942,-5.8439069
43.356928,-5.8433713
43.3590286,-5.8450132
43.3576295,-5.8433886
43.3587393,-5.8452266
43.359308,-5.8438423
43.3677164,-5.8448442
43.362984,-5.8372902
43.3624382,-5.8370492
43.3651985,-5.8328263
43.3692246,-5.8448338
43.36902,-5.8385058
43.3704625,-5.8379916
43.3708284,-5.8351025
43.3704387,-5.8360503
43.3704873,-5.838945
43.3652658,-5.8325778
43.3674292,-5.8264978
43.3656812,-5.8320081
43.3657769,-5.8317179
43.366854,-5.8283395
43.3675824,-5.8260528
43.3862115,-5.8208139
43.3845963,-5.8253038
43.3841516,-5.824629
43.3842654,-5.8243911
43.3849559,-5.8247422
43.4244655,-5.8316728
43.4243203,-5.8315359
43.3789239,-5.8178968
43.3773893,-5.7972924
43.3785871,-5.7937845
43.4001532,-5.811006
43.4005921,-5.8106996
43.4003819,-5.8108664
43.4020782,-5.8093768
43.402351,-5.8091479
43.3283409,-5.7216961
43.3270635,-5.7196553
43.326823,-5.7198404
43.3849797,-5.7017304
43.3849444,-5.701992
43.3852405,-5.7010779
43.3937617,-5.7089007
43.3934698,-5.7059339
43.3934394,-5.7051367
43.393764,-5.7047718
43.3914419,-5.6623907000000004
43.3918557,-5.6630774
43.2457573,-5.5618893
43.2458612,-5.5619091
43.2609512,-5.5739009
43.2872061,-5.6440572
43.2875066,-5.6375889
43.2748456,-5.6039918
43.2740316,-5.5901849
43.2727048,-5.5901653
43.2367989,-5.5049087
43.2212777,-5.4551687
43.3277383,-5.6437025
43.3445062,-5.6306843
43.3497215,-5.6342097
43.3312492,-5.5659774
43.3918166,-5.6621689
43.3929708,-5.6605039
43.3929565,-5.6603306
43.3903848,-5.6611109
43.4107208,-5.5586171
43.358666,-5.5063857
43.3584167,-5.5078335
43.3590301,-5.5081019
43.357961,-5.505104
43.4404686,-5.8520623
43.4421844,-5.8177359
43.505581,-5.6925313
43.5253521,-5.7114135
43.5258023,-5.6772313
43.5258169,-5.6796564
43.526514,-5.6809615
43.5221997,-5.6684761
43.521527,-5.6653552
43.5259505,-5.6698368
43.5304684,-5.6712709
43.531541,-5.6744771
43.5270616,-5.6690557
43.5263051,-5.6689418
43.5295073,-5.6633425
43.5270751,-5.6685003
43.5307293,-5.6662126
43.5277806,-5.6676764
43.5298685,-5.6664046
43.5317229,-5.6626913
43.5260953,-5.667508
43.5258208,-5.6653895
43.6137379,-5.7944156
43.6147021,-5.7928054
43.6153856,-5.7929841
43.6142095,-5.7929814
43.6160396,-5.7926732
43.6162188,-5.7927127
43.5373329,-5.7057496
43.5397367,-5.7024449
43.5375443,-5.6979093
43.5414753,-5.6965556
43.5390394,-5.6988539
43.5393598,-5.6961328
43.539789,-5.6933472
43.539385,-5.6930183
43.5392814,-5.6929268
43.5373538,-5.6828886
43.5388191,-5.6853102
43.538024,-5.685667
43.5403742,-5.6857428
43.5389023,-5.6863713
43.5335425,-5.6701067
43.5374219,-5.6722707
43.5350279,-5.6698477
43.5353853,-5.6692757
43.5371218,-5.6724428
43.5380914,-5.6702912
43.5327945,-5.6657513
43.5369919,-5.6659678
43.5368414,-5.6684897
43.5374879,-5.6680536
43.5388191,-5.665865
43.5354033,-5.6635115
43.5367782,-5.6662134
43.537782,-5.665018
43.5390157,-5.6631006
43.5418666,-5.6652505
43.54118,-5.6657197
43.5418218,-5.6648407
43.5438772,-5.6640474
43.5397957,-5.6658097
43.5400038,-5.6657668
43.5390758,-5.6658494
43.5403779,-5.6634448
43.5394338,-5.6637754
43.5422731,-5.6633532
43.5423345,-5.6640336
43.5437287,-5.662399
43.5414858,-5.6628588
43.588467,-5.7670205
43.5892883,-5.7659786
43.5895903,-5.7662496
43.5896154,-5.7664764
43.531966,-5.6561377
43.5320853,-5.6540792
43.5319857,-5.6507317
43.5319165,-5.648767
43.5306285,-5.6443648
43.5298451,-5.6445139
43.5232644,-5.6258716
43.5332864,-5.6610138
43.5360213,-5.6565191
43.5381174,-5.6611744
43.5372109,-5.6599214
43.537162,-5.6611904
43.5358014,-5.6599939
43.5331223,-5.661121
43.5331608,-5.6605386
43.5338784,-5.6610619
43.5373464,-5.6531618
43.5379363,-5.6536576
43.5373071,-5.6523117
43.5352827,-5.652055
43.5381701,-5.6547912
43.5409457,-5.6610867
43.5399463,-5.6576928
43.5398285,-5.6573405
43.5391477,-5.6577174
43.5414074,-5.6601939
43.5391352,-5.6574771
43.5371498,-5.6471886
43.5364995,-5.6457849
43.5347893,-5.6422573
43.5394704,-5.6480062
43.3485112,-5.3642156
43.3467667,-5.3627305
43.3495498,-5.3648336
43.3491302,-5.3648591
43.3493035,-5.3649804
43.3894935,-5.1865126
43.3901768,-5.1840281
43.3895144,-5.1842835
43.3505872,-5.1283422
43.3509004,-5.130086
43.3507721,-5.1310819
43.3510513,-5.1263119
43.3511454,-5.1277993
43.4810724,-5.4331294
43.4814474,-5.4339264
43.481104,-5.4336024
43.4825835,-5.4319946
43.4848755,-5.2707483
43.4850266,-5.270396
43.484631,-5.2722874
43.4846535,-5.2717346
43.4851631,-5.2693358
43.5126992,-5.2683523
43.4618753,-5.0597475
43.4623377,-5.0583753
43.4625205,-5.0580935
43.4624137,-5.0585669
43.3157656,-4.8461964
43.3156218,-4.8468843
43.3346318,-4.9699474
43.302059,-4.8158037
43.3025437,-4.8158858
43.4200694,-4.7549554
43.4210894,-4.7557801
43.4213048,-4.756778
43.4209303,-4.755734
43.4223523,-4.7570833
43.4210943,-4.7567852
43.4231269,-4.7575708
43.4376664,-4.9380346
43.2537282,-4.4073939
43.2536894,-4.4070961
43.3749634,-4.5407006
43.3751992,-4.5397769
43.2258375,-4.3017808
43.2262663,-4.3016052
43.3080722,-4.2347699
43.3080284,-4.2342976
43.3081661,-4.2368408
43.3079278,-4.2362885
43.3078569,-4.2369979
43.329491,-4.3504089
43.384765,-4.3994673
43.3830764,-4.3986641
43.3834095,-4.3989544
43.3860501,-4.2916472
43.3857411,-4.2924416
43.3857657,-4.2922171
43.3194402,-4.1910419
43.2604525,-4.0690369
43.2594942,-4.0688723
43.259762,-4.0685126
43.2592703,-4.0687988
43.275,-4.0499742
43.3788197,-4.1819406
43.3783053,-4.181656
43.3292845,-4.0684234
43.3419042,-4.0518815
43.3442269,-4.0572991
43.3459222,-4.0579942
43.3461683,-4.0613486
43.3460725,-4.057689
43.3426583,-4.0512091
43.3432532,-4.0520084
43.3466379,-4.0514729
43.3461497,-4.0519557
43.3485714,-4.0513707
43.3405955,-4.0459831
43.3476568,-4.0453914
43.3474412,-4.0443673
43.3477172,-4.0448072
43.348576,-4.0482624
43.3499123,-4.0509242
43.3496971,-4.0509699
43.3490972,-4.0515853
43.3488986,-4.0521452
43.3497722,-4.0544981
43.3541394,-4.0470596
43.3508729,-4.0491666
43.3507218,-4.0486122
43.3507651,-4.0495084
43.3505511,-4.0496083
43.3496353,-4.0496475
43.349578,-4.049842
43.3502868,-4.0500256
43.3498783,-4.0498491
43.3513449,-4.049102
43.3524898,-4.0475636
43.3521026,-4.0486818
43.3665752,-4.0444272
43.3669798,-4.0443349
43.38331,-4.0486356
43.4261046,-4.0419257
43.4239948,-4.0403444
43.4252302,-4.0415685
43.4254981,-4.04147
43.2985813,-3.9668544
43.299132,-3.967332
43.2285477,-3.8099302
43.2283392,-3.8105557
43.3530887,-3.9501072
43.3529516,-3.949985
43.3519257,-3.9501658
43.3523577,-3.9496028
43.4106211,-3.9396688
43.3256906,-3.8524869
43.3256019,-3.8527015
43.3262066,-3.8522436
43.3977161,-3.848399
43.4048954,-3.8370172
43.4061933,-3.8392657
43.4166587,-3.8448855
43.4178902,-3.844959
43.4177242,-3.8446838
43.4176268,-3.8449332
43.4179385,-3.8432917
43.4180802,-3.8444915
43.4182041,-3.843675
43.4007262,-3.8237277
43.3999223,-3.8212681
43.4002341,-3.8209623
43.4001334,-3.8190039
43.4002477,-3.8205922
43.4001443,-3.8192383
43.4002687,-3.8183943
43.4004034,-3.8180253
43.4072662,-3.8063759
43.439768,-3.8999869
43.4394511,-3.9014447
43.4403236,-3.8998246
43.4401717,-3.8993472
43.4393666,-3.8990751
43.4664044,-3.8950049
43.4430719,-3.857069
43.4388035,-3.8414564
43.4636239,-3.8753477
43.4574325,-3.8525181
43.4589573,-3.8500675
43.4590453,-3.8496453
43.4578409,-3.8412799
43.4620948,-3.8366679
43.4623316,-3.8376707
43.4620366,-3.8364677
43.461311,-3.829787
43.4531147,-3.8224872
43.4524233,-3.8249952
43.458374,-3.8258304
43.4592146,-3.824585
43.459048,-3.8251834
43.4592495,-3.8244439
43.458786,-3.8262638
43.4601893,-3.8209444
43.4596964,-3.8156689
43.4589703,-3.8177958
43.4548641,-3.816019
43.4607665,-3.8255282
43.4608474,-3.8209996
43.4603697,-3.8236023
43.4610381,-3.8177566
43.4603017,-3.8205163
43.4609185,-3.8181941
43.4613178,-3.8157273
43.4605968,-3.81755
43.4606477,-3.8192463
43.4600722,-3.8079777
43.4594618,-3.808743
43.4596592,-3.8088239
43.4587718,-3.8083876
43.4576148,-3.8118163
43.455583,-3.8133129
43.4622158,-3.8094303
43.4617022,-3.8120851
43.4602318,-3.8091022
43.4616187,-3.8076599
43.4620567,-3.810987
43.4620138,-3.8119725
43.4620279,-3.8130855
43.4632524,-3.8111831
43.4624366,-3.806289
43.4635122,-3.8036178
43.4622525,-3.8051522
43.4629598,-3.8015957
43.4621117,-3.8022908
43.4618259,-3.8052478
43.4633186,-3.8037836
43.4639448,-3.8041754
43.4616482,-3.8074272
43.4627238,-3.8031594
43.4699491,-3.8246481
43.4696041,-3.8272336
43.4695184,-3.8081603
43.4674357,-3.8078564
43.4696503,-3.807106
43.4702776,-3.807283
43.462493,-3.7983647
43.4623743,-3.7995971
43.4633518,-3.7967326
43.4624128,-3.7991936
43.4633092,-3.7970964
43.4686613,-3.7969549
43.4683797,-3.799629
43.4686729,-3.7936958
43.4686858,-3.7936023
43.4774053,-3.7976385
43.4772586,-3.7979335
43.4718147,-3.7822655
43.4674081,-3.787584
43.4711497,-3.7827566
43.4820944,-3.7964371
43.3422367,-3.7426131
43.3450335,-3.7438557
43.3524643,-3.707938
43.3839362,-3.7377037
43.3841253,-3.7373465
43.3836322,-3.7369172
43.3835851,-3.7370431
43.4121203,-3.7658224
43.3785188,-3.6820241
43.3784436,-3.6828834
43.4041346,-3.667061
43.2549319,-3.4638643
43.2560209,-3.4642091
43.2573704,-3.4648649
43.2783499,-3.5262561
43.2188248,-3.4396255
43.2249966,-3.3602719
43.2251428,-3.360433
43.2246461,-3.3597091
43.3551389,-3.4975974
43.3538385,-3.4966826
43.4236927,-3.5222053
43.3421871,-3.4173232
43.3423379,-3.4177188
43.3443639,-3.4162434
43.3604495,-3.4255766
43.3973271,-3.4515611
43.396634,-3.4520267
43.3971622,-3.451225
43.3954144,-3.4506107
43.3954604,-3.4501612
43.3953528,-3.4512557
43.4110532,-3.4149372
43.4118595,-3.4146222
43.4118982,-3.4149117
43.410801,-3.4130259
43.4110448,-3.4130946
43.411041,-3.4135401
43.4122286,-3.412994
43.4110592,-3.4138735
43.3933858,-3.3800399
43.4433402,-3.7680209
43.4437054,-3.7677486
43.453463,-3.7441369
43.4536849,-3.7424929
43.4545054,-3.7434288
43.4676374,-3.6720015
43.4798142,-3.6119585
43.4796909,-3.6119318
43.4559854,-3.5755892
43.4558329,-3.5760273
43.4354707,-3.5138883
43.4559474,-3.4880343
43.4955191,-3.5478399
43.4954572,-3.5479925
43.480503,-3.5222074
43.4802682,-3.5205109
43.4427122,-3.4566043
43.4427882,-3.4554157
43.4427161,-3.4556105
43.442721,-3.4559632
43.442883,-3.4554604
43.4430804,-3.455569
43.4426885,-3.4568141
43.443649,-3.457195
43.2686692,-3.2564572
43.2731857,-3.1561875
43.3461435,-3.3252283
43.3471368,-3.3262095
43.3580326,-3.2310496
43.3595634,-3.2304786
43.3589694,-3.2022121
43.3733045,-3.2136328
43.3721927,-3.2076075
43.3813654,-3.2194278
43.3815113,-3.217708
43.38082,-3.2174589
43.3814261,-3.217685
43.3823878,-3.2192165
43.3828379,-3.2183502
43.3824346,-3.2180817
43.3825338,-3.2184444
43.3822541,-3.2197819
43.3843999,-3.2243574
43.3816365,-3.2177472
43.3221659,-3.1163599
43.3220508,-3.1156832
43.3223718,-3.1134752
43.321858,-3.1144754
43.3156779,-3.0747532
43.3147161,-3.0735953
43.3161411,-3.0746004
43.3080398,-3.0444583
43.2450652,-2.9889381
43.2519318,-2.944093
43.251857,-2.9445306
43.2523179,-2.9448653
43.2520447,-2.9443523
43.2522376,-2.944719
43.2536584,-2.9371287
43.2535156,-2.937257
43.2532914,-2.9376643
43.2576311,-2.950413
43.2582917,-2.9507362
43.2623655,-2.9437674
43.2626648,-2.9430784
43.2621951,-2.9468394
43.257891,-2.9441075
43.2584708,-2.9433817
43.2622941,-2.9459252
43.2571829,-2.9461761
43.2602345,-2.9431581000000002
43.2634914,-2.9429983
43.263038,-2.9439268
43.2622583,-2.9457295
43.2578355,-2.9431729
43.2578374,-2.9433738
43.2635565,-2.936674
43.2626354,-2.9360915
43.2607568,-2.9388546
43.2625715,-2.9378297
43.2624891,-2.9396046
43.2605882,-2.9396584
43.2610173,-2.9395419
43.2616364,-2.939237
43.2612207,-2.9409012
43.2611776,-2.9407446
43.2628485,-2.9400275
43.2635886,-2.9412875
43.2575388,-2.9372021
43.2575433,-2.9373594
43.262819,-2.9364912
43.2574041,-2.9401244
43.2574404,-2.9405151
43.2574609,-2.9408869
43.2574762,-2.9416854
43.2577378,-2.9411653
43.2601946,-2.9422849
43.2646487,-2.9433006
43.2636399,-2.9437029
43.2638707,-2.9396306
43.2638038,-2.9394083
43.2636299,-2.9369814
43.2649256,-2.9365623
43.2675131,-2.9391178
43.2946778,-3.0024911
43.2941855,-3.0034975
43.2839046,-2.9960337
43.28363,-2.9955729
43.2836725,-2.9953378
43.2895415,-2.9899111
43.2957515,-2.9963997
43.2944121,-2.996413
43.2919905,-2.9921472
43.2919351,-2.9930119
43.2962839,-2.989336
43.2947962,-2.9937031
43.2961097,-2.9900174
43.2952548,-2.9884824
43.3029065,-3.035149
43.3017695,-3.0341328
43.303213,-3.0354471
43.3031457,-3.0357193
43.3031012,-3.0353303
43.3042926,-3.0363364
43.3223506,-3.036728
43.3180774,-3.0219635
43.320988,-3.0205324
43.3209332,-3.0205152
43.3221153,-3.0209204
43.3189802,-3.0207754000000002
43.3191603,-3.0211222
43.3088939,-3.0041561
43.3089561,-3.0052961
43.3091327,-3.005157
43.3090462,-3.0056687
43.309478,-3.0064984
43.3089591,-3.007764
43.30872,-3.0072772
43.3085141,-3.0070318
43.2991921,-2.9936737
43.2995067,-2.9934984
43.2984945,-2.9921791
43.2964232,-2.990352
43.2993192,-2.993615
43.2991404,-2.9886526
43.2993107,-2.9928319
43.2987635,-2.9927669
43.2981607,-2.9917795
43.3110938,-3.0046288
43.2819737,-2.9826962
43.2809263,-2.9839859
43.2810547,-2.9827668
43.2824914,-2.9827402
43.2802281,-2.986796
43.2760424,-2.9734711
43.2765636,-2.9721119
43.2763565,-2.9715783
43.2766516,-2.9723863
43.2756819,-2.9726659
43.282296,-2.965293
43.2810811,-2.962896
43.2832021,-2.9635521
43.2834488,-2.98267
43.2834935,-2.9834383
43.2897323,-2.979508
43.2952733,-2.9880578
43.2961522,-2.987178
43.2953833,-2.9878994
43.2955672,-2.987636
43.2958112,-2.9872426
43.296076,-2.985737
43.2905215,-2.9783045
43.2835095,-2.9626727
43.27644,-2.9576817
43.276194,-2.9586236
43.276662,-2.9604305
43.2762892,-2.9602385
43.2707285,-2.9496108
43.2705289,-2.9495805
43.2768604,-2.9580748
43.27705,-2.9596152
43.2777945,-2.9609895
43.2717373,-2.9459711
43.2717549,-2.946614
43.2711777,-2.9460769
43.2717495,-2.9463064
43.2709595,-2.9456677
43.2711936,-2.9451821
43.2707243,-2.9440041
43.2709665,-2.9462631
43.271772,-2.9476788
43.271119,-2.9374126
43.271119,-2.9373292
43.2970149,-2.9868303
43.2971278,-2.9853228
43.3010264,-2.9839566
43.2969095,-2.9856247
43.3019495,-2.9753964
43.3028942,-2.976903
43.3032654,-2.9757359
43.3033076,-2.9755317
43.3032159,-2.9761214
43.303002,-2.9763397
43.30346,-2.9747558
43.3040516,-2.9719923
43.3034095,-2.9746402
43.315953,-2.9826767
43.322524,-2.986983
43.3161402,-2.9826915
43.3166592,-2.9829642
43.3163816,-2.9825292
43.3166523,-2.9823210000000002
43.3138755,-2.938251
43.3285262,-3.0326906
43.3283086,-3.0320871
43.3279666,-3.0326995
43.3282243,-3.0309847
43.3316483,-3.0384873
43.3320576,-3.0351524
43.3304532,-3.0330632
43.3295534,-3.0322803
43.3228064,-3.0255071
43.3252811,-3.014934
43.3273962,-3.0086928
43.3257956,-3.0133325
43.3261553,-3.013746
43.3263676,-3.0144602
43.3266411,-3.0120616
43.326365,-3.0124574
43.3249022,-3.0143881
43.3260615,-3.0124803
43.3262483,-3.0142393
43.3273874,-3.0129058
43.3283297,-3.0077431
43.3329736,-2.9983479
43.3486119,-3.0094459
43.3498831,-3.0098718
43.3502568,-3.0098706
43.3497391,-3.0095505
43.349782,-3.0101969
43.3499761,-3.0095486
43.3489844,-3.0098449
43.350581,-3.0104864
43.3504036,-3.0106438
43.3540027,-3.009466
43.3492466,-3.006053
43.3582349,-3.0091781
43.3556661,-3.0116643
43.3557689,-3.0117641
43.3677348,-3.0043809
43.3663402,-2.9991483
43.3259717,-2.9883316
43.3257517,-2.9880397
43.3263459,-2.9876038
43.3254984,-2.9873162
43.3255748,-2.9875149
43.3257471,-2.9863824
43.3256422,-2.9878386
43.3252906,-2.9876075
43.3307894,-2.9675936
43.3807056,-2.9819852
43.3809599,-2.981656
43.3808245,-2.9817775
43.3806267,-2.9818003
43.3812409,-2.9813637
43.4041201,-2.9493438
43.4038258,-2.9486595
43.4039292,-2.948664
43.403798,-2.9483334
43.4134064,-2.9365172
43.2416662,-2.9247622
43.2421868,-2.9252787
43.242557,-2.9258113
43.2219287,-2.8861838
43.2208451,-2.8863874
43.2237799,-2.8887574
43.2358012,-2.8911765
43.2367734,-2.8848714
43.2361321,-2.8864971
43.2373351,-2.8874329
43.236395,-2.8860146
43.236496,-2.8858672
43.2366533,-2.8853758
43.2368681,-2.8851266
43.2497385,-2.9339821
43.2494841,-2.9337905
43.250788,-2.9313208
43.2506484,-2.9322149
43.2567904,-2.9348595
43.2570162,-2.9331456
43.2506797,-2.9339199
43.255505,-2.9229338
43.2562415,-2.9291904
43.2490107,-2.9128749
43.255567,-2.9226875
43.2548884,-2.9174266
43.2547115,-2.9119339
43.2550604,-2.912277
43.2545305,-2.9117559
43.2553424,-2.9120956
43.2518933,-2.9149724
43.25166,-2.9148334
43.2539326,-2.9158782
43.2538057,-2.9113568
43.2540495,-2.91149
43.2540801,-2.9110317
43.2634278,-2.9345604
43.2630628,-2.9341473
43.2628502,-2.9335172
43.2626377,-2.9330731
43.2626926,-2.9326146
43.2617125,-2.930025
43.2579415,-2.9352982
43.260063100000004,-2.9312721
43.2583987,-2.9351423
43.261377,-2.93347
43.2575463,-2.9338927
43.260213,-2.9358419
43.2605776,-2.9342364
43.2608728,-2.9304914
43.2627948,-2.9296276
43.2632362,-2.9305716
43.2635212,-2.9304508
43.2632657,-2.9326561
43.2628213,-2.9331259
43.2610212,-2.9329528
43.2610567,-2.9328491
43.2612699,-2.9326804
43.2608831,-2.9339274
43.2613895,-2.9342207
43.2615971,-2.9343314
43.2613749,-2.9354582
43.2595681,-2.9328393
43.2587761,-2.9344606
43.2593118,-2.9330703
43.2595353,-2.9331983
43.2577441,-2.9350066
43.2576926,-2.9348896
43.2575435,-2.9346458
43.2618534,-2.9356548
43.2574094,-2.935089
43.2630839,-2.9341409
43.2615835,-2.9268952
43.2615484,-2.9274855
43.2591995,-2.9234225
43.259363,-2.9236039
43.259269,-2.924184
43.2576496,-2.9234241
43.2584559,-2.9230597
43.2630445,-2.9292332
43.2616331,-2.9279534
43.261014,-2.928134
43.2609114,-2.9260483
43.2637051,-2.9325006
43.2641897,-2.932727
43.2661515,-2.9347838
43.2668442,-2.9331983
43.2636335,-2.9315381
43.2659492,-2.9354339
43.2654909,-2.9353498
43.2655522,-2.9355993
43.2644503,-2.9305336
43.264326,-2.9299826
43.2648889,-2.9344231
43.2646005,-2.9341565
43.2643469,-2.9323663
43.2638811,-2.933607
43.264134,-2.9288408
43.2665676,-2.9255535
43.2673464,-2.9249486
43.2676837,-2.9258795
43.2672024,-2.9254237
43.2665482,-2.9253528
43.2657679,-2.9254208
43.2584144,-2.9225914
43.260103,-2.9171602
43.2598229,-2.9224947
43.2620615,-2.9150306
43.2616584,-2.9152462
43.2667435,-2.917965
43.2650097,-2.922654
43.2662959,-2.9178645
43.2663778,-2.9182588
43.2646706,-2.9126563
43.2456441,-2.8919079
43.2455314,-2.8917618
43.2456796,-2.8915351
43.2453642,-2.8920182
43.2454391,-2.8922407
43.2488526,-2.8853384
43.2359822,-2.8814841
43.2359478,-2.8814068
43.2358872,-2.8811551
43.2298107,-2.846384
43.2297802,-2.8465864
43.2299444,-2.845576
43.2299628,-2.8453973
43.2301093,-2.8445346
43.2300081,-2.8465608
43.2339055,-2.844713
43.2332238,-2.8488645
43.2916098,-2.8888836
43.2918855,-2.8883244
43.2919203,-2.8887403
43.291445,-2.8882572
43.2917907,-2.8873961
43.2915525,-2.8871268
43.2917376,-2.887732
43.2919513,-2.8879327
43.2837511,-2.8641649
43.2839958,-2.8647986
43.2840734,-2.8647046
43.2841799,-2.8645736
43.2842295,-2.864599
43.283887,-2.864927
43.2838431,-2.8639217
43.274094,-2.8335733
43.2178626,-2.8190289
43.2214661,-2.7346175
43.2196868,-2.7340171
43.2203147,-2.7337743
43.2197386,-2.7321576
43.2183304,-2.7315791
43.2193063,-2.7317111
43.2206278,-2.7328342
43.2206987,-2.7325823
43.3543606,-2.8475652
43.354349,-2.8472783
43.3544936,-2.8472764
43.3544955,-2.8469564
43.3542811,-2.8461147
43.3546778,-2.8451233
43.3562877,-2.8492418
43.3562549,-2.8491839
43.355844,-2.8483163
43.420421,-2.7267153
43.4184348,-2.7265726
43.3146143,-2.6774818
43.3149547,-2.6770243
43.3135476,-2.6775696
43.3149254,-2.6772956
43.3112069,-2.6790397
43.3822246,-2.6999375
43.4187158,-2.723741
43.4180769,-2.7237496
43.417785,-2.7235464
43.4175839,-2.7234076
43.4181591,-2.7241509
43.4192418,-2.7212995
43.4195327,-2.7228193
43.4186005,-2.724144
43.419328899999996,-2.723147
43.4187342,-2.7240159
43.4073259,-2.6995912
43.4077397,-2.6998025
43.3899192,-2.6316467
43.4027516,-2.640238
43.3799544,-2.5860624
43.4282622,-2.8073168
43.4277736,-2.8087652
43.2672602,-2.4972668
43.2673566,-2.4965398
43.2672716,-2.4965704
43.2528741,-2.3857926
43.307635,-2.3874568
43.2940786,-2.3542096
43.2942336,-2.353701
43.2955428,-2.3537624
43.2931786,-2.3553434
43.363671600000004,-2.5049313
43.3636487,-2.5048368
43.3649804,-2.5038131
43.3644081,-2.5043865
43.3652032,-2.5035504
43.3654263,-2.5033217
43.2959416,-2.2580415
43.295878,-2.2581484
43.2957866,-2.2582285
43.2962963,-2.2575653
43.2968409,-2.2563308
43.2964125,-2.2568691
43.3027721,-2.2046346
43.3029318,-2.2054955
43.302966,-2.2052467
43.2861349,-2.1763027
43.2860909,-2.1768653
43.2842928,-2.1758467
43.286179,-2.1766278
43.2857948,-2.1759988
43.2828512,-2.1732573
43.2855659,-2.1741733
43.2851007,-2.17431
43.2858848,-2.1750674
43.2856403,-2.1745146
43.2701437,-2.0488767
43.2178789,-2.0207816
43.2666728,-2.0199043
43.2709798,-2.0498692
43.2710893,-2.0505721
43.3102997,-2.008656
43.314872,-2.000616
43.3125803,-2.0046084
43.3141853,-2.0030221
43.3134401,-2.0027505
43.3137745,-2.0026441
43.3148171,-2.0006781
43.2671037,-1.9756846
43.2675792,-1.9739732
43.2667678,-1.9741025
43.2672598,-1.9760502
43.2683238,-1.9746457
43.26747,-1.9757762
43.2673366,-1.9761535
43.2952832,-1.9542159
43.2943306,-1.9536407
43.3047075,-1.9803739
43.3041939,-1.9802339
43.3044,-1.9802768
43.3093327,-1.9801709
43.3036037,-1.9801405
43.3047839,-1.9750791
43.3032887,-1.9758541
43.3036323,-1.9761975
43.3039509,-1.9765237
43.3053085,-1.9778731
43.3049297,-1.9774885
43.3050189,-1.9775794
43.3043183,-1.9768856
43.3049629,-1.9740721
43.3050933,-1.9782341
43.304768,-1.9766662
43.3048154,-1.9773615
43.3087601,-1.9720094
43.3090127,-1.9721049
43.3137645,-1.9815347
43.3138364,-1.9815856
43.3142716,-1.9818936
43.3182038,-1.9837746
43.3224323,-1.9844363
43.316397,-1.9825327
43.3198581,-1.9819332
43.3207599,-1.9833351
43.3185169,-1.9843712
43.3168551,-1.9825264
43.3184546,-1.9845387
43.3201503,-1.9799099
43.3195336,-1.9813951
43.3191552,-1.9826932
43.3198573,-1.9827249
43.3197308,-1.9828807
43.3204209,-1.9803512
43.320178,-1.979315
43.3201305,-1.981119
43.3187651,-1.9805262
43.3192975,-1.9835022
43.3191601,-1.9836899
43.319341,-1.984272
43.3225775,-1.9838508
43.309935,-1.9721067
43.3196758,-1.9746368
43.3223666,-1.9750544
43.3215658,-1.9770731
43.3217649,-1.9763774
43.321737,-1.9754216
43.3222601,-1.975661
43.3188603,-1.9743592
43.3165371,-1.9725375
43.3166714,-1.9718722
43.3165474,-1.9717701
43.3101432,-1.9659623
43.310225,-1.9659689
43.3131869,-1.9572248
43.3128794,-1.9549826
43.3133191,-1.9551472
43.3203486,-1.9407054
43.3205027,-1.9408466
43.3137699,-1.9396347
43.3130204,-1.9394389
43.3128877,-1.9394041
43.3174162,-1.9305105
43.3176161,-1.9297466
43.3164411,-1.9323229
43.3175661,-1.9170346
43.3173256,-1.9171846
43.3169743,-1.9180698
43.3170048,-1.918139
43.3085771,-1.8876804
43.3110664,-1.9127365
43.3104263,-1.9117441
43.3113083,-1.9132033
43.3130869,-1.9006253
43.3155559,-1.9025072
43.3148029,-1.9035909
43.3142318,-1.9025703
43.3143147,-1.9027051
43.3146966,-1.9016816
43.3146855,-1.9015549
43.3140317,-1.902583
43.320444,-1.9005511
43.3123857,-1.8998334
43.3127687,-1.9004594
43.3121894,-1.8997968
43.321827999999996,-1.8978197
43.3216203,-1.8982686
43.3212045,-1.8986797
43.3228029,-1.9829679
43.3230779,-1.9819381
43.3226334,-1.9836318
43.3237214,-1.9730434
43.3238535,-1.9732353
43.3243184,-1.9738139
43.3238269,-1.9754049
43.3245627,-1.9751881
43.322725,-1.9741836
43.3233314,-1.9744224
43.3231198,-1.9748003
43.3237047,-1.9716575
43.3244494,-1.972501
43.323054,-1.9721124
43.3236118,-1.9714403
43.3245547,-1.9723495
43.325031,-1.9722536
43.3242225,-1.9718936
43.3226139,-1.935657
43.3228267,-1.9345434
43.323164,-1.9319631
43.323169300000004,-1.9301601
43.3229223,-1.9127832
43.2973272,-1.8582881
43.2994516,-1.8603399
43.2989682,-1.8597411
43.2992452,-1.8600831
43.2992144,-1.8605337
43.2472224,-1.7040909
43.2464354,-1.7039661
43.2469808,-1.7053667
43.2466092,-1.7038977
43.2463953,-1.7038213
43.2800048,-1.6882414
43.2810888,-1.6822969
43.2804911,-1.6824111
43.2817739,-1.6795684
43.2818448,-1.679734
43.3296486,-1.8178533
43.3346141,-1.7890717
43.3409553,-1.8083455
43.3391575,-1.7957246
43.3422312,-1.7993372
43.3435097,-1.8001442
43.3407045,-1.7952147
43.3395897,-1.7910189
43.3400109,-1.7918932
43.3402149,-1.7909732
43.3398407,-1.7939198
43.3397469,-1.7934439
43.3396568,-1.7929951
43.3406055,-1.7947618
43.3404212,-1.7938341
43.3397058,-1.7948009
43.3393839,-1.789988
43.3398434,-1.7910602
43.3398724,-1.7912778
43.3378741,-1.78601
43.3696706,-1.7983822
43.3657548,-1.7929623
43.3665738,-1.793641
43.3662405,-1.7933451
43.366079,-1.7932138
43.3655582,-1.79255
43.3659463,-1.7924673
43.233977,-1.636194
43.2346415,-1.6365177
43.2842877,-1.5053827
43.2922762,-1.5053963
38.6424843,0.0498621
38.6432955,0.0479747
38.6422561,0.0503429
38.6427528,0.0503585
38.6428049,0.050134
38.6448683,0.0488428
38.6437863,0.0489512
38.6449776,0.049865
38.681683,0.1191896
38.6889837,0.133825
38.6878926,0.1338777
38.6880804,0.1326055
38.7144767,0.0513256
38.7142672,0.0499527
38.7143666,0.0494445
38.7151862,0.0507602
38.7154917,0.0500211
38.728828,0.1043306
38.7289462,0.103799
38.7288565,0.104754
38.7937014,0.0344178
38.7933115,0.0342509
38.7939122,0.0346676
38.7952851,0.0352556
38.7741247,0.085389
38.7742569,0.0866138
38.7295709,0.1431535
38.767216,0.188315
38.7724143,0.1887934
38.7741134,0.1843375
38.7894278,0.1619755
38.789494,0.1637336
38.7899578,0.1639411
38.7923158,0.1775303
38.7952405,0.1810241
38.7943073,0.1804552
38.8262913,0.018439
38.8260457,0.0192025
38.8251568,0.0194297
38.8261155,0.0210105
38.8451316,0.0104953
38.8455826,0.0097103
38.8455956,0.0106426
38.8464361,0.0086397
38.8302327,0.0627752
38.8365432,0.1044216
38.8355212,0.1037536
38.8396389,0.1062522
38.8407738,0.1085596
38.8406337,0.1089137
38.8410429,0.1104116
38.8402839,0.1086374
38.8423108,0.1102996
38.8401867,0.1075371
38.8407204,0.1068348
38.8401199,0.1110308
38.7051479,1.428291
38.7050501,1.4284863
38.7062561,1.4302843
38.7062144,1.4303606
38.7060842,1.4301733
38.706096,1.4573149
38.7325929,1.4163262
38.7215328,1.456811
38.6682677,1.5570606
38.891692,1.3961219
38.9001773,1.4177353
38.9092829,1.4269722
38.9099967,1.4262454
38.9101212,1.4267238
38.9097673,1.4260424
38.9144317,1.4214668
38.9106343,1.4335486
38.9086524,1.4324291
38.9095325,1.4348714
38.9085402,1.4324566
38.9103032,1.4291325
38.9097929,1.4293377
38.9086374,1.4320493
38.908862,1.4321988
38.9092875,1.4318906
38.911612,1.4308824
38.960048,1.3098909
38.9790528,1.302475
38.9793199,1.3026564
38.9794617,1.3026577
38.9791674,1.3022547
38.980216,1.3057416
38.9805343,1.3045034
38.9842298,1.2993391
38.9312055,1.4480315
38.9976983,1.4286754
38.9976232,1.4292682
38.997475,1.4301378
38.9834084,1.5329691
38.9845336,1.5330993
38.9848176,1.5340421
38.984632,1.5340195
38.9849837,1.5340277
38.9849545,1.533967
38.9844559,1.5360445
38.9857163,1.5354776
39.0777598,1.5131065
39.545799,2.3916593
39.5459704,2.3907219
39.5456135,2.3904264
39.5460279,2.391133
39.5458891,2.3906267
39.4896152,2.4788706
39.4941007,2.5017448
39.5384304,2.4219584
39.5371513,2.4419697
39.5376031,2.4432218
39.5377031,2.440281
39.5375099,2.4445294
39.5372094,2.4469635
39.5367927,2.4551081
39.5379121,2.4520213
39.5377916,2.4517115
39.5210509,2.472164
39.5143916,2.4817881
39.5145273,2.4823443
39.5155964,2.4833233
39.5191035,2.4790853
39.5170293,2.4858325
39.5164644,2.4847382
39.5163144,2.4846537
39.5162192,2.4842916
39.5159337,2.4840207
39.5157968,2.484391
39.5299872,2.5066742
39.5784531,2.3928507
39.5745299,2.4204155
39.5755837,2.4199737
39.5743031,2.4213161
39.5770755,2.4211425
39.5640361,2.5051633
39.5794959,2.4689675
39.68765,2.5149536
39.3173906,2.9940512
39.3160735,2.9965957
39.3187641,2.9917779
39.4319213,3.0190619
39.4324816,3.0187314
39.4307939,3.0182618
39.3383471,3.0529214
39.3544431,3.1287677
39.3542855,3.1290479
39.3550121,3.1279198
39.354212,3.1283564
39.3877241,3.1639964
39.3763112,3.2283757
39.3768362,3.2284984
39.374893899999996,3.2291336
39.3738826,3.2296239
39.3758782,3.2289577
39.5054891,2.5326161
39.5115907,2.5357245
39.5087626,2.5345593
39.511331,2.5397668
39.5126182,2.5371463
39.5183852,2.5351759
39.5192696,2.5355123
39.5203401,2.5367511
39.5198886,2.5362581
39.5259994,2.537965
39.5290304,2.5405966
39.5328814,2.5649924
39.5328276,2.5650166
39.5353876,2.5722789
39.5352331,2.5713274
39.5343963,2.7215765
39.5362911,2.7173963
39.5360772,2.7179095
39.5499096,2.5976545
39.5520402,2.6018733
39.5724555,2.6201416
39.5850508,2.6177898
39.588241,2.6134905
39.5945983,2.6172701
39.5649008,2.6261835
39.5720027,2.6226844
39.5705043,2.6304171
39.5681752,2.6290277
39.5676937,2.6283449
39.5738431,2.638946
39.5715655,2.6356558
39.5717746,2.6367256
39.5714794,2.6386727
39.5721772,2.6357427
39.5724949,2.6361712
39.5724196,2.6367234
39.5696385,2.6462135
39.5702816,2.6462939
39.5729149,2.6413768
39.5724545,2.6439656
39.5702615,2.6501927
39.5689075,2.6491296
39.5710416,2.6484604
39.5696514,2.6479841
39.5720687,2.651972
39.573479,2.652674
39.5717946,2.6515667
39.5708272,2.6523504
39.5696761,2.6505111
39.5695302,2.6604788
39.5726669,2.6564971
39.5723502,2.6556429
39.5732693,2.6552142
39.5693927,2.6607347
39.5734286,2.6603564
39.5738874,2.6553645
39.5712257,2.656438
39.5711473,2.6571285
39.5733309,2.655628
39.5709924,2.6565173
39.5727132,2.6565108
39.5716691,2.6621549
39.5790561,2.6271815
39.5753573,2.6329212
39.5786286,2.6281686
39.5808689,2.6337944
39.5792935,2.6367805
39.578623,2.6384492
39.5781275,2.6399581
39.5744193,2.6405641
39.5767388,2.6408002
39.5793464,2.6399631
39.5767941,2.6411005
39.5769469,2.635301
39.5781874,2.6401865
39.5763659,2.6432539
39.5745435,2.644381
39.5777691,2.6419985
39.575634,2.6448331
39.5756389,2.6438007
39.5820676,2.6350218
39.5900351,2.6228294
39.5960683,2.631303
39.575546,2.6529949
39.5766506,2.6529795
39.5768009,2.6528556
39.5748707,2.6485511
39.5801244,2.6525574
39.5797813,2.6512597
39.5767477,2.6509606
39.5771543,2.6524738
39.5740146,2.6547935
39.5743675,2.658582
39.5746347,2.6583123
39.5832689,2.6487421
39.5859831,2.6511168
39.5812569,2.6523005
39.5810192,2.656426
39.5812023,2.6550775
39.5818174,2.6600123
39.5783996,2.6628676
39.5784954,2.6631992
39.5787311,2.6633252
39.5804316,2.66585
39.586802,2.6633334
39.5811039,2.6668475
39.5824791,2.6681847
39.5826102,2.6689886
39.5880294,2.6528968
39.5604234,2.6744547
39.5537187,2.692693
39.5534358,2.6940204
39.5538022,2.6937903
39.5729859,2.7167871
39.5821957,2.6741528
39.5876266,2.6753552
39.5877383,2.6754438
39.5886804,2.6795552
39.5895968,2.6832729
39.5976521,2.6797443
39.5976449,2.6924704
39.5979887,2.6930063
39.5995839,2.6910468
39.5972738,2.6918332
39.5749962,2.7173065
39.5764261,2.7168305
39.5740243,2.7173253
39.597322,2.7068749
39.6050569,2.6572546
39.6023597,2.6725436
39.6027218,2.6722062
39.6018953,2.6732981
39.6014217,2.6736898
39.6030431,2.6720308
39.603231,2.6718035
39.6014721,2.6738926
39.6050877,2.6766759
39.6056436,2.6754694
39.6233155,2.7196415
39.6198642,2.7141652
39.6230506,2.7213226
39.4552564,2.7528179
39.455041,2.7529038
39.5030181,2.751733
39.5033394,2.7517462
39.5195412,2.741326
39.5004647,2.7554682
39.5059732,2.7539467
39.5026807,2.7531706
39.5216971,2.7407574
39.4867253,2.8844375
39.4866673,2.8847889
39.491382,2.8907876
39.4898966,2.8907927
39.5550938,2.7768622
39.6246635,2.7284253
39.6212028,2.7417229
39.6175041,2.7694561
39.6176667,2.7714998
39.64931,2.7759149
39.6508304,2.7735336
39.5591849,2.8953439
39.6236977,2.8385143
39.6472605,2.8984725
39.6686026,2.57771
39.6676025,2.5784989
39.7099635,2.6213293
39.6597344,2.6669301
39.6591836,2.6667083
39.6971212,2.6989523
39.7101711,2.6216111
39.7101052,2.6224046
39.7100111,2.622387
39.7468508,2.6493975
39.7657049,2.7159295
39.7662119,2.7156548
39.7655375,2.7152104
39.7665685,2.7155538
39.7661309,2.7147691
39.7662329,2.7138449
39.7975013,2.6958713
39.7981406,2.6949609
39.6687781,2.8131965
39.6684757,2.8125582
39.7055698,2.7888955
39.7182003,2.8673754
39.7179912,2.9032037
39.7138247,2.9039061
39.7173695,2.9122684
39.7198937,2.9102833
39.7223177,2.9135329
39.7546535,2.9007089
39.7551017,2.9006519
39.782305,2.7410258
39.5170206,3.0230442
39.5167543,3.0225567
39.5253485,3.0123154
39.46768,3.1453231
39.4688271,3.1450412
39.4702166,3.1444681
39.5677447,2.9823389
39.5680318,2.9824424
39.5973512,3.0396298
39.6428403,3.0096106
39.6433774,3.0107532
39.6438418,3.0113567
39.6437551,3.0112226
39.56907,3.0884251
39.5684865,3.0890773
39.5690003,3.0880013
39.6135473,3.1115106
39.6140398,3.1128442
39.6498048,3.1113271
39.4687568,3.1491636
39.4689003,3.1490303
39.4706459,3.1496507
39.4694813,3.1506201
39.454308,3.2699222
39.5401474,3.333227
39.5404481,3.333027
39.5411102,3.3344204
39.5404491,3.3336527
39.5411897,3.3339629
39.5463834,3.3324089
39.5673546,3.2107151
39.5703478,3.2038405
39.5676976,3.2111499
39.5693039,3.2096839
39.5694707,3.2109854
39.5695993,3.210975
39.5676566,3.2054418
39.5685764,3.2092396
39.5667296,3.2147494
39.5665708,3.2126419
39.5692197,3.2170426
39.567632,3.2114446
39.5867409,3.31899
39.6102675,3.284062
39.6119966,3.2847969
39.6104895,3.284784
39.6990238,3.0063503
39.666158,3.0755639
39.6657219,3.075356
39.6660628,3.0749561
39.7356499,3.057844
39.7360092,3.0565934
39.7582301,2.9839024
39.7742619,2.9667376
39.7684801,3.0242765
39.7700057,3.02343
39.7698582,3.0244052
39.7706374,3.0275322
39.841147,3.1281833
39.841716,3.1328198
39.8410831,3.1351299
39.8412179,3.1345136
39.8405804,3.1372868
39.8403448,3.1374256
39.8409028,3.1370886
39.8416699,3.135689
39.8428465,3.1343035
39.8532755,3.1217362
39.8533813,3.1220186
39.8531208,3.1215287
39.8528197,3.1240423
39.853266,3.123197
39.8524202,3.1238479
39.6916586,3.3488449
39.6949859,3.3513236
39.7379882,3.2768155
39.7678179,3.1504154
39.7672668,3.1517793
39.7684865,3.1492459
39.7671532,3.1515398
39.7657735,3.1554363
39.5705843,3.3723614
39.5759308,3.3753011
39.5992296,3.3815386
39.6205674,3.359961
39.6229853,3.3590463
39.6035134,3.3840138
39.6016387,3.3843067
39.6002033,3.3834037
39.6032942,3.3851038
39.6031131,3.3852429
39.709845,3.4594053
39.7086646,3.4568114
39.7078767,3.4552434
39.7114175,3.4627744
39.7109999,3.4617954
39.7126746,3.4612
39.8490078,4.2579846
39.8499518,4.2579368
39.8511676,4.260009
39.9723094,0.0126564
39.974713,0.0140815
40.1551044,0.0445306
40.1554872,0.0445046
40.0931956,0.136466
40.0927084,0.1376442
40.107802,0.1522093
40.1526841,0.1578144
40.2114292,0.0277374
40.2200289,0.1954195
40.2202931,0.1957887
40.2206823,0.1952684
40.2196913,0.193672
40.2447811,0.2772776
40.2453287,0.2764652
40.3103846,0.1203439
40.3109313,0.1214031
40.4719382,0.023339
40.4183288,0.1743756
40.3032608,0.224231
40.3035298,0.2241122
40.30442,0.2252817
40.3036387,0.2242876
40.3590589,0.401681
40.4547692,0.2766693
40.4190816,0.4177913
40.4362566,0.3958122
40.4622092,0.3531498
40.4618644,0.3532386
40.4625224,0.3553917
40.5516611,0.2428914
40.5519107,0.2439134
40.6186713,0.2217555
40.6354086,0.2808365
40.6358598,0.2825989
40.6068573,0.3488112
40.4181569,0.4248532
40.4183673,0.424694
40.4155074,0.4289921
40.4691024,0.4742161
40.4712689,0.4747583
40.4689501,0.4757571
40.4683233,0.4743477
40.5422519,0.4812733
40.5425699,0.4811873
40.5417566,0.4813163
40.5430611,0.4811978
40.5414102,0.4806001
40.5537949,0.5297392
40.5971091,0.4475242
40.5972613,0.4476336
40.5973737,0.4472684
40.5969652,0.4473239
40.5974953,0.447728
40.6180346,0.5897243
40.6196162,0.5923465
40.8371643,0.0203982
40.8320156,0.1834845
40.8316065,0.1821613
40.8748002,0.1552735
40.872907,0.1534107
40.8724808,0.154645
41.049583,0.102696
41.0495104,0.1040033
40.9108995,0.2606992
40.955801,0.3151867
41.0939581,0.3118507
40.7060155,0.5780754
40.7121966,0.5790682
40.708822,0.5799398
40.7427604,0.6123784
40.7484456,0.6237352
40.7484393,0.6242015
40.7603761,0.5527641
40.8095357,0.5207344
40.9064908,0.4908494
40.7043549,0.7172759
40.7071796,0.7169988
40.7172473,0.7357837
40.8125349,0.7106705
40.8749792,0.7126145
40.8740246,0.7125754
40.8835186,0.8028873
40.8841179,0.8018538
40.885249,0.8036923
41.0153599,0.5141457
41.0538807,0.4385896
41.0527532,0.4379146
41.0765745,0.4746904
41.0767325,0.4753053
41.0885171,0.6393888
41.176721,0.1691567
41.2399484,0.333518
41.5028705,0.0635628
41.5030959,0.0634889
41.37398,0.3018203
41.3743954,0.3024988
41.374519,0.3021291
41.4194631,0.3522196
41.3057345,0.4227902
41.2308393,0.5502832
41.2311918,0.550263
41.2305331,0.5510237
41.2307351,0.5519859
41.1269954,0.8033744
41.1451789,0.8198534
41.1458469,0.8199664
41.2208601,0.7629112
41.2478603,0.7338374
41.3644998,0.5050624
41.3743723,0.5498485
41.4933401,0.459579
41.4935792,0.4597318
41.4936718,0.4592759
41.533987,0.51410960000000006
41.5343323,0.5142518
41.497314,0.7661954
41.4982486,0.7656602
41.0073738,0.9363639
41.0085104,0.9383026
41.0085575,0.9383666
41.0095379,0.9389559
41.1138287,1.0402004
41.1132367,1.0422599
41.0663475,1.0615423
41.0655692,1.0590605
41.0719472,1.1498665
41.1079432,1.1462939
41.1082821,1.1465101
41.1077255,1.1497155
41.1081791,1.1469699
41.1097016,1.1478075
41.1090255,1.1492121
41.1090322,1.1492243
41.1086005,1.1495683
41.1181745,1.1932397
41.1176178,1.1930251
41.1189739,1.2146013
41.1201567,1.2146955
41.1189156,1.2172318
41.1134226,1.243092
41.1171788,1.2444408
41.1150393,1.2441027
41.1155639,1.2438556
41.1205499,1.2417511
41.1205661,1.2448547
41.1142909,1.2513908
41.1161836,1.246207
41.1182611,1.2476008
41.1144853,1.2470209
41.1180294,1.2469687
41.1181921,1.2477637
41.1181489,1.2478397
41.1178398,1.2484692
41.1169124,1.2491967
41.1165252,1.2473968
41.1144894,1.2477615
41.1199984,1.2464728
41.1181385,1.2483272
41.1177208,1.2497843
41.1152812,1.2527134
41.1155807,1.2521078
41.1143509,1.2546729
41.1146347,1.2540802
41.1205011,1.2523073
41.1195663,1.2518196
41.1147836,1.2548595
41.1145695,1.2542042
41.1296472,0.9631792
41.1383899,1.0517659
41.1386636,1.0512771
41.156464,1.0981232
41.1560049,1.0979852
41.1459319,1.10953
41.1519253,1.1027934
41.1505084,1.1036271
41.1503124,1.1057319
41.1507307,1.103516
41.1505031,1.1109488
41.1503458,1.1105198
41.1506646,1.1111272
41.1559418,1.1064701
41.1557314,1.1068501
41.157378,1.1021198
41.1578831,1.105158
41.1574017,1.1023818
41.1557474,1.106595
41.1544468,1.1020883
41.1563188,1.1014297
41.1558084,1.1069704
41.1592567,1.1075987
41.1553009,1.1089978
41.1570502,1.1125665
41.1570075,1.1123167
41.1600445,1.108759
41.1802294,1.0985698
41.2145781,1.1397587
41.2139688,1.1396694
41.2155632,1.1373142
41.1233635,1.238243
41.1380694,1.2501574
41.1381643,1.2572825
41.138807,1.2579766
41.1898185,1.2072907
41.2618009,1.1710198
41.2623914,1.1717493
41.261919,1.1716735
41.2855011,1.2507712
41.2858232,1.2513115
41.2870331,1.2516719
41.286002,1.2505139
41.2866365,1.2503044
41.2865915,1.2547731
41.2877797,1.2555958
41.4247893,0.858697
41.428476,0.9748716
41.4287349,0.9742453
41.5194778,0.8681193
41.5200775,0.8677202
41.5202711,0.869654
41.5204745,0.8690629
41.521034,0.8694531
41.3961389,1.1040847
41.3959863,1.1022575
41.396153,1.1027336
41.3960426,1.102402
41.3763815,1.1616634
41.3765783,1.1635638
41.3770088,1.1639575
41.4109378,1.2274294
41.1207493,1.2714904
41.1220789,1.2746865
41.1408863,1.3745843
41.1437729,1.3986057
41.1444414,1.3986125
41.1443401,1.3985792
41.1432456,1.399511
41.167859,1.4405123
41.1677022,1.4408417
41.3111468,1.3579176
41.1810251,1.5250247
41.1820402,1.5238924
41.1967689,1.6244923
41.1965245,1.6231529
41.1962347,1.6219508
41.207627,1.6733863
41.2079872,1.6730863
41.2081321,1.672988
41.2459742,1.4923127
41.2815226,1.4871436
41.28344,1.5503587
41.2845096,1.5503556
41.3091071,1.6465575
41.3827246,1.3624913
41.5309908,1.3815938
41.5320654,1.3844062
41.532322,1.3842108
41.4627539,1.6632946
39.8773198,3.0164209
39.8761286,3.0173454
39.8760195,3.0175385
39.9058668,3.0796984
39.9087319,3.0791741
39.9063853,3.082124
39.9073222,3.0821814
39.9074198,3.0827572
39.9072916,3.0826064
39.9087143,3.0824936
41.2208649,1.7153672
41.2180368,1.7293087
41.2220426,1.7195803
41.2221727,1.7193952
41.2239703,1.7184176
41.2251064,1.7240796
41.2248866,1.7259713
41.2209774,1.7260994
41.2209481,1.725968
41.2209375,1.7268658
41.2211247,1.7274895
41.2237434,1.7241461
41.2236997,1.7240405
41.2246075,1.724687
41.2244787,1.7257345
41.2226539,1.7283792
41.2239853,1.7302193
41.226299,1.7232562
41.2267541,1.7178849
41.2610704,1.7723455
41.2613592,1.772374
41.2617458,1.7721219
41.2348559,1.8074382
41.2363403,1.8086919
41.2382393,1.8062258
41.2374349,1.8105002
41.2373006,1.8104175
41.2367187,1.8097774
41.2371108,1.8101747
41.2402745,1.8102457
41.2665064,1.9712357
41.265656,1.9680713
41.2806309,1.9775767
41.2809026,1.9773609
41.2790451,1.9783013
41.2782389,1.9771938
41.2793674,1.9774032
41.280193,1.9776861
41.2793673,1.9771101
41.3022763,2.0070897
41.3038125,2.0085968
41.3085029,2.0018079
41.3044717,1.9992991
41.306884,2.0054449
41.3204668,2.0259826
41.289928,2.0710392
41.3033403,2.0780393
41.3210016,2.0810944
41.3223988,2.0922454
41.3245265,2.0925153
41.3399501,1.6969289
41.3455177,1.7002408
41.345919,1.7008856
41.3460535,1.6988957
41.3772833,1.7186636
41.3780155,1.7198758
41.4248198,1.7827665
41.4530046,1.7034871
41.5217379,1.7501704
41.5217748,1.7504783
41.5220127,1.7507411
41.501965,1.8131758
41.3312027,1.9226713
41.3836359,1.9312889
41.3873822,1.931871
41.3887602,1.9327249
41.3884299,1.931721
41.3956313,1.9538441
41.3963754,1.9587638
41.4129904,1.9676499
41.412508,1.9685801
41.3395983,2.0413989
41.3406597,2.0410008
41.3407878,2.0408457
41.3478116,2.0289086
41.3485862,2.0275537
41.3470205,2.028311
41.348732,2.0309311
41.345733,2.0372931
41.3568067,2.030832
41.3568439,2.0320545
41.3570831,2.031831
41.3814518,2.0439088
41.3305524,2.0933779
41.3305822,2.0928594
41.3552985,2.0716678
41.353478,2.0737738
41.3530629,2.0865252
41.3538307,2.0875745
41.3816424,2.0469209
41.3763332,2.058224
41.3616825,2.0734081
41.3610815,2.083287
41.3620004,2.083011
41.3623326,2.0826918
41.3629071,2.0828421
41.3601295,2.0788708
41.358688,2.0777418
41.3601925,2.0779793
41.3632998,2.0743989
41.3723064,2.0838492
41.3721228,2.0838888
41.3753611,2.0834964
41.3765389,2.0836194
41.3736912,2.0851153
41.3725419,2.0864859
41.3753402,2.0866673
41.3775633,2.0854883
41.3773912,2.0866605
41.3765607,2.087786
41.3946229,2.0089916
41.3932124,2.0103729
41.3936484,2.0096017
41.3893732,2.0079745
41.3993874,2.0066178
41.3964113,2.008073
41.3959389,2.0084306
41.3975178,2.0077795
41.4119991,2.0179886
41.4117181,2.0171203
41.4144801,2.0160526
41.4136956,2.0161867
41.4115769,2.0171684
41.4156117,2.012706
41.4158047,2.0133497
41.4096542,2.0190032
41.4742128,1.9183943
41.4738806,1.9274032
41.4774367,1.9168782
41.4765572,1.9144239
41.4478454,1.9724877
41.4477191,1.9734089
41.447613,1.9738788
41.4486127,1.9731755
41.4750387,1.9804294
41.439381,2.0125569
41.4870832,2.0307526
41.4854196,2.0320822
41.457755,2.0676244
41.4789829,2.0673226
41.467623,2.0792715
41.4678996,2.0829939
41.467468,2.0820792
41.4675883,2.0788642
41.470218,2.082094
41.4683408,2.0828477
41.4719476,2.0822113
41.4718919,2.0817275
41.4719331,2.0815035
41.4719913,2.0812474
41.4723913,2.080267
41.4736435,2.0814298
41.4708463,2.0822573
41.4708904,2.0824799
41.4707397,2.0825013
41.4703759,2.0829466
41.4719307,2.0794809
41.4679942,2.0832486
41.4717399,2.0824695
41.473622400000004,2.0839114
41.4784223,2.0824566
41.4772889,2.0840605
41.4777525,2.0846064
41.4779137,2.0843634
41.4909936,2.02065
41.4883743,2.0310995
41.4906095,2.0314763
41.4921232,2.0315288
41.4891955,2.0311925
41.4888272,2.0313455
41.4892679,2.0312227
41.4889551,2.0311944
41.4965565,2.0316609
41.500988,2.0898851
41.5347955,2.0778899
41.5313944,2.0880774
41.5323065,2.0853514
41.3316248,2.1145051
41.3313146,2.1147858
41.3311647,2.1141371
41.3517301,2.1078212
41.3522578,2.1111077
41.3522752,2.1113682
41.3525017,2.1120425
41.3536827,2.1168912
41.3592361,2.0991455
41.3607647,2.1014124
41.3608772,2.10169
41.3629959,2.1004284
41.3597667,2.100445
41.3664032,2.1232395
41.365737,2.1194584
41.3702781,2.1069652
41.3755705,2.1214087
41.3747717,2.120828
41.3755808,2.1199295
41.3734778,2.1186216
41.3749532,2.1211099
41.3769388,2.1137658
41.3787728,2.1209921
41.357388,2.126725
41.3625656,2.1267026
41.3670912,2.1264787
41.3672089,2.1274487
41.3647334,2.1263761
41.3682543,2.1317191
41.3681823,2.1317073
41.3681933,2.130231
41.3653709,2.1334257
41.3590789,2.1401857
41.3575416,2.1412507
41.360293,2.1396279
41.3605103,2.1382707
41.3651827,2.1365588
41.3633543,2.1370107
41.3721471,2.1262943
41.3725335,2.1257955
41.3756605,2.1280237
41.3754685,2.127517
41.375541,2.1238931
41.3754947,2.126472
41.375553,2.1344148
41.3759677,2.1355553
41.3700044,2.1329586
41.3755918,2.1327421
41.3763183,2.1234923
41.3782516,2.1274258
41.3799074,2.1294251
41.3771402,2.1353987
41.3818648,2.1352552
41.3810538,2.1325565
41.3800937,2.1309137
41.3816609,2.1345697
41.3815134,2.1341466
41.3752518,2.138552
41.375246,2.137526
41.3754393,2.1398322
41.3754335,2.1387204
41.3704872,2.1386554
41.3754503,2.1394946
41.3754572,2.1382509
41.3747255,2.1447829
41.3751093,2.1447615
41.3753389,2.1444944
41.373495,2.1466421
41.3718952,2.1443951
41.3764743,2.138976
41.3814046,2.1463949
41.3784859,2.1444984
41.3788451,2.1452418
41.3763731,2.14582
41.3786904,2.1454494
41.3752004,2.1625144
41.3747828,2.1599869
41.3752031,2.1590208
41.3755415,2.1585403
41.3747642,2.1590204
41.3783552,2.154207
41.3784267,2.1531755
41.3804438,2.1567621
41.3816041,2.1583877
41.3775472,2.1614782
41.3812085,2.1579098
41.382649,2.1587284
41.3816205,2.1573105
41.3751836,2.167281
41.3745992,2.1670947
41.375191,2.1666108
41.3745805,2.167129
41.3747717,2.1654439
41.379116,2.1629793
41.3795246,2.1674086
41.3816353,2.1690109
41.3825323,2.1742993
41.3809162,2.1715844
41.3795383,2.1744276
41.3814139,2.1733429
41.3816595,2.1757155
41.3822331,2.1732369
41.381275,2.1729011
41.3809545,2.1721215
41.3813697,2.1735409
41.3822128,2.1766724
41.3795476,2.1878327
41.3806691,2.1886277
41.3784619,2.1882451
41.3802457,2.1896919
41.3888171,2.1123186
41.386329,2.1127751
41.3891569,2.1218255
41.3899015,2.1207524
41.3899778,2.1210528
41.3900092,2.1212298
41.3897943,2.1227077
41.3834678,2.1294269
41.3854244,2.1296176
41.3837259,2.1293568
41.388812,2.1246281
41.388674,2.1264572
41.3876376,2.1268367
41.3858992,2.1278112
41.3873117,2.1357022
41.3847085,2.131334
41.3873964,2.1344944
41.3870768,2.1353085
41.3856966,2.1328275
41.389509,2.1289462
41.3893377,2.1285616
41.3894429,2.1248616
41.3898951,2.1246067
41.3917612,2.1262187
41.3894001,2.1287652
41.3912703,2.125222
41.3921585,2.1254679
41.3926287,2.1307742
41.3907748,2.1310698
41.3925699,2.1313101
41.3908414,2.1347058
41.3897125,2.1352382
41.3829579,2.1390012
41.3866377,2.1424225
41.3852258,2.1372363
41.3874559,2.1402308
41.3850052,2.1456046
41.3879943,2.1438521
41.3854213,2.1449757
41.3921295,2.140754
41.3920229,2.1403364
41.3952885,2.1426216
41.3953959,2.142715
41.3941764,2.1377488
41.3929583,2.1407595
41.3905849,2.1410264
41.3927382,2.142678
41.3926296,2.1422654
41.3915215,2.1414449
41.3912137,2.1403022
41.3912579,2.1369575
41.3919129,2.1393714
41.3927796,2.1459282
41.3893706,2.1492695
41.3899581,2.1464073
41.3913868,2.146062
41.3933299,2.1480593
41.3934944,2.1453959
41.3925897,2.1451903
41.3949794,2.1475248
41.392981,2.147574
41.3979567,2.1296933
41.4015716,2.1247277
41.3980087,2.1272171
41.3971034,2.1238626
41.3979804,2.135894
41.4025715,2.1265151
41.4043651,2.1296773
41.4042669,2.1305083
41.4044772,2.13222
41.4054882,2.131647
41.4032038,2.1341101
41.4038894,2.1333819
41.4028577,2.1339538
41.405579,2.1349915
41.4077097,2.1344605
41.3972539,2.1403699
41.3969281,2.1407117
41.399452,2.1426407
41.4015973,2.1393035
41.3999646,2.1415033
41.401221,2.1465667
41.4010826,2.1464494
41.3980428,2.1446407
41.3961982,2.149522
41.398774,2.1432198
41.4048592,2.1380585
41.4030474,2.1378703
41.4037562,2.1465582
41.4025111,2.1454795
41.4121693,2.140481
41.4113838,2.1381684
41.4110636,2.1380964
41.4090899,2.1466376
41.4217311,2.1428724
41.3890519,2.1558912
41.3855097,2.1520431
41.3828686,2.1506665
41.3834431,2.1513144
41.387053,2.1515726
41.3865799,2.1531664
41.3836536,2.1600818
41.3942379,2.1519775
41.3945755,2.1507661
41.392583,2.1498358
41.3943546,2.1499046
41.3950295,2.1554154
41.3954213,2.1560984
41.3944079,2.1497131
41.3949251,2.1503766
41.3943463,2.1496132
41.3915078,2.1596088
41.3903125,2.157694
41.3941482,2.1588452
41.394815,2.1586297
41.3955819,2.1569728
41.3893142,2.1600616
41.3910108,2.16084
41.3914558,2.1625933
41.3846859,2.1678768
41.3884918,2.1665367
41.3870545,2.1682922
41.3869232,2.1685381
41.3864991,2.1636849
41.3883669,2.169076
41.3877767,2.1682126
41.3885348,2.1675333
41.3865873,2.1714197
41.3843727,2.1747544
41.3888064,2.1734678
41.387715,2.1744294
41.3861261,2.1756413
41.3876663,2.1741877
41.3868589,2.1746157
41.3905849,2.1663478
41.3895639,2.1651222
41.3906521,2.1637704
41.3934744,2.1659588
41.3933972,2.1660469
41.3919407,2.1657139
41.3922381,2.1654145
41.3949947,2.1644157
41.390731100000004,2.1637184
41.3954341,2.1678578
41.3901293,2.1687444
41.3950181,2.1690007
41.3956514,2.1750558
41.3957017,2.1749133
41.3942312,2.1755352
41.3901049,2.1753291
41.3922,2.16988
41.3906206,2.1703248
41.394213,2.1756892
41.4018329,2.1533512
41.3969131,2.1510642
41.3970755,2.1521946
41.3984831,2.1535018
41.3962812,2.1536648
41.3976964,2.1542666
41.3960415,2.1520056
41.3992445,2.1522637
41.4004046,2.1549808
41.3991716,2.1560931
41.3994104,2.1545434
41.3969399,2.1596237
41.4016199,2.1581332
41.3967861,2.1615456
41.396294,2.1575332
41.3963805,2.1578399
41.3973121,2.1590668
41.4083334,2.151327
41.4084709,2.1515648
41.4073689,2.1581581
41.4077124,2.1587801
41.4085271,2.1603408
41.4072415,2.1611921
41.3975229,2.1643894
41.3989732,2.1681522
41.400412,2.1687535
41.401392800000004,2.1664467
41.395987,2.1670845
41.3993008,2.1692352
41.3990775,2.16873
41.3961561,2.1650373
41.397915,2.1640501
41.3988377,2.1676451
41.4012373,2.1652513
41.3964605,2.1641488
41.4023748,2.1720118
41.3959253,2.1747194
41.4015712,2.1732121
41.3972454,2.174909
41.3995919,2.1698526
41.4011,2.17245
41.4003671,2.1731023
41.4034022,2.1635858
41.4039386,2.1690022
41.4052333,2.1667123
41.4037875,2.1732039
41.4074395,2.1746314
41.4061693,2.1740404
41.4063725,2.1695886
41.408873,2.1742017
41.3830627,2.1796795
41.3863204,2.1818654
41.3850741,2.1769881
41.3829842,2.1825834
41.3843653,2.1844612
41.3832215,2.1835792
41.3832724,2.1835499
41.3926464,2.1790005
41.3940249,2.1772375
41.3893573,2.1792215
41.3953412,2.1813472
41.3903166,2.1768623
41.3936284,2.1877737
41.3935898,2.1872098
41.393635,2.1872169
41.3930889,2.1886246
41.3909874,2.1939651
41.392909,2.1901701
41.3906,2.1959352
41.397068,2.1789481
41.3986258,2.1778266
41.4063709,2.1768618
41.4046754,2.1768309
41.407188,2.1822608
41.4076944,2.1882482
41.4069368,2.1875245
41.3966255,2.1935086
41.4009529,2.2019184
41.4052775,2.1936878
41.4048069,2.1961029
41.4029241,2.1979768
41.4048847,2.1974976
41.4028418,2.1990982
41.4031816,2.1978561
41.4029201,2.198988
41.4033911,2.198414
41.4047809,2.1973753
41.4136187,2.1614526
41.413333,2.1616455
41.4131724,2.1614453
41.4116849,2.16053
41.420175,2.1502602
41.4094757,2.1704184
41.4091579,2.1728343
41.4089716,2.1732535
41.4155514,2.1630005
41.4173428,2.1709173
41.4230074,2.1559824
41.4228023,2.1559906
41.4244572,2.1561869
41.4274417,2.156336
41.4295556,2.1604377
41.4297877,2.1597575
41.4295265,2.1607892
41.4275791,2.1679947
41.423703,2.175478
41.4292726,2.1745737
41.4145392,2.1806305
41.4149876,2.1796358
41.4146768,2.1819356
41.4097775,2.1840905
41.4099959,2.1838015
41.4131913,2.1872106
41.413481,2.1872015
41.4164986,2.1801868
41.4212938,2.1797115
41.4196687,2.1805893
41.417738,2.180264
41.4192673,2.1814069
41.4208171,2.1874848
41.4204687,2.1872963
41.4155233,2.1872463
41.4112068,2.1897449
41.413363,2.1937076
41.413223,2.1988597
41.4185109,2.199477
41.4186578,2.1996749
41.4193457,2.2006677
41.4239943,2.1776456
41.4231071,2.1852187
41.428353,2.1839915
41.4304004,2.1813944
41.4304263,2.1803487
41.4301351,2.1782431
41.4304145,2.1763147
41.426081,2.1911147
41.4302381,2.1897877
41.4299281,2.1900325
41.4339839,2.1901568
41.433506,2.1892488
41.4346389,2.2019513
41.4006711,2.2020595
41.4008262,2.2060052
41.3995802,2.2027398
41.4013472,2.2073116
41.4032636,2.2048364
41.4033463,2.2025442
41.4072814,2.2083679
41.4062955,2.2143725
41.4066737,2.2099773
41.4047494,2.2131585
41.4078627,2.2156586
41.4091346,2.2036597000000002
41.41534,2.2068497
41.4091338,2.215741
41.4222643,2.2053323
41.4324989,2.2152929
41.4326883,2.2177621
41.434424,2.2191695
41.4832814,2.1439813
41.4833251,2.1437432
41.4839753,2.1492466
41.436845,2.1582848
41.4461074,2.174339
41.4456471,2.1725284
41.4469515,2.1764365
41.4438797,2.1783958
41.4358713,2.1913031
41.4375123,2.1909279
41.4466174,2.2018484
41.4587512,2.2014687
41.4625894,2.1697167
41.4844013,2.1874058
41.5018582,2.1036805
41.5024005,2.1039681
41.4924055,2.1359356
41.494421,2.1345235
41.4921494,2.1376843
41.491837,2.140342
41.4910879,2.1404099
41.4897981,2.1445075
41.4932646,2.147904
41.4922843,2.1470176
41.4931114,2.1435527
41.490433,2.1450394
41.492814,2.1450541
41.4932595,2.1438438
41.4927979,2.1459349
41.4927598,2.1460931
41.5290909,2.1101194
41.5294202,2.1099584
41.5286869,2.117027
41.5392518,2.1129501
41.5160059,2.1259947
41.5138314,2.1260352
41.5150675,2.1248282
41.5154754,2.124239
41.5149133,2.1249359
41.5159932,2.1301974
41.4975806,2.1591226
41.4975986,2.1602299
41.4963251,2.1621748
41.5023407,2.1574547
41.5007752,2.1572373
41.4937109,2.1823107
41.4908339,2.185893
41.5124651,2.1924198
41.5125093,2.1921309
41.535019,2.182338
41.5349327,2.1819759
41.5349984,2.1811857
41.5352809,2.182213
41.436369,2.2056213
41.4363787,2.2058414
41.4363563,2.2053093
41.4429351,2.2025515
41.4465201,2.2141897
41.4413986,2.2216171
41.4373211,2.2180763
41.4415417,2.226606
41.4397786,2.2221512
41.438475,2.2251271
41.4419121,2.2170336
41.4463174,2.2174738
41.4422067,2.2235744
41.4429264,2.2244259
41.4418556,2.2258001
41.4521116,2.2052473
41.4488789,2.2075006
41.4487697,2.2079617
41.4515069,2.2148166
41.4507486,2.2149219000000002
41.4495708,2.2139906
41.450327,2.2133507
41.4504169,2.2138626
41.4507862,2.2140518
41.4505892,2.2114503
41.449402,2.2143833
41.4511693,2.2097081
41.4507693,2.2120091
41.4507061,2.2093811
41.4552596,2.2084855
41.4586591,2.2029295
41.4494294,2.21883
41.4489256,2.218092
41.4536874,2.2182792
41.4494419,2.2173658
41.4524835,2.2202246
41.4515826,2.2197176
41.4520154,2.223515
41.4393407,2.2287911
41.4436756,2.2455824
41.4471055,2.2457348
41.4466711,2.2452217
41.4522865,2.2318827
41.4518501,2.230534
41.451945,2.2378983
41.4505269,2.2478149
41.4502531,2.2477082
41.4499426,2.2468594
41.4504009,2.2447917
41.4528559,2.2507106
41.4516404,2.2490348
41.4507861,2.2481474
41.4509906,2.2483612
41.4509998,2.2486726
41.4531621,2.2496292
41.4521864,2.2499251
41.448471,2.2481213
41.4485435,2.2489536
41.4560515,2.2576762
41.4638193,2.2731784
41.4667442,2.278571
41.4828961,2.2681164
41.4831673,2.2683891
41.4826189,2.2682861
41.4687034,2.2811456
41.538198,2.2079241
41.5379415,2.2132647
41.5373507,2.2139
41.5355406,2.2095644
41.5362714,2.2113989
41.5382745,2.2117176
41.5398904,2.2131724
41.537489,2.2136186
41.5381815,2.2118976
41.5374859,2.2113815
41.4930565,2.2954199
41.4935668,2.2954529
41.4939709,2.2950371
41.5315273,2.2976218
41.4806502,2.3161909
41.4811153,2.3159704
41.4794664,2.3205285
41.5059542,2.390163
41.5063203,2.3909449
41.5071294,2.3891516
41.5058992,2.3898213
41.5060772,2.3900389
41.5018401,2.3908717
41.5022608,2.3928889
41.5087374,2.387476
41.5085386,2.3876437
41.5272628,2.3669092
41.5256317,2.3937268
41.5377937,2.4360601
41.5338189,2.4368846
41.5391763,2.4333419
41.536897,2.4437039
41.5369814,2.4441641
41.5386539,2.4448017
41.5389217,2.4447694
41.5387787,2.4447851
41.5393745,2.4446835
41.5337483,2.4452155
41.5382183,2.4445705
41.7228839,0.1449779
41.7221996,0.1460014
41.652097,0.3896103
41.5633642,0.5251126
41.564596,0.5265485
41.5569827,0.5670251
41.5722262,0.604958
41.5721038,0.60484
41.6122479,0.6131368
41.6178528,0.6135936
41.6118328,0.6204289
41.6116788,0.6200035
41.6117318,0.6167246
41.611696,0.6163733
41.6156115,0.6205782
41.6186167,0.619717
41.615444,0.6201447
41.612283,0.6289515
41.6170851,0.6284584
41.6164178,0.6286187
41.6128051,0.6246707
41.6158497,0.6269698
41.6194287,0.6155139
41.6191954,0.6152491
41.6201718,0.6215231
41.6196584,0.6201632
41.6250483,0.6220969
41.6204485,0.6217027
41.6197539,0.6205649
41.6192605,0.6202202
41.6207486,0.6229041
41.6248023,0.6244389
41.6282751,0.6250802
41.6661203,0.5557936
41.6648095,0.5558668
41.6931381,0.5953502
41.6932597,0.5950907
41.712021,0.6191437
41.7359046,0.5840958
41.5516959,0.7035569
41.5519099,0.7031625
41.5435649,0.7337462
41.6045187,0.6416142
41.6035817,0.6413999
41.6028163,0.6417746
41.6041083,0.6426364
41.611796,0.6316169
41.6122888,0.6293626
41.6171724,0.6299243
41.6170852,0.6298475
41.616783,0.6295732
41.6182661,0.6309211
41.6171569,0.6293295
41.6176404,0.6303347
41.6084832,0.6631985
41.6187413,0.6313342
41.6190917,0.63105
41.6243842,0.6355467
41.6244323,0.6355072
41.6226249,0.6346261
41.6249245,0.6357854
41.6317378,0.6313295
41.6217311,0.6569857
41.5464503,0.8256633
41.5470694,0.8257761
41.5805146,0.8309399
41.5804987,0.8319886
41.6298274,0.7792675
41.6301355,0.7803566
41.6960957,0.6329192
41.6475192,0.6940616
41.6917239,0.6959346
41.6898122,0.727666
41.6909069,0.7279935
41.67146,0.8177665
41.671275,0.8176394
41.7180075,0.759201
41.7178033,0.7613425
41.7299982,0.7443876
41.8300924,0.5696923
41.8694623,0.4208573
41.8654965,0.4603673
41.865445,0.4603386
41.7518997,0.8130998
41.7523931,0.8141856
41.7893269,0.808239
41.7891892,0.8094537
41.7894874,0.8093756
41.7892763,0.810989
41.7892469,0.809078
41.7932281,0.8098678
42.0341451,0.1310543
42.0366848,0.1254125
42.0362343,0.1263542
42.0363903,0.1267021
42.0365773,0.126908
42.0560574,0.2436856
42.0560735,0.24341
42.191825,0.3386305
42.1055494,0.483328
42.1055504,0.4834394
42.1057379,0.4826998
42.0006645,0.7631074
41.5410028,0.9252295
41.5406975,0.9245259
41.5410997,0.9244214
41.6049395,0.8800972
41.6061723,0.879916
41.6303181,0.89415
41.6296411,0.8939084
41.6296477,0.8939748
41.6287952,0.8937683
41.6297608,0.8933396
41.6324927,0.9311756
41.5601041,1.0170732
41.6137865,0.9624303
41.6275701,1.0086614
41.6267335,1.0100288
41.6267092,1.0104489
41.6259734,1.0096635
41.6513438,0.8818317
41.6513597,0.8815787
41.6512908,0.8813689
41.709621,0.9024566
41.710983,0.9027167
41.6816865,0.9862706
41.6822234,0.9864728
41.6807716,0.9863644
41.6767168,1.0170799
41.7471108,0.9876616
41.7137468,1.0194204
41.6099765,1.1438378
41.6584413,1.0835249
41.6581791,1.0835288
41.6485701,1.1400304
41.6486253,1.1402963
41.6478177,1.1407141
41.7013533,1.0547536
41.7585058,0.9035796
41.7595995,0.9060511
41.7574224,0.9652347
41.799896,0.9616133
41.8752058,0.8777779
41.8948301,1.0471913
41.894906,1.0455831
41.8955016,1.0479742
41.785201,1.0977389
41.785171,1.0983049
41.7861566,1.0978339
41.785963,1.0979417
41.915829,1.1859802
41.6549337,1.4180674
41.5750129,1.6080399
41.5747466,1.6081086
41.5740822,1.6087141
41.5768772,1.6078597
41.5739502,1.6390966
41.574056,1.6393693
41.7857492,1.2884067
41.7847789,1.2869216
41.7861184,1.2884425
41.7845779,1.2884774
42.1662142,0.8957743
42.1674075,0.8962529
42.1667086,0.8958804
42.1653737,0.8945214
42.1164751,1.0436105
42.2474559,0.9677429
42.2475626,0.9673481
42.2489729,0.9662892
42.3254329,1.0660582
41.995102,1.5196537
41.9945331,1.5170391
41.9950538,1.5196551
41.9951754,1.5196605
42.1733039,1.3164126
42.2111877,1.3278683
42.3567164,1.4598673
42.3563054,1.4595822
42.356450100000004,1.4595301
42.4417822,0.0710616
42.4420345,0.0702672
42.414783,0.1405568
42.4147933,0.1408068
42.4148212,0.1410177
42.4150245,0.1404574
42.4152861,0.1408476
42.4096395,0.3961509
42.588107,0.3451846
42.6335163,0.2189648
42.6335754,0.2189008
42.5124263,0.4908375
42.5124068,0.4904499
42.5123981,0.4903531
42.477258,0.717612
42.4081047,0.7409235
42.4082479,0.7411073
42.4085121,0.7416878
42.5048762,0.8032334
42.6044982,0.5219543
42.6032083,0.522624
42.6039132,0.5217724
42.6046747,0.521985
42.6034164,0.5221461
42.7831801,0.6916215
42.7841716,0.6923484
42.7024715,0.7944248
42.7027683,0.7935065
42.7020441,0.7957213
42.7014288,0.7965025
42.8108103,0.7100955
42.4111664,1.1300338
42.4112724,1.1297392
42.4120312,1.131606
42.57553,1.0896658
42.4954935,1.2119562
42.7009236,0.8711154
42.7067597,0.9027749
41.6103357,1.8457983
41.7219704,1.8345672
41.7220945,1.8344116
41.7446926,1.8053011
41.7446664,1.805463
41.7432819,1.8052347
41.7434292,1.8052636
41.7290647,1.8197903
41.7254116,1.8265273
41.7269394,1.823784
41.7257584,1.8220598
41.725212,1.8245494
41.7253329,1.8223296
41.7262075,1.8234046
41.7261447,1.8237294
41.7267813,1.8244202
41.7294092,1.8307727
41.7297921,1.8310963
41.7334939,1.8228536
41.7304761,1.8278126
41.7304575,1.8293947
41.7364513,1.828635
41.7302472,1.8325195
41.7388371,1.8386965
41.5571642,1.9544086
41.6064409,1.91918
41.55437,2.00773
41.5624748,2.0116254
41.5605585,2.0074521
41.5612564,2.0065189
41.5605837,2.008325
41.5606911,2.0083975
41.5654997,2.0136268
41.5460745,2.0252401
41.5497202,2.0273187
41.5576221,2.0218248
41.5662007,2.0269617
41.5771501,2.0244869
41.5760684,2.0325581
41.5759002,2.0324356
41.5636945,2.0904443
41.560894,2.093233
41.5699127,2.0851788
41.5764485,2.0872406
41.572925,2.0881168
41.5956762,2.0911432
41.614483,2.088332
41.6155531,2.0861751
41.6155361,2.0867314
41.6160661,2.0885256
41.6148096,2.0883678
41.7514746,1.8767825
41.7815272,1.838355
41.8643386,1.8740595
41.864344,1.8749687
41.7506181,1.9028784
41.7517765,1.90381
41.7978723,1.9534768
41.7978113,1.9533065
41.8639803,1.9712314
41.8634851,1.971052
41.873232,2.0356615
41.8734873,2.0357476
41.944546,2.0209446
41.5444783,2.10042
41.5460755,2.1094376
41.5460853,2.1094898
41.5459601,2.1083615
41.5498118,2.0990316
41.5474066,2.1090661
41.5467243,2.1091235
41.5456964,2.1106161
41.5402395,2.1118585
41.5417091,2.1111933
41.5437519,2.1106139
41.5431919,2.1105014
41.5459003,2.1110454
41.5466414,2.1289584
41.5494638,2.1285265
41.560322,2.1276575
41.5611476,2.1522709
41.6279087,2.1676557
41.6307581,2.1652281
41.6320862,2.1637637
41.5432104,2.2079432
41.5422953,2.2090602
41.5410328,2.2103399
41.5516834,2.2483256
41.5520286,2.2490123
41.5423922,2.2639125
41.6413199,2.2321531
41.6415438,2.2325605
41.593759,2.2880084
41.6051835,2.2919291
41.6034997,2.2877947
41.604757,2.2880556
41.6053795,2.2879272
41.6036,2.2880697
41.6046496,2.2880321
41.60723,2.28295
41.6095641,2.2893637
41.6107526,2.2896767
41.6110125,2.2897459
41.6089322,2.2891892
41.6086071,2.2887131
41.6087851,2.2908094
41.6104522,2.2907472
41.6089797,2.2887584
41.631333,2.2959396
41.6324809,2.2975159
41.6329422,2.2961326
41.6877668,2.1645579
41.6890069,2.1638348
41.6888826,2.1633153
41.6880387,2.1637118
41.6739571,2.2138033
41.673342,2.2148735
41.6829411,2.2861253
41.6836131,2.2858078
41.685071,2.2860734
41.6846182,2.286098
41.5539683,2.4032249
41.63949,2.3976289
41.6386809,2.4030311
41.5406227,2.4359845
41.5462352,2.4316297
41.5406196,2.4349359
41.5455707,2.4505903
41.54789,2.4479148
41.6935715,2.3541928
41.6932707,2.4455891
41.6932186,2.4454871
41.6926538,2.4471152
41.6894396,2.4903571
41.6875325,2.4901722
41.6893335,2.4919637
41.7514206,2.1204285
41.7517594,2.1207422
41.7689542,2.2491116
41.7671554,2.2512552
41.7976259,2.218888
41.7978004,2.2186734
41.7977151,2.2192164
41.8155696,2.2359049
41.8492613,2.227997
41.8376736,2.2801083
41.8372813,2.2813797
41.873751,2.286651
41.8750235,2.2863285
41.930496,2.2532809
41.9306209,2.2507028
41.9305383,2.2515041
41.9299037,2.2527426
41.9328806,2.2504225
41.9306391,2.253307
41.9301417,2.2530797
41.9299556,2.2527692
41.9284705,2.2524521
41.9292308,2.2526586
41.9313464,2.2535186
41.9313754,2.2543833
41.9307609,2.2545846
41.931114,2.2558162
41.9250477,2.2839432
41.9253578,2.2834368
41.9253506,2.2834251
41.8785762,2.5095014
41.8786969,2.5092778
42.0184432,1.735697
42.0326485,1.8801755
42.0327849,1.880166
42.0326614,1.8804289
42.0350832,1.879928
42.0780161,1.8208482
42.0780639,1.8206766
42.1000458,1.8442749
42.1040477,1.8513037
42.1040637,1.8514285
42.0082334,2.031063
42.0101336,2.031114
42.0093624,2.0316603
42.2522319,1.8630331
42.2528582,1.862333
42.2531643,1.8622521
42.3596517,1.6952413
42.3693358,1.7753687
42.3698038,1.7754697
42.3726858,1.8841822
42.2448114,1.9754387
42.0744537,2.2963995
42.0236356,2.4648046
42.0752975,2.5070566
42.0781972,2.5080478
42.1181055,2.4572349
42.118437,2.4569878
42.1999077,2.1915192
42.1988267,2.1909398
42.1992679,2.191082
42.1992798,2.190693
42.1994328,2.1905214
42.1980896,2.1916345
42.2230004,2.1691709
42.22337,2.1685544
42.2341619,2.2870303
42.2331954,2.2860655
42.2329743,2.286636
42.1691731,2.4762147
42.1730146,2.4821454
42.1731013,2.482128
42.1821958,2.4802376
42.180710500000004,2.4888065
42.1805519,2.4867734
42.1808466,2.489659
42.1826707,2.4866609
42.1824163,2.4900108
42.1827825,2.4871006
42.1863606,2.4957315
42.2123226,2.5117037
42.3115474,2.3653779
42.3136094,2.3651926
41.570281,2.5268026
41.5882186,2.5817855
41.6005871,2.6209182
41.6198298,2.6033051
41.602481,2.6245968
41.6018712,2.6238008
41.6227553,2.693221
41.6259493,2.6900467
41.6273533,2.6892655
41.6275265,2.688964
41.6257383,2.6880284
41.7199275,2.5482383
41.7492601,2.5596632
41.7482315,2.5597364
41.7481972,2.559908
41.7451727,2.6274685
41.7252107,2.6731768
41.6992033,2.7186171
41.6458001,2.7419396
41.6733249,2.7905402
41.6737595,2.791583
41.6731609,2.7906042
41.67417,2.7896261
41.6756151,2.7897761
41.6739898,2.7922828
41.699833,2.8330028
41.6984692,2.8474023
41.6981201,2.8464794
41.7212052,2.9309841
41.7214192,2.9311332
41.945752,2.5559462
41.8618297,2.6639017
41.8619976,2.6637626
41.8645259,2.6625808
41.8632959,2.66215
41.8621539,2.66375
41.8643305,2.6624314
41.9554071,2.6380264
41.9556072,2.6376263
41.9567127,2.6366105
41.7773124,2.7309552
41.7905058,2.7795019
41.836595,2.8083627
41.8364612,2.8082688
41.8946585,2.804386
41.8942273,2.8037914
41.9572053,2.8004662
41.8856673,2.8723981
41.8882272,2.8753794
41.8885266,2.8756367
41.9397108,2.8407068
41.7817655,3.0290128
41.7821041,3.0287099
41.781651,3.0294593
41.7812676,3.0309671
41.7809769,3.0304988
41.7920983,3.0241594
41.8164296,3.0662114
41.8158187,3.0651806
41.8171614,3.0651191
41.8187083,3.0673205
41.8479479,3.1068462
41.847543,3.1279867
41.8477767,3.1283473
41.8491022,3.1288437
41.8493094,3.1289514
41.8504927,3.1298975000000002
41.8894068,3.184207
41.8943725,3.1942832
41.9176811,3.1633897
41.916297900000004,3.1647496
41.918131,3.1610562
41.9173307,3.1632851
41.9171909,3.1649
41.9185262,3.1639155
41.9178436,3.1631993
41.9183165,3.1611476
41.9159065,3.1683184
41.916209,3.168089
41.9545684,3.2075992
41.9538437,3.2070667
41.969392,2.6222206
41.9685565,2.6709435
41.9666107,2.736653
41.9662707,2.7394863
41.9904486,2.7606301
41.975056,2.791547
41.974856,2.791554
41.976492,2.800418
41.9744682,2.8017681
41.9762623,2.7986799
41.9655585,2.8070885
41.9692359,2.8112925
41.9700846,2.8113637
41.970255,2.8114361
41.9632755,2.8292427
41.969689,2.818524
41.9731377,2.8073058
41.9760916,2.8075922
41.9739095,2.8051053
41.9832648,2.813642
41.9803144,2.8143083
41.9805606,2.8148965
41.9815121,2.8145086
41.9836638,2.8152039
41.978057,2.820332
41.9776394,2.8194634
41.9745878,2.8203426
41.9744843,2.8228438
41.9748798,2.8209654
41.975621,2.8207333
41.9757494,2.8215219
41.9778026,2.8198438
41.974549,2.8211282
41.9746142,2.8222147
41.973255,2.8245783
41.9798803,2.8182231
41.9807324,2.8189073
41.9825139,2.8191881
41.9819989,2.8193648
41.9827184,2.8196483
41.9821979,2.8201452
41.9825346,2.8201228
41.9827691,2.822735
41.9853609,2.8235494
41.9853878,2.8237333
41.9835676,2.8218091
41.9810994,2.823966
41.983005,2.8196434
41.9824107,2.8189655
41.9813885,2.8188613
41.9818094,2.8198705
41.9816819,2.8202595
41.9809385,2.820223
41.9816819,2.8189441
41.9835706,2.8195575
41.9844414,2.8245031
41.9844344,2.8245244
41.9814971,2.8203566
41.9826134,2.8244511
41.986576,2.824516
42.0145095,2.8171829
42.0176187,2.8251926
42.0171494,2.8251919
42.0483514,2.8674606
42.037293,2.914348
42.1162444,2.7635633
42.1165649,2.7639652
42.1164946,2.7634628
42.1116893,2.7697241
42.1129075,2.7735733
42.0892965,2.8161405
42.1172023,2.7647568
42.1168677,2.7639615
42.1183616,2.7651531
42.1177189,2.7638762
42.1586598,2.9104437
42.2002516,2.6983234
42.2001282,2.6970195
42.2001237,2.6965321
42.3677364,2.832603
41.9606064,3.0393823
41.9614792,3.0370098
41.9604883,3.040264
41.9600151,3.0391663
42.0467188,2.9574167
42.0415528,3.1242361
42.0415795,3.1240151
42.041258,3.1248806
42.0400151,3.1245179
42.0411114,3.1239812
42.0417575,3.1280296
42.0417174,3.1277554
42.1231627,3.1325508
42.1223959,3.1320241
42.1232814,3.1335065
42.1255391,3.1341684
42.1254858,3.1339579
42.1233666,3.1346826
41.9697081,3.1483266
41.9693814,3.1486352
42.0506365,3.1958199
42.0507823,3.1945535
42.055178,3.1993499
42.2662024,2.9615456
42.2673609,2.9602053
42.2660686,2.9606169
42.2660303,2.9604135
42.2600868,2.9668557
42.2664396,2.9627133
42.2640695,2.9640747
42.261459,2.965804
42.2673703,2.9647368
42.2671157,2.9643124
42.2664994,2.9648568
42.2670489,2.9831719
42.171025,3.074054
42.1885298,3.0825461
42.1879431,3.0826969
42.2583496,3.0718938
42.2443216,3.1250588
42.2457113,3.1264866
42.3251656,3.0923628
42.2590873,3.1804324
42.2597235,3.1808585
42.2637359,3.1746616
42.2617831,3.1761981
42.2609395,3.1772278
42.3634173,3.1517119
42.3632753,3.1518034
42.3633296,3.1516833
42.363349,3.1524384
42.3379851,3.2035926
42.2891961,3.2775547
42.2893821,3.2776995
42.4324854,1.926695
42.4313202,1.9272504
42.4314974,1.9274305
42.4322307,1.9286841
42.3861989,2.7506195
42.4200039,2.8712289
42.4254523,3.1590086
39.9986554,3.8361737
39.9992473,3.8384213
39.9990339,3.8389
39.9987864,3.8359634
40.0024847,3.8396972
40.0017122,3.838727
39.9990221,3.8424991
40.0015271,3.8413225
40.0029667,3.8410483
39.9452591,4.0497487
39.9465752,4.0493303
39.9336059,4.1398263
39.9327114,4.1361858
39.9329974,4.1370833
39.9331347,4.1372369
39.9334724,4.1383324
39.9335022,4.1387615
39.9338202,4.139598
39.9329225,4.1372902
39.9834279,4.0112793
40.0538916,4.1291641
40.0555617,4.1307747
39.8720949,4.2073014
39.8879935,4.264605
39.8883211,4.2657258
39.8880713,4.2650007
39.8869345,4.2600819
39.8881386,4.2621801
39.8872186,4.260723
39.8788499,4.2908995
39.8773852,4.2899607
39.8891727,4.2623926
27.7026941,-17.9812384
28.1021758,-15.4141791
28.436488,-16.4655048
28.4558095,-16.2567512
28.4697696,-16.2552513
28.1497408,-15.4236119
28.967388,-13.5448131
36.1328291,-5.4524741
36.1810059,-5.3823515
36.1743386,-5.348345
36.4822676,-4.9897406
36.4824779,-4.9895312
36.4827555,-4.9895965
35.2930461,-2.9378353
37.2698204,-6.9215904
38.3287114,-6.9519187
38.3279323,-6.953774
38.3321159,-6.9554099
38.3290897,-6.9533309
38.8725274,-6.9813658
39.3611846,-7.1381844
39.3613939,-7.1382357
39.3616888,-7.1392011
39.3611725,-7.1375902
39.3617785,-7.1371692
39.4783175,-7.0101874
40.1724874,-6.7197074
42.1939206,-8.7804454
42.2379368,-8.7200581
42.525967,-9.0164469
42.5181902,-8.7024978
42.8429075,-8.9089511
42.8427091,-8.9064735
42.8431302,-8.9074513
42.842289,-8.9061274
42.821902,-8.6116936
42.8758461,-8.5450441
42.8781423,-8.5435926
42.9095533,-8.5119819
42.2554019,-8.1379916
42.2898827,-8.1436383
42.288344,-8.1449033
42.1525604,-7.9584579
42.2777327,-7.74916
43.0189543,-8.251135
43.0192184,-8.2493475
42.8654467,-7.4458692
36.6815746,-6.1214279
36.7023307,-6.1331359
36.7239172,-5.9320253
36.8275329,-5.9249425
37.2921915,-6.3789827
36.6044281,-5.7988931
36.9161235,-5.2352262
37.3827539,-5.9927458
37.3877859,-5.9940059
37.3855839,-5.9942199
37.3868656,-5.9934541
37.3890244,-5.9937527
37.3899439,-5.9938458
37.3896766,-5.9938632
37.3896418,-5.9948096
37.391478,-5.9949885
37.3917898,-5.9900762
37.3931391,-5.9939882
37.391762,-5.9838201
37.3936848,-5.9634002
37.3949607,-5.953625
37.4873916,-5.9816417
37.4872847,-5.9818984
37.4823745,-5.9499233
37.4878026,-5.9429269
37.5780606,-6.1077291
38.0663924,-6.5408512
38.066848,-6.5404589
38.0223405,-6.4212311
36.7035922,-4.4402553
36.7160596,-4.4251976
37.0197704,-4.560776
37.4910753,-4.1422462
37.3923513,-3.528148
37.3924703,-3.5277213
37.3926821,-3.5272385
37.7793753,-3.7894781
37.7974072,-3.7879084
38.1814876,-4.0398381
37.77658,-3.756896
38.0711124,-3.588908
38.2471898,-6.3048572
38.2472003,-6.3051742
38.6853644,-6.4050133
38.8522158,-6.6799133
38.9270482,-6.690155
38.7853698,-6.2491268
39.154206,-6.3390389
39.5274874,-5.629563
39.6360167,-5.1120667
39.636058,-5.1119353
39.6356919,-5.1124348
38.7956911,-3.7423513
39.3262882,-4.6507863
39.6997111,-4.2727837
39.3150318,-4.0651807
39.5815106,-3.8700511
39.5815388,-3.8707812
39.6002768,-3.6123599
36.9353471,-3.3260521
36.9891722,-2.5865295
36.8374004,-2.4634848
36.8403839,-2.4552075
36.875091,-2.440532
36.8751756,-2.4404971
36.8754785,-2.4403718
36.8757484,-2.440265
36.8744346,-2.440647
37.711793,-2.1651577
37.711151,-2.1647326
37.5915919,-1.6514311
37.5921317,-1.6519891
38.1067474,-1.2858135
37.889438,-0.9416026
37.986256,-1.1317818
38.0462642,-1.0026023
37.8773662,-0.7541191
38.1319741,-0.6779689
38.1413699,-0.6746517
38.691975,-2.6951178
38.6923942,-2.6940764
38.6927559,-2.6956953
38.1879422,-1.8899077
39.6713466,-3.0125301
39.4999839,-2.8699492
39.822879,-2.7682646
39.8242499,-2.768547
38.3444128,-0.489903
38.3460918,-0.4845212
38.7807423,-0.4384068
38.8957189,-0.6919228
38.6308914,-0.0444292
38.966451,-0.1872564
38.9663796,-0.186803
39.7483686,-0.9965336
39.0854529,-0.4764205
39.0852522,-0.4768894
39.4242004,-0.7906014
39.3895851,-0.71082
39.284396,-0.4264094
39.4253107,-0.3871275
39.4256259,-0.3872402
39.591628300000004,-0.459035
39.5920797,-0.4597623
39.4700771,-0.3755629
39.4705628,-0.3735116
40.0701909,-6.6580478
40.3209432,-6.6691281
40.3837852,-6.6095564
40.4084237,-6.2452514
40.5647764,-6.1818586
40.6573976,-6.1064719
40.2733221,-5.8597766
40.3588757,-5.1329525
40.3619377,-5.133855
41.0323838,-6.2220857
41.2064184,-5.8955043
41.4896161,-6.1366254
40.9675267,-5.6646011
41.0865487,-5.7034673
41.0728114,-5.5686732
41.1706299,-5.7838466
40.0103864,-4.6760339
40.2321885,-4.7519473
40.0120388,-4.3285402
40.2653172,-4.4682743
40.2776907,-4.3057037
40.2777892,-4.3057181
40.3637577,-4.8940028
40.5436869,-4.537846
39.8678733,-4.0301894
39.9399466,-4.0202791
39.9405167,-4.0200019
39.8680848,-3.9463248
39.8690984,-3.9416582
40.0446204,-3.8354548999999998
40.4865504,-4.1717331
40.3322123,-3.8642207
40.2956864,-3.8054406
40.4051889,-3.8962167
40.3109298,-3.7187692
40.3360943,-3.7547754
40.4120249,-3.7058665
40.4114318,-3.7085266
40.4115823,-3.7084575
40.412487,-3.6935892
40.425993,-3.690971
40.4210163,-3.6856456
40.4270939,-3.6835718
40.4403016,-3.7184976
40.4798933,-3.7039095
40.3980427,-3.6403531
40.397061,-3.6409948
40.4590587,-3.6693806
40.4483884,-3.6428823
40.4487923,-3.6434117
40.6173292,-3.7108299
40.8021373,-4.8717032
40.9477385,-4.4148995
41.4742981,-4.5942822
40.7287584,-4.0162708
40.952031,-4.0787286
40.9584673,-4.0376576
41.2262027,-3.8092876
42.0468099,-5.6349117
42.0457273,-5.6331373
42.5982042,-5.5713989
42.8029911,-5.6289592
42.8042102,-5.6283445
42.8024886,-5.6287279
42.8018362,-5.6288624
41.6502138,-4.7270075
42.34348,-3.6964811
42.8060196,-3.9410143
42.805936,-3.9413715
40.5550059,-3.3277937
40.5636396,-3.2658582
40.2346099,-2.0894516
41.0484849,-2.2057669
40.4361153,-0.8521827
41.128218,-0.9235216
41.1738513,-0.450713
41.1750644,-0.4522064
41.8984303,-1.7242497
42.3077999,-1.8955979
42.8438164,-2.6720003
42.8449394,-2.6693973
42.8871381,-2.1360328
43.0593111,-2.4980275
43.0988411,-2.3813254
43.0343249,-1.9842456
41.7121737,-1.1879528
41.7117986,-1.1888191
41.6511888,-0.8825467
41.7878935,-1.2174226
41.7900121,-1.215822
41.6400851,-0.7609927
41.6401449,-0.7609001
42.0129752,-0.761682
42.8001199,-1.6375357
43.3294329,-8.43259
43.3675781,-8.4058111
43.3696915,-8.4027391
43.3704142,-8.3971389
43.2842232,-8.0625196
43.2841183,-8.0642649
43.5334091,-7.9441868
43.4286869,-7.3636862
43.5374558,-7.0203677
43.4141984,-5.968734
43.4628944,-3.8038574
43.3174194,-3.0733087
43.3787853,-2.9580354
43.3780916,-2.9570459
43.262241,-2.9298834
43.2987145,-2.9233831
43.2851737,-2.174332
43.3190105,-1.9820182
43.3208079,-1.9831168
43.3401176,-1.8181014
38.773964,0.085675
38.7756512,0.0838634
38.7751048,0.0851867
38.7905915,0.1647996
38.8914482,1.3969827
38.9050347,1.4123096
39.4911499,2.4813663
39.489262600000004,2.4811806
39.5751836,2.4213516
39.5659112,2.5057018
39.4280805,2.7488465
39.3389004,3.0539607
39.5351883,2.572965
39.5527036,2.6032142
39.5709511,2.6506396
39.568319,2.6528133
39.572374,2.6573328
39.5934542,2.6325862
39.5949394,2.6330711
39.575416,2.6552106
39.6018358,2.6738584
39.6202205,2.6548999
39.6208407,2.6552314
39.5287206,2.756069
39.5555614,2.7776634
39.5172825,3.0225001
39.5688873,3.209535
39.5687828,3.2080049
39.5746582,3.2080418
39.7371292,3.0577565
39.7746097,2.9647761
40.2125427,0.0289493
40.7123553,0.5797016
40.7173205,0.7354889
41.2986232,1.558783
41.3002773,1.5594962
41.326134,1.6177987
39.8768259,3.0158229
41.3642423,1.7530455
41.3599045,2.0822621
41.3931897,2.010398
41.4744336,1.9799027
41.3750934,2.1212693
41.3741578,2.1199021
41.3748114,2.1235972
41.385463,2.1760873
41.409525,2.1739654
41.4429822,2.2036803
41.6157585,0.6506832
41.6319514,2.1641576
41.790019,2.781321
41.7899645,2.7813855
42.1463745,2.569687
28.0536679,-16.7154522
37.3456196,-5.9788596
37.3873517,-5.9939463
40.9671525,-5.6651459
40.9702239,-5.6639018
39.9396172,-4.0205362
40.4182349,-3.6948187
40.4516758,-3.6248177
40.9475883,-4.1192101
41.6467656,-0.8846953
43.3623044,-5.8463009
43.3621847,-5.8474318
39.5947539,2.674711
