lat,lon
49.2431357,6.7006031
49.2441084,6.6982051
49.4737579,6.3888526
49.4735965,6.3865527
49.4778314,6.4994712
49.3332503,6.6552901
49.3309544,6.6791511
49.3628561,6.6638956
49.3774264,6.6818883
49.3929853,6.7001789
49.3926005,6.7009357
49.506789,6.5247122
49.5041527,6.5259768
49.5042655,6.5244513
49.4664646,6.5910727
49.4756578,6.6048966
49.4923274,6.591707
49.4068537,6.6480213
49.4068864,6.647957
49.4150193,6.656973
49.441541,6.6181708
49.4428652,6.6362115
49.4427054,6.6377592
49.4425949,6.6372077
49.4432922,6.6376052
49.4436943,6.6384916
49.4790355,6.7047353
49.9237627,6.257179
49.924962,6.2582103
49.608246,6.4270127
49.608367,6.4275431
49.6510414,6.4410252
49.5149089,6.6051905
49.6094869,6.551747
49.5749591,6.574928
49.6062488,6.5606106
49.6717848,6.5216208
49.695483,6.5636674
49.6980441,6.5737886
49.6970997,6.5778487
49.6982405,6.5743574
49.6985984,6.5746019
49.8436302,6.4551946
49.8468137,6.4563646
49.9067855,6.4671352
49.7205985,6.580426
49.7636305,6.5593446
49.7262514,6.6334295
49.7450051,6.6350113
49.739968,6.6469644
49.7494261,6.6186699
49.7531357,6.6368405
49.7540144,6.641077
49.75571,6.6413079
49.7538218,6.6400181
49.7580599,6.6403552
49.7542178,6.6410107
49.7518419,6.640947
49.7527292,6.6497586
49.7575527,6.6509356
49.7576433,6.6514299
49.7588555,6.6436123
49.7391037,6.6955898
49.7387796,6.6953787
49.7835442,6.7093269
49.7825318,6.7067067
49.8075405,6.6853575
49.8536448,6.5700754
49.8391582,6.6335973
49.9062496,6.6301542
49.8914039,6.6954811
47.5906241,7.5981301
47.5921451,7.6116559
47.5925646,7.6118214
47.5921116,7.6157624
47.6133184,7.6138687
47.6154552,7.6138057
47.552641,7.6609561
47.5527185,7.6621906
47.5479829,7.690807
47.5489548,7.6912344
47.553989,7.7357545
47.6019818,7.661392
47.601623,7.6634815
47.6114434,7.6607945
47.6119153,7.660051
47.611193,7.6609982
47.6139489,7.6602338
47.6143106,7.6608906
47.6136609,7.661906
47.6129281,7.6627941999999996
47.6111897,7.6613525
47.6160354,7.6603812
47.6161185,7.6612502
47.5587209,7.7883504
47.558858,7.7871929
47.5678584,7.8044024
47.6001224,7.791084
47.5513327,7.9327423
47.5544804,7.9472459
47.5531168,7.9473934
47.5539628,7.9481304
47.5908483,7.9129997
47.6310265,7.6218282
47.6313442,7.6248904
47.6272062,7.6568688
47.6367379,7.6775957
47.6432164,7.7397888
47.6431644,7.7403526
47.6396727,7.7483549
47.7145674,7.6617128
47.7311027,7.5561961
47.7562917,7.5755939
47.7556192,7.5764271
47.7550748,7.5785381
47.8141149,7.5593181
47.8145506,7.5594388
47.8089343,7.6247768
47.8090962,7.6220056
47.8084414,7.6266177
47.8017308,7.673472
47.8017046,7.6734302
47.6447929,7.7829588
47.6440527,7.782049
47.648994,7.8203987
47.6489133,7.8232419
47.6492415,7.8203531
47.658722,7.836053
47.6603465,7.8370076
47.7075754,7.853402
47.7078825,7.8534951
47.62762,7.9049448
47.6287322,7.9044053
47.7857895,7.8945596
47.7864272,7.8929292
47.8308203,7.9471392
47.8309673,7.9468818
47.5654618,8.0738703
47.6201505,7.9795061
47.6203426,7.9798311
47.593577,8.1318616
47.5928038,8.1302248
47.6210262,8.2185813
47.5869945,8.304822
47.6666997,8.0002412
47.6413663,8.078153
47.642682,8.077337
47.7396497,8.0009516
47.741209,8.0034708
47.8236249,8.070993
47.7351114,8.1652882000000009
47.7621854,8.1281156
47.7607866,8.1317166
47.6227659,8.2097737
47.6219201,8.2163696
47.6225379,8.2138347
47.6336565,8.2762757
47.6350842,8.278559
47.6354113,8.2788822
47.6957392,8.2575226
47.6293633,8.3026229
47.6306599,8.3042521
47.6606472,8.3656489
47.6621503,8.3670122
47.7203214,8.3188344
47.6775361,8.375898
47.7279926,8.2254633
47.7737382,8.2616309
47.774078,8.2622712
47.7476676,8.3130393
47.8198632,8.3426557
47.8200033,8.341438
47.8739767,7.5897
47.8481419,7.6369937
47.8914461,7.6526196
47.8718993,7.6606089
47.8811001,7.729482
47.8814006,7.7312493
47.9087987,7.7061808
47.9155798,7.7002639
47.9167123,7.6991426
47.9167925,7.6987415
47.9171044,7.699618
47.8878246,7.7203119
47.9215049,7.7394423
47.9185214,7.7460622
47.9366995,7.6280578
47.936644,7.6285109
48.0271187,7.585477
48.0269619,7.5884729
47.9547501,7.6715571
47.9686389,7.7003589
47.9595066,7.7114445
47.9819365,7.7171573
48.0168608,7.6901253
48.0000653,7.7169231
47.8549044,7.7836364
47.9205137,7.7896497
47.9332859,7.9514992
47.9579652,7.7629853
47.9801791,7.8036841
47.9826674,7.8040872
47.9651911,7.8270595
47.9656748,7.8266828
47.9752492,7.8289152
47.9885402,7.8511233
47.9883702,7.8473663
47.9869597,7.8477928
47.9883068,7.848052
47.9988172,7.7918111
47.9980685,7.7942651
47.9941831,7.8105105
48.0314718,7.7637456
48.0319719,7.7618523
47.9909289,7.8177975
47.9910549,7.8150167
47.9908264,7.8184226
47.9903599,7.819394
47.998594,7.8361512
48.0078925,7.8151852
48.0063217,7.8190342
48.0145884,7.8240842
48.0073867,7.828858
47.9927564,7.848512
47.9929572,7.8488678
47.9928094,7.8489098
47.9976161,7.8430925
47.997034,7.8443357
47.9956265,7.8442662
47.9968732,7.8424754
47.9979856,7.8478249
47.996356,7.8512069
47.9967419,7.8506614
47.9981628,7.8499882
47.9987602,7.846893
47.995083,7.8539164
47.9980482,7.8542788
48.0225871,7.8581132
48.0228481,7.8582275
47.9846578,7.894794
47.984771,7.8932932
47.9634892,7.954507
47.9645575,7.9547864
47.9819052,7.9638604
48.0431935,7.6479426
48.0458748,7.6461903
48.0676537,7.6263614
48.088916,7.6333895
48.1395777,7.6170154
48.0712167,7.7183119
48.0702454,7.7198618
48.0960669,7.6567425
48.1366013,7.6581403
48.1416766,7.7030661
48.1421701,7.7017704
48.1672108,7.6503069
48.0600815,7.7789336
48.0638551,7.8509907
48.0824429,7.8208042
48.0829704,7.819277
48.1271397,7.8106616
48.1197947,7.8502913
48.1202619,7.8490546
48.0420521,7.8662629
48.0417775,7.8666751
48.0422153,7.8670031
48.0668864,7.8844778
48.0670154,7.8849881
48.0698572,7.8868688
48.0494961,7.9421294
48.0493555,7.9414022
48.0821397,7.9168579
48.0920803,7.9528093
48.0924525,7.959058
48.1083126,7.8643667
48.0972445,7.9022247
48.0938667,7.8985371
48.1001399,7.9062771
48.0942791,7.9626356
48.1901642,7.7666538
48.1914769,7.76816
48.1932698,7.7707895
48.2223223,7.7766716
48.2079299,7.7932387
48.2481867,7.8558827
48.1851076,7.8947521
48.1844122,7.8939204
48.1856356,7.8962605
47.9070301,8.1034398
47.9008385,8.1491831
47.9608535,8.0081683
48.0077916,8.0933784
47.8690829,8.2027739
47.9106605,8.2118676
47.912864,8.2141382
47.8836564,8.3447217
47.88392,8.3436316
48.1056497,7.9718621
48.1234269,8.0076048
48.0993317,8.0577895
48.0998978,8.0569849
48.0432141,8.1360646
48.174366,8.0720197
48.1747674,8.0714978
48.1011335,8.2014575
48.1029802,8.2007185
48.1414547,8.1966972
48.1419928,8.1988738
48.1304936,8.2315727
48.130981,8.2320057
48.0443764,8.3061865
48.0787593,8.3651589
48.1259575,8.3324236
48.1328171,8.3734139
48.2123689,8.2301052
48.2122545,8.2302769
48.2471844,8.2114625
48.2471021,8.2114884
48.1908738,8.3510808
48.1906273,8.3520767
48.2276633,8.3467963
48.2254504,8.3855275
47.5706703,8.4355642
47.5703716,8.4345449
47.6977284,8.3928265
47.6501414,8.5678137
47.7452456,8.4462167
47.7454024,8.4475853
47.6966088,8.6876762
47.6969139,8.7545327
47.8146455,8.6593936
47.8157512,8.6591644
47.7365711,8.7750905
47.7357049,8.776046
47.7351806,8.7765718
47.7362191,8.7760840000000009
47.7642417,8.7796868
47.7658017,8.7830807
47.6625393,8.8857292
47.6617613,8.8884129
47.7243939,8.8636616
47.7263117,8.9351174
47.6808255,8.9812669
47.6951836,8.994463
47.7316739,8.8379241
47.7327419,8.8365766
47.7311315,8.8381928
47.7457256,8.8482055
47.762506,8.838014
47.7609177,8.8351728
47.7603723,8.8377779
47.7648315,8.8357286
47.7618571,8.8380528
47.7604845,8.8385834
47.7598943,8.8410692
47.7702562,8.8399752
47.810748,8.8090152
47.8179582,8.8651149
47.8214084,8.8637772
47.7449056,8.9583253
47.7448841,8.9633804
47.7456481,8.9590129
47.7533145,8.9351477
47.7441361,8.9806552
47.7984033,8.9249123
47.7976595,8.9247046
47.8147451,8.9652763
47.6978845,9.060456
47.7103336,9.1019382
47.6592937,9.1738623
47.6601709,9.1748254
47.6578036,9.174149
47.659203,9.1701889
47.6615309,9.1740323
47.6614945,9.1734877
47.6607618,9.1772021
47.6587176,9.1766293
47.6599377,9.1768936
47.6587997,9.1771545
47.6705081,9.1826968
47.688636700000004,9.1239539
47.6828568,9.1578148
47.7121527,9.1734446
47.7116458,9.1732336
47.6809945,9.2022247
47.7352645,9.0753893
47.8009722,9.0352102
47.8172023,9.0572521
47.8196112,9.0579133
47.8185634,9.058422
47.7962238,9.098528
47.7668659,9.1593278
47.7662636,9.1601409
47.7661987,9.1607208
47.7687518,9.1614069
47.7661835,9.1622245
47.7660955,9.1691763
47.7700786,9.1725494
47.7760611,9.1908386
47.8092494,9.1719705
47.9291771,8.4494179
47.9299964,8.4486256
47.926471,8.4894075
47.9284725,8.4906724
47.8392685,8.5362684
47.9682711,8.4279705
47.9508499,8.4930921
48.0000728,8.4096033
48.0326619,8.4175158
48.0128418,8.4697802
47.953301,8.495345
47.9574532,8.4977245
48.0203644,8.5310939
48.0193631,8.5304018
48.0237591,8.5307798
48.0237294,8.5307616
47.9222195,8.6498742
47.8552704,8.7719863
47.9725186,8.6094299
47.9375164,8.731031
47.9375525,8.7313145
47.9588674,8.7648346
48.0190609,8.728596
48.0048252,8.7790854
48.0378891,8.7818776
48.0378389,8.7825642
48.0630776,8.4315215
48.0595655,8.4597562
48.0573176,8.4622784
48.0574437,8.4632872
48.056293,8.4613787
48.0567507,8.4612318
48.0572911,8.4610465
48.0574683,8.4609667
48.0633718,8.472114
48.0694198,8.4560569
48.0709578,8.4558737
48.0983891,8.4240978
48.1028558,8.4225657
48.1062349,8.4686286
48.0553117,8.5204105
48.0548625,8.5207047
48.0621118,8.5316496
48.0613212,8.5339144
48.0635208,8.5333221
48.0631853,8.5334337
48.0650296,8.5358509
48.0732144,8.5400278
48.0899513,8.5505988
48.0885954,8.5499854
48.0904711,8.5526206
48.1325378,8.5288923
48.1328306,8.5289879
48.1840238,8.4096875
48.1837914,8.4110743
48.2221719,8.4174616
48.2257059,8.4201688
48.225117,8.4209984
48.2492494,8.4899128
48.1479592,8.5877791
48.167093,8.591845
48.1695999,8.5933252
48.2124395,8.5053019
48.2126824,8.5047581
48.2034427,8.5894252
48.2032408,8.5895422
48.2236888,8.5785655
48.2242268,8.5808867
48.2477141,8.5968331
48.2479423,8.5975491
48.052891700000004,8.6442596
48.049788,8.6448685
48.0729371,8.6333526
48.0765753,8.6373095
48.0740151,8.6325281
48.1126662,8.6041622
48.1130887,8.6051771
48.124043,8.6270328
48.0946907,8.7013769
48.0945618,8.7030244
48.0941035,8.7010451
48.0541466,8.725321
48.0723676,8.7403123
48.0756948,8.7372406
48.0752312,8.7364061
48.1088034,8.7359239
48.1088485,8.7354267
48.1002785,8.8043582
48.1001746,8.8049516
48.1451474,8.7899353
48.1497276,8.640171
48.1560247,8.6398876
48.1638958,8.6288843
48.1671477,8.6279296
48.1662753,8.6282695
48.146798,8.7022678
48.1678203,8.687322
48.204706,8.648717
48.1473268,8.7033538
48.1934491,8.7974436
48.211276,8.7603429
48.2284018,8.7918565
48.227561,8.7893786
47.8433289,8.8535081
47.8431201,8.8520485
47.8578824,8.8966459
47.8578304,8.896276
47.8502994,9.007842
47.8501716,9.0068667
47.8527271,9.0132686
47.9835949,8.8140252
47.9833077,8.8135411
47.9839968,8.8161071
47.9835873,8.814909
47.9821447,8.830876
47.9374701,8.9090052
48.0233023,8.8889668
47.9734271,8.9260288
47.9733485,8.927909
48.0204897,8.9334682
48.021399099999996,8.9332786
47.8829506,9.1098375
47.8642928,9.1743764
47.9354251,9.1719199
48.0064302,9.0408478
47.995191,9.1143058
47.9945779,9.1127479
47.9373484,9.1720577
48.0532345,8.8903472
48.0538828,8.8902352
48.0831125,8.8952127
48.1205917,8.8292225
48.100833,8.8623885
48.0430278,9.014805
48.1053638,8.9966481
48.1049512,8.9973483
48.1621388,8.8609443
48.1630609,8.8614072
48.2390881,8.8601221
48.156397,8.9363572
48.1822784,8.9645246
48.1809444,8.9634821
48.2231197,8.9183796
48.2147193,8.9620234
48.0569184,9.0521567
48.1217908,9.077865
48.124611,9.0774023
48.1441722,9.0934472
48.0777937,9.1953707
48.0785201,9.1977308
48.088486,9.2007812
48.0864767,9.2166751
48.0869852,9.2161717
48.0888366,9.2190307
48.0904943,9.2268337
48.1769789,9.0913896
48.1800152,9.0892147
48.1772321,9.1174802
48.2083762,9.0420213
48.2083525,9.0374701
48.2131321,9.0237621
48.2127572,9.022641
48.2130081,9.0237931
48.2131487,9.0233911
48.2127315,9.0251461
48.2120244,9.0274997
48.2386877,9.0273488
48.2387378,9.0276922
48.2427004,9.0909966
48.1783377,9.2137102
48.2499137,9.2163953
48.2503371,9.2160944
47.597971,9.5382418
47.5967045,9.5399559
47.5953789,9.5998894
47.5711794,9.6387511
47.5701091,9.6385992
47.5961742,9.5992968
47.6750701,9.3186452
47.6661254,9.3696819
47.6702519,9.4155399
47.6702316,9.4135959
47.6645987,9.432745
47.6915716,9.4007005
47.7332391,9.2429288
47.7333198,9.2425311
47.7661646,9.2873673
47.7666158,9.2904389
47.8132354,9.2721473
47.8192935,9.3106656
47.7301993,9.3498459
47.781597,9.39091
47.6527534,9.4664735
47.6538794,9.4758452
47.6523965,9.4727119
47.650755,9.4781222
47.6502218,9.478566
47.6497162,9.4800543
47.6518419,9.4812653
47.6496061,9.4805047
47.6570888,9.480497
47.6545543,9.4794365
47.6684533,9.4744399
47.6333899,9.5392856
47.6573108,9.4935967
47.6874911,9.4903426
47.6612836,9.5927786
47.6710997,9.5870609000000009
47.6361433,9.6309641
47.6827229,9.5538205
47.6817552,9.5507611
47.6978359,9.5623397
47.8035565,9.4982277
47.8058543,9.497541
47.7609684,9.5422448
47.7541125,9.5756125
47.7375601,9.6039655
47.7651308,9.5991903
47.7808896,9.5880063
47.7838878,9.6070308
47.7820002,9.6062039
47.781277,9.608462
47.7819629,9.6137511
47.7818359,9.6122457
47.7821034,9.6130763
47.7816922,9.6134964
47.7826623,9.6135883
47.7826159,9.6139331
47.7802403,9.6137372
47.7813788,9.6155183
47.7806874,9.6141826
47.8099592,9.6025951
47.8268083,9.5947062
47.81611,9.6296929
47.8066212,9.6392562
47.8080612,9.6420294
47.5457663,9.6823041
47.5475908,9.6817121
47.5462205,9.6819752
47.5532613,9.6980213
47.5530448,9.6970863
47.5567965,9.6900059
47.5563399,9.6900165
47.5415704,9.7338758
47.5583229,9.704378
47.558772,9.7024102
47.5881114,9.7456715
47.5877949,9.7452249
47.6147035,9.7729129
47.5813578,9.8490268
47.5827765,9.8497267
47.5648777,9.9436089
47.6018203,9.8881613
47.6020754,9.8894632
47.6023022,9.8881519
47.5817043,9.9145975
47.5822828,9.9169033
47.5864521,9.943895
47.5860301,9.9440859
47.5923539,10.0036291
47.6239661,9.6566073
47.6603451,9.7057617
47.7113773,9.6927356
47.7103494,9.6938727
47.7053599,9.7468055
47.7063817,9.7487548
47.639609,9.7599135
47.6274221,9.8350411
47.6289834,9.8364225
47.6572021,9.8518411
47.6848447,9.8288053
47.6988295,9.8261279
47.6990801,9.8267958
47.742923,9.6527895
47.7415268,9.6544646
47.755683,9.7120082
47.7571385,9.7126097
47.8271068,9.6503513
47.8279992,9.6497613
47.7761471,9.7683194
47.774799,9.7662105
47.8214315,9.7943127
47.821335500000004,9.7933219
47.6294364,9.9019136
47.6294099,9.9031854
47.687472,9.9583038
47.6883057,9.959384
47.6567668,9.9902614
47.6532194,10.0528063
47.6919956,10.0391161
47.6916022,10.0404798
47.6945803,10.0415187
47.6948578,10.0412145
47.7874558,9.8822986
47.788829,9.8812254
47.8242296,10.0236229
47.827684,10.0235682
47.8284637,10.0235277
47.8300645,10.0232327
47.9249309,9.2514813
47.9253003,9.2533684
47.9251195,9.2546977
47.8621349,9.3754699
47.8654822,9.4242289
47.8670487,9.4253818
47.9084209,9.4311507
48.0180903,9.2508417
47.9513195,9.382047
47.9531697,9.3811433
48.0291892,9.3760692
47.8619759,9.5193499
47.9322642,9.5410502
47.934231,9.5390261
47.8634853,9.5909379
47.8748522,9.6351727
47.896251,9.61349
48.0137016,9.5032448
48.0153679,9.502424
48.015645,9.5006305
48.0190471,9.4971659
47.9545335,9.6378512
47.9527454,9.6360972
47.9513588,9.6350483
47.9543488,9.637076
48.0660587,9.261235
48.0675492,9.2620189
48.0489992,9.3295473
48.0499397,9.3312
48.0597907,9.4384722
48.0602326,9.4382671
48.1009624,9.4635794
48.1450666,9.4473681
48.1135863,9.5342034
48.1157136,9.5352415
48.1537114,9.4758334
48.1602743,9.4665113
48.1658169,9.5210097
48.1667875,9.5232519
48.23068,9.4636716
48.1477082,9.61194
48.1464927,9.6117266
48.2347616,9.5707002
48.2336725,9.5717147
48.2360949,9.643233
48.2361685,9.6429394
47.8412391,9.6612438
47.8949202,9.7192288
47.9004858,9.6998438
47.9240623,9.7504496
47.9210067,9.7543746
47.9195661,9.754414
48.0052354,9.6567878
48.0053345,9.6564587
48.0057564,9.6564824
48.0274165,9.7446702
48.0256176,9.7867266999999991
48.00069,9.8247847
47.9082385,9.8956433
48.0135538,10.0307373
48.0138429,10.0307639
48.0872848,9.7480218
48.0880341,9.7519263
48.072244,9.8032013
48.0639204,9.8295747
48.0637567,9.8292876
48.0989204,9.7670309
48.0976093,9.7877079
48.0974704,9.7873995
48.0966124,9.7867289
48.1007658,9.7919126
48.1074303,9.7988758
48.1292668,9.7969133
48.1879558,9.6908893
48.2020029,9.6872068
48.2347628,9.6897034
48.1592297,9.7692825
48.1750257,9.7898024
48.1740937,9.7940072
48.2298384,9.8267185
48.230272,9.8271745
48.0755733,9.8772298
48.0694283,9.9517859
48.1360865,9.8817872
48.1344455,9.8838383
48.1088803,9.946495
48.0631409,9.973165
48.1828146,9.8993379
48.1802633,9.9058507
48.2287372,9.8824153
48.2298963,9.8845567
48.2375438,9.8914033
48.1775202,9.9747977
48.1756383,9.9756912
48.1749113,9.9748086
48.187463,10.0179596
48.1878865,10.0201106
48.2423074,10.059143
48.2404658,10.0604669
48.2677634,7.7253281
48.269518,7.7262563
48.2922829,7.7422272
48.3847155,7.7571253
48.2627494,7.8032108
48.2628124,7.8022975
48.2950888,7.8247647
48.2934505,7.8251942
48.3418977,7.8405527
48.3413545,7.8705017
48.3411171,7.870435
48.3113,7.9404192
48.3101338,7.9412555
48.4351442,7.8087232
48.4250482,7.9098962
48.4537873,7.8822508
48.4538906,7.8839189
48.4398885,7.948122
48.4641925,7.8080157
48.5093899,7.821768
48.5093607,7.8203027
48.5595468,7.8346279
48.4627399,7.9229745
48.4676444,7.9336534
48.4690995,7.94649
48.4711248,7.944423
48.472549,7.9437144
48.4728373,7.9438191
48.4708011,7.9430702
48.4735664,7.943832
48.469145,7.9546202
48.4739462,7.9440432
48.5412109,7.8951488
48.5416119,7.8924807
48.5718857,7.8149929
48.5724288,7.814793
48.3462326,8.0625077
48.3476997,8.0656275
48.2765492,8.0865853
48.2775667,8.0961084
48.2841745,8.1722039
48.4037328,8.014057
48.4042559,8.0151333
48.3097476,8.3714546
48.5391278,7.9798265
48.5393863,7.9792534
48.5571253,7.9693419
48.4748133,8.1646751
48.5309499,8.0747891
48.529463,8.0775252
48.5862825,8.0110789
48.5795476,8.0498296
48.6278719,8.0709547
48.5764674,8.1122254
48.5902826,8.1186363
48.6171704,8.0835305
48.5673734,8.1502259
48.6180478,8.0838697
48.6394509,8.0923909
48.638126,8.0928643
48.6684594,8.1112932
48.649102,8.1315533
48.6482685,8.1292202
48.6588758,8.1477744
48.507791,8.3701729
48.5205223,8.3234729
48.6076721,8.366429
48.6070714,8.3648975
49.0526924,7.9561832
48.7259328,8.0079064
48.6963633,8.1389517
48.6921946,8.1456506
48.6910737,8.1452492
48.6936948,8.1787127
48.697350900000004,8.1345941
48.6981185,8.1354407
48.6985982,8.1620606
48.7124497,8.1638544
48.7398324,8.1296052
48.7285995,8.1593096
48.7278502,8.1594347
48.7600666,8.1637727
48.7606906,8.165894
48.7632536,8.1649893
48.7773585,8.0593799
48.7970234,8.1098918
48.8225646,8.1407867
48.8224235,8.1402649
48.8468099,8.1387789
48.6821976,8.1912312
48.6823693,8.1916265
48.6905409,8.1815934
48.7353776,8.1791796
48.7455768,8.2573826
48.7457935,8.2569884
48.744498,8.2591364
48.7535434,8.2423868
48.7587641,8.2410934
48.7596543,8.2399353
48.7608657,8.2394193
48.7611341,8.2407103
48.7603796,8.2401252
48.7595274,8.2385032
48.7608688,8.2402528
48.7606629,8.2403521
48.7643862,8.237901
48.6786514,8.3590348
48.6790439,8.3590913
48.7631334,8.3376299
48.7679185,8.3389013
48.7736823,8.3841671
48.7742053,8.3883487
48.7742407,8.3877264
48.7802323,8.1945216
48.7877836,8.1925114
48.78736,8.1934267
48.782453,8.2068488
48.7757216,8.2210979
48.8085031,8.1946707
48.8078215,8.2223818
48.8269985,8.2537286
48.8573552,8.2031968
48.8620761,8.198755
48.8685967,8.2034566
48.8583991,8.2074273
48.8574044,8.2076704
48.8284119,8.2549528
48.8371468,8.2830037
48.8368983,8.2817851
48.8696618,8.2766086
48.7926492,8.3305981
48.8134385,8.3064415
48.8133974,8.3055294
48.8054974,8.3187286
48.7816267,8.3430276
48.8837689,8.1540719
49.0493613,8.0350974
49.0495167,8.0353184
49.0595085,8.0836238
49.0592725,8.083372
49.0660842,8.117914
48.8904412,8.2364738
48.9092172,8.2528252
48.9293777,8.2669973
48.9833057,8.204694
48.9835786,8.2046148
48.9512875,8.239026
48.9537149,8.2381985
48.9368323,8.2726037
48.9399006,8.2796149
48.8806737,8.3345367
48.8820296,8.3339122
48.9594575,8.2951385
48.9680816,8.3051989
48.9671949,8.3050789
48.9761911,8.3140967
48.9900937,8.2474914
49.018021,8.2483364
49.0193331,8.2482606
49.0819633,8.1943892
49.0821999,8.1958062
49.0817289,8.1943715
49.0825651,8.1985879
49.0514226,8.251158
49.0498641,8.2680839
49.0884166,8.2685214
49.0040242,8.3332433
49.0053843,8.331063
49.0350211,8.2923471
49.0353005,8.2921405
49.0109817,8.3609106
49.0107675,8.3589258
48.9860825,8.3632126
48.9889714,8.3828147
48.9990217,8.3831255
49.0083103,8.3760017
49.0305252,8.3403062
49.0311911,8.3414287
49.027627,8.3511848
49.0112345,8.3641942
49.0308545,8.3676786
49.0491391,8.3801351
49.0448698,8.3822267
49.1756019,6.8106169
49.219909,6.8054162
49.2412436,6.7809215
49.2422258,6.7778007
49.2213602,6.8083477
49.2672706,6.7967179
49.2670276,6.7998207
49.206157,6.8409341
49.2307466,6.8965634
49.2312889,6.8958801
49.2397907,6.9152565
49.2459596,6.9172123
49.248436,6.8227246
49.2503642,6.8540158
49.2515958,6.8525618
49.2500523,6.8582381
49.2497165,6.8558137
49.2500438,6.8572564
49.2925651,6.8382938
49.2618545,6.917292
49.2617622,6.9167505
49.1416524,7.054093
49.157044,7.0349165
49.1819114,7.0389615
49.165619,7.0892964
49.1506464,7.11475
49.2370628,6.9304893
49.2370483,6.9304066
49.242192,6.9464758
49.24148,6.9462442
49.2408409,6.9456218
49.2209886,6.9631636
49.2466494,6.9526385
49.2391929,6.9718505
49.2438836,6.9717316
49.2184099,7.0141843
49.2275529,6.9990933
49.2381642,6.9908029
49.2391645,6.9910902
49.2396616,6.9911481
49.238372,6.9892983
49.2373707,6.9949503
49.2377206,6.9949618
49.2391996,6.992921
49.2373407,6.9941704
49.2385419,6.9934307
49.2382318,6.9937667
49.2393169,6.9936739
49.2348112,6.9947075
49.235102500000004,6.9938054
49.2406543,6.9888934
49.245005,6.9938954
49.2291853,7.0103043
49.2301276,7.0061642
49.2288587,7.0126854
49.2388337,7.018226
49.2502599,6.9639737
49.1996055,7.0284619
49.2002342,7.028198
49.2137822,7.0377188
49.2128755,7.0411801
49.1984498,7.0660972
49.2281304,7.0311652
49.2250522,7.0421378
49.2258621,7.0478391
49.2328416,7.0440119
49.2209715,7.0674285
49.2051856,7.1089883
49.2694681,7.0432803
49.276297,7.0356078
49.277359,7.0357802
49.298817,7.060244
49.2990881,7.0604028
49.2642207,7.1028777
49.2778577,7.1118313
49.2773248,7.113972
49.2801376,7.1126457
49.280065,7.112757
49.3163784,6.7237033
49.3086179,6.7427405
49.3125004,6.7544761
49.3121984,6.7529633
49.3158559,6.7495713
49.3149796,6.749975
49.3163268,6.7492484
49.314357,6.7497328
49.3157612,6.7516266
49.3132156,6.75239
49.314948,6.7511373
49.3303444,6.7163144
49.3307862,6.7484137
49.3058407,6.7780877
49.324365,6.7679389
49.3008024,6.8098685
49.3021649,6.8116321
49.3188526,6.8127117
49.3348042,6.7719515
49.3534621,6.7297575
49.3543054,6.727025
49.3538097,6.7271899
49.3547647,6.7294398
49.3519231,6.7243468
49.3716215,6.7616451
49.3520758,6.8064219
49.3788707,6.789163
49.3792681,6.7886756
49.3891212,6.8047723
49.402511,6.7904105
49.3017062,6.8962142
49.3014976,6.8960573
49.3228275,6.9190358
49.4131538,6.7242965
49.4505242,6.7664468
49.5075421,6.7427248
49.5080409,6.7454931
49.5083729,6.7444722
49.4868352,6.7766802
49.4997649,6.7759761
49.4229845,6.844321
49.4248197,6.8451863
49.4423861,6.8525684
49.4431866,6.8512413
49.442473,6.8537915
49.4086394,6.9083091
49.4093447,6.9085751
49.4093825,6.9088246
49.4904381,6.8364519
49.4898817,6.837337
49.4743287,6.8968673
49.3031301,6.9448103
49.3012787,6.9434753
49.3179822,6.9406103
49.3358379,6.9304163
49.3338955,6.9309806
49.3314745,6.9858938
49.3580256,6.9317763
49.3898481,6.9239371
49.371468900000004,6.9798102
49.3722036,6.9784449
49.3778064,7.0194711
49.3782395,7.0198815
49.3100819,7.0597967
49.3453323,7.0301288
49.3453421,7.0301881
49.325756,7.0533993
49.3261537,7.0518918
49.321923,7.0960232
49.3217115,7.0951561
49.3569455,7.0562501
49.3573233,7.0566103
49.3767848,7.0517199
49.3897069,7.0727424
49.3571566,7.0976986
49.3740585,7.0815336
49.3719787,7.086676
49.3553193,7.1293811
49.4037413,7.0815676
49.4055203,6.9660321
49.4085587,6.9686691
49.4336519,6.9493675
49.489719,6.9782989
49.4990927,7.0228842
49.4984725,7.0221221
49.4507226,7.0566599
49.4518498,7.0552965
49.4821746,7.0326528
49.4745279,7.1018181
49.1479066,7.2100293
49.197352,7.1402545
49.1971209,7.1434696
49.1954817,7.1825082
49.2172051,7.1596929
49.2167312,7.1880646
49.2156348,7.186038
49.245383,7.2043702
49.2451823,7.2038893
49.2642073,7.1614962
49.2834428,7.1625026
49.2830483,7.2347147
49.2824213,7.2351596
49.2367381,7.2592537
49.2411846,7.2597259
49.2625075,7.2822227
49.2698762,7.3189012
49.2692296,7.3194339
49.2682929,7.3209359
49.237766,7.3620785
49.2502259,7.3621002
49.2486459,7.3627668
49.24753,7.3648274
49.2485879,7.3600105
49.2566159,7.3911194
49.256398,7.3925194
49.2482229,7.4291664
49.246065,7.5063735
49.2460683,7.5063618
49.3151781,7.1515897
49.3147143,7.1517976
49.3506556,7.1748411
49.3477775,7.1737556
49.3469113,7.1748543
49.3481552,7.1752987
49.3472291,7.1768092
49.3481885,7.1762304
49.3482277,7.1788293
49.3227189,7.2168241
49.3462681,7.2197198
49.3484201,7.2239594
49.3704592,7.1310979
49.369743,7.1305944
49.4039597,7.1615157
49.4027651,7.1612836
49.4013455,7.163528
49.3719206,7.1860256
49.3724362,7.1851029
49.3168704,7.2781173
49.3475876,7.2577289
49.3480537,7.2560218
49.3228438,7.3393856
49.3212099,7.3380714
49.3213589,7.3383248
49.3218248,7.3390765
49.3396393,7.3347996
49.3639458,7.2606009
49.3640314,7.2599761
49.3783932,7.2544286
49.3781758,7.2546861
49.3890566,7.2719903
49.3882332,7.3335027
49.3876589,7.3342337
49.4551865,7.1508136
49.4650518,7.1611816
49.4673432,7.1645884
49.4669694,7.1669065
49.4683009,7.1722571
49.4337723,7.271137
49.442412,7.3207569
49.3235783,7.3402874
49.3013605,7.368912
49.3504911,7.403999
49.3185797,7.5234159
49.3846903,7.4511585
49.3853682,7.453081
49.4049582,7.4371689
49.4769329,7.345558
49.5083807,7.3547874
49.4711046,7.4440653
49.4717037,7.4436481
49.4558894,7.5277539000000004
49.4582982,7.4730273
49.5398571,6.7968129
49.5565221,6.8199441
49.5565895,6.8196465
49.5404536,6.8907182
49.5402775,6.8902302
49.5833738,6.8899948
49.6870429,6.7167111
49.7156166,6.7921992
49.6348623,6.8273551
49.6768791,6.8770955
49.5270295,6.9226688
49.5344677,6.9757464
49.5340347,6.9759281
49.5710216,6.9687171
49.6035874,6.9935524
49.5102772,7.088814
49.5101776,7.0892988
49.6552212,6.9453678
49.7478036,6.7417047
49.7725881,6.7343053
49.8006257,6.7243133
49.8191368,6.7522948
49.8196902,6.7512362
49.7956665,6.8258763
49.7976307,6.8282042
49.8195148,6.881595
49.8771418,6.8150049
49.8542404,6.8956703
49.9219289,6.8352923
49.922253,6.8363935
49.8107105,7.1195657
49.913979,6.9522288
49.9181335,7.068746
49.5211373,7.1406941
49.5210364,7.140826
49.5177569,7.158406
49.5256496,7.2621888
49.6460652,7.1666659
49.6164162,7.1957329
49.6157355,7.3370182
49.6154592,7.3361478
49.7050775,7.3179446
49.7018082,7.3223126
49.701071,7.323488
49.7063231,7.3169668
49.5380851,7.4043922
49.5381003,7.4042686
49.5386837,7.3998296
49.5379668,7.4022958
49.5177151,7.4486423
49.5422128,7.4451558
49.6064812,7.5092719
49.7029916,7.3446085
49.74852,7.2732734
49.746391,7.2760046
49.7192037,7.3030246
49.7208554,7.3325574
49.7574498,7.2986997
49.7767624,7.3373001
49.9281648,7.3047478
49.9285107,7.304297
49.7275213,7.3951037
49.7853374,7.4604091
49.8422352,7.3773971
49.8638489,7.3459982
49.8634207,7.3487148
49.116178,7.5591741
49.1541737,7.5541653
49.193994000000004,7.5940593
49.1907463,7.611028
49.1711091,7.6569839
49.2307966,7.5811686
49.2007158,7.6055854
49.2000015,7.6053254
49.1986791,7.6046864
49.2034371,7.6050563
49.2036665,7.6041655
49.2012242,7.6050005
49.2401295,7.6330103
49.2407874,7.6317477
49.2632764,7.5796751
49.2877527,7.6526006
49.2867183,7.6539242
49.2184667,7.702305
49.2031107,7.9625904
49.2031395,7.9641657
49.3002396,7.594242
49.4001623,7.5719103
49.3717074,7.6321085
49.3128606,7.715323
49.410512,7.5686618
49.4102997,7.5693912
49.4125726,7.5678273
49.4114992,7.5705723
49.4480807,7.5540064
49.4478085,7.5551914
49.4465547,7.5554194
49.4457571,7.6018346
49.4158942,7.6130901
49.4475268,7.6060391
49.4598585,7.5557587
49.4725857,7.5882518
49.4748584,7.5864909
49.4769455,7.6382394
49.4120468,7.6982935
49.4052804,7.7257806
49.4256769,7.7468097
49.4336668,7.7267368
49.4433464,7.7275313
49.4430018,7.7429166
49.4728815,7.6550094
49.4685945,7.6891481
49.5021515,7.6993341
49.4789229,7.7113166
49.4800578,7.7112002
49.4854333,7.7298192
49.4835844,7.7298172
49.3557664,7.7707126
49.3514788,7.9367745
49.4432008,7.7595611
49.4428046,7.7696416
49.443086,7.7716242
49.4440385,7.7629272
49.4437165,7.7696893
49.444105,7.7665616
49.4449622,7.7668547
49.443856,7.7728652
49.4441603,7.7729479
49.4446739,7.7842126
49.4696829,7.7656967
49.4791293,7.7736846
49.5024606,7.7723072
49.4427355,7.8958241
49.4428022,7.8962064
49.4875896,7.8984135
49.4909179,7.9200657
49.0998658,7.9929652
49.1005912,7.9938498
49.1003538,7.9973865
49.1025507,7.9990826
49.1401094,8.0191635
49.1399968,8.0188075
49.0980808,8.1121467
49.1363855,8.0813617
49.122658,8.1406597
49.192302,8.134571
49.2187296,8.0276838
49.1987418,8.1120077
49.1947815,8.1132683
49.1993338,8.1116856
49.1998448,8.1118954
49.1970729,8.1110537
49.1957608,8.1119965
49.1985897,8.1177995
49.1977221,8.11709
49.1978187,8.1225948
49.2223052,8.1097375
49.1957088,8.1356235
49.2352839,8.1653806
49.2707328,8.1075975
49.2801585,8.126027
49.2803253,8.1252275
49.2639494,8.1339284
49.0959712,8.279144
49.1942406,8.1898547
49.1939441,8.1896266
49.1916894,8.2301321
49.1924653,8.2799947
49.1173147,8.3160214
49.1243866,8.3446039
49.1243272,8.3445986
49.1563794,8.2905939
49.1567165,8.2917257
49.1446151,8.3149257
49.1663849,8.326822
49.1921284,8.2845127
49.2400599,8.2127183
49.2404892,8.2155066
49.23145,8.250969
49.2444619,8.2763497
49.2446263,8.2750668
49.2911092,8.2667418
49.2147212,8.3593081
49.2197678,8.3712119
49.2175456,8.3743047
49.2150151,8.3729508
49.2591802,8.2870944
49.2488271,8.3425591
49.3726616,8.0709654
49.3724622,8.071348
49.2995781,8.1043843
49.3042785,8.1326884
49.3022061,8.1644626
49.3021465,8.1649406
49.3291859,8.1293625
49.3291125,8.1308366
49.3446744,8.138442
49.3512111,8.1286582
49.3507488,8.1419291
49.3483503,8.1601083
49.3536265,8.139536
49.3521415,8.1387534
49.3535168,8.1368355
49.3541707,8.1367924
49.3540835,8.1404942
49.3533985,8.1432859
49.3532101,8.1396292
49.3698907,8.1705464
49.3699352,8.1703627
49.4402084,7.9748108
49.5041854,8.0408727
49.462048,8.1677826
49.4614423,8.1679106
49.4599726,8.169507
49.4627532,8.1663618
49.4594612,8.1684921
49.4911415,8.1751141
49.3297085,8.2001966
49.3306352,8.1987054
49.3044324,8.2555602
49.3042877,8.2584642
49.3646061,8.2553547
49.3609659,8.2556903
49.3633858,8.2534502
49.3624663,8.2558335
49.4041722,8.2378331
49.4041244,8.239867
49.3659581,8.3084578
49.3868454,8.3738676
49.3857933,8.374547
49.3864149,8.3742937
49.3793056,8.3830673
49.3798419,8.3839561
49.40831,8.1880784
49.4081883,8.1869938
49.4130732,8.2114601
49.4390512,8.1813555
49.4385374,8.1852133
49.447499,8.2238128
49.4193855,8.2815075
49.468504,8.2014279
49.5051283,8.2074796
49.5061088,8.2082331
49.4625571,8.2582351
49.4636136,8.2628442
49.4319744,8.3108397
49.4418637,8.3549128
49.4471803,8.3542129
49.4363394,8.3676421
49.4575923,8.29399
49.4737191,8.3281948
49.4927241,8.3750516
49.4931232,8.3758627
49.492553,8.3767552
49.5074111,8.3628998
49.5358751,7.5564158
49.5440928,7.714959
49.6220578,7.5502762
49.6223619,7.5510849
49.6489455,7.5921415
49.6506997,7.5910239
49.707587,7.670373
49.5671475,7.8540202
49.6304279,7.8210076
49.7083733,7.9172426
49.76576,7.7055598
49.7888805,7.6708817
49.8165165,7.7167185
49.828345,7.6838815
49.7288479,7.7747991
49.7216308,7.8150169
49.7248353,7.8155212
49.8115173,7.8461301
49.8134798,7.9590146
49.8374633,7.7672296
49.8419538,7.861315
49.8405375,7.8600071
49.8414576,7.8627749
49.8437266,7.8586925
49.8438573,7.8583257
49.8692073,7.8202515
49.8689186,7.819798
49.8861533,7.7996398
49.8977177,7.8364346
49.836063,7.8688858
49.8441532,7.8657978
49.8464937,7.8828043
49.8599476,7.9075772
49.8960829,7.9001974
49.902241,7.9263429
49.5354728,8.0710791
49.5598473,8.0724038
49.5592888,8.0730284
49.5929529,8.0499181
49.5135847,8.1516363
49.5505576,8.1597881
49.557523,8.1710045
49.5669207,8.1091095
49.5641115,8.1670996
49.5647504,8.1662126
49.5651979,8.1664609
49.5647494,8.1658782
49.6654497,8.0139481
49.665341,8.0161841
49.6500547,8.0970432
49.5172526,8.2473582
49.5188494,8.2472949
49.6061457,8.183358
49.6063765,8.1837785
49.5636297,8.2476023
49.5125991,8.2869697
49.5105277,8.2860737
49.5128275,8.3343344
49.5119158,8.3342515
49.5460319,8.3088643
49.5444076,8.3103859
49.5255256,8.355156
49.5251273,8.3549669
49.5352898,8.3531496
49.5353911,8.3536257
49.535122200000004,8.3522989
49.5330686,8.3542303
49.5354937,8.3505979
49.5354879,8.3529065
49.5380759,8.3521937
49.5467396,8.3520676
49.5803235,8.3605087
49.630558,8.1992645
49.6571894,8.2040548
49.6357981,8.277944
49.6350729,8.2788693
49.6531844,8.3297182
49.6308038,8.3608395
49.6295191,8.3616558
49.633583,8.358484
49.6384343,8.3500801
49.6346998,8.3569682
49.6304921,8.3628979
49.6429452,8.3537616
49.6542175,8.364406
49.7043568,8.3238968
49.6841439,8.387255
49.7557841,8.0326016
49.784709,8.0402923
49.781060600000004,8.0669716
49.7398024,8.1019386
49.7445501,8.1113034
49.7467659,8.111796
49.747419,8.1163106
49.8071993,8.1281658
49.8615806,7.9764296
49.8605978,7.9860508
49.8353973,8.0503711
49.8409653,8.1140883
49.8407553,8.1146065
49.8652231,8.1710151
49.9286059,8.0944565
49.784125,8.1925937
49.784648,8.1939146
49.7252634,8.2969734
49.7392529,8.3332145
49.7650054,8.3402026
49.7808268,8.3764264
49.8397541,8.2211816
49.8608027,8.2467016
49.8861505,8.2232023
49.9080343,8.2009847
49.9076009,8.2020775
49.9091917,8.2033613
49.9133581,8.2483916
49.9139769,8.2458676
49.8543455,8.3583427
49.8744828,8.3364026
49.8719795,8.3414799
48.2680408,8.3992006
48.267456,8.3997504
48.2681235,8.4018236
48.2692593,8.4860751
48.2863815,8.4931102
48.3053668,8.4224119
48.3254887,8.4661115
48.2898815,8.5686191
48.2934521,8.5553013
48.2946112,8.5540742
48.2914621,8.5694787
48.3107994,8.5355367
48.3290056,8.5380404
48.3500903,8.5089406
48.3499477,8.5109661
48.3165864,8.5702281
48.4145413,8.4496192
48.4514618,8.4706455
48.4435367,8.5126885
48.4414769,8.5139007
48.45461,8.5512624
48.2999687,8.6175609
48.2998013,8.6188558
48.3348018,8.6624253
48.3366929,8.6615037
48.286085,8.7234808
48.2866474,8.7240618
48.3291548,8.7271287
48.3622812,8.6336673
48.3638878,8.6344607
48.4425569,8.687119
48.4534516,8.6918679
48.4549218,8.6945959
48.3919771,8.7093933
48.3715796,8.7765045
48.436799,8.7035682
48.4488842,8.803299
48.4615029,8.4128091
48.4638106,8.4130823
48.4636471,8.4122618
48.4650875,8.411761
48.4703594,8.4088653
48.4648242,8.4167552
48.4717457,8.450957
48.5250583,8.3999193
48.4897137,8.5641981
48.5256747,8.5653429
48.5973071,8.4222168
48.6664142,8.4733969
48.6660438,8.4724765
48.6209384,8.5189922
48.6578963,8.5980807
48.4713706,8.6328721
48.524066500000004,8.6495321
48.5651475,8.6182081
48.4770333,8.7482074
48.4771029,8.7477072
48.5123179,8.7479638
48.5440623,8.7170658
48.5449466,8.7287614
48.5510542,8.7230837
48.5497325,8.726111
48.5340569,8.7749634
48.5340949,8.7757805
48.5856347,8.6020219
48.5866124,8.6757593
48.5837087,8.6793751
48.6581674,8.5989261
48.5836474,8.7339744
48.6251332,8.747245
48.6247694,8.7502703
48.6193782,8.7784241
48.2603537,8.8516139
48.2719507,8.8766883
48.2719075,8.8767774
48.2525823,8.9661297
48.2527524,8.9663459
48.2534574,9.0176924
48.2824913,9.0005649
48.2849667,9.0019251
48.309833,8.9168382
48.3103442,8.9178728
48.3513319,8.962606
48.3537978,8.9631406
48.3555257,8.9709852
48.344409,8.979915
48.4105292,8.8879263
48.4103552,8.8873134
48.3953045,8.9713689
48.4362035,8.9347884
48.2891483,9.1138677
48.2890585,9.1153335
48.2909734,9.2271517
48.4056034,9.0576052
48.4200597,9.0337832
48.4314467,9.0692032
48.4157421,9.1085536
48.4545529,9.0957442
48.4551505,9.0965186
48.38174,9.1496602
48.3893958,9.1790231
48.3895723,9.1806032
48.4063495,9.1864594
48.4322693,9.1507023
48.4316739,9.1518904
48.4597014,9.2223282
48.4818848,8.8849777
48.4816906,8.8852113
48.5212922,8.8332447
48.5523899,8.8228249
48.5527477,8.8226305
48.5625963,8.8482079
48.4791134,8.9365415
48.478954,8.9366551
48.4793064,8.9498141
48.5026042,8.963154
48.4831073,8.9976067
48.5026063,8.96566
48.5014667,8.9983983
48.5260321,8.9820065
48.5254101,8.9830123
48.6119677,8.841344
48.5935428,8.8634694
48.5947107,8.8718192
48.5950236,8.8670751
48.6229887,8.8921643
48.6603448,8.9422704
48.6614522,8.9431665
48.6593984,8.9409328
48.629858,8.993946
48.6399296,9.0119762
48.6394985,9.012002
48.6694176,9.0052225
48.6697044,9.0051801
48.5038509,9.0505084
48.5061631,9.0522892
48.5236721,9.0405816
48.5215727,9.0420525
48.523391,9.0515218
48.5202301,9.0540173
48.5184752,9.0577782
48.5175219,9.0580722
48.5168281,9.0573956
48.5162701,9.0575582
48.516343,9.0581215
48.5166458,9.0577739
48.5139506,9.060114
48.52151,9.057965
48.5216438,9.0574707
48.5201483,9.0580572
48.5215222,9.0583859
48.5422421,9.045636
48.5426351,9.0609942
48.5311298,9.0800305
48.5316914,9.0789823
48.5207265,9.1203524
48.5218233,9.1205391
48.5211023,9.1198448
48.4778582,9.1414699
48.4826569,9.2004393
48.4831198,9.2011566
48.4662837,9.2265404
48.4651508,9.2263154
48.4992991,9.180145
48.4990827,9.17621
48.4929605,9.214329
48.4917973,9.2108745
48.4918849,9.2094628
48.4916225,9.2093968
48.4946858,9.2092152
48.4951299,9.2086898
48.4944639,9.2087485
48.4944763,9.2078613
48.4936508,9.2137081
48.4947635,9.2109258
48.4943967,9.2114451
48.4925421,9.2146823
48.4904543,9.2164764
48.490392,9.2211651
48.5075871,9.20376
48.500574,9.2198873
48.5321506,9.1478435
48.5316748,9.1479141
48.5137266,9.151287
48.515074,9.1508933
48.521942,9.1751226
48.5166057,9.2000759
48.5206793,9.2080791
48.5207109,9.2085223
48.5317992,9.2019722
48.5584189,9.2055376
48.5580088,9.2072988
48.6230046,9.0614933
48.6211908,9.0604242
48.656516,9.0604402
48.661973,9.0591475
48.6610367,9.1192412
48.6611471,9.1195583
48.5871108,9.1808067
48.5865662,9.1813117
48.6374943,9.1302146
48.6368119,9.1294416
48.6397891,9.1389932
48.6693555,9.1744737
48.6542138,9.196835
48.6538746,9.1992462
48.6538546,9.2153542
48.6542884,9.2156049
48.7513393,8.5489883
48.7972043,8.4352165
48.7966281,8.4920378
48.8601212,8.4595606
48.7974854,8.4951409
48.7972961,8.4946626
48.8031023,8.5831104
48.8454021,8.5222096
48.8458013,8.5222061
48.854474,8.5152661
48.8662509,8.506715
48.8569847,8.5304579
48.8477671,8.5483952
48.8477237,8.5475339
48.8511989,8.5766705
48.8705601,8.5825776
48.8715021,8.5874628
48.6889587,8.6875448
48.7230302,8.6284067
48.7230438,8.7018421
48.6891202,8.7135453
48.7140173,8.7401305
48.7138592,8.7393313
48.7167048,8.7366653
48.716614,8.7375116
48.6953574,8.7710398
48.6961025,8.7696191
48.7076747,8.7661412
48.7113783,8.764163
48.7716124,8.7322778
48.7726895,8.7318979
48.7683982,8.7540736
48.723016,8.793413
48.7256869,8.7951996
48.7869773,8.6435304
48.7871595,8.6452968
48.8310798,8.6442289
48.8706946,8.6382135
48.8698143,8.6377189
48.8320352,8.6745905
48.8537499,8.663452
48.8560583,8.6619178
48.8701059,8.6696736
48.8558222,8.6952933
48.8567761,8.6943398
48.8770155,8.6773706
48.8774571,8.6775625
48.7930703,8.7764956
48.7930443,8.7787812
48.8242943,8.8016647
48.8319461,8.7293573
48.8782911,8.7179291
48.8593428,8.736811
48.8597732,8.7387961
48.9295923,8.4705098
48.9297633,8.4704748
48.9385958,8.4102793
48.9413509,8.4068406
48.9424038,8.4061086
48.9409962,8.4074339
48.9397,8.4100277
48.9710075,8.4049619
48.9715257,8.4037133999999991
48.9721363,8.404875
48.9558501,8.4700833
48.9677918,8.4790505
48.8870152,8.5448117
48.9146008,8.5068015
48.9142501,8.5066535
48.8868424,8.5463859
48.9025397,8.5760939
48.9501374,8.5724378
48.9471538,8.5743503
48.9953769,8.3889405
49.0051843,8.3948828
49.0098037,8.3932734
49.0084403,8.3951251
49.0051487,8.3948843
49.0089863,8.3946265
49.0074359,8.3945637
49.0074219,8.3983704
49.0098235,8.3962341
49.0086464,8.4008988
49.0057621,8.4040887
49.0096059,8.4067785
49.0096162,8.4065179
49.0093422,8.4062252
49.0070951,8.403433
49.0049378,8.4100774
49.0096393,8.4108945
49.0047808,8.4111162
49.0037466,8.4205636
49.0047254,8.4160674
49.01018,8.4236127
49.0103932,8.4236106
49.0065419,8.4255428
49.0116146,8.3954101
49.0118974,8.4164725
48.9928905,8.4609197
48.9929266,8.4614627
48.9994351,8.4670246
48.9991915,8.4686159
48.9991808,8.469243
48.9997875,8.4762313
49.0353323,8.4449409
49.0352598,8.4442504
49.0352117,8.4448189
49.0781547,8.3946316
49.079078,8.3893758
49.0634815,8.4710567
49.0659941,8.4717573
49.0067943,8.4968586
48.9855936,8.5440525
49.0041724,8.5272512
49.004827,8.5281892
49.030442,8.5764819
49.0531702,8.5309407
49.053419,8.5310142
49.0864265,8.5519955
49.088126,8.5539535
48.8958027,8.6036512
48.8851624,8.6557488
48.8862657,8.656792
48.8906505,8.6716493
48.9010881,8.6655287
48.9022555,8.665469
48.8915363,8.6871648
48.8912062,8.6956094
48.8906997,8.6955224
48.8870503,8.6956469
48.8914554,8.6964104
48.8920253,8.6981177
48.8920121,8.6986248
48.8867858,8.6968267
48.8908363,8.7014735
48.8900306,8.6990744
48.8920063,8.6974902
48.8924289,8.7000318
48.8916296,8.6972044
48.892309,8.6993359
48.8925918,8.7004853
48.8902338,8.7010109
48.8962649,8.6977636
48.9482485,8.621589
48.9336441,8.6347318
48.9329783,8.6341027
48.9654833,8.61311
48.9635994,8.6442489
48.9475058,8.6692844
48.9457176,8.6682483
48.8873971,8.704079
48.8964487,8.7066637
48.8968939,8.7051358
48.8967105,8.722479
48.8814569,8.7296812
48.9115705,8.7468077
48.9114088,8.7465126
48.881395,8.7960969
48.917039,8.7832294
48.9162148,8.7841939
48.9346579,8.7497108
48.9336736,8.7524604
48.9563693,8.7512507
48.9564601,8.7517577
48.9705418,8.7269696
48.9627174,8.8043913
48.9892869,8.6927905
48.9888155,8.6942809
49.037973,8.7031332
49.0383785,8.6995191
49.0372781,8.7044987
49.0322803,8.7068064
49.0317191,8.7048308
48.9979685,8.8051834
49.0241943,8.76062
49.0247711,8.7607196
49.0377112,8.707376
49.061077,8.8016697
49.0620196,8.8019366
49.0866182,8.7792114
48.6785883,8.8978553
48.6785573,8.8989229
48.6785555,8.897612
48.7140113,8.9063727
48.7143192,8.9078889
48.7269279,8.8499944
48.7518173,8.8115897
48.7685779,8.8525103
48.7516239,8.8707223
48.7499488,8.872705
48.7501403,8.8721132
48.773664,8.9039016
48.7740535,8.9028702
48.6952847,8.9388706
48.6958088,8.9391451
48.6915159,8.9506319
48.6908298,8.9504073
48.6811264,9.006206
48.6886865,9.0036935
48.6867128,9.0042786
48.6859883,9.0086274
48.6863363,9.0078749
48.6856731,9.0161977
48.6862793,9.0157365
48.7086548,9.0035151
48.7083862,9.0029876
48.7068035,9.0011935
48.7078575,9.0041069
48.7079981,9.0035634
48.7005386,9.0159522
48.713281,9.0000621
48.724087,8.9649011
48.7229432,8.9646694
48.7421539,8.9643507
48.7680021,8.9352673
48.7691423,8.9347474
48.7255641,9.0066347
48.7258451,9.0071384
48.7627383,8.9900203
48.80471,8.862129
48.8048441,8.8623884
48.8516154,8.8275364
48.8363933,8.8350005
48.8717102,8.819309
48.8627239,8.8626107
48.7807431,8.9303538
48.8078883,8.9459571
48.8086214,8.9457149
48.7895134,9.0054524
48.7944325,9.0111694
48.7968331,9.0106592
48.7961077,9.0147906
48.8010986,9.0149414
48.7970316,9.0124585
48.7964277,9.012697
48.8125615,8.9781746
48.8125312,8.9785686
48.8015558,9.0155013
48.816382,9.0162698
48.8167925,9.0165685
48.8337836,8.9133205
48.8334902,8.9130833
48.8471695,8.926019
48.8528188,8.9826774
48.6832914,9.0308631
48.6923164,9.119128
48.7178324,9.1065056
48.7300952,9.1094602
48.7296978,9.1114442
48.7380501,9.1107519
48.6920508,9.1242855
48.6938602,9.1420664
48.6937399,9.1431247
48.6713202,9.17251
48.6886981,9.1681534
48.6872392,9.1665531
48.6869998,9.1669064
48.6868442,9.1664693
48.6974237,9.1407319
48.6903526,9.1924389
48.6766447,9.2165517
48.6782144,9.2178079
48.6775894,9.2165205
48.7007993,9.2129337
48.7007837,9.212929
48.7104657,9.2031518
48.7222724,9.2090028
48.7223131,9.2086809
48.7268231,9.1471495
48.7282129,9.1453086
48.7482145,9.1701381
48.7481642,9.1698896
48.7480835,9.1701819
48.7599833,9.1526569
48.7627319,9.1590461
48.7709195,9.1585491
48.7709704,9.1587312
48.7647613,9.1684312
48.7731918,9.1674057
48.7732534,9.1746202
48.7744942,9.1734874
48.7734564,9.1744484
48.7717414,9.1729917
48.7717408,9.1729896
48.7723032,9.1746729
48.7233655,9.1816845
48.7449263,9.2128035
48.742719,9.215701
48.7711568,9.1791941
48.7710867,9.1792485
48.7743652,9.1851036
48.7749435,9.1851277
48.7744911,9.184851
48.7872365,9.0224538
48.8006446,9.0619816
48.7991436,9.0638052
48.8269556,9.0661662
48.8011209,9.0701964
48.802937,9.0910724
48.8035771,9.0913397
48.8141538,9.1134096
48.8135127,9.1121293
48.812794,9.1192
48.8651615,9.0335143
48.8310289,9.1196328
48.8311546,9.1214263
48.8539937,9.0924418
48.8764,9.0741745
48.8763254,9.0733123
48.7788497,9.1247234
48.7754148,9.1556277
48.7820322,9.1579458
48.7766006,9.1634703
48.7771421,9.1748727
48.7761773,9.1739182
48.7776121,9.1737182
48.7997303,9.1722189
48.7997538,9.1727363
48.8096943,9.1599597
48.8097024,9.1606439
48.8097743,9.1609711
48.8092502,9.1594806
48.7764065,9.1756743
48.7785554,9.176659
48.781072,9.1809925
48.780628,9.175822
48.778898,9.1781928
48.7797731,9.1781569
48.7775916,9.1776523
48.7808848,9.1761514
48.7796917,9.1759589
48.7863319,9.1807576
48.7827133,9.1777377
48.7857059,9.1811376
48.782839,9.179515
48.7856103,9.1811065
48.7766986,9.1900543
48.7780034,9.1906573
48.7771023,9.2058256
48.7857383,9.2075841
48.785376,9.2080535
48.8100215,9.1805597
48.8202597,9.1943529
48.8137064,9.2084885
48.8020849,9.2183394
48.8041501,9.2172209
48.8028701,9.2179698
48.8230555,9.2173687
48.83208,9.1571317
48.8324486,9.1698848
48.8322465,9.1710323
48.8303406,9.1749089
48.8318126,9.1741844
48.8311142,9.1742572
48.8322176,9.168847
48.8469129,9.1567907
48.8478081,9.1561759
48.830461,9.1751866
48.8309816,9.1863276
48.8314016,9.1890127
48.8401914,9.1971838
48.8358891,9.2025429
48.8362246,9.2032296
48.8357412,9.2244642
48.8427215,9.2197992
48.8628252,9.1812082
48.8643732,9.1825405
48.864207,9.184434
48.8644349,9.1849521
48.8613539,9.1854585
48.8732844,9.2232494
48.8727275,9.2233462
48.9059605,8.8134813
48.8911409,8.8502768
48.8909506,8.8508757
48.886541,8.8979716
48.8869767,8.8986827
48.9310293,8.8641965
48.9136262,8.8979476
48.940357,8.8421938
48.9399381,8.8422048
48.9471251,8.8403103
48.9571905,8.85541
48.964218,8.8155592
48.9834953,8.8285905
48.9836353,8.8305159
48.9371391,8.8943846
48.97519,8.8615193
48.8947776,8.9379865
48.8809247,8.9652981
48.8935274,8.939693
48.931564,8.9583103
48.9169064,8.9846754
48.9173491,8.9842637
48.9381567,8.9192921
48.9548815,8.9184649
48.9554781,8.9191737
48.9325201,8.9569781
48.9685773,8.9492618
48.9688862,8.9495075
48.9526363,8.9774841
48.9781582,8.9900726
48.980304,8.988717
48.9597438,9.0150534
48.9600644,9.015142
48.9994652,8.8091449
49.0063496,8.8583044
49.006148,8.858057
49.0485771,8.8496959
49.0512326,8.8501978
49.07802,8.8408379
49.0583408,8.9264059
49.0583267,8.9270062
49.0665089,9.000927
48.9263702,9.0265087
48.9039219,9.0803802
48.9216741,9.1220739
48.9384849,9.0568469
48.959544,9.0651454
48.9472523,9.1004405
48.9694773,9.0717877
48.8863843,9.1275352
48.9058972,9.1340442
48.8864031,9.1623319
48.8907841,9.1695072
48.8970021,9.1748597
48.9056783,9.1714325
48.921817,9.123463
48.8862172,9.1848224
48.8901633,9.1805963
48.8927746,9.1857883
48.8928327,9.1883923
48.8960117,9.1881133
48.8939993,9.185838
48.8966325,9.1880309
48.8936593,9.1873028
48.8943409,9.1873738
48.8963236,9.1901705
48.8963021,9.1887758
48.8974883,9.1894756
48.8988503,9.1918589
48.8912417,9.2043288
48.8930493,9.2262315
48.8926383,9.225057
48.8956394,9.2086107
48.9004536,9.2148708
48.9102449,9.1766898
48.9098216,9.2062709
48.9100522,9.2057651
48.9100189,9.2225311
48.9097071,9.2240979
48.9538503,9.1345767
48.9555158,9.1347588
48.9459626,9.1455042
48.9476351,9.1460469
48.9595258,9.1263644
48.961168,9.1268147
48.9598839,9.129723
48.9597,9.1297425
48.9343282,9.1913923
48.93469,9.1926808
48.9352598,9.1921718
48.9375839,9.2040451
48.9355779,9.2038773
48.9611519,9.1842622
48.9615292,9.2041681
48.9597929,9.2067394
48.9982595,9.0199335
48.9989956,9.0224675
48.999521,9.0204354
49.001303,9.1082897
49.0011996,9.1070355
49.0190072,9.0982073
49.0687612,9.0273524
49.0420465,9.0935459
49.0415578,9.0929996
49.0783377,9.1045739
48.9975357,9.13955
48.997799,9.138907
49.0002069,9.1413321
49.0266089,9.1549173
48.9921315,9.1877821
49.0014085,9.2055793
49.0008429,9.2061626
49.0408802,9.1473108
49.046328,9.1901486
49.0460295,9.1896129
49.0844174,9.1959248
48.3078097,9.2446079
48.3297706,9.3320006
48.3305257,9.33215
48.3487423,9.3727671
48.3863414,9.2861415
48.3873279,9.2851465
48.3581625,9.3332182
48.4536067,9.3414007
48.4538775,9.3431365
48.2768907,9.477957
48.2757336,9.4780757
48.2730974,9.6323179
48.3089867,9.6130639
48.3316453,9.6011611
48.4138908,9.4866425
48.4134736,9.4934986
48.4113671,9.4928379
48.4123051,9.4952491
48.4122265,9.5055273
48.4117566,9.5169914
48.4125727,9.5207654
48.3755861,9.5661594
48.3986095,9.644001
48.4867131,9.256154
48.4870452,9.2578429
48.5076842,9.3090896
48.5170851,9.2283829
48.5199522,9.2282242
48.5610342,9.2680487
48.5387631,9.2833583
48.5294675,9.3058943
48.5301704,9.3057232
48.5397514,9.2887742
48.5555424,9.2926741
48.5569393,9.3320427
48.492439,9.3976705
48.5289519,9.346876
48.5297604,9.3466838
48.5280895,9.3457752
48.5548992,9.3761669
48.5206921,9.4068861
48.5208929,9.4066876
48.5202803,9.408536
48.557602,9.4329116
48.5568308,9.4324762
48.5896075,9.2349562
48.5902299,9.2365908
48.5947814,9.2716502
48.6114441,9.2638221
48.611556,9.263222
48.5893893,9.3065165
48.5922296,9.3091948
48.623633,9.2403435
48.6486644,9.2465642
48.6182108,9.3088201
48.6179915,9.3121565
48.6383246,9.3240263
48.6533948,9.2882734
48.5816394,9.3691595
48.5810624,9.3695935
48.606072,9.3401409
48.6166993,9.3465624
48.6159559,9.3509364
48.593157,9.3599584
48.593181,9.3609663
48.5679765,9.4016124
48.5693793,9.4041143
48.6262988,9.3385189
48.6260656,9.3377763
48.6264373,9.3400123
48.6408178,9.3466494
48.6484544,9.3664023
48.6476726,9.3670219
48.6571796,9.4225416
48.6563634,9.4238177
48.4680111,9.4433583
48.4953468,9.5140944
48.4966569,9.5146752
48.5229308,9.4621461
48.5628038,9.4621459
48.5505459,9.4707479
48.5511025,9.4711967
48.4772813,9.6256538
48.515746,9.5653567
48.5160274,9.6241924
48.5161127,9.6244983
48.5625993,9.6264384
48.5873834,9.4495084
48.5872361,9.4494806
48.6163084,9.4524777
48.5982424,9.4916804
48.5997147,9.4914779
48.614576,9.5377082
48.617762,9.54007
48.6157989,9.5374172
48.6423243,9.4525623
48.6408319,9.4587864
48.6394047,9.483967
48.6400074,9.4871616
48.6487449,9.4492163
48.6443898,9.4514954
48.6477624,9.4535998
48.6471206,9.4512536
48.6478257,9.4511747
48.5957142,9.6410147
48.5951559,9.6439767
48.6483741,9.5715111
48.649526,9.570723
48.6668421,9.5727197
48.6432583,9.613277
48.639257,9.616318
48.2718599,9.728023
48.2830338,9.7173337
48.2843196,9.7206925
48.2824094,9.7272887
48.2840061,9.7256942
48.2814249,9.7479076
48.3278265,9.7236018
48.3289972,9.7242589
48.2861087,9.8010209
48.2863301,9.8038501
48.2691555,9.8287937
48.3019822,9.829896
48.2925871,9.8526841
48.3438653,9.8133284
48.3439526,9.812643
48.3745583,9.7338794
48.3754695,9.7336587
48.4426865,9.6603185
48.3987798,9.8006761
48.3984487,9.8007687
48.3691295,9.807522
48.4087306,9.7872014
48.4111464,9.7856996
48.4391958,9.8176014
48.2618803,9.8932087
48.2583183,9.8975267
48.3015637,9.9001858
48.3008642,9.9014213
48.3020543,9.89993
48.2612175,9.9298572
48.3283866,9.8878235
48.3257492,9.8928535
48.3264718,9.8962215
48.3528204,9.8957135
48.3526065,9.9060536
48.3346061,9.9369135
48.3345278,9.9368276
48.2995822,9.9899991
48.2707345,10.0471464
48.2713066,10.0535731
48.3511883,9.9737382
48.3518398,9.9743154
48.3380634,9.9993183
48.3386005,9.9976392
48.3235546,10.035719
48.3245411,10.034512
48.3250419,10.0464387
48.3236804,10.0427488
48.325351,10.0474849
48.380978,9.8975788
48.359712,9.9438015
48.3947492,9.9572095
48.3955946,9.9594987
48.4156218,9.879254
48.4294061,9.862972
48.4200388,9.8988177
48.4151375,9.9195639
48.4101946,9.9367405
48.4088647,9.9599535
48.4091095,9.9600715
48.3605956,9.987559
48.3606511,9.9885913
48.3671293,10.0096625
48.3789873,10.0073402
48.3875661,9.96942
48.3936635,9.9734383
48.3987805,9.9852942
48.3985847,9.9847752
48.4002973,9.9838533
48.3996113,9.984874
48.3995931,9.9848865
48.4022409,9.986931
48.3948952,9.9978556
48.3978585,9.9918021
48.3984608,9.9900258
48.3969545,9.9938501
48.3973861,9.992782
48.3970886,9.9920262
48.3977303,9.9909785
48.401437,9.9877519
48.3970878,9.9927117
48.3970245,9.9909596
48.3976896,9.9910722
48.3996037,9.9889964
48.4005577,9.9905376
48.396981,9.9917154
48.3952562,9.997285
48.398279,9.9964223
48.3994518,9.9989091
48.4013363,9.9970296
48.4059207,9.9886368
48.4050442,9.9889289
48.4022755,9.9971734
48.3956749,10.0138719
48.4045018,10.0023747
48.4063513,10.006214
48.3687749,10.0146665
48.4007997,10.0226467
48.4016048,10.0221533
48.4079515,10.0349528
48.4333551,9.9685229
48.4336702,9.968824
48.4426264,9.9868958
48.444173,9.9867874
48.4094592,10.0382821
48.4305993,10.0185807
48.4305385,10.0183637
48.4371143,10.0513135
48.4377219,10.0522328
48.4900672,9.6870817
48.4934959,9.7423083
48.4645718,9.7607303
48.5102255,9.75648
48.510766,9.7558407
48.5420572,9.7917528
48.541698,9.7911662
48.5762847,9.6560641
48.5759296,9.6559369
48.5800249,9.6814606
48.616357,9.6800758
48.5863274,9.703223
48.58811,9.704478
48.5958747,9.7198131
48.5967282,9.7222948
48.6172372,9.7354607
48.6604047,9.6502048
48.6631614,9.6479465
48.6665514,9.6932312
48.5855499,9.8022666
48.6055457,9.7632362
48.6001669,9.7957272
48.6011993,9.7968213
48.6004444,9.7966677
48.6159353,9.843245
48.6160009,9.8432048
48.6137936,9.8420233
48.6577429,9.7808477
48.6576781,9.7797664
48.6242758,9.8356306
48.4656996,9.9406487
48.4656606,9.9412982
48.4664776,9.9419916
48.519318,9.9543332
48.5193013,9.9543228
48.5438106,9.9174296
48.5415053,9.9221312
48.4819543,9.9797669
48.483509,10.0581584
48.4997673,10.0253685
48.5813263,10.0252286
48.579414,10.0276451
48.6218501,10.0212502
48.6739525,9.2386431000000009
48.6728516,9.2357563
48.6833497,9.2774537
48.6841175,9.279377
48.7172317,9.2325112
48.7178637,9.2302258
48.7205917,9.2718726
48.7213947,9.2717884
48.6943424,9.3176039
48.7142086,9.2988765
48.7145875,9.3003848
48.6978371,9.3137699
48.6975141,9.314399
48.718487,9.3186982
48.7187761,9.3184297
48.7192172,9.3220524
48.7292848,9.2522037
48.7292851,9.2522549
48.7302634,9.2526861
48.7277433,9.2537764
48.7468345,9.2780847
48.7487865,9.2765028
48.7456817,9.2791305
48.7733594,9.2420719
48.7730249,9.2425777
48.7583799,9.2553733
48.7632552,9.2684833
48.727838,9.3037633
48.7355571,9.2949044
48.7359569,9.2990954
48.7397996,9.2981339
48.7383988,9.3043764
48.7404867,9.3059482
48.7390327,9.3017033
48.7393655,9.3023413
48.7410179,9.306926
48.7376029,9.308447
48.7406279,9.3086143
48.7414875,9.308987
48.7398869,9.3116258
48.7592843,9.294644
48.7516329,9.3146055
48.7513266,9.3140389
48.6713978,9.3776279
48.672617,9.3796347
48.684617,9.3627993
48.6846362,9.3631288
48.7131861,9.3828325
48.722285,9.3805361
48.6897208,9.4195194
48.689488,9.42221
48.712625,9.3866183
48.7110133,9.4157794
48.7108436,9.4152333
48.7316499,9.3334849
48.7431308,9.3386078
48.7253392,9.3599295
48.7254681,9.3603125
48.7239145,9.3798624
48.7583864,9.3769463
48.7588632,9.3769227
48.7798886,9.2517776
48.7809537,9.2502987
48.7933265,9.2581348
48.8059485,9.2315006
48.8034501,9.2279426
48.813029,9.2297288
48.8137677,9.2341522
48.8269446,9.2318147
48.8078987,9.2757737
48.8092882,9.2770601
48.8105011,9.2771077
48.8144143,9.273541
48.8117943,9.2772233
48.8165019,9.2732539
48.817869,9.2726539
48.8086894,9.322394
48.8429471,9.2311727
48.8423057,9.2324456
48.8325437,9.2632962
48.8331045,9.2632083
48.83068,9.264555
48.8303267,9.2648091
48.8434573,9.2645082
48.8436691,9.2641897
48.8633484,9.2522359
48.8294458,9.3088995
48.8307693,9.3123974
48.8298671,9.3136087
48.8299648,9.3145813
48.8305491,9.3131362
48.8320467,9.3153766
48.832649,9.3154689
48.8296168,9.3144894
48.8316918,9.3162559
48.8378045,9.3319304
48.8377659,9.3319391
48.848395,9.3214105
48.8485901,9.3215766
48.8577603,9.2971202
48.8581569,9.2988138
48.8647802,9.3163727
48.7900741,9.3417158
48.8222849,9.3464349
48.8222291,9.347298
48.8126858,9.3649986
48.8124698,9.3653838
48.8043529,9.3882619
48.8053416,9.387344
48.8180107,9.3873511
48.8165109,9.4212777
48.8158249,9.4190762
48.8429209,9.3625346
48.8427631,9.3607821
48.8646126,9.3830206
48.8779685,9.3936382
48.8749709,9.4009867
48.8762243,9.3986649
48.8635839,9.4314826
48.8754014,9.4240977
48.6707346,9.4589584
48.6703708,9.4578633
48.6927641,9.4651184
48.7091544,9.4628437
48.7106684,9.4617338
48.7102202,9.4624384
48.6954028,9.5079535
48.6728354,9.5177133
48.673133,9.5202215
48.7151483,9.5267401
48.7139582,9.523009
48.7441809,9.4460206
48.759418,9.452621
48.6924645,9.5665488
48.6863384,9.5828683
48.7059211,9.5850695
48.7070414,9.5841763
48.6878652,9.6276161
48.7269662,9.6091562
48.7309401,9.6434109
48.7320933,9.6407168
48.7315018,9.6422205
48.8096115,9.4433694
48.7936619,9.5333723
48.8051729,9.5283303
48.8049407,9.5262495
48.8069632,9.5280263
48.8062638,9.5288079
48.8611458,9.4688686
48.8100093,9.5775261
48.8106025,9.5768725
48.7939831,9.602539
48.8770633,9.6354913
48.9100418,9.2648364
48.897927,9.2947798
48.9228376,9.3231979
48.9440473,9.2421814
48.9796658,9.2413912
48.961707,9.2582952
48.962443,9.2588992
48.9676288,9.2760391
48.966349,9.2790842
48.9409931,9.2958658
48.9408505,9.2959091
48.9597859,9.3262711
48.8871961,9.3928291
48.9025441,9.4080081
48.886808,9.4214777
48.8868383,9.4214308
48.9274182,9.3905831
48.9167436,9.4340287
48.9425728,9.3408384
48.9414941,9.3396185
48.9463247,9.4289875
48.9469332,9.4290827
48.9468325,9.4285702
48.9473948,9.4302183
48.966838,9.3982045
48.9664932,9.3994535
49.0232098,9.3191194
49.0552043,9.2428118
49.0883707,9.2774268
49.0405423,9.3148358000000009
49.0851266,9.3226764
49.0851713,9.3219667
49.0320837,9.336783
48.9068877,9.4670476
48.9074519,9.467208
48.9074867,9.467137
48.9298431,9.4794232
48.9262308,9.4800285
48.9297493,9.4792223
48.8848349,9.5298531
48.9409796,9.4387711
48.9412854,9.4386962
48.9839659,9.4590945
48.9377332,9.4999757
48.9378738,9.5008202
48.914957,9.570913
48.9174984,9.5703722
48.9811084,9.5662211
49.037944,9.4463677
49.0500609,9.5135291
49.0529824,9.514493
49.0797403,9.5570661
49.0805318,9.5581309
48.6952554,9.6661947
48.686224,9.6868634
48.7009559,9.6530597
48.7019335,9.6588099
48.7027719,9.6560567
48.702193,9.6536901
48.7036822,9.6493093
48.7041319,9.6511111
48.7044851,9.6499974
48.7037191,9.6542905
48.7031226,9.6545718
48.7016672,9.6614577
48.7041953,9.6649602
48.6934933,9.7058789
48.6941359,9.7069232
48.6906194,9.7379396
48.6901751,9.7375542
48.6985224,9.7076193
48.6989276,9.7067098
48.7230905,9.6525408
48.7474942,9.6614999
48.735583,9.7479886
48.6806759,9.7583992
48.6864412,9.8090662
48.7122518,9.8208168
48.7533694,9.7909103
48.7664429,9.8208936
48.7976329,9.688747
48.8434699,9.7181132
48.8440724,9.7194194
48.779226,9.7958659
48.7796301,9.7963606
48.801721,9.7951582
48.8015202,9.8006367
48.8182738,9.780596
48.8219368,9.7973194
48.8245838,9.797312
48.824646,9.7972727
48.7840815,9.8395486
48.789082,9.8372304
48.7901428,9.8477501
48.8212059,9.8490325
48.8591462,9.7951854
48.7096394,9.8607399
48.7051116,9.8865074
48.6845348,9.9319178
48.684485,9.9334051
48.6919823,10.0635439
48.6922672,10.0631656
48.7526704,9.98961
48.7947546,9.9281364
48.7889983,9.9341753
48.7926598,9.9354711000000009
48.8191357,9.9206502
48.8189564,9.9209626
48.8490351,9.8765028
48.8499322,9.8771829
48.8527703,9.9430345
48.8735976,9.9180424
48.8735138,9.918649
48.8207414,9.9643536
48.8079221,10.0251687
48.8313673,10.066156
48.8404544,10.0614013
48.8351303,10.0651552
48.8705636,10.0240052
48.9341705,9.7444716
48.9328065,9.7433602
48.9337553,9.7437294
48.9304177,9.7973379
48.8840237,9.8163195
48.9648644,9.8456674
49.0141639,9.6652307
49.0140193,9.6643235
49.0539893,9.733359
49.0544043,9.7322486
48.9988823,9.7688103
48.9980207,9.7695574
48.8927148,10.0032199
48.8935735,10.0054657
48.8932824,10.0026231
48.8841246,10.0470242
48.8836672,10.0470132
49.0017562,9.9213339
49.0409255,9.9065651
49.0565163,9.9006584
49.0578296,9.8970172
49.0862601,9.881696
49.0862351,9.8794614
49.0407171,9.9097984
49.0208123,10.0274399
49.0200745,10.0299685
49.081731,9.978377
49.097164,8.3974126
49.1238154,8.4082236
49.1009187,8.4836833
49.1611064,8.4170342
49.1626984,8.4873946
49.1182071,8.5135885
49.1280615,8.521105
49.1164474,8.5729664
49.1273601,8.5877781
49.126057,8.5967621
49.1245674,8.5959294
49.1255962,8.5942542
49.1268384,8.5940999
49.1261204,8.5955857
49.1260658,8.5980851
49.1257637,8.5940149
49.1245019,8.5927543
49.1857386,8.5451969
49.1512527,8.5859966
49.1532402,8.5876416
49.2310482,8.4145784
49.2334153,8.4087325
49.2361718,8.4522814
49.2369659,8.4549048
49.2885489,8.400574
49.2591344,8.4856693
49.2264721,8.5178236
49.2252817,8.5185518
49.2261948,8.5167598
49.242998,8.5456331
49.2425754,8.5469975
49.2949582,8.5224335
49.2930194,8.5244687
49.2939598,8.5699272
49.2940817,8.5704509
49.1010638,8.6455202
49.1231656,8.5997571
49.1593262,8.6322769
49.1795861,8.6203417000000009
49.1795497,8.6225719
49.1435739,8.6678138
49.1769321,8.6744601
49.1771254,8.6754159
49.1060524,8.7452617
49.1230383,8.7152122
49.1235292,8.7154639
49.1399729,8.7715816
49.1793584,8.7496841
49.1753927,8.7961115
49.2034871,8.6475753
49.2190828,8.6345807
49.2203429,8.6344045
49.2206733,8.6582151
49.2189073,8.6587664
49.2404144,8.6966932
49.2682364,8.6157905
49.2642968,8.6291196
49.2634668,8.6316693
49.2928309,8.6967987
49.2921989,8.6972724
49.2967535,8.6993388
49.2942532,8.6976802
49.2951405,8.699702
49.2189728,8.7097401
49.2189463,8.7122736
49.2334597,8.7732462
49.23246,8.7746354
49.247976,8.7268744
49.2485144,8.7245237
49.2676997,8.7069361
49.2826571,8.7350956
49.2826851,8.7360826
49.2496945,8.7841422
49.2804057,8.7818735
49.3163373,8.3900077
49.316145,8.391879
49.308462,8.4235652
49.3040231,8.4312511
49.3150513,8.4311437
49.3173726,8.4333286
49.3190389,8.4328191
49.3170631,8.4304324
49.3178787,8.4318022
49.3164233,8.4362536
49.3174732,8.4369421
49.3277629,8.4192111
49.3477818,8.4260765
49.3940507,8.4409698
49.3968662,8.4405094
49.3730779,8.4517464
49.3951924,8.4416042
49.3193823,8.5506763
49.3697056,8.530731
49.3694429,8.5309967
49.394353,8.5345459
49.3977836,8.5352575
49.3695229,8.5837676
49.3695999,8.582
49.3874542,8.5693969
49.3845482,8.5755699
49.3846313,8.5739925
49.3846994,8.5745557
49.3847896,8.5772392
49.391722,8.5946939
49.3926,8.5953929
49.4214962,8.393827
49.4206177,8.3949988
49.4192914,8.3957461
49.4191445,8.4232999
49.421468,8.4234819
49.4452824,8.4210908
49.4543588,8.4818586
49.453428099999996,8.492723
49.4525242,8.491239
49.453314,8.4926162
49.453308,8.4906777
49.4622206,8.4064391
49.4571953,8.4034824
49.4595126,8.4096152
49.4617579,8.4287775
49.4624036,8.4317022
49.4958108,8.4154356
49.4888911,8.4319206
49.4716792,8.4482344
49.4729571,8.4494322
49.4812737,8.4475742
49.4810765,8.4478494
49.4818867,8.4488352
49.4741902,8.4686724
49.4734236,8.4692693
49.4706453,8.4699014
49.480975,8.4705306
49.4824704,8.4731286
49.4799898,8.4693988
49.4808163,8.4703967
49.4785224,8.4679041
49.4785123,8.4679058
49.4805173,8.47516
49.4826115,8.4766774
49.4857504,8.4466193
49.4842297,8.4475437
49.4836399,8.4465576
49.4845652,8.4432557
49.4845242,8.4442253
49.4833546,8.4461582
49.4830056,8.4460896
49.4864985,8.4670619
49.4856155,8.4645833
49.4865227,8.4664631
49.4865158,8.4648348
49.4882789,8.4653351
49.4859315,8.4647705
49.4880206,8.4650784
49.4880882,8.464857
49.4861078,8.4708075
49.4858397,8.4687855
49.4862405,8.4680965
49.4844227,8.471492
49.4873223,8.4677881
49.4848813,8.4739623
49.4834986,8.4784013
49.4843103,8.4778305
49.4910776,8.4705576
49.4978019,8.47811
49.4965777,8.4754643
49.4968464,8.4741599
49.4090473,8.5217736
49.4093633,8.5199642
49.4166941,8.5337002
49.4170179,8.5338154
49.4312914,8.4948156
49.4318417,8.4999137
49.4535519,8.4942712
49.4361795,8.5254366
49.4365773,8.524642
49.4336389,8.5274743
49.4460469,8.5228851
49.4420136,8.5784771
49.4426605,8.5793492
49.47874,8.5095508
49.5090796,8.514331
49.4882743,8.5244871
49.486862,8.530264
49.4868296,8.5304951
49.4671235,8.5627062
49.4656078,8.565155
49.4714267,8.5671251
49.4964514,8.5486658
49.4965695,8.5482165
49.3026178,8.6421438
49.3034785,8.6440393
49.3032618,8.6444268
49.3222227,8.6959094
49.3224781,8.6966489
49.3356021,8.6708796
49.3441827,8.658187
49.3420566,8.6579679
49.3483616,8.6891457
49.3493663,8.6889816
49.4015372,8.6298194
49.4016343,8.6294451
49.4010445,8.633082
49.397441,8.6488166
49.397817,8.6486837
49.3746952,8.6827373
49.3792875,8.6699301
49.3809325,8.6701888
49.4023606,8.6743933
49.3807944,8.6889934
49.3807734,8.6884609
49.3795527,8.6902336
49.401599,8.6856698
49.3025682,8.7391835
49.3027316,8.737965
49.3419066,8.7545391
49.3172922,8.7575137
49.3656861,8.7051775
49.3747674,8.7033485
49.3744318,8.703603
49.366146,8.7499446
49.3555565,8.7758011
49.3561523,8.7762963
49.3605505,8.8041457
49.3892176,8.8038336
49.3947756,8.7944471
49.4227158,8.648335
49.4228152,8.6504004
49.4472814,8.6131423
49.4470106,8.6141294
49.4367262,8.6436633
49.4192846,8.6753323000000009
49.4075919,8.6845735
49.4071068,8.6898761
49.4061174,8.6873923
49.4092752,8.6923105
49.4078622,8.6929181
49.4076311,8.693505
49.4083989,8.6937443
49.4072954,8.6910173
49.4082874,8.691572
49.41082,8.6918918
49.4100695,8.6935279
49.4082029,8.6913046
49.4103728,8.6975692
49.4080999,8.6981214
49.4157712,8.6922537
49.4164792,8.6922578
49.4151801,8.6903524
49.4297389,8.6827388
49.4278935,8.6837354
49.4278778,8.6870076
49.4283321,8.6836841
49.4486805,8.6700181
49.4463276,8.6740643
49.4658464,8.6005978
49.4713433,8.6053866
49.5047297,8.6012536
49.4743565,8.6623835
49.4995848,8.6622306
49.4985953,8.6573114
49.4116978,8.7055816
49.4114729,8.7040002
49.4120923,8.7117858
49.4278053,8.7495282
49.4178891,8.7605933
49.4689744,8.756728
49.4658272,8.7607088
49.4852358,8.7967018
49.1076844,8.8176276
49.1023526,8.8590482
49.1040752,8.8565312
49.1039492,8.8575631
49.1366528,8.9100977
49.1478686,8.8095865
49.1755937,8.8356168
49.1298634,9.0073509
49.13091,9.0069555
49.1697732,8.9386517
49.189754,8.9324259
49.1918379,8.9334727
49.1707265,8.9418413
49.156372,8.9824581
49.1566292,8.9833446
49.1956363,8.8560574
49.2449414,8.8354925
49.2082091,8.8768887
49.270962,8.8413243
49.2721204,8.8411341
49.2964415,8.8251912
49.2512789,8.8748886
49.2537045,8.8746012
49.2052738,8.9902052
49.2064909,8.9913962
49.2984355,8.9204497
49.2925026,8.9613554
49.1402801,9.0568083
49.1755047,9.0474944
49.176514,9.0468371
49.1770481,9.0453437
49.1484419,9.1027856
49.1435321,9.1224425
49.1078749,9.1308867
49.1080032,9.1299653
49.1140992,9.1727578
49.1012406,9.2144855
49.11922,9.1909144
49.1415238,9.1932797
49.1408824,9.1924961
49.1203226,9.2073417
49.1252415,9.2019333
49.125608,9.2169076
49.1309754,9.2198702
49.1404417,9.2205032
49.1421114,9.2201743
49.14146,9.2217393
49.1417883,9.2218935
49.1388342,9.2215497
49.1403101,9.2220084
49.1436413,9.1231062
49.1587909,9.171865
49.1945892,9.1422566
49.1451555,9.1861448
49.1423838,9.2141051
49.1432699,9.2192069
49.1432837,9.2230757
49.1430347,9.2210845
49.1440551,9.2232116
49.1502097,9.2219889
49.162238,9.2155986
49.1624409,9.2156567
49.1690391,9.2002782
49.1684668,9.198675
49.1690703,9.2152455
49.1690247,9.2154682
49.170919,9.2229844
49.1922454,9.2250703
49.1919019,9.225712
49.1911805,9.2231017
49.210409,9.0598432
49.2093924,9.0589736
49.2138017,9.0941133
49.2387647,9.1034896
49.2550562,9.0394103
49.2716216,9.0871022
49.2300064,9.1591281
49.229942200000004,9.1605541
49.1968827,9.197996
49.210432,9.2006174
49.2100956,9.2008402
49.1959814,9.2212472
49.2615242,9.1502895
49.3210699,8.8208389
49.3460105,8.8837473
49.3883902,8.8573968
49.375937,8.8909905
49.3005485,8.9189446
49.3562562,8.944177
49.3538351,8.9909869
49.3549796,8.9896881
49.3718912,8.9815422
49.3538762,8.9917376
49.3884865,9.0067745
49.4079544,8.8375094
49.4085457,8.838847
49.4347633,8.8090303
49.4325868,8.8102142
49.4975787,8.921628
49.3425368,9.1056128
49.3015484,9.1481194
49.301352,9.1473949
49.3409365,9.1254938
49.350929,9.1437365
49.3511035,9.1433072
49.3506477,9.1429817
49.3516773,9.1458736
49.3532368,9.1470245
49.3534549,9.1447156
49.4470583,9.0536083
49.4635893,9.0771894
49.4647088,9.078604
49.5221787,8.4030113
49.5205472,8.4029598
49.5292665,8.3916493
49.5412742,8.3891859
49.5235006,8.4855041
49.52802,8.4888028
49.5291084,8.4890236
49.5435142,8.4475578
49.5427719,8.4479451
49.5422387,8.4483845
49.544405,8.4783048
49.5428421,8.4761748
49.6017193,8.4615502
49.5939735,8.4702444
49.5955359,8.4693196
49.5944148,8.4848025
49.5106423,8.5171986
49.5296934,8.4938022
49.5109511,8.5386948
49.5103909,8.5394666
49.5347086,8.5758914999999991
49.5360636,8.5689428
49.5459765,8.5674167
49.545846,8.5674379
49.5376092,8.5800278
49.5381515,8.5796831
49.5381005,8.5791964
49.5429631,8.5961276
49.6021997,8.5149318
49.5953248,8.5835905
49.6580681,8.4100959
49.6409568,8.4551083
49.6414125,8.4552777
49.6417572,8.4554234
49.6633723,8.4468272
49.6848867,8.4098636
49.683967,8.4506965
49.7167991,8.473046
49.7172926,8.4741577
49.6452734,8.5670397
49.7050025,8.5717832
49.5420022,8.6470717
49.5092587,8.6548161
49.5118311,8.6600628
49.5482045,8.6549702
49.5515649,8.6685521
49.5503627,8.6722076
49.5492516,8.6720106
49.5505419,8.6711257
49.5500783,8.6706735
49.5916972,8.6462978
49.5901031,8.6524312
49.6122292,8.6531002
49.6116082,8.6509171
49.5327204,8.7268056
49.53037,8.7402861
49.5445647,8.7808205
49.543878,8.7862025
49.5628802,8.7061455
49.5634581,8.7072074
49.5626834,8.7059819
49.599229,8.7384908
49.5980952,8.7373256
49.5992575,8.7372376
49.6330319,8.6233193
49.6390668,8.6303065
49.6420511,8.6379719
49.6423899,8.6408448
49.6418925,8.6412457
49.6424229,8.6383347
49.6810556,8.6087791
49.6826929,8.6220967
49.6820689,8.618107
49.6868421,8.6126217
49.7023518,8.6171118
49.7024627,8.6197747
49.6837439,8.672098
49.7119586,8.6962581
49.7127411,8.6936968
49.6236162,8.7595051
49.6227855,8.7586586
49.6497937,8.7802425
49.649984,8.7779246
49.7168408,8.741106
49.7152848,8.7420285
49.6850552,8.7797575
49.6838541,8.7823362
49.7010007,8.7904334
49.7497771,8.401361
49.749752,8.4025745
49.7500429,8.4844183
49.7509584,8.4865691
49.7512142,8.4871854
49.810865,8.4674113
49.7354676,8.5721633
49.7951787,8.5552194
49.9240752,8.4054852
49.9241765,8.407589
49.9210545,8.4834864
49.8341478,8.4971923
49.8602978,8.5613792
49.8608222,8.5602753
49.9020241,8.5141049
49.908727,8.4972565
49.9058882,8.5866938
49.9060826,8.5871285
49.7538512,8.6139686
49.7670267,8.6450743
49.7973068,8.6096024
49.8039525,8.5995226
49.8040868,8.6004952
49.8196551,8.6443202
49.8192625,8.6442198
49.7718575,8.8054824
49.851478,8.6327044
49.8731194,8.6503452
49.8723879,8.6502732
49.8724662,8.6474193
49.8723456,8.6487541
49.8724396,8.6471688
49.8723449,8.6464625
49.8722804,8.64604
49.8248045,8.7009484
49.8386181,8.7022535
49.8612867,8.653585
49.869468,8.6549571
49.8722857,8.6536462
49.8727197,8.6522393
49.8696628,8.655455
49.8711659,8.6510754
49.8738522,8.6525772
49.8725666,8.6508743
49.8775296,8.647169
49.8823063,8.6604662
49.8854596,8.6526214
49.8862532,8.6544988
49.8784749,8.6665954
49.8984699,8.6826193
49.8984653,8.6826186
49.9025327,8.6601675
49.9115068,8.6568136
49.9114216,8.6577407
49.8278603,8.7038688
49.8277854,8.7465276
49.8294137,8.7447813
49.8435853,8.7988202
49.8567032,8.7559696
49.5715302,8.8259839
49.5717398,8.8253093
49.5719099,8.8248365
49.577207,8.933824
49.567399,8.9733484
49.6352703,8.831697
49.6151722,8.8561122
49.7180558,8.8689134
49.6599807,8.9910397
49.6595168,8.9925999
49.6555004,8.9961825
49.662433299999996,8.9944655
49.6812338,9.0024973
49.5339011,9.2051846
49.6176806,9.1756473
49.7149301,9.215381
49.7140525,9.2160096
49.7450787,8.8584621
49.746459,8.8573032
49.8026943,8.8261491
49.8027521,8.8261346
49.7733564,8.8787894
49.7990111,8.9938032
49.8001113,8.9947293
49.8277591,8.8324814
49.8320147,8.8334243
49.8719914,8.8298811
49.8334098,8.9016312
49.8370307,8.9017704
49.8979801,8.8378725
49.8981267,8.8378599
49.8990185,8.8400228
49.9214893,8.8578064
49.9215566,8.8574638
49.8404522,8.9622295
49.8411259,8.9634714
49.8655994,8.9255087
49.8655001,8.9232493
49.8679695,8.9249539
49.8678034,8.9284186
49.8891404,8.9479549
49.9013984,8.9513584
49.9215647,9.0076643
49.8171293,9.0347958
49.7893978,9.1222442
49.7280748,9.2202344
49.7260999,9.2220357
49.7776746,9.1743213
49.7961448,9.1589702
49.7886851,9.1678618
49.8038149,9.1547964
49.802564,9.1602097
49.8584336,9.0813079
49.8913365,9.0299077
49.9083022,9.0582706
49.9213759,9.0755518
49.9202879,9.0747252
49.840724,9.1465453
49.841256,9.1471768
49.8418749,9.1581911
49.8454051,9.1606253
49.8732808,9.1669861
49.8291565,9.2036532
49.8682798,9.2084833
49.8780807,9.1589464
49.9138309,9.130353
49.9140238,9.1411782
49.9086648,9.1514001
49.9014176,9.2261674
49.901245,9.2255042
49.9222336,9.2031916
49.9222244,9.2072294
49.0904315,9.2759435
49.1391624,9.2451766
49.1282338,9.3252894
49.1461581,9.2329851
49.1498526,9.2881321
49.1465614,9.3217732
49.1787311,9.3218064
49.1791658,9.3219874
49.1368917,9.3575327
49.1367389,9.3562442
49.1362717,9.3835203
49.1361449,9.3838428
49.1374827,9.4023936
49.1468474,9.3406164
49.1471368,9.3405626
49.2132147,9.2446523
49.2394423,9.2548565
49.2396232,9.2547994
49.2369632,9.3265749
49.2370701,9.3298584000000009
49.2903368,9.2697331
49.2248721,9.381398
49.2251863,9.3818155
49.2408465,9.3630679
49.1055719,9.4850696
49.1768693,9.4403592
49.1779229,9.4395197
49.1768355,9.5037541
49.1775662,9.5558356
49.1891861,9.6431209
49.2060001,9.4889133
49.202885,9.5018963
49.2020758,9.5019943
49.1969338,9.5064772
49.2916117,9.5129909
49.2894936,9.5637963
49.2977991,9.5935301
49.2947253,9.6174695
49.2950112,9.6185623
49.2948779,9.6165725
49.3470729,9.2567663
49.3010328,9.3064356
49.3230465,9.3594305
49.3229348,9.3605322
49.3181413,9.4217742
49.3637669,9.3397025
49.4323326,9.4271076
49.3096669,9.4693747
49.4004823,9.506517
49.4007407,9.5067188
49.3841406,9.634163
49.384363,9.6353513
49.4575308,9.4727002
49.43052,9.5578996
49.428199,9.5582392
49.4807173,9.6408267
49.1013591,9.693707
49.1132621,9.7201522
49.1130493,9.7195839
49.1038888,9.7259353
49.112002,9.7363734
49.1131677,9.7338227
49.1123383,9.7363272
49.1120222,9.7348453
49.1129384,9.7349744
49.1150191,9.7517473
49.1150672,9.7509415
49.1531696,9.7338576
49.1043537,9.7733548
49.0999944,9.8383343
49.1221559,9.8140433
49.2993841,9.6569424
49.2776446,9.6878151
49.2781605,9.6874967
49.2779582,9.6886013
49.1989591,9.7915843
49.1219096,9.8983891
49.0906234,10.0627686
49.2130548,9.8841319
49.2507057,9.9224199
49.2036852,9.9643048
49.2019059,9.9814054
49.2113983,10.0624333
49.2980838,9.9741965
49.2529377,10.0243896
49.3001374,9.6556007
49.2997661,9.656398
49.3836405,9.7044615
49.38352,9.7056524
49.3835514,9.7068889
49.3403908,9.7995405
49.4906536,9.7728787
49.4895485,9.782073
49.4757748,9.8340544
49.4736851,9.8325096
49.4007025,9.9192066
49.4008657,9.9180136
49.4009554,9.9190502
49.3465863,9.977492
49.4694074,9.8729748
49.4807921,9.8982521
49.4794537,9.8989084
49.4959432,9.9008171
49.464429,9.9686188
49.4845469,9.9669165
49.4708759,10.0315547
49.4698755,10.0309358
49.4980904,10.041515
49.5209361,9.3132977
49.5208756,9.3131882
49.5826961,9.3685388
49.7046382,9.2505633
49.7028815,9.2575854
49.7035898,9.2604125
49.7154236,9.2669749
49.7154457,9.2669702
49.7029424,9.329926
49.5353962,9.5041617
49.5343034,9.5052895
49.5654288,9.4495298
49.6197265,9.5200987
49.6697964,9.5195036
49.6705661,9.5172369
49.668191,9.6400851
49.6702399,9.6389091
49.7419169,9.3231679
49.7721467,9.2457289
49.7790749,9.3794288
49.7845244,9.4179059
49.7912283,9.4333921
49.853247,9.2774575
49.8826474,9.2403832
49.8887063,9.2961785
49.9049181,9.2974229
49.9205525,9.2851668
49.7561973,9.5025739
49.7599381,9.5151230000000009
49.7612593,9.5127462
49.7640357,9.5115192
49.7664557,9.5154276
49.7663641,9.5160417
49.7838691,9.4997813
49.7483347,9.5709287
49.8088022,9.6091347
49.820996,9.6254918
49.8345549,9.4632458
49.8343399,9.4639049
49.8613868,9.512208
49.8275145,9.5573218
49.8438999,9.6001554
49.8445263,9.6019759
49.844846,9.6021385
49.8455496,9.6030383
49.8693349,9.6039086
49.5616777,9.705728
49.5703124,9.7070279
49.6060977,9.7460202
49.6218013,9.6590141
49.6217878,9.6589099
49.6221685,9.6622966
49.623712,9.6621232
49.6471457,9.6593206
49.6471079,9.6593195
49.6997853,9.7033007
49.5254223,9.8935669999999991
49.5095332,9.9686347
49.5097775,9.9685961
49.5522852,10.0649163
49.5514939,10.0642993
49.652624,9.9473073
49.6652522,10.0599189
49.6644944,10.0651238
49.7047558,10.0248219
49.7078906,10.0239711
49.7300496,9.6691438
49.7601791,9.7112467
49.7939489,9.7238797
49.7952398,9.7295648
49.7290263,9.7638296
49.7418889,9.8413164
49.759136,9.8301469
49.7592123,9.8352501
49.8145944,9.765469
49.7879927,9.843362
49.9014147,9.6717608
49.8990696,9.8163692
49.8985614,9.8171208
49.904783,9.8216733
49.7310549,9.9158509
49.7316575,9.9157122
49.7664772,9.9462928
49.764485,9.9486731
49.7838494,9.8800546
49.780644,9.8774009
49.7839113,9.9334412
49.7944238,9.912608
49.794511,9.9140341
49.7845748,9.9329134
49.7898082,9.930132
49.7944292,9.928325
49.7928478,9.9284513
49.7942976,9.928652
49.7944957,9.9320281
49.7952623,9.9321812
49.7944844,9.9300419
49.7971997,9.9319577
49.7950896,9.9312294
49.7957681,9.9347654
49.7933395,9.9287536
49.7973728,9.9412901
49.7923714,9.9456274
49.7860041,9.9497154
49.796923,9.9610842
49.7981177,9.9349189
49.7976899,9.9336753
49.7990681,9.9413903
49.8031377,9.9439161
49.7981739,9.9465202
49.7980971,9.9459693
49.8211439,9.9612705
49.7212994,9.9674616
49.7201609,9.9682262
49.7247873,10.000244
49.7591575,9.9793169
49.7602425,9.9847611
49.7786078,9.9824283
49.7904716,9.9677101
49.8100614,9.9871309
49.8210607,9.9620997
49.7905232,10.0231955
49.7904332,10.022123
49.8321315,9.8722145
49.8332157,9.8725961
49.8404476,9.8623147
49.8380703,9.8632263
49.8346992,9.8906738
49.8349062,9.8914137
49.8677527,9.9041608
49.8564426,9.9557389
49.8464665,10.0405339
49.8664139,10.045922
49.867596,10.0446655
49.910017,10.0158036
49.9274884,10.0281742
47.4080072,10.27725
47.4108924,10.2770223
47.4123428,10.2751994
47.4461463,10.2415281
47.4599812,10.2339028
47.458466,10.2722175
47.4590961,10.2725539
47.5525809,10.0895736
47.598114,10.1225397
47.5604531,10.2155159
47.5599931,10.2207994
47.5603338,10.2193489
47.5424621,10.2579395
47.5418546,10.2578051
47.5770337,10.2402167
47.5119741,10.2798973
47.5147353,10.2817523
47.512852,10.2810284
47.5139246,10.2807551
47.5113577,10.2808175
47.5056925,10.3723082
47.5386278,10.2850041
47.5754522,10.2912212
47.5752745,10.2908107
47.6022438,10.4098348
47.6025339,10.4121811
47.6648759,10.0957456
47.6412654,10.1249268
47.6269518,10.2751939
47.7857778,10.089806
47.7983464,10.1598595
47.7454987,10.2306251
47.7457216,10.2307878
47.8036372,10.2151253
47.8050393,10.2146719
47.7951893,10.2735961
47.6715966,10.3046028
47.670153,10.3046871
47.6628888,10.3445415
47.6613183,10.3493309
47.6866945,10.3114251
47.7190957,10.3017653
47.7174897,10.3000776
47.7238535,10.3148871
47.7230951,10.3109484
47.7242235,10.312375
47.7239681,10.3128388
47.724033,10.3125046
47.7219852,10.3147351
47.7259795,10.3151747
47.7199311,10.3157329
47.7260479,10.3188255
47.7228025,10.315631
47.7264195,10.3180881
47.7217085,10.3154686
47.722989,10.3160231
47.6968371,10.3447632
47.696298,10.3453571
47.699162,10.3420569
47.7124063,10.329738
47.7112784,10.3342587
47.6359612,10.3885218
47.6461361,10.4527034
47.7376257,10.2982641
47.7493382,10.2825317
47.7276935,10.3116849
47.727137,10.3128327
47.7280406,10.3103768
47.7274089,10.3128147
47.7280275,10.3172636
47.7780945,10.296897
47.7766253,10.3216046
47.7298251,10.3293996
47.7269536,10.3384326
47.7359228,10.380285
47.7803774,10.2991578
47.8098928,10.2893074
47.8065652,10.2977616
47.7996254,10.3476658
47.7806328,10.3599629
47.7654461,10.4017862
47.7667431,10.4023523
47.8213518,10.4390242
47.5835713,10.5593827
47.5824938,10.5601318
47.5720704,10.6876538
47.5720936,10.6849738
47.6076685,10.6791481
47.568843,10.7001499
47.5696272,10.7014127
47.5749417,10.7347046
47.5764924,10.7381573
47.5764378,10.7359864
47.6165729,10.7138019
47.6224204,10.4980771
47.6230039,10.4998585
47.6586769,10.5426331
47.7066382,10.5100825
47.7215078,10.5559257
47.6529043,10.6064116
47.6542257,10.6083239
47.6996387,10.6035865
47.7019388,10.6034854
47.8175017,10.5350071
47.7782839,10.6176339
47.7362418,10.6890557
47.7802155,10.6156377
47.7793697,10.6179092
47.7911999,10.6203911
47.7913319,10.6204989
47.819372,10.59169
47.8290725,10.6411859
47.8298955,10.6411464
47.6542675,10.7188834
47.6522638,10.7188781
47.677915,10.7987659
47.6973588,10.7973
47.6965625,10.7973543
47.7015282,10.7952958
47.6265957,10.8009199
47.6405225,10.8264242
47.6989487,10.8610694
47.7365773,10.7763481
47.7351969,10.7796466
47.7736703,10.7500972
47.8148249,10.7807077
47.7779716,10.8185734
47.8073848,10.8746168
47.8237117,10.8720164
47.8228691,10.8757458
47.8084441,10.886153
47.8142936,10.8970914
47.8176076,10.9031666
47.8562754,10.1292
47.8559945,10.1291541
47.8764261,10.2209434
47.8746853,10.2223864
47.9234255,10.2020358
47.8924972,10.2668886
47.9403811,10.0864959
47.9397462,10.0893913
47.9883833,10.1596032
47.987943,10.1608574
47.9989114,10.0845604
48.0000691,10.0826232
48.0007279,10.1334539
47.9895232,10.1708209
48.0390459,10.1543958
48.0355036,10.153589
47.9799802,10.1733778
47.9843869,10.1750767
47.9861565,10.1804838
47.9848713,10.1808495
47.9848668,10.1825896
47.9843013,10.1799865
47.9859871,10.1832588
47.9852348,10.1844378
47.9854014,10.1851494
47.9678526,10.212057
47.9700227,10.2111668
47.9430439,10.238418
48.003648,10.1787926
48.0031494,10.1796165
47.9919204,10.2049121
47.9897881,10.2162482
48.0017266,10.2159376
47.8461524,10.4199488
47.8458286,10.4192175
47.8474794,10.4192226
47.8977387,10.4130123
47.942004,10.3007845
47.9423582,10.3003972
48.0409028,10.2902412
47.9929464,10.3403458
48.0389505,10.3382941
48.0368149,10.3366558
47.9480089,10.3953656
47.9495528,10.3936275
48.042046,10.0826404
48.0424411,10.0815996
48.0920906,10.0706475
48.0898305,10.0713712
48.0789437,10.1293182
48.0785139,10.1305476
48.1326603,10.0789958
48.1332698,10.0792895
48.0772007,10.1961336
48.1431501,10.2525572
48.1435901,10.253777
48.1424686,10.2509425
48.1429415,10.2530929
48.1805842,10.076192
48.1801444,10.0759314
48.1479446,10.170941
48.1965431,10.1693056
48.2100028,10.0701784
48.2106032,10.0700362
48.210362,10.0706531
48.2235926,10.102822
48.222778,10.1048439
48.2228981,10.1058413
48.1745226,10.190798
48.2236686,10.178854
48.2227172,10.1790877
48.1063565,10.3012892
48.0593118,10.4184942
48.1203338,10.3918905
48.1365685,10.4032858
48.1194958,10.4544614
48.1210333,10.4589905
48.2043631,10.3158397
48.2374208,10.296859
48.2239688,10.3795086
48.2432982,10.36323
48.242973,10.3617224
48.2416362,10.3628979
48.2443619,10.3610029
48.1601715,10.3971848
48.1725565,10.4767096
48.2001461,10.417372
47.8745242,10.5329419
47.8721351,10.6020312
47.8710478,10.6039008
47.8788527,10.6207155
47.8795121,10.620458
47.8830727,10.6231511
47.8810263,10.6255468
47.8896321,10.6153191
47.8854527,10.6254484
47.9032454,10.6378855
47.9335873,10.6074423
47.9303834,10.6144184
47.9133071,10.634567
47.9126098,10.6358638
47.8934067,10.6696035
47.8935563,10.6698201
47.921865,10.6681741
47.9227881,10.6729549
47.9436639,10.5419084
48.0006702,10.506682
48.0037625,10.5020468
48.0065664,10.5955907
48.0048764,10.5986152
48.0067677,10.6182151
48.0391003,10.6729152
48.0394095,10.6734784
47.9332332,10.7136435
47.912133,10.7527312
47.8347496,10.8314237
47.8485278,10.8966914
47.9148903,10.8512188
47.9119713,10.8495633
47.9345792,10.8282189
47.9342512,10.8279762
47.9449183,10.7399937
48.0365751,10.724719
48.0359163,10.7242894
47.9791284,10.8306393
48.046246,10.4883525
48.0469891,10.4905884
48.0459884,10.4929203
48.0484285,10.4901065
48.0630464,10.5832421
48.1015087,10.561274
48.1201249,10.5410049
48.1387864,10.5839515
48.1362712,10.5805676
48.0617061,10.6399057
48.0622111,10.6400326
48.0612568,10.6823461
48.1046305,10.6545578
48.104971,10.6568662
48.1667096,10.5180125
48.2441053,10.4942969
48.2405532,10.6383329
48.0726535,10.8116435
48.0733235,10.81457
48.0888154,10.8522176
48.0891573,10.8515727
48.0469157,10.8613879
48.0465313,10.8620984
48.0494319,10.8770513
48.050626,10.8764116
48.0499156,10.8775684
48.0511162,10.8763568
48.0558665,10.8605031
48.0636541,10.8614474
48.0472186,10.8831763
48.0494588,10.8871957
48.0845737,10.8532419
48.0870416,10.8610097
48.0887405,10.8657852
48.1203691,10.8178917
48.1605005,10.7164961
48.148565,10.7568605
48.1807941,10.7581631
48.182961,10.7577948
48.1804262,10.7573183
48.1809858,10.7575062
48.2266018,10.7802154
48.2281827,10.7817691
48.1469462,10.8089971
48.1602774,10.8189514
48.1864685,10.8314839
48.2473741,10.8022567
47.4942586,11.0878798
47.4941026,11.087327
47.49384,11.0904737
47.4946332,11.0964156
47.4947123,11.0956274
47.4938762,11.0964978
47.4939774,11.0959863
47.4944854,11.1075016
47.4945651,11.1077437
47.4944313,11.1105792
47.5303247,11.1108919
47.5303365,11.1109226
47.5302979,11.1107596
47.5686575,11.0927812
47.6150015,11.0280101
47.6149907,11.027961
47.5982934,11.0613781
47.5980744,11.0646746
47.4412602,11.2627357
47.440852,11.2635241
47.5037136,11.2784044
47.5045211,11.2783294
47.522172,11.2822083
47.6913176,10.9939502
47.6908815,10.9952858
47.6495813,11.0151606
47.6669028,11.0551075
47.7337821,10.9662697
47.7561647,10.9882243
47.7545322,10.9883248
47.7965162,10.9230494
47.7961849,10.922798
47.7924632,10.9315775
47.7879822,11.0608991
47.788715,11.0591631
47.8009245,11.0741597
47.7141128,11.1510824
47.6891022,11.1840364
47.6778791,11.2007868
47.6772953,11.2010445
47.6778534,11.2011637
47.68167,11.2086699
47.6561452,11.3159609
47.676696,11.3030667
47.7768402,11.1298314
47.7673299,11.1601535
47.7674365,11.1565688
47.7918975,11.2006095
47.7714743,11.323076
47.8242745,11.303334
47.6585306,11.3685136
47.7079711,11.4129523
47.7070989,11.4111663
47.7196089,11.4125994
47.7494881,11.373179500000001
47.7495508,11.373718
47.751953,11.3762128
47.7509549,11.3755388
47.8284478,11.4113543
47.8156903,11.4804235
47.8160611,11.4806238
47.712149,11.7258557
47.7142051,11.7235428
47.760492,11.5577376
47.7609677,11.5607544
47.760774,11.5624165
47.7602898,11.5722411
47.7581649,11.5854353
47.7670672,11.6319713
47.7669403,11.6337015
47.7712885,11.6731866
47.7708707,11.6765843
47.7504255,11.7368397
47.7502334,11.7351446
47.7592162,11.7356335
47.7916599,11.683544
47.7921674,11.6837702
47.8068977,11.6435661
47.8068739,11.6435077
47.9036488,10.9707948
47.904305,10.9710765
47.8740678,11.0240683
47.9112571,11.111617
47.9121733,11.1089071
47.9582846,10.9469122
47.9659245,10.9138947
47.9725387,10.9585421
48.02588,10.921167
48.0099797,10.9724283
47.9481794,11.102027
47.9480845,11.1038367
47.9480239,11.1048785
47.9502343,11.1077748
48.0230028,11.011284
48.0227391,11.0113028
48.0260998,11.0845942
48.0237595,11.0914352
47.8388662,11.1403808
47.8402908,11.1427178
47.8394544,11.1424286
47.840263,11.1417192
47.8415467,11.1421692
47.8433526,11.1425539
47.8387616,11.1414717
47.8434497,11.1527009
47.8450257,11.1446364
47.8743136,11.15949
47.8657556,11.2919464
47.8660271,11.2924059
47.9109032,11.2808821
47.9663687,11.1830086
47.9983368,11.1713867
48.034261,11.2119413
48.0353594,11.2147443
47.9473786,11.2921512
47.9475742,11.292688
47.9663356,11.2997724
47.9690803,11.3026822
48.0029362,11.3174738
48.0721514,10.9277484
48.0727301,10.9316352
48.1147105,10.9176604
48.1076184,10.9822268
48.0669294,11.035395
48.0683281,11.0360533
48.0869838,11.0252982
48.0531632,11.0909242
48.0530646,11.0955792
48.1212099,11.0288172
48.120877,11.0285026
48.108299,11.0863414
48.1071575,11.0850519
48.197906,10.9256236
48.18833,10.9835304
48.1854803,10.9794307
48.1993458,10.9274626
48.2440184,10.9832909
48.2443664,10.9841326
48.1545033,11.0795306
48.1539917,11.079711
48.2230282,11.1075941
48.234721,11.0627928
48.0772055,11.1524457
48.0669897,11.2025213
48.0682183,11.2028764
48.1241161,11.1563466
48.1228158,11.1587245
48.0753464,11.248681
48.0775955,11.25393
48.1004684,11.2891822
48.1006468,11.292349
48.1090346,11.2998828
48.1391484,11.3003445
48.1659283,11.1299546
48.1626268,11.1677979
48.2062046,11.1583194
48.2078189,11.1618621
48.1627689,11.2258842
48.1618492,11.22438
48.1721185,11.2332328
48.152852,11.2634971
48.1776718,11.2561496
48.1779807,11.255543
48.1796725,11.2564904
48.1798878,11.2552631
48.1732471,11.2614052
48.1689066,11.3232107
48.1839062,11.2760937
48.1840983,11.2742292
48.173158,11.3229799
48.215591,11.256659
48.2171392,11.2600236
48.2116933,11.2975026
48.2148707,11.3218474
47.9027758,11.3690936
47.9036562,11.3684598
47.893284,11.424522
47.9126722,11.4213093
47.9131095,11.4234823
47.9141275,11.425663
47.9144832,11.4263173
47.8575549,11.4776025
47.8752823,11.4668543
47.874899,11.4681277
47.8766337,11.4647792
47.8584485,11.4830627
47.905907,11.4380078
47.903226600000004,11.4425904
47.9220987,11.5090638
47.9567917,11.3657085
47.9674708,11.3564805
47.9964616,11.3422205
48.0000896,11.3422168
47.9986951,11.3425859
47.9984598,11.3428918
47.9996672,11.344265
48.0001837,11.3432106
48.0024136,11.3415378
47.9911747,11.4553621
47.9915119,11.4570425
47.9964076,11.5107375
48.0064274,11.5128324
48.0202087,11.4863691
48.0392801,11.521559
48.04053,11.5238732
48.0401789,11.5212999
48.0404,11.524663200000001
47.8541582,11.5909744
47.8318131,11.7105771
47.8809204,11.6981528
47.9100585,11.6754473
47.909525,11.6749882
47.8841144,11.6970183
48.0199964,11.5852967
48.019312,11.5873868
47.9735432,11.6541075
47.9726553,11.6543084
48.0067677,11.6840659
48.0073473,11.6856417
48.0201065,11.7216169
48.0199792,11.7248891
48.069638,11.3774612
48.1269079,11.3662449
48.1294244,11.3657966
48.1268489,11.3657731
48.1310773,11.3642433
48.1296061,11.3649079
48.1274576,11.3658897
48.1317177,11.3648128
48.0970269,11.4113717
48.1042438,11.418553
48.1038679,11.4199622
48.1042899,11.418479
48.1187235,11.4294111
48.1192326,11.4278673
48.1327418,11.3868884
48.1423331,11.4083437
48.1448138,11.4231561
48.0927811,11.4653609
48.0893113,11.4802032
48.0898992,11.4800334
48.0412325,11.5248188
48.0569547,11.5219147
48.0565623,11.5236283
48.0782783,11.5067828
48.082807,11.504149
48.0781429,11.5082895
48.077119,11.5185544
48.0799872,11.5276919
48.0755353,11.5238404
48.1181024,11.4306845
48.1110983,11.4709877
48.1157558,11.476922
48.1157589,11.4777902
48.1134973,11.4759008
48.1297918,11.4306932
48.0942567,11.4984029
48.0954301,11.4959488
48.1185264,11.4907901
48.1137411,11.5027121
48.0997063,11.5245914
48.0995806,11.5276476
48.1170044,11.5265134
48.1173401,11.526928
48.1171275,11.5338541
48.1231406,11.4905275
48.1414451,11.4882954
48.1407822,11.4879209
48.1352038,11.5026088
48.1359488,11.5026631
48.1356256,11.5022593
48.134679,11.5033575
48.1436902,11.5025029
48.1398468,11.5279101
48.1733612,11.3557126
48.1750873,11.3598013
48.1942989,11.3727126
48.1934413,11.3724343
48.1950834,11.372367
48.1481822,11.4215101
48.2081966,11.3289685
48.2087646,11.3308588
48.2118775,11.3356297
48.211921,11.3358044
48.1493665,11.4347294
48.14885,11.4420546
48.1628505,11.4490004
48.148047,11.4592428
48.1471968,11.460015
48.1468411,11.4599775
48.1465074,11.4602609
48.1467967,11.4610303
48.1470197,11.4611313
48.1496546,11.4589927
48.1484333,11.4617163
48.1486744,11.4593659
48.1476299,11.4599061
48.164967,11.466423
48.1645322,11.4762309
48.1642958,11.479567
48.1888635,11.4607928
48.1902746,11.4599729
48.1892698,11.4630639
48.1897105,11.4675293
48.1536053,11.5127776
48.1531624,11.5316766
48.15344,11.5336234
48.1534369,11.5327505
48.1563377,11.5309695
48.1622024,11.5294934
48.1641858,11.5290527
48.1791521,11.4928746
48.1811405,11.5077643
48.1807576,11.5114316
48.1798495,11.5131579
48.1804247,11.5131245
48.1792976,11.5143107
48.180882,11.5107535
48.1973801,11.5236013
48.2168565,11.46289
48.2223995,11.4721258
48.2251707,11.4686829
48.0917406,11.5629072
48.0515077,11.6057179
48.0670832,11.6106947
48.0449489,11.6183711
48.0640311,11.6135628
48.0792408,11.6168971
48.1167497,11.5403513
48.1164869,11.5403698
48.1164256,11.5393953
48.1177198,11.5398857
48.1172376,11.5393088
48.0951625,11.574065299999999
48.0978781,11.5821775
48.1121892,11.5701922
48.1192935,11.5753707
48.1152396,11.5804251
48.1156393,11.5814803
48.1164304,11.5810675
48.1184842,11.5832669
48.1291223,11.5581879
48.1281214,11.5558612
48.1297405,11.5579252
48.1336352,11.5405749
48.1388502,11.5500212
48.1362406,11.5587992
48.1375599,11.5597675
48.1390619,11.5595667
48.1382939,11.5583997
48.1424263,11.5530332
48.1460058,11.5569808
48.1239135,11.5671672
48.1327637,11.5663625
48.1307845,11.5705403
48.1344942,11.5663249
48.1374872,11.5654967
48.1375172,11.5620527
48.1333679,11.5672569
48.1383162,11.5724396
48.1384341,11.5719347
48.1373296,11.570937
48.1396301,11.5613686
48.141425,11.5608547
48.1408948,11.5623327
48.1448286,11.5634387
48.1415753,11.5674061
48.141448,11.5720787
48.1414234,11.5721624
48.1401093,11.5719585
48.1406573,11.5717202
48.143841,11.5731784
48.1399087,11.5725699
48.1414881,11.5687512
48.1409564,11.5697442
48.1365733,11.5775587
48.134317,11.576905
48.1384072,11.5830355
48.139981,11.5739844
48.1458337,11.5771502
48.139732,11.574684
48.145331,11.5780528
48.1406124,11.5838361
48.1422569,11.5857543
48.1065715,11.5967871
48.1097837,11.6035252
48.0995729,11.6312405
48.0995694,11.6299819
48.12855,11.5932075
48.1286467,11.5967802
48.1324248,11.5973543
48.1241265,11.6040626
48.1288056,11.6044112
48.1289207,11.6040982
48.1288727,11.6030369
48.1286235,11.6026381
48.1281295,11.6003861
48.1358333,11.5982585
48.1349088,11.5977571
48.134934,11.5974334
48.140673,11.59888
48.1425623,11.6045323
48.0597058,11.6653244
48.0629473,11.662921
48.0642034,11.6619648
48.065159800000004,11.6612585
48.0669207,11.6600337
48.0531406,11.6656862
48.0592327,11.6655763
48.0631589,11.677671
48.0632435,11.6793344
48.0757737,11.6637129
48.0751945,11.6652276
48.091573,11.6492897
48.0754794,11.6672955
48.0807246,11.671679
48.0854962,11.6746196
48.046648,11.702242
48.0479139,11.7011477
48.0999867,11.646334
48.1009562,11.6453359
48.1013864,11.6456828
48.10637,11.6458389
48.1026948,11.645965
48.1081817,11.6568335
48.126836,11.6454267
48.1219052,11.662389
48.1228511,11.6687221
48.1219954,11.6703338
48.1241067,11.6672313
48.1112899,11.7089173
48.1119579,11.7078378
48.108578,11.7271484
48.1099183,11.733062200000001
48.1106338,11.7315699
48.1555033,11.5406991
48.1531285,11.5343822
48.1587143,11.5471181
48.1497483,11.5580995
48.1484884,11.5622565
48.146255,11.5736174
48.1548973,11.5664226
48.1584206,11.5846979
48.1602273,11.5745841
48.159489,11.5750838
48.1592013,11.5746688
48.1605851,11.573817
48.1604894,11.5856876
48.1612651,11.5858902
48.1607566,11.5857867
48.1592428,11.5850454
48.1807268,11.5530256
48.1978059,11.5452552
48.1770335,11.5730107
48.1851827,11.5730391
48.1786285,11.5866234
48.1746386,11.5859818
48.1834743,11.5794114
48.179026,11.5855392
48.186223,11.5665465
48.186343,11.5626815
48.187321,11.5730887
48.1511135,11.6087671
48.1504641,11.6191375
48.1484924,11.6174735
48.1493264,11.6158625
48.1517827,11.6205674
48.1680375,11.6325766
48.1728642,11.5959684
48.1907158,11.6111341
48.2089443,11.5550715
48.2047937,11.5726079
48.2054937,11.5631002
48.2121754,11.5632997
48.2484648,11.6124903
48.1496444,11.6403256
48.1674041,11.643008
48.1923378,11.6407502
48.1938716,11.6419006
48.1692412,11.7175931
48.1463516,11.7285094
48.1476204,11.7294427
48.2242272,11.6696558
48.2245991,11.6747397
48.2506794,11.651006
48.2491888,11.6520789
48.2247406,11.6774639
47.6923023,11.7699913
47.6886031,11.7683193
47.6916111,11.7703864
47.6897099,11.7708236
47.694595,11.7729916
47.7095675,11.7531569
47.7203221,11.9510991
47.721057,11.9509711
47.7506489,11.8350741
47.750763,11.8397334
47.7496105,11.8395182
47.7889998,11.8344008
47.7352516,11.8617596
47.7333856,11.865511
47.6741918,12.0138055
47.725946,12.1238914
47.7248911,12.1246965
47.7735073,12.0069363
47.7734553,12.0090915
47.7978886,11.9727612
47.7971793,11.974207
47.7374002,12.1043022
47.7407321,12.1549586
47.7407682,12.1549523
47.7742923,12.1417347
47.7892091,12.1102319
47.8256737,12.0949084
47.8179443,12.1572514
47.8215334,12.1557128
47.6132403,12.1865232
47.6135544,12.188568
47.6480486,12.171966
47.7821547,12.2159992
47.7951841,12.2268612
47.7757653,12.3244599
47.7732517,12.3251374
47.803608,12.2834776
47.8031112,12.2889149
47.7793613,12.3244823
47.6765084,12.467987
47.6762966,12.4712737
47.7352446,12.4574183
47.7348355,12.4578526
47.7583198,12.4614567
47.7784209,12.452361
47.7788801,12.4539846
47.8114927,12.373864
47.8216561,12.4817297
47.8571656,11.7975827
47.9018018,11.8314813
47.8745233,11.8860649
47.8339535,11.9149341
47.8336159,11.9170142
47.8820641,11.9142687
47.8826366,11.9175761
47.9434921,11.7928657
48.0220386,11.8102892
47.9881897,11.8649673
47.9872786,11.8661338
48.0232348,11.9287293
47.8738212,11.9684025
47.8738424,11.9684042
47.8591229,11.9986658
47.8675031,11.9973331
47.8627958,12.0063446
47.864216,12.0101128
47.8631595,12.0113242
47.8645017,12.0078977
47.8498929,12.0642433
47.8462871,12.058764
47.8508787,12.0650746
47.8391385,12.1262061
47.8391332,12.1252699
47.8509874,12.1202745
47.8508685,12.1205223
47.8524211,12.1193576
47.8564006,12.1237568
47.8537376,12.1256904
47.856111,12.1283151
47.8530452,12.1261675
47.8563263,12.1291043
47.8540191,12.1248675
47.8558772,12.1291523
47.8651842,12.1115494
47.8581318,12.1471453
47.8897714,12.0832728
47.8908306,12.0807566
47.8915626,12.0797525
47.9485916,12.0348496
47.9492912,12.0352952
47.992265,12.0052492
47.9418837,12.1266586
47.9825295,12.1272806
48.0873495,11.8277587
48.087264,11.8292014
48.0955839,11.761731
48.1059881,11.7678436
48.105901,11.766971
48.1031418,11.7710442
48.0993944,11.7873846
48.0998695,11.7877998
48.0958077,11.7857198
48.1143382,11.7963854
48.0807607,11.8619951
48.0723459,11.8879546
48.0716261,11.8873748
48.1635437,11.7577571
48.1598985,11.7623718
48.1765237,11.7524078
48.1768689,11.755656
48.1714523,11.8180679
48.1724631,11.8088304
48.1958481,11.7998308
48.2209222,11.8011031
48.2208452,11.8019797
48.1897961,11.8692131
48.1905105,11.8687461
48.1689797,11.912871
48.2435261,11.852683
48.2436242,11.9373077
48.2424851,11.9375762
48.0451686,11.9661469
48.045791,11.9652773
48.0451832,11.9658
48.0780128,11.9697949
48.0772879,11.9683157
48.0784002,11.9699513
48.0873565,12.0306519
48.0541643,12.1093342
48.0549765,12.1094013
48.1575277,11.9965085
48.1570015,11.9978279
48.210606,12.0560706
48.2112458,12.0577641
48.1497208,12.0923194
48.1498757,12.092446
48.221214,12.1347129
48.2214735,12.1356895
47.8386762,12.2072088
47.8925125,12.201873
47.8922975,12.2003596
47.8537095,12.3467925
47.8552048,12.3458411
47.8471006,12.3488452
47.8772831,12.3376075
47.8772614,12.3376483
47.9065456,12.300279
47.9454068,12.182021
47.9447732,12.1818899
47.9840046,12.246935
47.9928714,12.1781468
47.9521198,12.2775349
47.9519761,12.2766229
47.9519078,12.277342
47.954583,12.330364
47.9910446,12.3076916
47.8887511,12.3990295
47.890122,12.4000101
47.926929,12.380006
47.924477,12.3810815
47.8434455,12.5423633
47.8425569,12.542451
47.890224,12.5345315
47.8911859,12.5395218
47.9765029,12.3899877
47.999836,12.4053853
48.0002903,12.4061601
47.9706399,12.5636159
48.0016422,12.5354002
48.0208186,12.552022
48.0265631,12.5566025
48.05577,12.1644818
48.0557391,12.164016
48.0614613,12.2130759
48.0545262,12.2215178
48.0622719,12.2275387
48.0613314,12.2330481
48.0622436,12.2315635
48.0611503,12.2319162
48.0622511,12.2326393
48.1055654,12.2104248
48.1086017,12.2095384
48.0712467,12.3696065
48.1276151,12.3165995
48.1616707,12.182412
48.2161669,12.2437223
48.1513431,12.2775283
48.1529205,12.2763785
48.2415066,12.3153619
48.1991029,12.3659791
48.2405094,12.3659741
48.071735,12.4884213
48.0770006,12.5679971
48.0772464,12.5686409
48.1162142,12.5420989
48.1156781,12.5445189
48.1316301,12.5823754
48.1829913,12.4281209
48.2080927,12.4014781
48.2074564,12.4018042
48.205909,12.4016071
48.2068903,12.3999965
48.2055876,12.4054882
48.2065496,12.4032398
48.2422022,12.5235436
48.2425381,12.5199063
48.2426711,12.5225055
48.2428656,12.5235805
48.2415485,12.5244719
48.2410335,12.5254865
48.2397753,12.5265582
48.2475396,12.5186349
47.6072176,12.8924458
47.6064836,12.9054234
47.6056543,12.9860733
47.605222500000004,12.9861926
47.6209176,12.985357
47.7618311,12.6476099
47.7609132,12.6486812
47.8092131,12.5906714
47.8209574,12.6434426
47.8224773,12.6465293
47.7641239,12.7473828
47.764528,12.7473478
47.7636676,12.7469426
47.721537,12.865116
47.7226411,12.8771185
47.7251003,12.8778884
47.7248529,12.879157
47.6245171,12.9753933
47.6309575,13.0011744
47.6484429,12.9661838
47.6495944,12.963731
47.6662444,12.9516408
47.7302668,12.8814329
47.7307664,12.8829259
47.7847911,12.8706283
47.7850748,12.8696412
47.7593042,12.9081947
47.7596062,12.9090758
47.8135904,12.9545731
47.8150915,12.9515236
47.6324479,13.0033076
47.8415724,12.6073821
47.8615914,12.6282093
47.8616275,12.6282081
47.8694345,12.6449068
47.869162,12.644681
47.8696813,12.6466172
47.866739,12.6438893
47.869609,12.6499692
47.8510139,12.7854755
47.9334978,12.7347755
47.9619515,12.5932362
47.9619533,12.5924084
47.9622615,12.5931012
47.963425,12.5889388
47.9641301,12.5917876
47.9641497,12.5923689
48.0010014,12.6371543
47.956152,12.755494
47.8496517,12.8216496
47.9116987,12.8169671
47.842932,12.9704536
47.8410661,12.9815754
47.8380945,12.9817884
47.8391852,12.9820052
47.8412524,12.9824398
47.8749947,12.9582718
47.9354414,12.9313111
47.9531984,12.8351543
47.9970952,12.8251626
47.9984531,12.8246963
47.9378018,12.9337491
48.0612141,12.6688105
48.0852067,12.6425956
48.0867152,12.6443526
48.125063,12.6752896
48.0621579,12.7672272
48.0610642,12.7683504
48.1381541,12.7898675
48.1658251,12.620531
48.1659275,12.6198513
48.1504339,12.6576979
48.2121722,12.6001023
48.2125279,12.60098
48.2270447,12.6098715
48.2270132,12.6107968
48.2244372,12.6779944
48.2250978,12.6761494
48.2403697,12.6864532
48.166484,12.7307816
48.1681536,12.7306796
48.1668274,12.7306372
48.1946896,12.6937765
48.1941599,12.6926746
48.2400773,12.6887217
48.1991773,12.7659805
48.1585562,12.8325739
48.1674808,12.8229483
48.1695944,12.8306042
48.171487,12.8286443
48.1714196,12.8341525
48.1736455,12.8296841
48.2142004,12.8864319
48.2492674,12.9851024
48.2549836,10.0941985
48.2788473,10.078412
48.2902748,10.1020064
48.2527606,10.121714
48.3059243,10.1541126
48.3055896,10.1540327
48.3047535,10.1584072
48.3257927,10.1582823
48.3549249,10.1607619
48.2759536,10.2306661
48.2772712,10.2300015
48.3784003,10.1046479
48.4100596,10.0686
48.4573641,10.1043637
48.4273525,10.1252327
48.4280642,10.1237879
48.4134836,10.145288
48.3996385,10.1985531
48.3661821,10.25349
48.4067869,10.2722593
48.4064171,10.2728022
48.4491101,10.2221942
48.4484573,10.2214294
48.4522854,10.2675927
48.3495788,10.2946476
48.3377954,10.3189791
48.3036121,10.3609126
48.2645775,10.4453003
48.281829,10.4680813
48.2824304,10.470648
48.3379888,10.4482393
48.3400699,10.4481665
48.3714799,10.3057171
48.3725857,10.3085404
48.3715704,10.3052993
48.4530228,10.2792308
48.4533362,10.2847575
48.4550463,10.2779154
48.4559438,10.2776087
48.4561616,10.2774431
48.4399088,10.3226078
48.4345467,10.3779553
48.3875935,10.4365638
48.3884031,10.4360806
48.3887305,10.4359402
48.4058278,10.4451381
48.426252,10.4107443
48.449374,10.4319239
48.4986194,10.1214847
48.4986659,10.1208259
48.493517,10.1188246
48.4996767,10.1208179
48.529467,10.1908922
48.5394461,10.2359134
48.5394355,10.2359027
48.5976433,10.1234716
48.598837,10.1248474
48.6316021,10.1498294
48.6605163,10.1417249
48.658312,10.1581241
48.5953907,10.2605842
48.5959584,10.261222
48.6215012,10.1765755
48.6241301,10.1719759
48.6197588,10.2348487
48.6199783,10.2337083
48.6282331,10.236664
48.6210651,10.2434905
48.48246,10.3643517
48.4800063,10.3700535
48.5566855,10.2867655
48.5559281,10.2872943
48.5610654,10.2937157
48.5530097,10.3672183
48.5532943,10.369101
48.5095392,10.455779
48.6558275,10.3016567
48.6551815,10.3019189
48.5690942,10.4287334
48.5704293,10.4301146
48.5714409,10.4305034
48.5721517,10.4287197
48.6425128,10.4313966
48.2936891,10.5282899
48.2926826,10.5351967
48.3454888,10.5895046
48.3457225,10.589887
48.2646707,10.6077873
48.2893265,10.656091
48.2886046,10.6564587
48.3465059,10.5907669
48.3830244,10.4913047
48.3988217,10.5964341
48.3996149,10.5966751
48.3985146,10.5984294
48.3610392,10.6860975
48.3953164,10.6868262
48.4575562,10.6590772
48.3291764,10.7300592
48.3313594,10.7335343
48.3548073,10.7823713
48.2672866,10.8300535
48.2687021,10.8319128
48.2702419,10.83342
48.2574684,10.8913658
48.2701149,10.8884254
48.2719717,10.8886386
48.3502177,10.838177
48.3137402,10.8594118
48.3119718,10.9020784
48.3168373,10.8929204
48.3419722,10.8683228
48.3414185,10.8682187
48.3409312,10.8680771
48.3419439,10.8859991
48.333887,10.9044806
48.352839,10.8979748
48.3541408,10.9028401
48.3563548,10.7594487
48.3673898,10.8456165
48.3677004,10.8452624
48.3939523,10.8226266
48.391805,10.8342928
48.3620977,10.8685238
48.3631243,10.871318
48.3652096,10.8877044
48.3659118,10.8897394
48.3659434,10.8900215
48.3660775,10.8912288
48.366357,10.8901981
48.3649403,10.8892733
48.3598348,10.900013
48.3681325,10.893095
48.3667652,10.8937205
48.3667015,10.8934156
48.3680271,10.8983854
48.3647823,10.8925665
48.3632942,10.8951944
48.3674171,10.8955356
48.3669764,10.892742
48.3675258,10.8985171
48.3684663,10.898117
48.3659673,10.8994224
48.3658651,10.8989097
48.3672426,10.8987335
48.3661068,10.8993866
48.378361,10.8832006
48.3769764,10.8847564
48.3699639,10.8953391
48.3697031,10.8934175
48.3733016,10.8941475
48.3692642,10.8965091
48.3979249,10.8960716
48.4239491,10.8789405
48.422914,10.8790136
48.4635979,10.5901293
48.5135282,10.5297614
48.507217,10.6133684
48.4905813,10.6723495
48.5614085,10.6807662
48.5613453,10.6790579
48.5781684,10.4964206
48.5776633,10.4966864
48.5772821,10.4950144
48.577154,10.4946463
48.5797268,10.4957796
48.5808925,10.492468
48.6110141,10.5675822
48.6116369,10.5669633
48.4906793,10.855945
48.5417507,10.8526468
48.5422561,10.8546846
48.6052792,10.7205651
48.6060222,10.7197996
48.5947182,10.8327118
48.5989788,10.8681043
48.6571594,10.8041691
48.6236711,10.9034338
48.6700664,10.8686234
48.6794344,10.1405174
48.6761333,10.1518025
48.6770547,10.1516738
48.6767572,10.1681997
48.6985851,10.1401682
48.6979861,10.1402954
48.7062748,10.1621204
48.7403766,10.115085
48.7408359,10.1142305
48.7832874,10.1051439
48.7835368,10.1049622
48.816837,10.1272539
48.8163018,10.1260308
48.840685,10.0957748
48.8382467,10.0942837
48.8396591,10.095872
48.8391515,10.0950957
48.8388738,10.0945413
48.8391266,10.0947883
48.8644228,10.1037781
48.8654381,10.1042641
48.8000745,10.1830971
48.8012168,10.1834422
48.8718674,10.2461243
48.7538809,10.3339535
48.7538662,10.3340034
48.7535184,10.3350658
48.8580793,10.3513129
48.8572994,10.3538124
48.8577041,10.3532424
48.8092166,10.4644523
48.8281979,10.4321808
48.8782101,10.3992506
48.856978,10.47799
48.9280047,10.0681866
48.9273623,10.0669074
48.9286811,10.1397106
48.9640305,10.131485
48.961872,10.1307563
48.9608545,10.1329286
48.8842989,10.1868706
48.9627556,10.2581165
49.0297867,10.0992253
49.0322431,10.0983185
49.0614696,10.0914115
49.0622591,10.0901659
49.0140385,10.2182098
49.0305559,10.2731715
49.0314745,10.2733258
49.070673,10.2080981
49.0712065,10.2086608
48.9266044,10.4718855
48.972263,10.4582281
48.971585,10.463011
49.0210618,10.3561812
49.0702086,10.3188605
48.774956,10.5767002
48.7158214,10.6152269
48.7154463,10.6159886
48.674472,10.6840829
48.6761771,10.6869247
48.8215552,10.5161605
48.7758921,10.5796823
48.8036804,10.550333
48.8108403,10.5875325
48.8506553,10.4897627
48.8515076,10.4907872
48.8522359,10.4908451
48.8505918,10.4878879
48.8511105,10.4969511
48.8596529,10.5688275
48.8631821,10.5699722
48.7874229,10.6887549
48.786473,10.6889295
48.8441624,10.6167779
48.7158753,10.7738493
48.7053556,10.7943297
48.7156513,10.7754587
48.7199728,10.7765604
48.7193856,10.7778882
48.7169085,10.7795951
48.7335677,10.7903115
48.7685226,10.7968046
48.7688763,10.7962872
48.681619,10.8114953
48.6719482,10.8652343
48.704399,10.8784833
48.79821,10.7441498
48.8233454,10.7044531
48.8232983,10.7033716
48.8237497,10.7049617
48.8754684,10.7240017
48.783933,10.8271456
48.8425622,10.8561495
48.841045,10.8562138
48.9503333,10.6031247
48.9526266,10.6035659
48.957928,10.6251298
48.9591946,10.6231613
48.9368408,10.6520677
48.936671,10.6530323
49.0531169,10.5111108
49.0037941,10.6629672
49.0817159,10.620432
48.9235286,10.7132603
48.9207323,10.7107404
48.9020341,10.7803274
48.9796852,10.733184
48.9836769,10.8856004
49.0589308,10.7141646
49.0599607,10.7135118
49.0554703,10.7919089
49.0555481,10.792557
49.009713,10.8458761
48.2751416,10.9768659
48.2676891,10.9864971
48.2664949,10.986466
48.3121054,10.9078532
48.3119738,10.9071547
48.3437654,10.9440269
48.3550362,10.9425392
48.3550918,10.9418268
48.3037903,10.9629281
48.3053201,10.9721043
48.3547841,10.9795971
48.338936,11.0016305
48.3554748,10.986826
48.3546711,10.9844015
48.2891081,11.041176
48.2914482,11.0446446
48.25564,11.0951618
48.3650307,10.9088195
48.3640276,10.9054431
48.3704118,10.9073164
48.3808597,10.9171288
48.3808396,10.9167839
48.3803792,10.9192045
48.3803696,10.9192998
48.3852027,10.911927
48.3962674,10.9151553
48.3907356,10.9755796
48.4408596,10.936137
48.4604412,10.9813248
48.383883,11.0500557
48.4210217,11.0718864
48.2838875,11.1653544
48.2948647,11.1624933
48.2522255,11.1788767
48.3104418,11.1950423
48.3100769,11.1986802
48.3114383,11.1969177
48.3002444,11.2401302
48.2905962,11.2644562
48.3333303,11.3029745
48.3326031,11.3036685
48.3559426,11.1397258
48.3997863,11.1644473
48.4589041,11.1306219
48.458446,11.1303768
48.3865922,11.2547815
48.4268932,11.3022958
48.4864118,10.9333824
48.5186671,10.9284474
48.5133875,10.9518269
48.6110262,10.9496047
48.5980193,11.0176275
48.5836065,11.0898896
48.5844347,11.090055
48.5835408,11.0913811
48.6359538,11.1053633
48.6372756,11.1049932
48.5641781,11.2525548
48.5606156,11.2650375
48.561732,11.2652014
48.5336499,11.2933898
48.6044099,11.2149772
48.6650351,11.2156342
48.6671883,11.2147759
48.5657102,11.2793921
48.2590259,11.367005
48.2586879,11.3657166
48.3027907,11.3575026
48.3031093,11.3582775
48.2621713,11.4273467
48.256336,11.437667
48.2552727,11.4399823
48.255005,11.4383411
48.2524587,11.440498
48.2523489,11.4412614
48.2532802,11.4397562
48.2608966,11.4320927
48.2603917,11.4326395
48.2635046,11.434661
48.2538154,11.442796
48.2574879,11.4502754
48.2630363,11.4624628
48.2891905,11.4708772
48.2908212,11.4630233
48.3320335,11.4457479
48.3309245,11.4453458
48.3577358,11.3823352
48.3604174,11.3778565
48.3784768,11.4140875
48.4292843,11.3549071
48.4338786,11.4198195
48.4368938,11.4166807
48.3594814,11.4430177
48.3637978,11.4559989
48.4111297,11.4712876
48.40933,11.469548
48.4366544,11.4605154
48.4372584,11.4611464
48.2578651,11.5567968
48.2732826,11.5708539
48.273536,11.5676682
48.2818023,11.5766131
48.2830899,11.5789338
48.2816514,11.5790534
48.2817,11.5762984
48.2816856,11.576237
48.2865033,11.5869141
48.2960928,11.6208788
48.2966861,11.62151
48.2960684,11.6206432
48.3159268,11.5523553
48.3134502,11.5505028
48.3164316,11.5536462
48.3243173,11.6017069
48.2823085,11.6770863
48.3131327,11.6640423
48.3156331,11.6631227
48.3192507,11.6616054
48.3485439,11.6406331
48.3097662,11.7433572
48.4304197,11.5987786
48.4302307,11.59541
48.3977029,11.7221654
48.4000042,11.7423903
48.395662,11.7416746
48.400154,11.742731
48.3950753,11.7419
48.4942846,11.36012
48.4659458,11.5072601
48.4666449,11.5077158
48.4870513,11.5051596
48.5219552,11.4908136
48.5309949,11.4983948
48.5275393,11.5012325
48.5295689,11.5073031
48.5295542,11.5074747
48.5299924,11.5106657
48.5919604,11.3823427
48.59322,11.3823791
48.5933091,11.3813308
48.5664877,11.4313332
48.614844,11.4615922
48.6583263,11.4649029
48.6577017,11.4690683
48.6383121,11.5113568
48.6392411,11.5092857
48.4745438,11.5667795
48.5047626,11.6030815
48.5051383,11.6059124
48.5603852,11.5359374
48.5573255,11.7427344
48.5590892,11.7373729
48.6085667,11.564867
48.60662,11.5675848
48.6097326,11.5806244
48.6027415,11.6253691
48.603804,11.6265515
48.6900757,10.9172359
48.6902855,10.9165114
48.6915765,10.9203328
48.7004423,11.0191322
48.6908787,11.1095862
48.7222696,11.1106811
48.7195707,11.110852
48.7566492,11.0490418
48.7555235,11.0502727
48.8225293,10.9728629
48.8180413,11.0809025
48.8180236,11.0814172
48.8740135,11.0742381
48.8735848,11.0740995
48.6855988,11.1548312
48.7235999,11.1788277
48.7254452,11.1934228
48.7354147,11.1840283
48.7359359,11.1816168
48.7410335,11.1822293
48.7475169,11.1844023
48.7240272,11.194717
48.7331054,11.1952952
48.6792643,11.2924499
48.7164908,11.3171588
48.7168456,11.3221772
48.7304142,11.2319024
48.8018554,11.2275125
48.8047272,11.2926526
48.8052981,11.2928555
48.8189062,11.31903
48.8212508,11.3197847
48.8283483,11.3158777
48.8929138,10.9906765
48.8940495,10.9914273
48.9272294,10.9644229
48.9553133,10.9096091
48.957518,10.9084303
48.9333309,10.9735897
48.9346898,10.974665
48.904937,11.1067777
48.9044123,11.1057098
49.0314114,10.9676906
49.0308895,10.9739431
49.06091,10.9682493
49.0614548,10.967855
49.0792247,11.0561635
49.0792633,11.0562479
49.0730511,11.1142621
48.8922666,11.1847514
48.892539,11.1831622
48.8947526,11.1778417
48.8934502,11.1848481
48.947358,11.2061619
48.9489298,11.2076979
48.9968664,11.2111746
48.9967147,11.2118912
49.0877343,11.218653
48.6996328,11.3482542
48.6782472,11.4075755
48.6754735,11.4191994
48.7126384,11.4042857
48.7134644,11.4080048
48.7538865,11.3489041
48.7730796,11.3871895
48.771274,11.3869554
48.7733727,11.3872268
48.7742554,11.3905215
48.7609784,11.4271507
48.7666413,11.4225482
48.7640658,11.4251212
48.7637522,11.4267378
48.7642847,11.427268
48.7644647,11.4282481
48.7652827,11.4268047
48.7626641,11.4248642
48.7625767,11.4249524
48.7627594,11.424801
48.7172293,11.4929068
48.7167882,11.4941653
48.7428269,11.4451391
48.7586408,11.4406569
48.7581705,11.4411103
48.7715948,11.4386957
48.7736247,11.4424516
48.7691242,11.5140217
48.8074959,11.3689697
48.8096541,11.3699575
48.7772633,11.4064187
48.7834781,11.4145902
48.8036087,11.4031187
48.8227001,11.4146698
48.823978,11.4144074
48.7870329,11.4424374
48.8138454,11.4592942
48.8137646,11.4604447
48.810792,11.4995023
48.8111191,11.5003597
48.8565771,11.4594047
48.6839624,11.611863
48.6834922,11.6122267
48.6838496,11.6127095
48.685004,11.6127088
48.7324505,11.577066
48.7703972,11.6190073
48.7699681,11.6187667
48.7637488,11.6899095
48.8290532,11.5917818
48.8546913,11.6874463
48.9497643,11.3950787
48.9494703,11.394158
48.928202400000004,11.457192300000001
49.0455964,11.3524703
49.0462658,11.352409
49.0356379,11.473402
49.035349,11.4738412
48.944068,11.5679318
48.9622987,11.685003
48.9623662,11.6839697
49.0352507,11.5877627
49.0353464,11.5868328
49.0828333,11.6199432
49.1356866,10.0713076
49.1374508,10.0722955
49.1671443,10.0792047
49.1704267,10.0778113
49.2782142,10.0837233
49.1986635,10.176309
49.2559333,10.2433995
49.2869125,10.2604855
49.286822,10.2609627
49.1222021,10.3046725
49.1214109,10.3047694
49.121826,10.3044651
49.1673061,10.3288048
49.1100835,10.3870334
49.101158,10.4533087
49.1329027,10.4802465
49.1477395,10.4226408
49.1623931,10.4834526
49.2455226,10.4140683
49.246052,10.4151194
49.3762674,10.1866032
49.4968687,10.178185
49.3665143,10.3148243
49.300614,10.4068882
49.2999275,10.4085609
49.354392,10.4096546
49.3532783,10.4109958
49.4500506,10.3245064
49.4509558,10.3227925
49.417409,10.420347
49.4495904,10.4678013
49.4503907,10.4672069
49.4997863,10.4118037
49.5059197,10.4135539
49.5057876,10.4137551
49.5035455,10.4165039
49.1582787,10.5489746
49.1598298,10.5526461
49.1877873,10.5785998
49.1451303,10.6185334
49.2331804,10.496987
49.2332451,10.497576
49.2782064,10.5161587
49.2974197,10.5655915
49.2989588,10.5791648
49.2398972,10.5928718
49.2366086,10.5922204
49.1993538,10.6450404
49.2003241,10.6473747
49.2962364,10.5989871
49.2877361,10.6612008
49.2935391,10.6598456
49.2803088,10.6848253
49.2803286,10.6839861
49.1171625,10.7547357
49.1553342,10.7165
49.2036048,10.7015935
49.2042322,10.7052967
49.2266338,10.7255199
49.2132218,10.7985765
49.2872769,10.7880054
49.2866302,10.7880847
49.2473516,10.8272647
49.2471653,10.8268006
49.3457164,10.5095573
49.3475189,10.5083646
49.3052711,10.5696984
49.3033037,10.5774648
49.3029074,10.5727265
49.3063853,10.5694103
49.3097108,10.5701965
49.30354,10.5812396
49.3135531,10.5672277
49.3989905,10.5127903
49.3998256,10.5126439
49.355442,10.6279588
49.354231,10.628327
49.3998282,10.6911426
49.3991174,10.6911171
49.4569789,10.6443548
49.4925816,10.6558062
49.4930296,10.6517013
49.3378726,10.790027
49.3384658,10.7906215
49.3463504,10.7942367
49.4040232,10.7888867
49.3395702,10.8900335
49.3982995,10.8863701
49.4821959,10.7175589
49.4813143,10.7167738
49.4825496,10.7226194
49.4940196,10.7935698
49.4938036,10.7932793
49.4948417,10.7946758
49.4957694,10.7967499
49.4583391,10.8548251
49.4585045,10.8560387
49.4857889,10.8797647
49.5076035,10.8825119
49.5330935,10.0677341
49.5432002,10.2303098
49.5715813,10.1927502
49.6634202,10.0668728
49.6569206,10.1666182
49.6669686,10.1433101
49.6670879,10.1424839
49.7078365,10.131452
49.7081786,10.1331664
49.7109433,10.2173053
49.704256,10.2612193
49.5270721,10.4827233
49.5268675,10.4812279
49.6880864,10.2974468
49.7430496,10.1507368
49.7368541,10.1607456
49.7379227,10.1605257
49.7332609,10.1591552
49.7330775,10.1596996
49.7414865,10.1675109
49.7727321,10.1522539
49.8017458,10.1602228
49.7219959,10.1838376
49.7305137,10.1817132
49.730067,10.1818323
49.7290225,10.2426451
49.728744,10.2453129
49.7546581,10.236742
49.7550114,10.2389211
49.8647024,10.1271991
49.8989953,10.0666292
49.9235057,10.1373097
49.8303966,10.2037342
49.862736,10.1754234
49.8575287,10.1838814
49.8649967,10.2288889
49.8642487,10.2267637
49.9200233,10.1787253
49.9008664,10.2673459
49.9188014,10.2373151
49.7708241,10.2847479
49.7704062,10.2860427
49.7475186,10.3063874
49.7707185,10.3723704
49.7946314,10.3440591
49.7936295,10.3430077
49.8177208,10.3528187
49.8175803,10.3516775
49.7744075,10.4695418
49.7732827,10.4705286
49.906686,10.3959183
49.5783461,10.6045655
49.5797998,10.6085912
49.5804342,10.6089432
49.5954487,10.6272832
49.5951787,10.6273617
49.5959203,10.6267932
49.5497819,10.717347
49.550111,10.7186817
49.5115,10.882485
49.5683762,10.8818802
49.5683522,10.8962936
49.6377593,10.7088013
49.6404135,10.7056135
49.6698106,10.721947
49.6223933,10.8249332
49.6221057,10.8267052
49.690627,10.8127646
49.6933545,10.812356
49.7031072,10.8045262
49.7043249,10.806443
49.6870787,10.8764865
49.7313506,10.5992548
49.7328957,10.5997269
49.7581037,10.621345
49.7566541,10.6199141
49.7566056,10.621232
49.8889425,10.5495091
49.8563246,10.6899099
49.8573599,10.6899271
49.9273403,10.659088
49.7512049,10.7153372
49.7540876,10.7758085
49.7733849,10.8093851
49.8172005,10.8649403
49.8170373,10.8655964
49.8276865,10.7423495
49.8272274,10.7430072
49.8704072,10.7811381
49.8946368,10.7258159
49.8950467,10.7295218
49.9282345,10.7517609
49.9285959,10.750967
49.9239569,10.7740948
49.9105254,10.8329249
49.9113458,10.8299347
49.8794236,10.8839872
49.8921141,10.8915405
49.8951555,10.8905307
49.8921345,10.8883023
49.8924191,10.8902204
49.891849,10.8917427
49.8935935,10.8920749
49.8980621,10.8809006
49.893947,10.8931557
49.8957475,10.8938381
49.8931989,10.8925222
49.891171,10.8926231
49.8907248,10.8955325
49.8912657,10.8930655
49.8944033,10.8937953
49.903833,10.8603153
49.9272645,10.874677
49.9283903,10.8749762
49.9034789,10.8876053
49.1179711,10.9293693
49.1749392,10.9248417
49.1746804,10.9254476
49.1541238,11.022497
49.187796,11.0153029
49.1867846,11.0162358
49.241538,10.9632981
49.2415362,10.9633464
49.2454133,11.091995
49.2464079,11.0921407
49.2449529,11.0926978
49.2444171,11.0990332
49.2499373,11.0936078
49.1328806,11.126036
49.1328685,11.1284237
49.1071244,11.1865227
49.1317523,11.2125355
49.1879775,11.1924686
49.2515002,11.2354776
49.2512225,11.2371237
49.2656907,11.3102626
49.2963996,11.2854937
49.2968365,11.2855684
49.3242078,11.0171874
49.3275341,11.0212439
49.3293839,11.0185998
49.3287265,11.0212563
49.3294282,11.025034
49.338795,11.043358
49.3039345,11.0702771
49.3585367,11.0520636
49.3602546,11.0513049
49.3792581,11.0292902
49.4029752,11.0350545
49.3732215,11.0782223
49.3565995,11.0997402
49.4312451,10.9695306
49.4428238,10.9584361
49.4351838,10.9759669
49.467704,10.957013
49.4806143,10.9564725
49.4889079,10.9208273
49.4587436,11.008746
49.4662428,10.9990754
49.4740577,10.9885667
49.474657,10.9878916
49.4703477,10.9891368
49.4731424,10.9882983
49.4729086,10.9881757
49.4709121,10.9909899
49.4731926,10.9907683
49.4731542,10.9904358
49.4716581,10.9913586
49.4722254,10.9909469
49.4766929,10.9884575
49.479561,10.9858166
49.5090008,10.9758581
49.4879625,10.997576
49.4131673,11.0135275
49.4125261,11.0115232
49.4123664,11.0123887
49.4049371,11.0353774
49.4061656,11.0355121
49.4292967,11.0170189
49.4272821,11.0180922
49.4215693,11.0321742
49.4213213,11.0330255
49.4414402,11.0274064
49.4529319,11.0218873
49.4396134,11.0372953
49.4396211,11.0516043
49.443229,11.0562358
49.4510308,11.0544908
49.4141655,11.0791667
49.4291127,11.0649645
49.4167351,11.1066814
49.4400457,11.0799027
49.4421923,11.0795221
49.4400819,11.080184
49.4416576,11.0803685
49.440171,11.0812409
49.4489182,11.0636235
49.4486016,11.0634372
49.4489254,11.0650777
49.4468278,11.0719301
49.4496587,11.0720488
49.4506191,11.0729853
49.451192,11.073893
49.4511654,11.0755523
49.4489518,11.0800031
49.4471985,11.077896
49.4455993,11.0788766
49.4467995,11.08384
49.4481778,11.085582
49.4498416,11.0839293
49.4498933,11.0836395
49.4477212,11.0839955
49.44833,11.0855734
49.4510744,11.079789
49.4505838,11.0785341
49.4505841,11.0800895
49.4518583,11.0779042
49.450801,11.0804064
49.4556694,11.0791437
49.4507415,11.0795322
49.4537679,11.0874131
49.454207,11.0886519
49.4527168,11.0880935
49.442128,11.0890341
49.4431835,11.1051132
49.4482649,11.0920456
49.4489416,11.0980027
49.4539994,11.0893018
49.450376,11.1035245
49.4503568,11.1030245
49.4693422,11.0280291
49.4595466,11.0614378
49.4980403,11.0454011
49.4588975,11.0641252
49.4623106,11.0708583
49.4625635,11.0702961
49.4637963,11.0708167
49.4640837,11.0858533
49.4737776,11.0636303
49.4589463,11.0964467
49.4713776,11.1025643
49.4766137,11.1053252
49.4840856,11.1055574
49.323683,11.1244301
49.3231209,11.1256145
49.3552487,11.1441376
49.3531895,11.1611964
49.4029444,11.1323432
49.4024402,11.1354079
49.4029343,11.1355878
49.3755509,11.2130015
49.3761861,11.2131166
49.3744259,11.2141504
49.3987886,11.1759762
49.3784884,11.2101849
49.3790694,11.2095935
49.3490945,11.3106876
49.3557511,11.2418527
49.3608151,11.2492943
49.387879,11.3028153
49.3893884,11.3023598
49.4115373,11.1213483
49.429149,11.1308147
49.4127462,11.1485565
49.4422847,11.1240968
49.4430885,11.1242533
49.4551499,11.1177853
49.4448352,11.1329159
49.4189316,11.185478700000001
49.4202295,11.1939175
49.465289,11.1199844
49.4600988,11.1321411
49.459785,11.1307099
49.4667737,11.1609922
49.4719964,11.1994915
49.4719314,11.1991608
49.4718647,11.2003161
49.4509856,11.3033089
49.4504176,11.3078347
49.483174,11.2401307
49.4840078,11.2432391
49.4929129,11.2406481
49.4614777,11.2914123
49.4605914,11.2874393
49.5076412,11.2825879
49.1060296,11.4406584
49.1065929,11.4403595
49.1137749,11.5104013
49.1707515,11.4487756
49.1705328,11.4483115
49.1979563,11.3300582
49.1987776,11.3293426
49.2523049,11.3980439
49.2518527,11.3972239
49.2778811,11.4328147
49.2762987,11.4374209
49.2916042,11.4479695
49.2783134,11.4599523
49.2761507,11.4598841
49.2768621,11.4586084
49.2754065,11.459332
49.2770526,11.4631369
49.280782,11.4584233
49.2924298,11.4650909
49.1655549,11.6236573
49.1600367,11.7168345
49.1599532,11.7191358
49.2248515,11.5394126
49.2236555,11.539673
49.2335659,11.6711501
49.2326163,11.67137
49.317445,11.3385552
49.3037893,11.352886
49.3032196,11.353044
49.3268433,11.3280642
49.327105,11.3436793
49.3853721,11.3550465
49.3858488,11.3575082
49.3289408,11.4412627
49.3318916,11.439345
49.3212589,11.5041023
49.320827,11.5044805
49.4978687,11.3913521
49.4975817,11.3908851
49.5084788,11.4150175
49.5090832,11.4284879
49.5079738,11.4310497
49.5077405,11.4319932
49.493736,11.4701915
49.5031094,11.5125616
49.3677436,11.6030589
49.3692885,11.6048715
49.367575,11.6805995
49.4282515,11.544444500000001
49.4981689,11.5655472
49.4493079,11.6848165
49.4466591,11.6859875
49.5059386,11.7411799
49.5035801,11.7428342
49.5265421,10.966315
49.5621508,10.9136295
49.567481,10.9619498
49.5781803,11.0037162
49.5811877,11.009561
49.5900642,10.9683689
49.5957806,10.9619516
49.5982064,10.9796271
49.5914268,11.0055137
49.5889867,11.0067094
49.5895283,11.0065084
49.5889827,11.0070255
49.5931325,11.0055881
49.5886829,11.0090187
49.5912036,11.0054989
49.5990438,11.0034494
49.5964864,11.00503
49.5955028,11.0046742
49.5952157,11.0045894
49.5945253,11.0047211
49.5164855,11.0251521
49.5280776,11.0107345
49.5272028,11.0114988
49.5890834,11.012182900000001
49.5923839,11.0282918
49.5919611,11.0299201
49.5920586,11.030955
49.60499,11.0143037
49.5935099,11.0509145
49.5973846,11.0561733
49.6019098,11.0548979
49.5971077,11.0738806
49.6286231,10.9111307
49.627265,10.9222891
49.6699745,10.9252892
49.6723999,10.928555
49.6853917,10.9391406
49.6856301,10.9390996
49.6909583,10.9959054
49.6924058,10.9999528
49.6654855,11.0708874
49.659248,11.0929054
49.6590415,11.0927346
49.6909474,11.0352515
49.701838,11.0432473
49.7185336,11.0612604
49.7177298,11.0596478
49.7179348,11.0594575
49.7180184,11.05908
49.6813123,11.071208
49.7177552,11.0646716
49.7176244,11.0642453
49.715663,11.0973265
49.7184035,11.1084003
49.5326896,11.1523849
49.530777,11.1506784
49.6117645,11.1294374
49.6109558,11.1292916
49.5793548,11.1849114
49.581277,11.1814516
49.5743973,11.2013754
49.5743939,11.2190621
49.5184967,11.2567599
49.5122914,11.2787378
49.5113519,11.2782813
49.5124869,11.2798063
49.5118145,11.2808168
49.5128135,11.2848608
49.5178624,11.2890529
49.6347093,11.1297815
49.682041,11.1423204
49.6823961,11.1436723
49.6205701,11.2350256
49.6450157,11.2497937
49.6451621,11.2493645
49.6603623,11.3210214
49.7024979,11.2592427
49.7601323,10.9828794
49.7587051,10.986003
49.7739271,10.9990766
49.8084359,10.9822373
49.8158993,10.9900775
49.7257578,11.0490886
49.7255298,11.0493422
49.7193704,11.0587711
49.7298065,11.0601276
49.7707022,11.0578988
49.7702461,11.0578739
49.8023318,11.02947
49.8034304,11.0340772
49.8290641,10.9245302
49.8311052,10.929941
49.8446077,10.9690491
49.8452215,10.967804
49.8997122,10.9173876
49.9031989,10.9072561
49.9143075,10.9240615
49.9110323,11.0100343
49.7342397,11.1464562
49.7337596,11.1459218
49.7477347,11.125596
49.7464342,11.1297854
49.7562019,11.1739131
49.7552898,11.1766084
49.7776511,11.1862224
49.7793085,11.1842657
49.8027082,11.2614003
49.8027011,11.261373
49.863993,11.1710228
49.5101264,11.3403221
49.513984,11.3702422
49.51385,11.3715952
49.6128227,11.5107718
49.6134299,11.5107402
49.6955555,11.3476913
49.6821621,11.4179549
49.6527234,11.4689494
49.6636039,11.4712994
49.5273175,11.6238683
49.5273049,11.62386
49.6069557,11.6331868
49.6075033,11.6333772
49.6289356,11.5519313
49.6923237,11.6302262
49.6930381,11.6292256
49.7703162,11.3359487
49.7710803,11.4090037
49.771789,11.408815
49.8454476,11.3446559
49.8441274,11.3482137
49.8353039,11.4057201
49.9112969,11.4657221
49.9108042,11.4726005
49.7564053,11.5408031
49.7559627,11.5445489
49.7562983,11.5445399
49.7484337,11.7241533
49.7487473,11.724733
49.8019519,11.7349017
49.8450279,11.6249791
49.8447492,11.6251261
49.9270905,11.5663877
48.2763123,11.8409828
48.3178567,11.7454368
48.3179982,11.7445226
48.3237282,11.8488482
48.3232709,11.8453691
48.2751688,11.8969886
48.2931998,11.9002733
48.2929365,11.9058597
48.3074085,11.8876588
48.306752,11.9014357
48.3056474,11.9078001
48.308653,11.9048848
48.3039347,11.9117114
48.3077379,11.907933
48.3108223,11.9094741
48.3056065,11.9158032
48.3942226,11.7589534
48.4010124,11.7443522
48.4012656,11.7451116
48.4013534,11.7471987
48.4013546,11.747128
48.4016774,11.7468844
48.4048688,11.7539632
48.3953412,11.7575082
48.410815,11.7486266
48.4093006,11.755028
48.4107343,11.7934684
48.4505387,11.7683912
48.45121,11.7707997
48.4588166,11.8313731
48.3879988,11.9296526
48.4384211,11.8539637
48.2599354,11.9681265
48.3164035,11.9856457
48.2735696,12.1498463
48.272526,12.1512501
48.3445611,12.1306245
48.3444302,12.1310699
48.36854,11.992164
48.4040969,11.9885776
48.4045992,11.9881106
48.3662875,12.0329097
48.4227062,11.9642379
48.4246998,11.9699433
48.446841,12.1046372
48.4475882,12.1060452
48.5373537,11.8053432
48.4666819,11.9345434
48.466986,11.9364965
48.467465,11.935121
48.4684855,11.9365381
48.4671997,11.9355365
48.5170526,11.8961751
48.5890971,11.7613351
48.5878752,11.7676967
48.6267863,11.7947676
48.6417458,11.7849207
48.6407049,11.7852785
48.6418223,11.7853582
48.6419968,11.7866834
48.5233683,11.9944716
48.5209627,11.9961931
48.5087507,12.1594418
48.5088484,12.1592121
48.5471423,12.092717
48.5393546,12.0980785
48.5556491,12.1090424
48.5560002,12.1089724
48.5387388,12.1254126
48.5241849,12.1440243
48.5327514,12.1499164
48.5269367,12.1627103
48.5387031,12.1548658
48.5357489,12.1516234
48.5356936,12.1510236
48.5380362,12.152547
48.5382893,12.1524899
48.5359873,12.1517197
48.5390471,12.1557363
48.5368757,12.153452
48.5344964,12.1519891
48.5358634,12.1542542
48.5506975,12.1267605
48.5494443,12.1348361
48.553254,12.1342925
48.5613989,12.1365693
48.5444106,12.1468282
48.5566322,12.1632073
48.5898449,12.0257374
48.5892252,12.0232519
48.6019001,12.0445326
48.6593817,12.0925755
48.2598932,12.2093205
48.2723298,12.2615171
48.2720841,12.2586571
48.3444429,12.1838942
48.3126204,12.2729574
48.312373,12.2734584
48.3084377,12.3379118
48.3655296,12.2541903
48.3650238,12.2563057
48.4497845,12.3535326
48.4489491,12.3545965
48.4493251,12.354569
48.4587464,12.353043
48.254807,12.4160097
48.2545864,12.413971
48.2531731,12.4653137
48.3053096,12.3864887
48.2528626,12.5256138
48.3959222,12.4507115
48.3616599,12.5082897
48.3601887,12.5089626
48.3611657,12.5086132
48.4362599,12.5631668
48.4376809,12.5639955
48.4723712,12.2578515
48.5443607,12.1761178
48.5458891,12.1778102
48.5459725,12.2635031
48.5527083,12.3630832
48.5656268,12.1683788
48.5753628,12.167407
48.6117397,12.2172455
48.613197,12.219456
48.6237129,12.3410587
48.5066961,12.4277183
48.506595,12.4277462
48.5459171,12.5256366
48.5544757,12.5535505
48.6143502,12.3836974
48.6360903,12.4289186
48.6312663,12.4296793
48.621279,12.4576367
48.5991064,12.5756886
48.6295497,12.4969322
48.6292976,12.4968163
48.6290755,12.4979144
48.6291996,12.498035
48.642422,12.4919357
48.6506246,12.5260904
48.6727603,11.7905605
48.709301,11.8098234
48.709182,11.809660300000001
48.7299999,11.8220369
48.7313653,11.8279137
48.7291113,11.9050486
48.8225458,11.7817174
48.8157805,11.8487018
48.8159632,11.8467487
48.8178817,11.8443816
48.8104148,11.8578385
48.8101641,11.8594195
48.8074977,11.9030313
48.7021565,12.0276079
48.7023491,12.0269054
48.7041937,12.0259793
48.7044044,12.0265168
48.8206134,12.0507021
48.8208601,12.0503605
48.8205281,12.0506032
48.9186689,11.8724974
48.9384095,11.8636817
49.0477718,11.7941312
49.0515202,11.7823607
49.0513477,11.7837346
49.0246657,11.9531559
49.065154,11.8845765
49.0655532,11.8849692
48.8930607,12.0111364
48.981303,11.9612745
48.934789,12.0506557
48.9384814,12.050897
48.8824358,12.1102608
48.9117697,12.1555347
48.9120693,12.1550259
49.0049737,11.9760582
49.0249735,11.9542744
49.0133097,12.0509167
49.0142735,12.0580853
49.013253,12.0529021
49.0613409,12.0049957
49.0726928,11.9565535
49.0678741,12.0163933
49.0072736,12.0621033
49.0052534,12.0698246
49.0048475,12.0852774
49.0096435,12.0983183
49.013309,12.0610139
49.0202006,12.089186
49.0190169,12.0892582
49.0188266,12.0901081
49.0184268,12.0979281
49.0182869,12.0951942
49.0135928,12.1018429
49.0123702,12.0980476
49.0170935,12.1007073
49.0162644,12.1004876
49.0131783,12.1073296
49.0177667,12.0999458
49.025055,12.097106
48.9884429,12.1414649
48.9894064,12.1411591
49.0136917,12.127054
49.0266497,12.1152988
49.0263609,12.1155842
49.0298844,12.1241212
49.03342,12.1128284
49.0340276,12.1239897
49.030176,12.124749
49.0452977,12.0925619
49.0467444,12.1195554
48.6931328,12.2034838
48.7192412,12.1889134
48.7345917,12.190161
48.7689242,12.2263551
48.7689964,12.2272671
48.692784,12.3603578
48.7759263,12.2524699
48.7953622,12.3150663
48.7178139,12.4370132
48.7180348,12.4376913
48.7472832,12.4179737
48.8259732,12.3928807
48.8262029,12.3942706
48.8265643,12.3946084
48.812198,12.5695691
48.8344431,12.5327556
48.8704401,12.5693841
48.8799683,12.570521
48.876275,12.5726311
48.8750878,12.5731544
48.8798536,12.57005
48.9200741,12.2035799
48.9201424,12.2044542
48.9390977,12.2013851
48.9327279,12.2032101
48.9665492,12.1653368
48.9818046,12.1910645
48.9869637,12.1981856
48.9877689,12.1965393
48.9913269,12.1997215
49.0012349,12.1979724
49.0286947,12.2081383
49.0755278,12.196972
49.0767872,12.1980707
48.9063797,12.4692533
48.8957737,12.4861843
48.8819346,12.5686208
48.8818644,12.5678492
48.8817086,12.5669741
48.8810147,12.5652093
48.8812559,12.5637552
48.8821683,12.5711803
48.8823988,12.5734849
48.9514512,12.5419762
48.9546725,12.5425726
48.9986789,12.3960498
49.0011927,12.4009083
49.0016871,12.4011873
49.0409536,12.539757
49.0424774,12.5372504
48.2562684,12.5916874
48.257845,12.5916113
48.2645859,12.6505098
48.2915041,12.7253347
48.3488949,12.733351
48.3504612,12.7331596
48.3542273,12.7863166
48.3920365,12.606636
48.3918215,12.6077007
48.386516,12.6630263
48.4003328,12.7507901
48.4002313,12.7525356
48.4024465,12.7500527
48.404052,12.765381
48.4037767,12.7636177
48.4024994,12.763224
48.4036963,12.7606718
48.4039649,12.7611661
48.4353713,12.6978466
48.2544947,12.8445598
48.2532643,12.8424232
48.3011734,12.8380237
48.3000537,12.8397038
48.3140467,12.8936743
48.3144811,12.893296
48.2527141,12.957978
48.2513189,12.9847824
48.407128,12.8187023
48.407208,12.819871
48.4181117,12.9045312
48.419566,12.9433386
48.4302446,12.9387975
48.4317705,12.9377217
48.4286201,12.9441644
48.510918,12.6046603
48.4623735,12.7298219
48.533505,12.7469641
48.5707208,12.629173
48.5711046,12.6289693
48.6513145,12.6036519
48.5656111,12.7390983
48.5685984,12.7362865
48.6080072,12.7174463
48.6700996,12.6911914
48.6701063,12.6917109
48.4833501,12.8403753
48.5605423,12.8173523
48.5590632,12.8160762
48.4834026,12.8989821
48.5336482,12.948676
48.6346614,12.8545406
48.6341035,12.8574869
48.5879011,12.9041131
48.5999312,12.9348942
48.6177328,12.9861211
48.2661793,13.0275412
48.266812,13.0280408
48.2996144,13.1437837
48.2998233,13.1486692
48.3949022,13.0042394
48.3955654,13.0045738
48.4425963,13.087234
48.4442029,13.0918878
48.442633,13.0883876
48.3707013,13.1245822
48.3594555,13.2022645
48.3592289,13.2020734
48.3582068,13.202139
48.4106758,13.1434732
48.4508977,13.1937313
48.4513405,13.1935205
48.3465677,13.2636413
48.3282396,13.3140692
48.3517998,13.3105972
48.351231,13.3132505
48.3528298,13.3452883
48.399843,13.3101306
48.4002931,13.3101738
48.4014364,13.31282
48.4009864,13.3110662
48.4012586,13.3107789
48.5294805,13.0554478
48.5680761,13.0856502
48.5676968,13.0874792
48.5679352,13.0878818
48.5882239,13.0836438
48.6287168,13.188573
48.6333118,13.1876186
48.6330264,13.1881068
48.6338861,13.1863392
48.5454509,13.2235622
48.546267,13.2234382
48.5219812,13.3177218
48.5224275,13.3184708
48.5627137,13.4169178
48.624245,13.2219118
48.5735234,13.3934162
48.5735743,13.3942169
48.5838151,13.3939991
48.6262475,13.401327
48.6245388,13.3991882
48.6543757,13.4076327
48.6538241,13.4084983
48.7003372,12.6510588
48.6739202,12.6937133
48.6763555,12.6910842
48.6767876,12.689668
48.6829845,12.6931574
48.7388689,12.7476244
48.7378217,12.7470772
48.7967625,12.6419787
48.8444632,12.6217156
48.8463382,12.6192934
48.6997614,12.8278907
48.6831046,12.8797884
48.6840263,12.8810939
48.7751311,12.8754419
48.6978006,12.920547
48.7491142,12.9585837
48.8172034,12.8015407
48.8168487,12.8063816
48.7768893,12.8737276
48.7775125,12.8727489
48.7891288,12.8965485
48.8192932,12.9524447
48.8551255,12.9160902
48.8324492,12.9617708
48.831568,12.960482
48.8317603,12.9618353
48.8315202,12.9619131
48.8301971,12.9625817
48.8357954,12.9624962
48.8420778,12.9570889
48.8420022,12.9574418
48.8419137,12.9572262
48.8830986,12.588328
48.8849332,12.5977335
48.8888223,12.6009521
48.9152483,12.5957411
48.9170008,12.5985467
48.9167366,12.5984829
48.8845623,12.6380818
48.8865442,12.6386014
48.918983,12.6693172
48.9522111,12.6049489
48.9731676,12.6800204
48.9764738,12.6805582
48.9729888,12.6774654
48.9095595,12.6891428
48.9746135,12.7524883
48.9756373,12.7560397
48.9974671,12.6371937
49.023036,12.6596518
49.0499541,12.6570309
49.0500244,12.6557971
49.0752898,12.7154499
49.0741659,12.7140687
49.0860258,12.7514267
48.8861207,12.7956298
48.9140394,12.8113968
48.9182902,12.8837415
48.8938674,12.9255024
48.8897882,12.9741646
48.9628792,12.9660627
48.962286,12.9674962
49.0022976,12.820938
49.0025481,12.8230897
49.0731642,12.8879768
49.0791729,12.8863898
49.0141019,12.9850066
49.036925599999996,12.9952803
48.7004445,13.0208297
48.7020347,13.020865
48.7015907,13.0204976
48.7654046,13.0240836
48.7713964,13.0504857
48.7738774,13.0518111
48.7733413,13.0511111
48.7243762,13.0741179
48.7228928,13.0773312
48.6780663,13.1180325
48.7292019,13.1415446
48.7290766,13.1401425
48.7551151,13.1797566
48.8052074,13.0940349
48.8453234,13.138765
48.8446881,13.1422225
48.7124449,13.2691866
48.7663476,13.3150126
48.7281042,13.380139
48.7267184,13.3809945
48.7315605,13.3764566
48.8410329,13.2278375
48.803069,13.3973631
48.840233,13.3370572
48.8402146,13.3372166
48.840458,13.3379118
48.969782,13.1260275
48.9690156,13.1283822
48.9717479,13.13474
48.9501504,13.1988646
48.9503697,13.1993489
49.0131118,13.0295261
49.0570223,13.0358693
49.0665578,13.1006674
49.066671,13.104224
49.0148653,13.145861
48.8890337,13.3015226
48.9099728,13.2657264
48.909405,13.2670906
48.9131284,13.3634418
48.9068965,13.384034
49.0134971,13.2298009
49.0128814,13.2329936
48.9901117,13.3011776
49.0956406,11.8074575
49.1548919,11.7544625
49.160785,11.9495308
49.2034338,11.8484681
49.2041786,11.8503698
49.2669489,11.9214334
49.2671584,11.9228136
49.1077739,11.9765393
49.1186117,12.1265573
49.1236359,12.1275733
49.1242811,12.127604
49.2071344,12.0395928
49.2075902,12.0401215
49.2050151,12.0427076
49.2068554,12.039751
49.199461,12.0932633
49.1992966,12.1019666
49.2230202,12.0865997
49.2209947,12.0859981
49.4019308,11.7560441
49.3927127,11.9380364
49.4400952,11.7598202
49.4353277,11.8481542
49.4452622,11.8349701
49.4464675,11.846584
49.4904692,11.7642982
49.475954,11.8040837
49.4184355,11.8794893
49.4191715,11.8779937
49.4449888,11.8545387
49.4467203,11.8612101
49.4439424,11.8563631
49.4468802,11.8614822
49.4456572,11.8600322
49.4457862,11.8601061
49.4438236,11.856416
49.4460688,11.860529
49.4441564,11.8682311
49.4448328,11.8625641
49.4393503,11.8778741
49.4665287,11.8522525
49.4035442,12.0531155
49.3188781,12.1043324
49.3266423,12.1045846
49.3274607,12.1070169
49.3305509,12.1076689
49.3299746,12.1077189
49.3279125,12.1076028
49.3260228,12.1086234
49.3135156,12.1449765
49.3890977,12.1386798
49.4795236,11.9795566
49.4210211,12.1391019
49.0900337,12.2474637
49.275072,12.1809419
49.1975237,12.2721988
49.197309,12.2707787
49.2502495,12.3087462
49.2500158,12.3078205
49.269684,12.3039994
49.1848578,12.3834607
49.2001273,12.5083951
49.1952626,12.5167136
49.2012019,12.5081388
49.1957049,12.5180691
49.1953777,12.5187081
49.4517242,12.1828522
49.4102707,12.2283235
49.346843,12.3780363
49.3487856,12.3817278
49.3486172,12.3860303
49.3482827,12.3811783
49.3483047,12.3889537
49.3791595,12.4701902
49.3421828,12.5293071
49.3418613,12.5292589
49.4807734,12.383939
49.4586627,12.4174469
49.4599518,12.4186519
49.4257778,12.4808152
49.4271436,12.4818818
49.5338415,11.8031799
49.5347619,11.8049403
49.6112255,11.8052333
49.6122113,11.8072503
49.5446604,11.9451448
49.641464,11.7988001
49.6412837,11.798564
49.6207004,11.9095221
49.6335037,12.0583599
49.6520375,12.0420451
49.6533724,12.0385326
49.6311037,12.0921216
49.6873249,12.1177177
49.6720461,12.1475535
49.6727404,12.1562295
49.6724847,12.1561402
49.6715886,12.1559015
49.6753278,12.1605936
49.6747759,12.1594341
49.6748445,12.1616099
49.6754386,12.1605374
49.6749902,12.159571
49.6810642,12.1552831
49.6861419,12.151496
49.7141562,12.1568913
49.7139426,12.1579551
49.7527482,11.8286971
49.7196029,11.9047116
49.7193115,11.905189
49.7691443,11.9341321
49.8705736,11.7750358
49.872109,11.7770353
49.8259404,11.8355549
49.8262429,11.8397196
49.8302212,11.8971124
49.8305356,11.8971801
49.8703897,11.8866459
49.8706089,11.890347
49.7328033,12.06929
49.7321934,12.0685139
49.800535000000004,12.1566737
49.7990041,12.1580861
49.8001539,12.1569983
49.8377867,12.0490848
49.8310953,12.0985928
49.9234124,12.1450938
49.5317723,12.3258595
49.5874174,12.2756216
49.6346205,12.1640805
49.6536728,12.169052
49.6545646,12.170037
49.6763646,12.1739904
49.6819575,12.1696827
49.6941117,12.1710793
49.6953996,12.1720975
49.6241987,12.3416044
49.6231774,12.3421258
49.623219,12.3413885
49.6292213,12.3380538
49.6720624,12.3294499
49.590856,12.4098782
49.5910949,12.4090625
49.5100328,12.5468418
49.5101516,12.5480987
49.582568,12.5204015
49.581536,12.5219097
49.6447528,12.4076045
49.703945,12.419127
49.7314987,12.1743598
49.7314946,12.1739131
49.7320406,12.1751426
49.7230726,12.2772446
49.723189,12.276972
49.7234975,12.2772484
49.7319691,12.347778
49.7335289,12.3500457
49.7831631,12.3108735
49.8575964,12.2245175
49.9081672,12.1855978
49.9089848,12.1829346
49.8818363,12.3268458
49.8796175,12.3284719
49.8770481,12.3371248
49.8772663,12.3369583
49.8113593,12.430622
49.8109841,12.4300501
49.9087183,12.5277142
49.1607354,12.5931708
49.1691215,12.6468073
49.1349127,12.7156643
49.1568716,12.7294721
49.1574446,12.7685633
49.1576153,12.7690267
49.2018716,12.6612424
49.20323,12.6582584
49.2029796,12.6631445
49.218577,12.6650554
49.217436,12.6667977
49.2201024,12.6635242
49.2183087,12.6657067
49.2194472,12.6684442
49.2260508,12.6561228
49.2263379,12.6553864
49.2598086,12.6641287
49.0939147,12.8258361
49.1649441,12.8077
49.1663217,12.8078821
49.1740812,12.8533909
49.179203,12.8510454
49.1763307,12.8557525
49.1768812,12.8549308
49.1304261,12.9999717
49.1294981,12.9991499
49.2735318,12.815142
49.2991772,12.9153645
49.2988126,12.9176112
49.2597165,12.9703611
49.2622605,12.9689244
49.3550936,12.6066547
49.3162932,12.7415279
49.377174,12.7023325
49.3773829,12.7065351
49.3781613,12.7067411
49.4370639,12.5848984
49.3093982,12.8401679
49.3087126,12.8395081
49.306238,12.8453017
49.106852,13.0103866
49.1066033,13.0122713
49.1199389,13.1987273
49.1961991,13.0529234
49.197101,13.05186
50.0887017,6.2759483
50.235381,6.2797059
50.2389363,6.2857207
50.2381489,6.2860147
49.9471778,6.3307556
50.010689,6.2944927
49.9611252,6.4207981
49.9987552,6.4939926
50.0146657,6.4521302
50.03308,6.4987531
49.9638293,6.5251436
49.9715986,6.5208224
49.9691427,6.5225642
49.9757216,6.5258624
49.9750991,6.5233051
50.0033267,6.6045211
49.9344476,6.6386383
49.9358489,6.637888
49.9356193,6.637558
49.9726102,6.6363909
49.9735434,6.636083
49.9467813,6.693744
49.9871439,6.6791636
49.98145,6.6802687
49.9854947,6.7012407
50.0407378,6.5897074
50.0412572,6.5903485
50.2038591,6.4227173
50.2075612,6.4248282
50.1758557,6.6243656
50.2230023,6.6507708
50.2221068,6.6604931
50.2237822,6.662191
50.3453272,6.5764995
50.2907555,6.6720181
50.3166319,6.611941
50.5565758,6.2400654
50.7399447,6.0473041
50.7658472,6.058966
50.5651766,6.2171426
50.5792576,6.259466
50.6308415,6.2774795
50.7053139,6.178822
50.7056419,6.1806726
50.7055159,6.1805242
50.7525044,6.0861045
50.7636901,6.0822436
50.7610163,6.0936927
50.7630799,6.0919337
50.7620615,6.110999
50.7249635,6.1461132
50.7243693,6.1454518
50.7284383,6.1818533
50.7541984,6.1427279
50.7444496,6.1602177
50.7625514,6.1343499
50.7487199,6.166487
50.7501998,6.1622966
50.7508913,6.1615942
50.6826252,6.2097084
50.713196,6.2148629
50.7087249,6.222023
50.731151,6.2184957
50.7311473,6.2158632
50.7555219,6.2162038
50.7585156,6.2151984
50.7183342,6.2570615
50.7388574,6.2670413
50.7571539,6.2769578
50.7599272,6.2800505
50.49082,6.4392467
50.5460588,6.409026
50.5267871,6.4736549
50.5292005,6.4760373
50.3505893,6.5294447
50.3859977,6.5473153
50.4368807,6.6499348
50.438948,6.6473592
50.5473057,6.5793296
50.4928038,6.6312284
50.5797981,6.3041018
50.6070339,6.3007125
50.6252577,6.3350773
50.6274514,6.3524593
50.6140315,6.3822392
50.660054,6.4110609
50.6326654,6.48345
50.7194481,6.3947882
50.6889523,6.4825187
50.7488783,6.4205021
50.748031,6.4870792
50.7454091,6.4902209
50.590037,6.6535405
50.5910833,6.6534406
50.6132467,6.6484342
50.6179952,6.6567767
50.7550803,6.5235982
50.6914059,6.648071
50.6927022,6.6475751
50.7988575,5.9961798
50.7705758,6.0384667
50.7764529,6.0436269
50.7744976,6.0480861
50.7677759,6.0727954
50.7706945,6.0728129
50.7731799,6.0773574
50.77285,6.0789391
50.7793725,6.0804187
50.7818389,6.0640985
50.7977841,6.0636938
50.8115559,6.0608384
50.8109507,6.060857
50.8329103,6.0453203
50.9270226,6.0661287
50.7695548,6.0844474
50.7722989,6.0882485
50.769045,6.0840891
50.7717685,6.085637
50.771558,6.0903109
50.7703934,6.093133
50.7698433,6.0936989
50.7745222,6.0879772
50.7774079,6.0869104
50.7786222,6.0884683
50.7752294,6.0910157
50.769104,6.0991457
50.7747752,6.0965981
50.7796157,6.0993363
50.788837,6.0931682
50.7704032,6.117892
50.779486,6.1235395
50.7948294,6.1248688
50.794828,6.1258812
50.7807848,6.1540766
50.778503,6.1604809
50.8345462,6.0880397
50.834047,6.0886647
50.820151,6.1297341
50.8217553,6.1301148
50.841664,6.110052
50.8674893,6.0946983
50.8694906,6.096098
50.8240505,6.1647827
50.8236974,6.1641345
50.8377038,6.1802629
50.8591936,6.1500264
50.8693028,6.1369723
50.8483276,6.1864759
50.8709485,6.1717383
50.7864939,6.2126921
50.7703679,6.2133432
50.772064,6.2269025
50.7708411,6.2280638
50.7796185,6.2390332
50.7816752,6.2851758
50.7906963,6.283256
50.8042214,6.2441722
50.8157396,6.2630569
50.8171208,6.2647362
50.8170674,6.2628922
50.8052649,6.278466
50.8196319,6.2679985
50.8178033,6.2661087
50.8194297,6.2661253
50.8355994,6.2089144
50.8213845,6.2328097
50.8383338,6.2388896
50.8453524,6.2286385
50.8577786,6.2020565
50.8586278,6.2032108
50.8666458,6.2101432
50.8692318,6.2147339
50.8202112,6.2821524
50.8360228,6.2723825
50.83859,6.2750644
50.886168,6.1185951
50.9208524,6.1127251
50.9205754,6.1164384
50.9195873,6.1190889
50.9212621,6.1162377
50.8796588,6.1409682
50.8734222,6.1632283
50.8732755,6.1630004
50.8736218,6.1623923
50.8750928,6.1624895
50.8738857,6.161708
50.8765694,6.1741817
50.912343,6.1374016
50.9111843,6.1779678
50.9062892,6.1837197
50.907467,6.1817325
50.9070492,6.1830823
50.9235003,6.1643336
50.9252255,6.0941107
50.9421201,6.1055177
50.9628702,6.1210333
50.9624729,6.1214729
50.9673393,6.1677443
50.8940967,6.1877576
50.9234603,6.2057575
50.9239058,6.2063937
50.8956675,6.2830967
51.0135923,5.8945336
51.0145981,5.8982429
51.0264553,5.9352345
51.0247287,5.9329386
51.0320473,5.9596652
50.9928771,5.9965406
51.0272609,5.9895674
51.0089515,6.0531005
51.0659848,5.989242
51.0659912,5.989256
51.0880363,6.0315804
51.0158099,6.1774264
51.0621166,6.0946175
51.062632,6.0947617
51.0630565,6.0951108
51.060066,6.1086747
51.0548617,6.1412609
51.0593955,6.1441283
51.0061974,6.2359804
51.006903,6.2351114
50.9804945,6.271196
50.9805883,6.2723727
51.0393628,6.219126
51.0400236,6.2192779
51.0546617,6.2236124
51.0554548,6.2226467
51.0565591,6.2215762
51.0325497,6.2783328
51.0983337,6.1550722
51.098843,6.1548676
51.1434156,6.2115471
51.1414854,6.2783098
51.1394972,6.2825966
50.7736517,6.3025589
50.7683633,6.3258283
50.818501500000004,6.3561779
50.8168278,6.3610385
50.8182589,6.3580544
50.8277842,6.3183991
50.8578202,6.2934668
50.8454387,6.3586013
50.8147593,6.4473806
50.8044872,6.4814803
50.8029047,6.4856681
50.8041368,6.4820377
50.8017446,6.4845264
50.803061,6.4865761
50.8050739,6.4845614
50.8055779,6.4828955
50.8460957,6.4229057
50.9241223,6.3210431
50.9218048,6.3583079
50.9212274,6.3608934
50.9227702,6.3626144
50.923166,6.3572707
50.9230964,6.3637328
50.9222769,6.3636535
50.9240882,6.3642893
50.9617652,6.3118767
50.9002406,6.445177
50.8750256,6.472098
50.8283918,6.5240016
50.8287962,6.5242323
50.8685296,6.6905759
50.9638314,6.5425004
50.9372177,6.5654769
50.9131505,6.6389023
50.9138904,6.7105916
50.9268955,6.6582484
50.9628466,6.6088649
50.9532644,6.638335
50.9535843,6.6386852
50.95342,6.6391546
50.9534749,6.6418196
50.9345509,6.6715035
50.9405524,6.6827409
50.9384737,6.6848837
50.9726119,6.6786313
50.9739281,6.679172
51.032323,6.3240484
51.032128,6.3247442
51.0790168,6.3176263
51.0795948,6.3168928
51.0591543,6.337095
51.0777937,6.3188909
51.0766424,6.3202381
51.0053571,6.4874214
51.0902469,6.3757932
51.1480691,6.361278
51.1288252,6.4122791
51.1317528,6.4120667
51.102053,6.459039
51.1021805,6.4599854
51.1095908,6.4651771
51.1333625,6.4522074
51.1336921,6.4520816
51.153259,6.4203758
51.1806475,6.4077815
51.1831727,6.4109223
51.1661475,6.4261305
51.163667,6.4433109
51.1660295,6.4434536
51.1670061,6.4441475
51.1726002,6.4397266
51.1674133,6.4433346
51.1844881,6.4418035
51.1559685,6.4889048
51.1560715,6.4910701
51.1621453,6.450156
51.1698315,6.4582796
51.1866152,6.4550259
51.1812403,6.4612224
51.006311,6.552234
51.0463105,6.5773525
51.0385767,6.5980922
51.0699592,6.5661971
51.0075788,6.6356787
50.9826296,6.670804
50.9832472,6.6709848
51.0087633,6.686203
51.0356656,6.6954409
51.1007586,6.505585
51.100605,6.5039478
51.1117705,6.5458575
51.0910436,6.5828733
51.090194,6.5850415
51.0889116,6.5865936
51.1662426,6.5777858
51.1655813,6.5764634
51.1646918,6.5791448
51.1069083,6.6215235
51.1067499,6.6231454
51.1283512,6.6212574
51.1213771,6.6841489
51.1637421,6.6649367
51.161395,6.6693822
51.1670721,6.6847224
51.1684072,6.6848765
51.2131091,6.1631401
51.2133639,6.1637884
51.2410693,6.1815797
51.2419361,6.1836036
51.1990983,6.2190344
51.2325677,6.2406776
51.2331915,6.2428699
51.214902,6.2739034
51.2154436,6.2746378
51.2822456,6.1978692
51.2815557,6.1961764
51.2810118,6.2445504
51.3191795,6.1987481
51.3205257,6.1992425
51.3190917,6.1990771
51.2977443,6.2445584
51.2984466,6.2479685
51.3054912,6.2756271
51.3071316,6.2778615
51.3083641,6.2754585
51.3338113,6.2808781
51.4450685,6.2660296
51.496049,6.2436911
51.5810736,6.2448389
51.5982865,6.2869043
51.204403,6.3430723
51.2055287,6.3423809
51.2006179,6.3920934
51.200269,6.3949784
51.2511066,6.3317894
51.2528468,6.3362309
51.2581758,6.3848258
51.2574636,6.3882708
51.2551185,6.3903104
51.2532289,6.3928873
51.2533921,6.3926626
51.2569315,6.3900651
51.2591233,6.3874978
51.2852795,6.371533
51.2858903,6.3728999
51.2054417,6.4132353
51.2041973,6.4123439
51.191878,6.423229
51.1949399,6.4243855
51.1942104,6.431187
51.1938121,6.4335237
51.1982719,6.4395074
51.1979546,6.439914
51.1966996,6.4415283
51.1938939,6.4365232
51.1939754,6.4431783
51.1944142,6.4425851
51.195596,6.4429721
51.1950882,6.4428978
51.203973,6.4452689
51.203949,6.4636646
51.2041718,6.4748661
51.2040676,6.4779088
51.2231839,6.4535608
51.2240158,6.4737659
51.2412919,6.4012952
51.252068,6.4793394
51.2782113,6.4626296
51.2802676,6.4589834
51.336493,6.3426474
51.335809,6.3432852
51.3257032,6.3800511
51.3250773,6.3806858
51.3027416,6.4273486
51.3045744,6.4293529
51.3211556,6.4937717
51.3208563,6.495632
51.3650573,6.4215866
51.3652957,6.4185631
51.3644719,6.4226381
51.3645175,6.4236716
51.3764954,6.4103087
51.384356,6.4523713
51.384171,6.4512967
51.1925673,6.5128955
51.1915986,6.5129846
51.1916347,6.5138034
51.19488,6.5541006
51.2425181,6.5347028
51.2425306,6.5349964
51.2632635,6.5486872
51.2624369,6.5493478
51.227518,6.6198758
51.2276928,6.6203947
51.2024758,6.6846677
51.1988879,6.6891852
51.199724,6.6887975
51.1999286,6.6890451
51.1976593,6.6929048
51.1963855,6.6950992
51.1982535,6.6945294
51.2014848,6.6867925
51.2005075,6.6916954
51.2707334,6.6215167
51.2453844,6.6965625
51.2523488,6.6902304
51.2517784,6.6901118
51.2526843,6.6884247
51.3062375,6.5082823
51.3440941,6.5501668
51.3106896,6.5550561
51.3046172,6.5878431
51.3235706,6.5707513
51.3264725,6.5682456
51.3325293,6.566593
51.3332772,6.5632541
51.3314459,6.5645659
51.3323858,6.5647125
51.3323361,6.5640917
51.3340933,6.5619141
51.3321598,6.5667456
51.3341022,6.5681746
51.3200412,6.5836628
51.3726783,6.5082551
51.3813202,6.5993195
51.3292997,6.6116498
51.3291135,6.614952
51.3364515,6.6428279
51.3036261,6.6793204
51.3478477,6.6180051
51.3451531,6.6149071
51.361314900000004,6.6248064
51.3550398,6.6476346
51.3552401,6.647214
51.362481,6.6452064
51.3568214,6.6852825
51.3926783,6.7079185
51.4093514,6.3361813
51.4088879,6.3357968
51.4558256,6.3739897
51.4391105,6.4157672
51.4386511,6.4166953
51.4933147,6.4293596
51.5190837,6.3211024
51.518477,6.3241016
51.5187987,6.3249243
51.4380417,6.5301888
51.4382259,6.5311923
51.4172534,6.5945849
51.4178503,6.5946668
51.447639,6.5769781
51.4900513,6.6027751
51.4901516,6.6014877
51.4433823,6.6254304
51.3986936,6.6687923
51.4107866,6.6820502
51.4261559,6.6592709
51.4416238,6.6619036
51.4419388,6.661378
51.4509983,6.6138674
51.4517962,6.6240389
51.451526,6.6288193
51.4505179,6.6292668
51.4503133,6.6316553
51.4508883,6.6303697
51.4519076,6.6304893
51.4494719,6.6298377
51.4562437,6.6245678
51.4506883,6.6324293
51.4594452,6.6445957
51.4711627,6.6334414
51.4838724,6.6169262
51.4833071,6.6272921
51.4496119,6.6731768
51.4495316,6.6881024
51.4942444,6.6793605
51.4865084,6.6995713
51.5041869,6.5442281
51.5022348,6.5463234
51.5151291,6.5318448
51.5535473,6.5541456
51.5454245,6.5986461
51.5932924,6.5558578
51.5961209,6.6814439
51.5841328,6.6978179
51.6765115,6.1589867
51.7735772,6.1122118
51.7877288,6.1387937
51.7855707,6.1358761
51.7897057,6.1409091
51.7925018,6.1408906
51.7974797,6.156594
51.7621088,6.1866857
51.8325824,6.2374631
51.8314229,6.2455461
51.6084689,6.376156
51.606838,6.3763894
51.6985137,6.3764105
51.660519,6.4509496
51.7386083,6.2930209
51.7586685,6.39531
51.7301983,6.4729048
51.7756158,6.4592834
51.6168845,6.5292104
51.6099375,6.6161316
51.6567417,6.6121236
51.6572639,6.611675
51.6570921,6.6166026
51.6571651,6.623105
51.6567335,6.6228391
51.6574527,6.6200037
51.6573684,6.6232202
51.6552833,6.6228318
51.6576264,6.6221488
51.6567842,6.6223352
51.6553244,6.6323633
51.6581806,6.6644658
51.7380967,6.5075947
51.7390798,6.5123422
51.7295174,6.5918428
51.7289946,6.5895154
51.7684656,6.6116657
51.8147623,6.6163742
51.8144985,6.6184413
51.8252794,6.3110337
51.8217438,6.3411466
51.8466271,6.4272547
51.845035,6.4231637
51.8468,6.4253344
51.8358554,6.5886718
51.844964,6.6034813
51.8532231,6.5933471
51.8373712,6.6086467
51.8379485,6.6146116
51.8392485,6.612923
51.8385451,6.6170026
51.8369127,6.6155198
51.8380879,6.6156671
51.8388057,6.6150058
51.8379892,6.6281993
51.838123,6.6361112
51.8545943,6.6190394
51.8449141,6.6243232
51.847410000000004,6.6272544
51.8381797,6.6965584
51.8399142,6.695534
53.5860293,6.6637391
53.586853,6.6629957
49.9871978,6.7720925
49.9862942,6.8903613
49.9854743,6.8921029
49.9862072,6.8924215
49.9861844,6.8897538
50.1273277,6.9035389
50.1275979,6.9049053
49.9526558,7.0158218
50.0134972,6.9967254
49.9514372,7.1174376
49.9513195,7.1179945
49.9791128,7.0886879
50.0236463,7.1140078
50.1119671,6.9238536
50.1748968,6.7717614
50.1966505,6.8284202
50.194959,6.8314417
50.1958118,6.8298663
50.1985559,6.8294278
50.2523369,6.7799044
50.2856329,6.9182748
50.2139203,6.9741752
50.1730296,7.0824318
50.2543005,7.0104512
50.312137,7.0161948
50.0230508,7.1486916
50.0262098,7.1819697
50.0314047,7.1804772
50.0537243,7.1353296
50.0958571,7.1550764
50.038908,7.3030758
50.0387053,7.3013865
49.9415541,7.4029744
49.9432701,7.4090251
49.983484,7.5205836
49.9844762,7.5228327
49.9818922,7.5405934
50.1491233,7.1661142
50.1475398,7.1653975
50.2298901,7.1414291
50.2296926,7.1406177
50.2311221,7.141034
50.230937,7.1406742
50.2422027,7.2241571
50.1716536,7.2998196
50.2803831,7.2217701
50.322058,7.2203109
50.3293274,7.2210821
50.3275606,7.2262819
50.3265466,7.225543
50.3284101,7.2280516
50.327143,7.2436116
50.2985279,7.3127665
50.3001462,7.3151442
50.3292993,7.3185364
50.2372269,7.4415435
50.2272453,7.4456477
50.2270948,7.4454713
50.2129562,7.5396479
50.2129504,7.5386831
50.247188,7.3622811
50.2475037,7.3634456
50.3102292,7.4074469
50.2599148,7.4456
50.280421,7.547851
50.2799605,7.5469253
50.3093087,7.4599585
50.315202,7.4724847
50.3155613,7.4718268
50.3135082,7.5175976
50.3216983,7.5385171
50.3219522,7.5379376
50.3444695,7.5482183
50.3430509,7.5478814
50.4028809,6.8311532
50.5110299,6.7780297
50.4829864,6.8511696
50.5416148,6.9007071
50.3828934,6.9282517
50.4878773,6.9715473
50.4902353,6.973224
50.5159129,6.9892633
50.5463674,7.1096927
50.5684266,6.7626497
50.5678449,6.7629375
50.557799,6.7648144
50.5940075,6.7940876
50.6313932,6.812483
50.6617016,6.7849265
50.6587339,6.7913518
50.6594201,6.790276
50.6580784,6.7908939
50.6585999,6.7918411
50.6587264,6.79129
50.6606701,6.7963112
50.6503463,6.8283363
50.7101659,6.7984067
50.7569742,6.7726551
50.7551554,6.8392577
50.755182,6.8398112
50.7547442,6.8392105
50.7176939,6.9116933
50.7174279,6.9120387
50.6050795,6.9930137
50.5936649,7.0104364
50.6269216,6.9460592
50.6255751,6.9510823
50.6260109,6.948265
50.6213741,7.0220775
50.6211705,7.0231454
50.5710244,7.096881
50.6250901,7.0392551
50.6359344,7.0937542
50.6215374,7.123161
50.6819676,6.9784163
50.7376934,7.0101669
50.7621112,6.9921456
50.7620129,6.9904579
50.6783547,7.0713977
50.6994674,7.0577442
50.6997919,7.0578489
50.6979573,7.0807749
50.6977002,7.1273983
50.7126707,7.1093724
50.7126043,7.1088506
50.7213508,7.0273042
50.7151721,7.0453171
50.7269174,7.0754563
50.750106100000004,7.0473424
50.7452938,7.0663172
50.7542174,7.0716042
50.7216966,7.0886798
50.7257472,7.1019929
50.7317209,7.10139
50.7322989,7.0997368
50.7320664,7.1003519
50.7328275,7.0985622
50.7361352,7.0972527
50.7354826,7.0953528
50.7376171,7.1009714
50.7377107,7.1025492
50.7373096,7.099528
50.7371809,7.1024949
50.7160853,7.1264473
50.7395001,7.1173936
50.7398101,7.1218145
50.7395124,7.1213626
50.7576385,7.0876273
50.4061218,7.1445014
50.4399873,7.2233914
50.3505599,7.2567208
50.3731169,7.2611954
50.3729804,7.2601128
50.3720872,7.2807683
50.3714262,7.2827218
50.3841851,7.3381141
50.4607803,7.2236294
50.5463152,7.1388981
50.5436932,7.1760608
50.5433325,7.176251
50.5566958,7.2178725
50.5445201,7.2496035
50.5178026,7.3116488
50.3496614,7.3914112
50.3487728,7.3910598
50.3931496,7.3907214
50.3922189,7.3910998
50.3997714,7.410108
50.4382249,7.4030649
50.4395181,7.400302
50.4347649,7.4016979
50.4376289,7.4014037
50.4518249,7.4254787
50.4492647,7.4347147
50.3591702,7.4619893
50.3592065,7.4619358
50.3981477,7.4617192
50.3706218,7.5214598
50.4185526,7.4494004
50.4142734,7.4598766
50.4301423,7.4626178
50.4288956,7.4615748
50.4284544,7.4606207
50.4275127,7.4586905
50.4275332,7.4587124
50.4273069,7.461466
50.4277552,7.4606299
50.4290256,7.4600469
50.4383872,7.4708156
50.4275781,7.4748454
50.438828,7.4785025
50.4246821,7.5442865
50.424193,7.5475464
50.423794,7.5487572
50.450245,7.5395941
50.4494398,7.5428554
50.4622792,7.4697829
50.4618197,7.4696706
50.4626203,7.4720189
50.5039364,7.4944483
50.472543,7.5005941
50.4734851,7.5010806
50.5413645,7.5168963
50.5399668,7.5129947
50.6073625,7.1564728
50.5785607,7.2309658
50.5779826,7.2333743
50.5942911,7.221155
50.6006044,7.2161283
50.6248185,7.1338161
50.6355412,7.158303
50.614358,7.2077772
50.6312896,7.2258475
50.6606915,7.1924662
50.6563124,7.2141351
50.5595852,7.2687451
50.568435,7.2807574
50.5712491,7.2884724
50.571252,7.2886466
50.6623986,7.3030669
50.6857478,7.1550861
50.6836918,7.1545594
50.6854424,7.1550701
50.6857548,7.15366
50.6830541,7.1530852
50.6838416,7.1524148
50.6652547,7.1732574
50.6832706,7.1567268
50.6950576,7.1615865
50.6957003,7.1616048
50.6947964,7.1820538
50.7135012,7.1655364
50.7142682,7.1636639
50.6741994,7.1951817
50.7435899,7.1512686
50.7434834,7.1511634
50.7447873,7.1739573
50.7595823,7.1678388
50.7599095,7.1703174
50.7290643,7.2197411
50.7093881,7.2761514
50.5924645,7.3472516
50.5923491,7.348609
50.6164961,7.3439217
50.642817,7.3533596
50.6594116,7.4203071
50.5893503,7.5310229
50.6460446,7.5244197
50.6655561,7.4243004
50.6664406,7.4260463
50.6890695,7.3966863
50.7285361,7.3703538
50.7124457,7.5496011
50.1084276,7.7259697
50.108433,7.7256003
49.9440753,7.7730687
49.9519435,7.8352266
49.9649815,7.8888437
49.9681847,7.8976942
49.9682946,7.8996911
49.9779519,7.9257729
49.9785811,7.9263227
49.9835,7.9657386
50.059998,7.7666628
50.0868297,7.7637643
50.0868515,7.7637964
50.1556956,7.5540718
50.231803,7.5868296
50.2321024,7.5927396
50.2316287,7.5899635
50.2252358,7.618305
50.1545403,7.7165439
50.1555339,7.7141263
50.2816465,7.6166039
50.2823807,7.6163224
50.2772976,7.6257086
50.2740473,7.6448641
50.3377402,7.5754372
50.3416648,7.570665
50.3416508,7.5706215
50.327917,7.596479
50.3276314,7.5966968
50.3459493,7.5883173
50.3016414,7.6049383
50.3041254,7.6037925
50.3060768,7.6035147
50.3462473,7.6195786
50.2539239,7.7273987
50.3334061,7.7167101
50.33402,7.715884
50.1646117,7.8105142
50.1998037,7.8572256
50.1996144,7.8541089
50.199492,7.8592125
50.2727814,7.835598
50.313491,7.7975748
50.3128445,7.7982622
49.9563374,8.0157722
49.9739315,8.0381241
49.9745744,8.0529457
49.9745874,8.0546066
49.9790595,8.0545772
49.975006,8.056645
49.9753164,8.0595001
50.0038501,7.9806296
50.0014208,8.005074
49.989585,8.0247507
50.0051357,8.0301447
50.00718,8.0333075
49.9443939,8.0784686
49.9955165,8.1154276
50.0193837,8.0973289
50.0203786,8.0953768
50.0245175,8.115826
50.0265866,8.1217805
49.9864652,8.1752192
49.9859059,8.1750995
49.9864815,8.1748602
50.0228288,8.1704048
50.1062408,8.0302317
50.0402271,8.081591
50.0608689,8.110292
50.0440946,8.159504
50.091622,8.1045185
49.9387353,8.1970923
49.9591736,8.1986963
49.959355,8.199202
49.9595161,8.1992572
49.960476,8.2804711
49.9624798,8.2803358
50.0037307,8.2132097
50.0031985,8.2121492
50.0220599,8.2271417
50.021011,8.2291083
49.9810535,8.2432696
49.9916964,8.2341815
49.981973000000004,8.245395
50.0004389,8.2476771
49.9922883,8.2611511
49.9874894,8.2763005
49.9939921,8.2785837
50.0004559,8.2611644
49.9999373,8.2633296
49.9981598,8.2700798
49.9948452,8.2671299
49.9981517,8.2692821
50.0029338,8.2608436
50.0007326,8.2629183
50.0023714,8.2655413
50.0013913,8.2675959
50.0007956,8.2685521
50.0015334,8.2653288
50.0016863,8.2677673
50.0026479,8.2702391
49.9981097,8.273049
49.9987414,8.2724766
50.0164711,8.2535702
50.0078298,8.2632235
50.0079646,8.2575395
50.016922,8.2753976
49.9294828,8.3119902
49.9807051,8.297809
49.9656106,8.3449989
49.9662621,8.3451456
49.9596173,8.378191
49.9601363,8.3803056
49.9972802,8.3242434
50.0076597,8.287832
50.0130648,8.2948273
50.007464,8.2995455
49.9918437,8.3838806
50.0108581,8.3531566
50.0111146,8.3525716
50.0111772,8.3511175
50.0446306,8.1965975
50.0444393,8.1995569
50.0434623,8.2120647
50.0724172,8.1944927
50.0730054,8.1940534
50.0809516,8.1995801
50.0664047,8.2244676
50.0775555,8.2208773
50.0854455,8.2260551
50.0804353,8.2299834
50.0414794,8.2394686
50.0717573,8.2423736
50.0758337,8.2384083
50.0773008,8.2386354
50.0772866,8.2422175
50.0762574,8.2383328
50.0768269,8.2401088
50.077517,8.2401557
50.080401,8.2425259
50.0823251,8.239948
50.0815173,8.2393759
50.0847799,8.2408243
50.0817641,8.2390218
50.0847515,8.2422685
50.0790375,8.2458807
50.0804845,8.2447001
50.0807912,8.2475298
50.0833969,8.280811
50.0838088,8.2818322
50.1014214,8.2652683
50.1016816,8.2655694
50.0552652,8.2991726
50.0426091,8.3242593
50.060884,8.3708571
50.0627714,8.3702668
50.1360308,8.3026531
50.1335706,8.3036598
50.1424074,8.0724911
50.2127167,7.9964355
50.2290334,8.0599338
50.2402191,8.0594297
50.144982,8.0764884
50.1398858,8.1418497
50.1434732,8.1535136
50.1434413,8.1627164
50.2679934,7.9742369
50.2675176,7.9762787
50.3052114,8.0679951
50.304582,8.0696575
50.3088418,8.1614286
50.3093183,8.160578
50.2207234,8.1999933
50.2207683,8.2000162
50.2209399,8.2682915
50.1600831,8.3159348
50.1615313,8.3138314
50.1395414,8.353622
50.1472257,8.3796785
50.3275784,8.1808598
50.3350924,8.2244683
50.297282,8.2618943
50.3005164,8.262974
50.2971642,8.2675704
50.2982311,8.2710501
50.3392851,8.2574872
50.3535535,7.5630144
50.3562844,7.5699481
50.3647255,7.5512302
50.3696536,7.5673578
50.3608993,7.5834775
50.3541557,7.5932488
50.3545168,7.5920336
50.3542423,7.592791
50.3582824,7.5923002
50.3586207,7.5942924
50.3595833,7.5947026
50.3569331,7.5931947
50.35703,7.5940467
50.3565872,7.5971074
50.3560781,7.5965781
50.3605607,7.5970822
50.3600331,7.5983743
50.3593202,7.596238
50.3588159,7.598253
50.3960916,7.5840582
50.3507641,7.6066578
50.3707043,7.6025587
50.3535231,7.6312883
50.3673896,7.6512152
50.3674911,7.6505847
50.3831496,7.6072267
50.3835909,7.624302
50.3993643,7.6129909
50.3995354,7.6131237
50.4248471,7.5719033
50.4231476,7.5755049
50.4274926,7.570895
50.3847269,7.7101967
50.3783882,7.7467935
50.4346835,7.6675012
50.497126,7.5531172
50.4663408,7.7263513
50.4668148,7.7264831
50.4677329,7.7268997
50.548161,7.6566976
50.5297931,7.7533023
50.5300109,7.7540952
50.4376623,7.826184
50.4362148,7.8309045
50.4356059,7.8296397
50.3525107,7.8966543
50.3502175,7.8949131
50.4501528,7.9105102
50.4701184,7.7923
50.4722265,7.7961964
50.4715347,7.7954442
50.4728421,7.7902914
50.4729325,7.799349
50.4832436,7.778488
50.4835857,7.7795435
50.4833747,7.7792412
50.57434,7.6240939
50.5744729,7.6244855
50.5981736,7.6107449
50.5981919,7.6109488
50.5749005,7.739579
50.5733962,7.7391492
50.5734848,7.7368425
50.7143789,7.5551904
50.7656968,7.6750441
50.6623405,7.8200112
50.6616523,7.8211048
50.6284104,7.8907524
50.6503231,7.9076139
50.6497717,7.9507363
50.6669895,7.8098026
50.7463845,7.8200511
50.7008241,7.8755839
50.7280008,7.8833152
50.7271057,7.8835516
50.7254296,7.9277576
50.7247429,7.9268741
50.3710225,8.0089199
50.3714546,8.0653692
50.3722286,8.0732393
50.3869755,8.0598382
50.3840854,8.0601933
50.3867847,8.0661239
50.386796,8.0626754
50.3859034,8.0618467
50.386543,8.0634536
50.3865235,8.0624894
50.3879298,8.0589402
50.3878878,8.0647837
50.3890177,8.0614923
50.410078,8.0354506
50.4112906,8.0360893
50.4093954,8.0359589
50.4167408,8.0599427
50.4160321,8.0592645
50.4422923,8.0404324
50.4482466,8.0457121
50.3668608,8.0913842
50.3751879,8.1204671
50.3751354,8.1209421
50.3899915,8.1008219
50.3913148,8.1011372
50.3649028,8.1635061
50.3641568,8.1639246
50.403671,8.0936008
50.417499,8.097346
50.4603515,7.973565
50.5038526,8.0281253
50.5040359,8.0240507
50.5391836,8.0480661
50.4585723,8.1209043
50.4580939,8.1227982
50.4972397,8.1158494
50.5074243,8.0913712
50.5074886,8.0915755
50.5083368,8.0898983
50.5244178,8.0951614
50.5095442,8.131353
50.5102334,8.1316856
50.5368293,8.1439566
50.5494205,8.1787473
50.3527991,8.1945572
50.3534666,8.1937144
50.39077,8.1905715
50.3910724,8.1921602
50.3946401,8.2035561
50.4318765,8.3763918
50.4848498,8.2589735
50.4867339,8.2596521
50.4813869,8.2837472
50.5080723,8.1916487
50.5110455,8.2704734
50.5110688,8.2714337
50.5493177,8.3574575
50.5464884,8.3607325
50.5619704,7.9692526
50.5633374,7.9702467
50.5621448,7.9696799
50.5636744,7.9712942
50.6082422,8.0666823
50.7582325,8.0558329
50.7460907,8.0793379
50.724271,8.1368931
50.7239735,8.1363626
50.609029,8.2431776
50.6329279,8.1835523
50.5814537,8.2979823
50.5803705,8.2972528
50.5983664,8.3827223
50.6531636,8.3292012
50.6534179,8.3281898
50.6880298,8.1950485
50.6877737,8.1942717
50.6704324,8.3065994
50.6814681,8.3047259
50.6813178,8.3041673
50.6863628,8.3663037
50.6989758,8.3438799
50.6920399,8.382837
50.7396639,8.2891807
50.7399159,8.290413
50.7383665,8.2919434
50.7343088,8.3436615
50.7678645,6.724003
50.7999653,6.7665525
50.7998331,6.7652943
50.8000064,6.770208
50.838857,6.7409619
50.8593752,6.7543557
50.8243063,6.7674192
50.8247467,6.7676992
50.8411344,6.7886749
50.7952124,6.9119401
50.8708958,6.8677137
50.8280754,6.8964851
50.8279583,6.8959445
50.8285579,6.9049789
50.8287954,6.9046014
50.8272758,6.904604
50.8265409,6.9044305
50.8307003,6.9054862
50.8280467,6.9021465
50.8428769,6.8944381
50.8628545,6.8837879
50.9097872,6.8083967
50.9099724,6.8109562
50.9099889,6.8128034
50.9100527,6.8138775
50.9678919,6.7499014
50.9660145,6.7500711
50.936445,6.7730286
50.957577,6.7663612
50.9613856,6.7810314
50.9589098,6.7813519
50.8901012,6.8352837
50.9001411,6.8163428
50.8792386,6.8768114
50.8798187,6.8755009
50.8811013,6.8916699
50.8796931,6.8895748
50.894875,6.9022092
50.9421126,6.834015
50.9323864,6.8543504
50.9662752,6.8339333
50.9733221,6.866557
50.9259625,6.8972756
50.9370422,6.8965251
50.9374348,6.8997776
50.9369779,6.8988734
50.9285612,6.9113459
50.9290571,6.9125192
50.9292567,6.9121632
50.9302881,6.9147792
50.9304213,6.9168089
50.9493861,6.9177017
50.9481728,6.9202781
50.9486672,6.9197992
50.9557498,6.8805231
50.9588887,6.8980421
50.9575357,6.9010473
50.953704,6.9198855
50.7767515,6.9222674
50.7746543,6.9271704
50.8129454,6.9800234
50.8136628,6.9801776
50.8063615,7.0172802
50.8222281,6.9782069
50.8228934,6.9784044
50.7715456,7.0444908
50.7901812,7.0425453
50.7917196,7.0444162
50.7757961,7.0722959
50.8133699,7.0365068
50.7749289,7.0920768
50.8003965,7.1285278
50.8005334,7.1288098
50.8303001,7.0293777
50.8291178,7.1177342
50.827559,7.1179875
50.8583386,7.0936746
50.8765505,6.9592871
50.8754203,6.956727
50.9103871,6.9412056
50.9099996,6.94159
50.9166189,6.9257708
50.9166902,6.9262783
50.9169083,6.9253173
50.9095998,6.962694
50.921325,6.957875
50.9221847,6.9595873
50.9213681,6.9602519
50.8930288,6.9962963
50.8920064,6.9968704
50.8921308,6.9935535
50.8929847,6.9939892
50.8931615,6.9947423
50.9166017,6.9908734
50.9166053,6.989923
50.92883,6.9415268
50.9362041,6.9386295
50.9314107,6.9375736
50.9373072,6.9394946
50.9354109,6.9409484
50.9472443,6.9225225
50.9386791,6.9390907
50.9410608,6.940493
50.9389205,6.9464874
50.9358539,6.9494867
50.9361185,6.9591152
50.9362293,6.956018
50.9424138,6.9510449
50.9379781,6.9496497
50.9391393,6.9515085
50.9427007,6.9470374
50.9422997,6.9507265
50.9390042,6.9500743
50.9395569,6.9527072
50.942839,6.9541466
50.942673,6.9569413
50.9383437,6.9571212
50.9505419,6.9562633
50.9388893,6.9603359
50.9389904,6.9621738
50.9443963,6.9608014
50.9574179,6.9236134
50.9514095,6.9572991
50.9511903,6.9568126
50.962185,6.9540567
50.9629445,6.9543079
50.9625637,6.9539923
50.963226,6.9538064
50.9645408,6.953466
50.9368526,6.9775359
50.937864,7.003894
50.933177,7.0207985
50.9379149,7.0015697
50.9378977,7.0017902
50.938404,7.0051414
50.9649165,6.9765053
50.9619987,7.0051497
50.9631082,7.0046089
50.9607417,7.0063925
50.9607861,7.0067978
50.9617862,7.0060601
50.9703777,7.0088359
50.8979541,7.0296389
50.8842835,7.0566919
50.8825455,7.057322
50.883341,7.0592683
50.8842698,7.0583488
50.8840944,7.0587601
50.8857619,7.0585278
50.9111978,7.0528914
50.8816274,7.0810725
50.8825169,7.0800822
50.9217761,7.0813502
50.9222671,7.0851912
50.9203044,7.0975108
50.9429209,7.0455115
50.9347566,7.061611
50.9453845,7.077563
50.9703639,7.0468837
50.9702759,7.0466157
50.9767882,7.0722507
50.9574779,7.1256792
50.9917537,6.7370962
51.0191006,6.759358
50.9811005,6.7863786
50.9981489,6.8026077
50.9991271,6.7986866
50.9982456,6.803152
50.9976496,6.8029277
50.9985849,6.8026949
51.0033079,6.8115219
51.0776746,6.7796861
51.0243959,6.8162338
51.0141911,6.8530852
51.0137844,6.8544116
50.9992756,6.8790998
50.9996962,6.8802781
51.0117534,6.9065571
51.0216619,6.897402
51.0221614,6.8978076
51.0629792,6.8611618
51.0613939,6.9168982
51.0624369,6.9202049
51.0936913,6.760635
51.0982843,6.8095779
51.1192773,6.7677043
51.17934,6.7149254
51.1647232,6.7597796
51.1771088,6.7412469
51.1791302,6.7415558
51.1694448,6.8128262
51.0938004,6.8416944
51.0924177,6.8433285
51.090673,6.8436667
51.1204174,6.8469589
51.1214678,6.8465196
51.0945079,6.8898227
51.0928763,6.8883985
51.1170788,6.8847265
51.1541625,6.8664578
51.1756015,6.833592
51.1754468,6.8370364
51.1785939,6.8573357
51.1433268,6.8963068
51.1624436,6.8732535
51.1646828,6.8743601
51.1624008,6.8739368
51.1652573,6.8743644
51.1760877,6.8714252
50.9803624,6.9483952
50.989219,6.9614844
51.0252366,6.9588342
51.0252174,6.958801
51.0022098,6.9793537
51.0505756,6.9487296
51.032038,6.9845065
51.032102,6.984823
51.0306287,6.9844325
51.0332433,6.9871709
51.0322606,6.9882054
51.0321614,6.9863771
51.0462735,6.9918473
51.031505,7.0089974
51.0317295,7.0159225
51.0602751,7.0036315
51.0631305,7.002695
51.0652358,7.0037849
50.9805123,7.0300669
51.0004661,7.0391126
50.9989156,7.0415802
50.9890998,7.0879429
50.9896912,7.0892492
50.9991735,7.0999558
50.9900517,7.1247673
50.9910504,7.1268097
50.9914014,7.1260124
51.0148346,7.0803361
51.0159361,7.0810771
51.0300882,7.0317154
51.0344629,7.0506598
51.035004,7.0494023
51.0503523,7.0631649
51.061392,7.029657
51.0612174,7.0288647
51.0640802,7.0468346
51.0778623,7.0343256
51.0775325,7.0344035
51.0652151,7.0553069
51.0650149,7.055777
51.0315748,7.1124832
51.0318965,7.1141199
51.0820086,7.1173804
51.1074225,6.9491471
51.1082248,6.9490238
51.1077855,6.9488927
51.1124189,6.9528626
51.1087671,6.9492072
51.0852273,6.9733125
51.1064208,7.0152817
51.1054134,7.0143455
51.1669471,6.9330036
51.1679198,6.9323313
51.1675162,6.9336943
51.1690829,6.9348279
51.168155,6.9366193
51.1696124,6.935542
51.1806119,6.9265613
51.1413593,7.0133636
51.1601397,6.9996874
51.1509185,7.0213137
51.1606929,6.9998997
51.1616881,7.000214
51.0828595,7.116777
51.0820609,7.1188744
51.1162915,7.1105861
51.1161568,7.1117137
51.1528766,7.0646441
51.182736,7.0435662
51.1847939,7.0450325
51.1728593,7.0833658
51.1720552,7.0830415
51.1725604,7.0832647
51.1719496,7.0834282
51.17301,7.085665
51.1693762,7.0844925
51.1746847,7.085082
50.7741604,7.1813701
50.78995,7.1628495
50.8026794,7.1507594
50.8197805,7.1484311
50.815797,7.1552308
50.8151646,7.1555893
50.8141419,7.1514067
50.8149606,7.1570621
50.7801044,7.1850719
50.779124,7.1915874
50.779687,7.1914168
50.7837355,7.194204
50.7930887,7.2085167
50.7724057,7.2113384
50.7758965,7.2148776
50.7956183,7.2050729
50.794466,7.203458
50.7975018,7.2080028
50.798594,7.207978
50.7978364,7.2090855
50.7982764,7.2102936
50.8070376,7.2303753
50.8394453,7.2089302
50.8410386,7.2121282
50.771886,7.2687644
50.7739645,7.2864165
50.801974800000004,7.2606004
50.8007591,7.2624632
50.7711062,7.2947382
50.8410595,7.3341441
50.842851,7.3359231
50.8707274,7.323708
50.8976772,7.182755
50.8982876,7.1827818
50.8987009,7.1832441
50.9139154,7.1965543
50.9253596,7.1769906
50.9619277,7.148009
50.9638857,7.1622281
50.9655673,7.1603582
50.9653157,7.1817825
50.9473166,7.2170151
50.9671697,7.1866664
50.8891962,7.2513202
50.8903895,7.2522314
50.9390071,7.2577269
50.9326632,7.2828653
50.9324354,7.2836316
50.9609478,7.2391965
50.960803,7.2390062
50.9332113,7.3235675
50.9326899,7.3224899
50.9605217,7.3178598
50.8149866,7.3779915
50.7703381,7.4504024
50.7698637,7.449967
50.8426387,7.4805146
50.9057993,7.4080057
50.9056892,7.4076303
50.9755289,7.3682332
50.9036547,7.5408425
50.9042251,7.5422768
50.9035457,7.5410656
50.94201,7.4582036
50.9479601,7.5482446
50.9492699,7.5471219
50.9499747,7.5486366
50.9631336,7.5035023
50.9631362,7.5046478
50.9820496,7.1373657
50.9816745,7.1374741
50.9916452,7.1316956
50.9995578,7.1322273
50.9889907,7.157988
50.9871521,7.1915482
50.9867841,7.1919357
51.0110367,7.2194547
51.0118932,7.2221437
51.0384343,7.2105461
51.0400675,7.2097105
50.9902603,7.2804094
51.0196993,7.2443039
51.0534113,7.2676442
51.0536588,7.268339
51.1029621,7.1555118
51.1026383,7.1549154
51.0915406,7.1869209
51.1393645,7.2127022
51.1415786,7.2143633
51.1412654,7.2137951
51.1450367,7.2284109
51.1733808,7.2074495
51.1731585,7.2087299
51.1799957,7.1948
51.1786011,7.1902907
51.1810062,7.1857906
51.1813307,7.1854921
51.1814891,7.1846432
51.181002,7.1878597
51.1810744,7.1929542
51.1750864,7.2213067
51.1485784,7.3166801
50.9780739,7.3703698
51.0207222,7.3763489
51.0183923,7.3769431
50.9872448,7.4104051
50.9871041,7.410554
50.9871356,7.4092887
51.0444074,7.4242578
51.0456982,7.4265065
50.995536,7.463874
50.9962132,7.4658621
51.0039633,7.4526973
51.0240897,7.5297887
51.1174857,7.3984849
51.1175576,7.3980386
51.1157625,7.3927444
51.1504214,7.3427816
51.1493987,7.3436137
51.1507525,7.3438988
51.150739,7.3424448
51.1505688,7.3426035
51.0842265,7.5310257
51.0828533,7.530176
51.1109848,7.5087907
51.1108164,7.5078895
51.1844738,7.493553
51.2033913,6.7128121
51.2069115,6.7386591
51.2325788,6.7209897
51.2316985,6.7500925
51.2311067,6.753129
51.2317051,6.7516374
51.2307651,6.7529985
51.1970086,6.7678271
51.2107442,6.7686731
51.2084596,6.7743505
51.2042749,6.7801418
51.2074913,6.7769026
51.2198743,6.7750943
51.2229252,6.7746787
51.21865,6.7792927
51.214104,6.7765996
51.2187842,6.7796329
51.2190666,6.7855085
51.217893,6.7891476
51.2225099,6.7821708
51.2228534,6.7780582
51.2228384,6.7767106
51.2245576,6.7811707
51.2206876,6.7817293
51.2206189,6.785149
51.2239763,6.7835005
51.2273067,6.7765174
51.226796,6.7804158
51.2283124,6.7890655
51.2275944,6.7860737
51.2265116,6.7866674
51.2386717,6.7797701
51.2359103,6.7818018
51.2196496,6.7966281
51.2160811,6.8025637
51.2211419,6.7924198
51.2215851,6.79191
51.2206,6.7905117
51.2146594,6.8051382
51.228937,6.7915739
51.2284353,6.7908716
51.2305809,6.8004319
51.2389662,6.8021765
51.2383829,6.8012342
51.2282799,6.8143475
51.2372344,6.8046879
51.2428071,6.7215132
51.2451755,6.7364145
51.2469787,6.72684
51.2599248,6.7538353
51.2728529,6.7454116
51.2399083,6.7719376
51.2423106,6.7706826
51.2518284,6.7667507
51.2523586,6.7671181
51.2491797,6.7740381
51.2410023,6.7822257
51.2408513,6.7817513
51.2521264,6.7819907
51.2585078,6.7791493
51.2458411,6.7899803
51.2474009,6.8021931
51.2625872,6.8126007
51.2624346,6.8130062
51.2718345,6.7740991
51.1886121,6.8182688
51.2005032,6.8384969
51.1987089,6.846672
51.2089945,6.859925
51.2370891,6.8586002
51.2373638,6.859625
51.2045178,6.8942033
51.2009584,6.9140565
51.2209549,6.9068503
51.221054,6.9034637
51.2415455,6.8263964
51.301228,6.7372955
51.3014306,6.7399393
51.3221296,6.7404557
51.3311249,6.7868526
51.3753578,6.7608758
51.3757331,6.7589863
51.3638157,6.7788605
51.3649747,6.7785282
51.3928658,6.7920064
51.3923095,6.7976118
51.2965143,6.8480286
51.296503,6.848388
51.296277,6.8472773
51.2968196,6.8497851
51.2971292,6.8501276
51.2973156,6.8489287
51.3327949,6.8304133
51.3348335,6.8332555
51.3290774,6.9079006
51.2077299,6.9565067
51.2077364,6.9552925
51.2073518,6.9573753
51.2039468,6.9691104
51.2195027,6.9438272
51.2136561,6.9616203
51.1924022,7.0117196
51.1920786,7.0101628
51.1927951,7.0106662
51.2480307,6.9720625
51.256468,6.9526169
51.251798,6.9786753
51.2496406,6.9790689
51.2513733,6.9781389
51.2507887,6.9795634
51.2508446,6.9807855
51.219601,7.0640157
51.230384,7.0686619
51.2314084,7.070381
51.2047628,7.1295535
51.2349043,7.0814375
51.2384671,7.1015013
51.2613342,7.0552471
51.2808534,7.0347892
51.2542614,7.1014234
51.2712943,7.1241803
51.3250607,6.9432768
51.3259161,6.9697073
51.3324832,7.0252593
51.3636926,6.9390182
51.3882312,7.0015333
51.3882036,7.0023778
51.3877318,7.0020226
51.3132636,7.0672647
51.3433582,7.0356805
51.3363141,7.0491621
51.3405109,7.042998
51.3393079,7.0438676
51.3401075,7.0420662
51.3391038,7.0483619
51.3387529,7.0477887
51.3380561,7.0476397
51.3410157,7.0451882
51.3091141,7.0880309
51.3530253,7.1214697
51.3510792,7.1173449
51.391862,7.081215
51.4085817,6.7154745
51.4088914,6.7162997
51.4111381,6.7195582
51.4023168,6.7628504
51.4187744,6.7538632
51.432922,6.7626385
51.4334855,6.7614893
51.4170257,6.7639523
51.4337849,6.7651903
51.4334988,6.7641517
51.4313521,6.7657346
51.433430799999996,6.7644992
51.432066,6.7715527
51.4311423,6.7729467
51.4416852,6.7685965
51.4380585,6.7803211
51.4554916,6.7344685
51.4522719,6.7309529
51.4545768,6.7352696
51.4660191,6.7285943
51.4643153,6.7329218
51.4878803,6.7511361
51.4673896,6.7723441
51.4683003,6.7812885
51.4910751,6.7716213
51.4901458,6.7705705
51.4905726,6.7720701
51.4936989,6.7744673
51.4961671,6.8000631
51.4054176,6.8740496
51.4045522,6.8754058
51.4047312,6.875162
51.4169065,6.9032317
51.4264581,6.879871
51.4270719,6.8806416
51.4280215,6.881501
51.4290273,6.8815323
51.4275497,6.8862231
51.4283409,6.8828593
51.4306572,6.8859013
51.4363857,6.8859616
51.4343171,6.9178391
51.4435333,6.9034946
51.4618687,6.8341238
51.470019,6.8518949
51.4688595,6.8532552
51.4690512,6.8535335
51.4702094,6.8532737
51.4690975,6.853024
51.4682473,6.8556862
51.4687549,6.8557716
51.46891,6.8556917
51.4687334,6.8557499
51.4687319,6.8557956
51.4806947,6.8365914
51.4566008,6.8871832
51.5004403,6.8865943
51.4759218,6.9115679
51.5264722,6.7424159
51.5254772,6.7430543
51.5263994,6.7421469
51.5514172,6.7464515
51.5124681,6.7749752
51.5239963,6.7868134
51.5650141,6.7355513
51.5623841,6.7355423
51.5623059,6.735179
51.562778,6.739306
51.5633867,6.7418514
51.578699,6.7399609
51.5615594,6.7633496
51.5650736,6.7753958
51.5158668,6.847754
51.5146198,6.846421
51.5159011,6.8482106
51.5159016,6.847709
51.5154071,6.8468597
51.516131,6.8495384
51.5159369,6.8533004
51.5422655,6.8189486
51.5431366,6.8196862
51.5465736,6.8529365
51.5033414,6.8862766
51.5015184,6.8851209
51.515881,6.8721589
51.5298655,6.8929265
51.5748635,6.8973756
51.420962,6.960602
51.4263895,6.9439862
51.4130043,6.9930839
51.41188,6.9941765
51.4106863,6.9939123
51.4415984,6.9967846
51.4359335,7.0052381
51.434474,7.0043549
51.4349256,7.0048998
51.4346778,7.0044082
51.4372345,7.0055931
51.4374845,7.0065329
51.4474601,7.0040381
51.4486727,7.0068376
51.4419151,7.0173444
51.4420559,7.017029
51.4496763,6.9720861
51.4744287,6.9522065
51.4738946,6.9505172
51.475925,6.9530967
51.4497486,6.9744234
51.4496317,6.9825004
51.4609197,6.9799921
51.4534599,7.0097709
51.4533734,7.0109137
51.4550865,7.0101284
51.4535532,7.0101245
51.4550287,7.0118901
51.45781,7.0118044
51.4559585,7.010256
51.4521446,7.0125418
51.4544724,7.0157078
51.4528255,7.0131894
51.4790538,7.0030208
51.4947543,7.0075135
51.4968541,7.0082814
51.498806,7.0081824
51.4958859,7.0083655
51.4994242,7.0081337
51.4213688,7.0261256
51.4036505,7.06626
51.4044123,7.0648254
51.4296952,7.07576
51.4296853,7.0759898
51.4293952,7.0749501
51.4482436,7.0754686
51.4462802,7.0772308
51.4480567,7.0762384
51.4485657,7.0772614
51.4167454,7.1214456
51.4169914,7.1214027
51.4369036,7.1035385
51.4506185,7.0315871
51.4606607,7.0485037
51.4752245,7.0373307
51.4765738,7.0377151
51.4855038,7.0637284
51.4515868,7.0999252
51.4667581,7.0803376
51.4880415,7.0849183
51.4807789,7.1117633
51.4993867,7.1204034
51.5003462,7.119166
51.5224323,6.9267465
51.5220023,6.9228891
51.5215999,6.9234768
51.5218236,6.9282349
51.5240589,6.9278711
51.5473767,6.9374886
51.5225698,7.0093805
51.5310023,7.0234322
51.5371734,7.0226118
51.5743542,6.9890727
51.592142,7.0206991
51.5085035,7.0770057
51.5208628,7.0623802
51.5387294,7.0260304
51.5520662,7.0448666
51.5521158,7.0443386
51.5461581,7.0626764
51.5085815,7.0781369
51.5057073,7.1029509
51.5063814,7.1012859
51.5068364,7.1025314
51.5109087,7.0939087
51.5114338,7.0935466
51.5098296,7.0964612
51.5098724,7.0957325000000004
51.5098507,7.096962
51.5119583,7.09463
51.5090932,7.0985905
51.5198465,7.0898192
51.5220526,7.1030169
51.5129297,7.1077803
51.5260187,7.1060495
51.515334,7.1221856
51.5181459,7.1218426
51.5297184,7.0821765
51.5617648,7.0257353
51.569647,7.0462533
51.5791386,7.0543329
51.5770214,7.0554812
51.5780772,7.0550699
51.5771231,7.0548204
51.5772426,7.0545409
51.5974508,7.0510283
51.5591236,7.079791
51.5607299,7.0901534
51.5580043,7.0931967
51.5692013,7.080424
51.5792204,7.1101432
51.6010435,7.0888635
51.5808991,7.1072834
51.20474,7.130496
51.1919087,7.1713109
51.226454,7.2002491
51.2264901,7.2010923
51.2455388,7.1432925
51.2522915,7.1328787
51.2534123,7.1326937
51.2524695,7.1338067
51.2565334,7.1414843
51.2551059,7.1428074
51.261674,7.138201
51.2562633,7.1443835
51.2583783,7.1467848
51.2571444,7.1437819
51.257695,7.1445266
51.2555328,7.1491201
51.2558553,7.1487388
51.2594292,7.1454214
51.2622423,7.1479506
51.2637104,7.1565277
51.2578109,7.1660557
51.2676997,7.1484679
51.2786603,7.162131
51.2688946,7.1956907
51.2732337,7.187396
51.2710541,7.1995104
51.2711629,7.1997655
51.2688852,7.1973407
51.2708092,7.2006955
51.2724273,7.2055771
51.2797275,7.1905944
51.2892763,7.1870807
51.2744779,7.2152553
51.2750872,7.2209321
51.2713223,7.2231694
51.2828622,7.2154883
51.1907071,7.2562319
51.1887746,7.2559539
51.2751026,7.2468627
51.2899206,7.2352144
51.2487222,7.2921228
51.2840442,7.2923713
51.2844843,7.2913178
51.2850431,7.2951786
51.2847232,7.2961696
51.2867521,7.2929303
51.2990035,7.2066853
51.3927,7.1821805
51.3941475,7.2169622
51.3349283,7.2809921
51.2983078,7.3196985
51.3232416,7.3282548
51.3196484,7.339575
51.3186381,7.3339475
51.3182422,7.3342678
51.365257,7.2463465
51.3513458,7.3330839
51.2018738,7.3595117
51.2032383,7.3602665
51.2026138,7.3612453
51.1876844,7.5024434
51.1870558,7.5021026
51.2605063,7.4660519
51.2405087,7.5294829
51.299656,7.3487907
51.3075545,7.386981
51.3196468,7.3406269
51.3202583,7.3426118
51.346027,7.424893
51.347269,7.4214882
51.3831416,7.4293471
51.3585857,7.4689872
51.367609,7.4698129
51.3473507,7.4947033
51.3579277,7.4732719
51.3593794,7.4731386
51.3577486,7.4741208
51.3573616,7.4728036
51.357661,7.4727342
51.3717066,7.4642249
51.3957893,7.4703129
51.3963461,7.4705081
51.3955415,7.469906
51.3533423,7.5033133
51.361676,7.5055236
51.3852818,7.5358406
51.4032596,7.1336743
51.4036338,7.1336879
51.3988325,7.181685
51.3989173,7.1808142
51.3978629,7.182022
51.4100516,7.1637507
51.4217756,7.163926
51.4268548,7.1431574
51.4274769,7.161935
51.4292659,7.1659873
51.4288892,7.1653835
51.4407896,7.1585292
51.4468526,7.1689892
51.4009014,7.1868246
51.4005284,7.1854091
51.4009031,7.1844804
51.3989281,7.1848516
51.4005266,7.1867936
51.4118954,7.2007267
51.4056418,7.2270019
51.4404773,7.2126669
51.4410104,7.2135269
51.4491446,7.1479395
51.4652004,7.1514606
51.4573127,7.1756396
51.4808395,7.1355089
51.4806226,7.1357935
51.4806253,7.136506
51.4804242,7.1395537
51.4803835,7.1381019
51.497911,7.1332133
51.4801222,7.161292
51.4514796,7.1924515
51.4529329,7.1925273
51.4622695,7.2028341
51.4508289,7.2159368
51.452517,7.2323878
51.4639899,7.2123295
51.472763,7.216246
51.4708953,7.2195074
51.472986,7.217342
51.4700674,7.2276475
51.4768241,7.1920184
51.4805886,7.2084861
51.4910766,7.1988466
51.4804903,7.2162673
51.4809482,7.2183833
51.4805029,7.219281
51.4798756,7.2163374
51.4785019,7.2170249
51.4796901,7.2196632
51.4815701,7.2183271
51.4793854,7.2217201
51.4857173,7.2146984
51.4825068,7.2161591
51.4818198,7.2189279
51.4834683,7.2172125
51.4916679,7.2134699
51.4883976,7.2336482
51.4996556,7.2286104
51.4224164,7.2812335
51.4279512,7.2468752
51.4480874,7.258774
51.423266,7.2814283
51.4234911,7.2819846
51.4204241,7.3380808
51.4376947,7.3126972
51.4414123,7.3117209
51.4363105,7.3322945
51.4373805,7.3315478
51.4373595,7.3374831
51.4379506,7.3336395
51.4391729,7.3366858
51.4391602,7.3373499
51.4375125,7.3362097
51.4548984,7.2478927
51.4638445,7.2369586
51.4548304,7.2687121
51.4705023,7.2684381
51.4929097,7.2481615
51.4631359,7.3079066
51.4702538,7.3085232
51.4520987,7.3251768
51.4713561,7.3198734
51.4738447,7.324927
51.4723526,7.3224125
51.4761471,7.3026531
51.4913228,7.3062179
51.4922401,7.3099415
51.5128506,7.1564871
51.5146215,7.1791642
51.5149528,7.1794241
51.530301,7.1595656
51.5310631,7.1599894
51.5296079,7.1590047
51.5333384,7.1578126
51.5023108,7.1885683
51.5369309,7.2261971
51.5386776,7.2245691
51.5355031,7.2258681
51.5397984,7.223548
51.544836599999996,7.2164673
51.5424047,7.2205761
51.5408198,7.2226092
51.5409693,7.223646
51.5928922,7.139214
51.583702,7.1478436
51.5832145,7.1462722
51.5945171,7.1404708
51.6021561,7.1526353
51.6017401,7.1527235
51.5602492,7.1886083
51.5633773,7.2077715
51.5744433,7.1847709
51.5781177,7.1997264
51.5604454,7.2303089
51.5714109,7.2123662
51.580181,7.2311211
51.5049346,7.2643283
51.5194647,7.2789149
51.5395067,7.256251
51.5491946,7.3080942
51.5479417,7.3109897
51.5477559,7.3120676
51.5488814,7.3121611
51.5420954,7.332492
51.5547244,7.3124206
51.5849311,7.3137419
51.5996878,7.3113692
51.590124,7.3360968
51.5927053,7.3387547
51.3993267,7.3476985
51.3996805,7.3474283
51.445893,7.3712822
51.4473258,7.3758956
51.3977951,7.4308848
51.3977721,7.42684
51.3975378,7.4283913
51.4007202,7.4312976
51.4174207,7.422741
51.4502144,7.3995973
51.4993342,7.4059511
51.4756339,7.4375316
51.4754209,7.439797
51.4756265,7.4419589
51.4228555,7.5289024
51.4582089,7.4563901
51.4695948,7.4917577
51.4751972,7.5093913
51.4639537,7.5243914
51.4654001,7.5246065
51.4882381,7.4993353
51.4887323,7.5001851
51.4903812,7.5018783000000004
51.4889312,7.5039255
51.4778545,7.5353703
51.4970774,7.5379731
51.5131295,7.4243884
51.512471,7.4234522
51.5307845,7.4139696
51.5320252,7.4145987
51.5707444,7.3801682
51.5702848,7.3823326
51.5967041,7.4403671
51.5141291,7.4595954
51.5137836,7.4638712
51.511879,7.4633149
51.5128045,7.4668648
51.5144806,7.4706396
51.5122347,7.4667763
51.5149231,7.4605258
51.5221076,7.4647095
51.5131878,7.4807048
51.5151673,7.4738618
51.5286005,7.4615655
51.5491876,7.4622765
51.5495218,7.4629398
51.5162436,7.5091686
51.5207601,7.5224722
51.52375,7.5443617
51.5237015,7.5485396
51.5236714,7.5492731
51.5491985,7.5294373
51.5522892,7.5445527
51.5546273,7.4764083
51.5692468,7.5185001
50.7981944,7.6084459
50.797686,7.6087635
50.8006586,7.6079572
50.7813916,7.7355008
50.8179029,7.7413609
50.8642764,7.7285923
50.8749071,7.6150084
50.8753826,7.6155299
50.8767105,7.6157491
50.8786325,7.6230124
50.8850743,7.6225287
50.8941897,7.653648
50.9457567,7.581052
50.9459468,7.5803651
50.9274355,7.6417782
50.8945634,7.6550022
50.7912637,7.8691024
50.7883838,7.8748382
50.7879717,7.8737836
50.7887324,7.8740955
50.8074088,7.8813015
50.8069735,7.8787489
50.8557082,7.8755321
50.8570745,7.8801901
50.864628,7.9028148
50.8658181,7.9031072
50.8260634,7.9482138
50.9027952,7.8086802
50.8959791,7.8732196
50.8981775,7.8773037
50.8828639,7.9688375
50.9392534,7.8910338
50.9620939,7.9013981
51.0086961,7.5720777
51.0054907,7.5727252
51.028597,7.5682069
51.0247753,7.5676868
51.0282344,7.567979
51.0258364,7.5668635
51.0273096,7.5648951
51.0247752,7.5683983
51.0282647,7.5646102
51.0236044,7.6001208
51.008553,7.6255945
51.0532345,7.6260714
51.0335043,7.6412514
50.9879798,7.6938974
50.9869093,7.6947378
51.0310513,7.6908482
51.0305101,7.6900434
51.107098,7.6386951
51.106574,7.6402448
51.137207600000004,7.5869207
51.1358891,7.5857031
51.1201451,7.7506912
51.1201585,7.7528156
51.0228717,7.7780051
51.0236869,7.7766866
50.9852185,7.8472224
51.0278719,7.8429059
51.0258292,7.8434684
51.0283018,7.8451598
51.0798262,7.7980521
51.1745137,7.8579478
51.1125841,7.8770405
51.1130176,7.8775033
51.1258297,7.9015372
51.1271063,7.9034026
51.1260075,7.9060232
51.1258,7.9081276
51.1326518,7.9090919
51.1332138,7.9107694
51.1433748,7.9104821
51.1732903,7.9655184
50.78965,8.0001266
50.7901859,8.0021159
50.7945759,8.0112742
50.8445557,7.9695845
50.834924,7.9878012
50.8377429,7.9881624
50.8719548,8.0169334
50.8688398,8.0170789
50.8284499,8.0400056
50.8178759,8.1070411
50.8174392,8.107347
50.851957,8.0902564
50.8518267,8.092366
50.8768518,8.0188036
50.873139,8.0188068
50.8764101,8.0181139
50.8740528,8.0191957
50.8760059,8.0179019
50.9145071,8.0091927
50.8756645,8.0263214
50.8951923,8.0259039
50.8948444,8.0275759
50.8969287,8.0256106
50.8940155,8.0520528
50.9134852,8.0546974
50.9126184,8.056871
50.9584786,7.977194
50.9692769,7.9910742
50.9117882,8.1024537
50.8818418,8.1438731
50.8830234,8.1448075
50.8130097,8.3395508
50.91463,8.3519818
50.9412381,8.3260597
50.9415555,8.326759
51.0436506,8.0035578
50.996311,8.1084702
50.9966116,8.1074488
51.0958031,8.0215034
51.1044358,8.0733696
51.1053104,8.0726237
51.1210078,8.0511634
51.1358695,8.0144562
51.1370476,8.0149712
51.1652125,7.9841408
51.0869112,8.0934693
51.0870095,8.1205734
51.0854788,8.1206474
51.1174657,8.1645015
51.1742283,8.1220739
51.0538104,8.2881717
51.0346164,8.3518278
51.1499985,8.2833374
51.1505195,8.2849839
51.1646672,8.3110625
51.2119252,7.643441
51.2170208,7.6282425
51.2177326,7.6292424
51.2175173,7.6312638
51.2165764,7.6284895
51.2172617,7.6284227
51.2145871,7.6305504
51.2576906,7.5803709
51.2555493,7.6634094
51.259265,7.757869
51.3371719,7.6351172
51.3502866,7.5707029
51.3601419,7.5637603
51.3604145,7.5651038
51.3653006,7.612928
51.3652112,7.6165369
51.2977035,7.6734659
51.3057523,7.728828
51.300987,7.7569905
51.3002951,7.755781
51.3296479,7.7362414
51.3322487,7.735025
51.3668102,7.6653064
51.3673966,7.6667024
51.3748336,7.7012106
51.3745476,7.701466
51.3737834,7.7024241
51.3879512,7.6932608
51.3731697,7.721504
51.2365728,7.7626202
51.2371726,7.7622819
51.2024228,7.8542687
51.2035995,7.8538599
51.2581141,7.7618231
51.2563162,7.7631091
51.2820578,7.783828
51.281908,7.781977
51.2815539,7.7833426
51.2744986,7.8595146
51.2130691,7.8748196
51.2140015,7.8724252
51.2132869,7.8755857
51.232105,7.8713
51.2330635,7.8697291
51.2308862,7.8824667
51.284204,7.951248
51.3171991,7.830539
51.3175686,7.831114
51.3303955,7.8641432
51.3316104,7.8637306
51.376742,7.761936
51.3816784,7.7676719
51.3773361,7.8009542
51.3556757,7.8955777
51.4416334,7.564846
51.443259,7.5647893
51.4348395,7.5918994
51.4408759,7.6527083
51.4402771,7.6532691
51.4933546,7.5565797
51.4930233,7.5572369
51.4777165,7.5981477
51.4781775,7.5995264
51.4982601,7.6157505
51.5011439,7.6162954
51.3967933,7.6928051
51.457375999999996,7.7590436
51.5055338,7.5704344
51.5324246,7.6109582
51.538337,7.6477665
51.5395731,7.6535828
51.5593963,7.5960083
51.560501,7.5976844
51.5931691,7.5497641
51.5264973,7.6816916
51.5331025,7.6870535
51.5334467,7.6884557
51.534382,7.6865553
51.5375562,7.6900274
51.5370511,7.6912741
51.5378049,7.6912949
51.53723,7.69137
51.5344963,7.6886004
51.5351908,7.689402
51.5565755,7.6856392
51.5926206,7.664237
51.5966564,7.7453907
51.5965497,7.7465494
51.5988043,7.7586229
51.5984984,7.759423
51.4335462,7.7630955
51.4350483,7.7988421
51.440376,7.7909041
51.4389882,7.7910514
51.4362824,7.7985908
51.4393958,7.7930477
51.4136538,7.832201
51.4727986,7.7655748000000004
51.4728492,7.7653373
51.4743637,7.7668645
51.4210734,7.9658047
51.4943926,7.8697233
51.455807,7.946662
51.4527135,7.9605072
51.452522,7.9609492
51.4533971,7.9610319
51.45166,7.9635574
51.4509313,7.9651542
51.5982595,7.7755212
51.5857794,7.8599398
51.5462555,7.8751599
51.5526713,7.9154636
51.503984,7.9591012
51.5535992,7.9635383
51.2540541,8.1695473
51.2948837,7.9856045
51.3186799,8.0068825
51.3308198,8.0042783
51.3288984,8.0046923
51.3292625,8.0046865
51.3290779,8.0046977
51.3242544,8.048642
51.376092,7.981424
51.3716759,7.9793766
51.396178,8.070077
51.3326551,8.1595091
51.3747394,8.1725973
51.2639915,8.2394285
51.1918703,8.31044
51.334691,8.214258
51.3464544,8.2809309
51.3467926,8.2818955
51.3525027,8.2720271
51.3032488,8.3035034
51.3471907,8.2847902
51.3461338,8.2843424
51.3459307,8.2862801
51.4039426,7.99743
51.4279649,7.9937007
51.4276357,7.9927078
51.3991934,8.0697968
51.3977608,8.0702582
51.4264463,8.0247069
51.4846988,7.9738291
51.4319833,8.1116081
51.4968944,8.1289955
51.4962338,8.129614
51.568914,8.089193
51.5723139,8.1061732
51.5710504,8.1062538
51.5716884,8.1054026
51.5728011,8.1068211
51.5722522,8.1074817
51.5860884,8.1693881
51.4888264,8.2698474
51.4446486,8.3544552
51.4454534,8.3548728
49.9505053,8.4573746
49.950408,8.4582767
49.9625388,8.4559653
49.9615967,8.454723
49.9817898,8.4061154
49.9921498,8.4130742
49.9927551,8.4128176
49.9912508,8.4135482
49.9946143,8.4119212
49.9947009,8.4110867
49.9944501,8.4134209
49.9889443,8.4301887
50.0272885,8.4031165
50.0137331,8.4298894
50.0158119,8.431404
50.0142514,8.4294044
49.9810667,8.4410702
49.9908201,8.4441153
49.9902896,8.4436726
50.0131385,8.4470355
49.9677719,8.5671186
49.9750914,8.5671636
50.0013453,8.5745661
50.0016928,8.5800801
50.0436979,8.4328877
50.0854494,8.4469131
50.0858992,8.4456339
50.0661015,8.4914787
50.0696313,8.4881795
50.0692417,8.4887219
50.0831105,8.4682888
50.0831457,8.468655
50.0853297,8.4718837
50.085957,8.4435987
50.0863333,8.4435492
50.0872183,8.4443884
50.0866017,8.4478148
50.1337981,8.4522652
50.1327687,8.452792
50.1343615,8.4534935
50.1197762,8.4910016
50.0536387,8.4991583
50.081302,8.5166221
50.0615104,8.5324186
50.0603813,8.5316482
50.0826428,8.582269
50.0970924,8.4971591
50.1014549,8.5454147
50.1092249,8.540382
50.1201691,8.5260035
50.1189722,8.5271092
50.1336621,8.5281774
50.102279,8.5471547
50.101608,8.546385
50.1012887,8.5487313
50.1000812,8.5464066
50.101002,8.5492049
50.0859998,8.5818031
50.1064836,8.5781289
50.1228434,8.5687409
50.1344849,8.5697539
49.9514826,8.6438407
49.9514779,8.6439072
49.9685239,8.659565
49.9692121,8.6660269
49.9692562,8.6653717
49.9888681,8.6716785
49.9896282,8.6733388
49.9895851,8.6802979
50.0205672,8.6639826
50.0192266,8.6958455
50.0168234,8.6952062
50.0175818,8.695205
49.9363091,8.7437162
49.9722644,8.7941518
49.9719196,8.7966307
49.9995668,8.7120995
49.9973045,8.7344592
50.0081731,8.7790232
50.0096673,8.7788861
50.0094882,8.7798353
50.0184561,8.7861413
50.0230626,8.7829422
50.0280768,8.7864828
50.0533298,8.6804537
50.0532845,8.6804333
50.0513237,8.6954758
50.0528036,8.6954497
50.0528045,8.6950601
50.0492696,8.6950869
50.0488767,8.6959808
50.0476636,8.6948209
50.0544818,8.6954518
50.0543481,8.6950304
50.0921683,8.6068869
50.0866509,8.6462728
50.101151,8.6277822
50.1022978,8.6341339
50.1029037,8.6404612
50.1026498,8.6426132
50.1246743,8.6099782
50.1245018,8.6121064
50.1253657,8.6110049
50.1151588,8.6407766
50.1139584,8.6489691
50.1226892,8.6449371
50.12022,8.6492288
50.1229579,8.6442849
50.12235,8.6467333
50.1216876,8.6504908
50.122576,8.6501365
50.1210653,8.648567
50.1084083,8.6551809
50.1072376,8.6562761
50.1105988,8.6622846
50.1096263,8.6615919
50.1101306,8.6628918
50.1052374,8.6646433
50.1086462,8.6702759
50.1110385,8.6690071
50.1107439,8.6645256
50.1107225,8.6643024
50.1081524,8.6715907
50.1102398,8.67499
50.1120218,8.6725853
50.110369,8.6743356
50.1101036,8.670613
50.1088687,8.6710519
50.0986878,8.6878011
50.103572,8.6797076
50.1033138,8.6798099
50.101994,8.6800171
50.102834,8.6802049
50.1034832,8.6792357
50.1038561,8.6904551
50.1178922,8.6628223
50.1230159,8.6631272
50.118961,8.6623237
50.1205258,8.6613275
50.1135127,8.6683631
50.1160093,8.6676302
50.1151395,8.6725857
50.1150072,8.6764601
50.1131108,8.6724582
50.1169155,8.6714865
50.1140108,8.6762794
50.1123802,8.6720887
50.1217615,8.6731375
50.1380739,8.6708925
50.1132608,8.6799798
50.1141976,8.6791785
50.1130384,8.6770439
50.1129513,8.6779379
50.1127143,8.6801632
50.1125134,8.6771761
50.1124673,8.678149
50.1161154,8.6785937
50.1135022,8.6801955
50.1128892,8.6776834
50.1140393,8.6868739
50.1140567,8.6864065
50.1226211,8.6813489
50.1197784,8.6942106
50.1237117,8.6919436
50.123088,8.7018481
50.1266881,8.6859315
50.0855537,8.7540306
50.0589912,8.8026621
50.0593676,8.8079383
50.0590157,8.8046666
50.1120218,8.7061111
50.1008599,8.7237845
50.1087917,8.7356452
50.106019,8.7470156
50.125313,8.706548
50.125509,8.706433
50.1253238,8.7060311
50.1266135,8.7082294
50.095597,8.7592569
50.0950872,8.7782458
50.1039233,8.7588695
50.104649,8.7591275
50.1053152,8.7583648
50.1050089,8.7601459
50.1043761,8.7648115
50.106773,8.7577512
50.1064377,8.7584818
50.1061795,8.7579678
50.089201,8.8060381
50.0943454,8.7977076
50.12332,8.76984
50.116726,8.784116
50.1193496,8.7856412
50.1406283,8.3924858
50.1569957,8.4922922
50.1821948,8.4694764
50.1816498,8.4709523
50.1821409,8.4673677
50.1818214,8.4695342
50.1428709,8.5033215
50.1440191,8.5011328
50.1436153,8.5023115
50.1434934,8.5023715
50.1432064,8.5026854
50.1532925,8.5041772
50.155178,8.527613
50.1548938,8.5274662
50.179442,8.511955
50.1804714,8.5105955
50.1842023,8.5398462
50.1423998,8.5670569
50.1424053,8.5674946
50.1431238,8.5701063
50.1572702,8.5474873
50.1416396,8.573034
50.1412131,8.5738289
50.1675349,8.5715927
50.1675388,8.5716269
50.1673789,8.5765564
50.1841908,8.5816402
50.2149802,8.5538435
50.2027249,8.5823512
50.2003987,8.5830854
50.2008679,8.5829073
50.2036725,8.5798965
50.2014953,8.5814003
50.2021434,8.5793059
50.2004832,8.5828024
50.2040525,8.5795797
50.2262924,8.5769464
50.2693138,8.4437097
50.2900123,8.5087542
50.2916595,8.5093403
50.3069726,8.5142869
50.3338416,8.5372801
50.334221,8.5358373
50.3041079,8.5647654
50.302904,8.5693658
50.1572296,8.6334245
50.1576552,8.631994
50.1769095,8.6297497
50.1788149,8.6286019
50.1394355,8.6699054
50.1394382,8.6706475
50.1467632,8.6668605
50.1564846,8.6559766
50.1562875,8.6566496
50.1511459,8.6913199
50.1832197,8.6641411
50.1855951,8.6651593
50.1988859,8.6003718
50.217101,8.6111068
50.2272889,8.6158626
50.2266609,8.617788
50.2270573,8.6158205
50.2266432,8.6167298
50.2270896,8.6150825
50.2261667,8.6183154
50.2392372,8.6095725
50.2203553,8.6248861
50.2197668,8.6394238
50.200127,8.6743053
50.2261204,8.6789098
50.1407154,8.7401656
50.1408347,8.7521445
50.1403413,8.7507847
50.1553881,8.7518268
50.1779193,8.7352198
50.18036,8.7403501
50.1795372,8.7375214
50.1790132,8.7363142
50.1838356,8.7446681
50.1817106,8.7425829
50.1521483,8.8032022
50.1521011,8.8047775
50.190701,8.8037918
50.1933554,8.8018899
50.234143,8.7577585
50.2435986,8.6462045
50.2557993,8.6397532
50.2554158,8.6395239
50.2564361,8.6412841
50.3011424,8.6946237
50.300781,8.6921649
50.335696,8.7542649
50.3362475,8.7530092
50.3346346,8.7560391
50.3366208,8.7561085
49.9462333,8.8437367
49.9469263,8.8424933
49.9789043,8.8274797
49.9768608,8.8284932
49.9995261,8.867469
49.9989576,8.8675212
50.0058918,8.8899676
50.0270255,8.8838474
50.0084359,8.889019
49.9603378,8.9548074
49.9613426,8.9541247
50.0700453,8.8453945
50.0706303,8.8484431
50.0519879,8.8844519
50.0530658,8.8844852
50.0778111,8.8635139
50.0783031,8.8644286
50.132299,8.8375902
50.1325286,8.8398822
50.1321942,8.8446083
50.1124859,8.8939031
50.1288289,8.8930168
50.0369592,8.9589807
50.0460378,8.9591695
50.0801621,8.9379144
50.0821112,8.9408473999999991
50.0728258,8.9642848
50.0441771,8.9732539
50.042383,8.9724987
50.0480232,9.0119617
50.0807142,8.9806677
50.0825501,8.9811784
50.0696314,9.0058353
50.0697436,9.0051168
50.0985531,8.9268104
50.1033599,8.9458572
50.1315391,8.9226756
50.1322597,8.9177657
50.133908,8.9163591
50.1355128,8.916959
50.1332123,8.9150703
50.1338873,8.9167515
50.132419,8.919832
50.1322746,8.9204198
50.1325369,8.9219849
49.9308471,9.0348599
49.9777455,9.0646696
49.9773377,9.0873952
49.958563,9.1169613
49.9640588,9.1216856
49.9636813,9.1223343
50.0004429,9.0618558
50.0015489,9.0669322
49.9880336,9.1153307
49.9343397,9.1313929
49.9361025,9.1319665
49.9736174,9.1474632
49.9769698,9.1465419
49.9783998,9.1442917
49.9778914,9.1456052
49.9761633,9.1445522
49.9775966,9.1464558
49.9785193,9.1467106
49.976351,9.147601
49.9755847,9.1473284
49.9582403,9.1659365
49.9569057,9.1655486
49.9641773,9.1723084
49.9721787,9.1498486
49.9460982,9.2074702
49.9454562,9.2089597
49.9862024,9.1361737
49.9817193,9.1489971
49.9812584,9.1598776
50.0027202,9.1506623
50.0271812,9.1353985
50.0079902,9.1491942
49.998102,9.181805
49.9952215,9.2265305
50.0457849,9.0241571
50.0545285,9.0706994
50.0865247,9.0721615
50.0868001,9.0726605
50.1034279,9.1042483
50.1031822,9.1048273
50.0700402,9.1661769
50.0692824,9.1661946
50.0561379,9.1885536
50.0794159,9.2071906
50.1512274,8.8097083
50.1527718,8.8309716
50.147844,8.9070251
50.2017137,8.8398015
50.2003177,8.8513673
50.2276829,8.8722956
50.2278774,8.8721162
50.2293617,8.8708674
50.2249361,8.9089053
50.1419463,8.9331468
50.1787633,8.9200476
50.1797637,8.9235402
50.1626657,8.9791054
50.163538,8.9799556
50.1880312,8.9923538
50.2367666,8.9968165
50.3016642,8.8133441
50.2971959,8.8153577
50.3198004,8.8600476
50.3192004,8.8603348
50.2854995,8.9435621
50.2860207,8.9457159999999991
50.1450931,9.021182
50.1452158,9.0217154
50.1757681,9.0420725
50.1757895,9.0418753
50.179008,9.0441149
50.1716287,9.1224411
50.1994927,9.1118226
50.2014967,9.1203529
50.2278139,9.1106798
50.1847231,9.1408984
50.1865764,9.1495845
50.2035736,9.135326
50.2099721,9.1384942
50.1917467,9.1919011
50.1976577,9.1910234
50.2007598,9.1923778
50.1999101,9.1912253
50.2075412,9.2223701
50.2937182,9.0295824
50.2937195,9.0296253
50.290859,9.1080686
50.2913683,9.1102402
50.3221938,9.018126
50.3225862,9.0178718
50.3857444,8.4573501
50.3858243,8.4566969
50.4326991,8.4977101
50.4327502,8.4986864
50.4948238,8.4710749
50.496543,8.4716508
50.5109243,8.395966
50.5391479,8.4054428
50.5428853,8.4093196
50.5482912,8.4575327
50.5312799,8.4940837
50.5409162,8.5234892
50.541278,8.5236104
50.5206731,8.5768321
50.3739187,8.6935008
50.3744969,8.6931789
50.4138442,8.6840728
50.4309515,8.6711553
50.4319736,8.6733969
50.3643886,8.7409464
50.3623796,8.7405744
50.365219,8.7435897
50.3999386,8.7471962
50.4296982,8.7357913
50.4298729,8.7355497
50.4669085,8.6525374
50.4976641,8.6637068
50.4970004,8.6652303
50.514882,8.6220712
50.5154382,8.6227262
50.5545404,8.6346072
50.5277505,8.6571102
50.5282371,8.6533878
50.5264892,8.6684373
50.5276539,8.6739256
50.4607739,8.7298713
50.486827,8.7203548
50.5339572,8.7144335
50.5382497,8.754127
50.5515806,8.7750712
50.5555232,8.7851797
50.5981644,8.4159971
50.5802441,8.4894362
50.5850549,8.4790826
50.5591458,8.4996282
50.5584059,8.4984344
50.5626477,8.5031487
50.5634016,8.5030927
50.5757208,8.5088655
50.583211,8.5246446
50.5783739,8.5641217
50.6200958,8.5960659
50.6261588,8.5821831
50.7023654,8.4827976
50.7350507,8.4147182
50.7571827,8.4621611
50.7537617,8.4923206
50.6740907,8.5253921
50.7569034,8.541651
50.5833673,8.6326155
50.5826848,8.6332621
50.5817692,8.6693548
50.5829693,8.6674609
50.5830987,8.6690859
50.5784737,8.6660688
50.5834764,8.6736639
50.5821305,8.6720515
50.5702969,8.6930898
50.5937336,8.6623198
50.5866101,8.6659782
50.5864916,8.6749693
50.5846695,8.6764582
50.5866474,8.6744732
50.5869275,8.670429
50.6010858,8.6996691
50.6016253,8.7004342
50.6165615,8.6027609
50.6223192,8.6351591
50.6231158,8.6357982
50.6347263,8.6763152
50.6377599,8.6769912
50.6086177,8.7868366000000009
50.6078158,8.7847116
50.6207276,8.7531598
50.6495009,8.7048102
50.6501683,8.7053713
50.65811,8.735315
50.6579108,8.7360113
50.6684825,8.5995446
50.6872345,8.6085031
50.7041228,8.693957
50.7097011,8.6970931
50.7368148,8.6287947
50.7354044,8.7055873
50.7621476,8.7397468
50.7617718,8.7392634
50.3984582,8.8136128
50.3979235,8.8171614
50.3592106,8.8753495
50.390443,8.8854914
50.3919384,8.8866678
50.4134391,9.0057681
50.413631,9.0065191
50.4763723,8.8949024
50.4752522,8.8986519
50.5182106,8.8204553
50.5204344,8.8162614
50.5052121,8.9318356
50.5057265,8.9323632
50.5417421,8.9866471
50.5422783,8.990538
50.3565088,9.0546046
50.3562282,9.054666
50.4223294,9.1974209
50.5025181,9.1252401
50.5993218,8.8309716
50.5993204,8.8298108
50.5584687,8.9040554
50.5929029,8.9571805
50.5925169,8.9605519
50.5924338,8.9597243
50.6351011,8.9429563
50.6772699,8.8241391
50.6720344,8.8703794
50.6758779,8.8629692
50.7278374,8.8574454
50.7285835,8.8568684
50.7668495,8.8936022
50.732959,8.9897244
50.7329255,8.9897891
50.5605662,9.0457277
50.6141568,9.026602
50.6206915,9.0902753
50.5769584,9.1970982
50.691992,9.0504251
50.7149426,9.2175849
50.7269913,9.1987552
50.7303793,9.1955513
49.9521622,9.2515376
49.9609741,9.2453323
49.9727426,9.2536994
49.9769978,9.2587978
49.970605,9.3025414
49.9724191,9.2999866
50.0197335,9.2526515
50.0230647,9.2560713
50.0127625,9.2967629
49.9295029,9.3633716
49.9307878,9.3665934
49.9668872,9.396241
49.966348000000004,9.3951666
50.028111,9.3756257
50.0282843,9.3757513
50.0027691,9.421711
50.0306323,9.4306296
50.0655179,9.2302823
50.0848719,9.2458829
50.0866539,9.2445235
50.1022048,9.2722395
50.1123238,9.3641718
49.9799522,9.5706265
49.9788529,9.5708323
49.9913069,9.5838805
50.0633857,9.470636
50.0638362,9.4700772
50.0409096,9.5193545
50.0405821,9.5187302
50.1260638,9.4782963
50.0811595,9.5458234
50.1600742,9.3293463
50.2153547,9.2710748
50.2582151,9.2897002
50.2581519,9.2887793
50.3179203,9.2974304
50.2779822,9.3690112
50.2884442,9.3649355
50.1917183,9.4726046
50.209209,9.6153545
50.3130101,9.4622372
50.3116487,9.4569002
50.2496896,9.6171928
50.3127856,9.6240691
50.3128146,9.623308
49.9924129,9.6795086
50.0252,9.7291951
49.9617086,9.7637126
49.9612999,9.7678096
49.961057,9.776162
49.9632923,9.7788676
49.9452738,9.8362873
50.0194807,9.7793962
50.0193761,9.7809161
49.989133699999996,9.8084507
50.0551116,9.6914958
50.0560179,9.689239
50.0548612,9.6918093
50.0624115,9.6538737
50.0930969,9.6487361
50.0417574,9.7863015
49.9788506,9.966194
50.0221122,10.0533801
50.115896,9.8894947
50.1155081,9.890769
50.1153248,9.8908783
50.114375,9.8901601
50.1079133,9.9307236
50.0950848,10.0293425
50.1478801,9.6505954
50.1475742,9.649713
50.3096542,9.7888351
50.3093843,9.7911172
50.1995829,9.9597437
50.1987903,9.9587796
50.1469732,10.0235114
50.1491423,10.0238298
50.1923919,10.0584094
50.192357,10.0583238
50.2692426,9.9941257
50.3508614,9.3119418
50.3497002,9.5240032
50.4221321,9.5656937
50.4227232,9.5698672
50.4262878,9.6390217
50.4248825,9.6390058
50.4554644,9.6143689
50.4537046,9.614468
50.5478628,9.6301111
50.5520937,9.6455493
50.6261149,9.2537824
50.7627446,9.4003808
50.5612565,9.4489504
50.6264262,9.4436603
50.6296344,9.4428791
50.6243143,9.5072446
50.7420898,9.4718461
50.7421226,9.471819
50.3948634,9.7728049
50.3949085,9.7727925
50.4985896,9.6911097
50.493391,9.6992041
50.4659785,9.7015612
50.5521621,9.6495072
50.5503768,9.6788157
50.5502079,9.677886
50.5494796,9.6746857
50.5508177,9.6809599
50.5494576,9.6810456
50.5528725,9.6786493
50.5536072,9.6781558
50.5528776,9.6801913
50.5540191,9.683759
50.5538621,9.6830982
50.5283136,9.7013408
50.5362862,9.7108934
50.5439741,9.7134511
50.5499525,9.7078693
50.4552264,9.7912419
50.5409288,9.7875037
50.5436011,9.795401
50.3770208,9.911105
50.4506911,9.918392
50.4506923,9.9195374
50.4508766,9.917787
50.4015594,10.0073528
50.4009119,10.0074153
50.489308,9.8684394
50.4891185,9.8729847
50.5643854,9.6605774
50.5746821,9.6595136
50.558632,9.7113345
50.5594771,9.7128504
50.5725449,9.7013537
50.5938624,9.735755
50.6617289,9.6615155
50.6614776,9.6647624
50.5856638,9.8353184
50.5877151,9.8379686
50.6340344,9.8472337
50.6977809,9.7263744
50.6972883,9.7272466
50.7608068,9.7990161
50.7604963,9.7996384
50.572356,10.0023749
50.7141408,9.9499414
50.7138261,9.9497901
50.8396865,8.4681262
50.8127989,8.5267316
50.814269,8.526047
50.7685839,8.5821501
50.8547285,8.5476997
50.8866349,8.4544845
50.9257972,8.4120298
50.9276175,8.4133855
50.9275013,8.4130957
50.9257154,8.4703637
50.9277983,8.4734594
50.9101834,8.5290766
50.8725256,8.5970562
50.8590238,8.6951526
50.8608709,8.70244
50.7862122,8.7676937
50.792963,8.7855034
50.8049278,8.7584932
50.8061613,8.7618222
50.8009757,8.764628
50.8161474,8.7686113
50.815942,8.7683164
50.8090552,8.7728018
50.8087046,8.7728828
50.8079741,8.7726412
50.8162929,8.769375
50.8164583,8.7689151
50.8157894,8.7767714
50.8146895,8.8059381
50.8144938,8.8056251
50.8356724,8.7536773
50.8475823,8.7801401
50.8489193,8.7824853
50.9040939,8.7234686
50.9037542,8.7237408
51.014475,8.4381897
51.0137181,8.4368046
51.0488764,8.3921601
51.0523867,8.3928127
51.0495548,8.3929257
51.0255324,8.5958777
51.115851,8.4539812
51.1533032,8.5643618
51.0264771,8.6759777
51.0265167,8.6734023
51.058311,8.7940362
51.0581578,8.7913833
51.0562971,8.7933406
51.0584401,8.801935
51.095358,8.6240096
51.1102159,8.6225336
51.1113225,8.6225448
51.1494666,8.6252815
51.1266565,8.789484
50.7687243,8.9577326
50.8227424,8.9212469
50.8231767,8.9212399
50.821087,8.9220028
50.8255092,9.0134926
50.8258377,9.0163998
50.8272639,9.0151834
50.8347323,9.0142185
50.9744692,8.8683722
50.8826492,8.9154773
50.8783441,8.9316925
50.8516117,9.1169627
50.852257,9.1161456
50.8802801,9.1076113
50.9522622,9.0608072
50.8760049,9.1900506
50.9114284,9.1861377
50.9121744,9.1829423
51.0282015,8.8129213
51.0746129,8.8644267
51.0654999,8.979242
51.0934725,8.9317982
51.0933569,8.9343521
50.9968201,9.1454387
50.9968687,9.1454353
51.0543722,9.1765525
51.0542328,9.1759442
51.1119537,9.0756042
51.1192716,9.1206077
51.1717842,9.053275
51.2525986,8.4733821
51.1938121,8.5294294
51.1934761,8.5332173
51.2611364,8.5283633
51.2614464,8.5277738
51.3108256,8.4027036
51.3113352,8.4026213
51.3612123,8.4003638
51.3611036,8.3991204
51.3534253,8.4882162
51.354973,8.490096
51.3580547,8.470651
51.3962481,8.5713865
51.3957103,8.5673775
51.2823253,8.6658216
51.1978497,8.7041973
51.1974936,8.7060546
51.2025773,8.7074384
51.2961354,8.609207
51.2949002,8.6073199
51.2935873,8.6142185
51.376396,8.6404669
51.4254956,8.5291524
51.5522832,8.5594981
51.5834807,8.516024
51.5544447,8.5601719
51.4340705,8.7217517
51.4198725,8.7758393
51.520108,8.6995564
51.5214615,8.6999449
51.6014449,8.6240126
51.5719748,8.768186
51.2016393,8.8087889
51.2761054,8.8728002
51.275618,8.8694003
51.2788875,8.8741668
51.2044931,8.9418015
51.2447324,9.0069507
51.2441908,9.0077208
51.3666275,8.9857921
51.3805431,9.0122742
51.3807426,9.0159211
51.3801161,9.0169607
51.3267028,9.1729568
51.3269938,9.1706445
51.3267454,9.1731244
51.4069259,8.8293158
51.4404729,8.8982695
51.4606967,8.8555443
51.4594504,8.8561436
51.4747619,9.010504
51.5092945,8.9967159
51.5837471,8.9737825
51.4287101,9.0248163
51.4080519,9.1172302
51.4164775,9.184227
51.4874616,9.133092
51.4883952,9.1481348
51.4888888,9.1521684
51.5303694,9.0283588
51.5302709,9.0328324
51.5299921,9.0334881
51.5969259,9.1287525
51.5975795,9.1292988
50.83471,9.2858699
50.8693816,9.3436977
50.8693271,9.3430087
50.863011,9.3512834
50.8847073,9.2530162
50.9115663,9.2419309
50.8552705,9.4690413
50.8575824,9.4690089
50.7997871,9.6058129
50.8006724,9.6063465
50.8366859,9.5751534
50.8374986,9.5750461
50.903562,9.5984585
50.9041444,9.5986136
51.0069599,9.2307223
51.0478716,9.2792855
51.0332737,9.4011608
51.1328235,9.2746843
51.1319041,9.2738668
51.1316974,9.2745851
51.1716341,9.2290035
51.0658495,9.6073678
51.1282092,9.4381488
51.172454,9.5137179
51.1302086,9.5452716
51.1313376,9.5449752
50.7695054,9.6957241
50.8323641,9.6668192
50.832984,9.6674365
50.8684073,9.7117465
50.868331,9.711497
50.8690446,9.7090161
50.8681276,9.7100043
50.8678147,9.7065531
50.8633389,9.7348574
50.818215,9.8445902
50.8169994,9.8471789
50.8681064,9.7625536
50.8972267,9.7424988
50.8994212,9.7464031
50.9699551,9.7940279
50.9692358,9.7929779
50.9687719,9.7968595
50.9486935,9.8556681
50.8549714,9.95032
50.8542437,9.9549968
50.8156979,9.9787206
50.8420272,10.0003012
50.8258632,10.023068
50.8270686,10.0209957
50.8875537,10.006416
50.8880382,10.007341
50.8883636,10.0078094
50.9511554,9.9892625
50.9972193,9.7299709
51.1157097,9.6607375
51.1169431,9.6628095
51.0136235,9.9328244
51.0132237,9.9349319
51.0718979,9.9351021
51.0000008,9.9999845
51.2367482,9.3114077
51.2361616,9.3127819
51.2437376,9.2601492
51.2616724,9.3134385
51.2868574,9.2851737
51.2815001,9.3127233
51.272865,9.3764546
51.2728767,9.378362
51.2479543,9.3877393
51.2624994,9.3991325
51.25567,9.4149506
51.324371,9.3114133
51.3263185,9.3111346
51.3019693,9.4129404
51.3837392,9.3647129
51.3650855,9.3925646
51.3656955,9.3928363
51.3651179,9.428372
51.3665285,9.4284997
51.2036984,9.4820333
51.2749584,9.4498565
51.2744471,9.4468036
51.286257,9.4696656
51.2751586,9.5084689
51.2759908,9.5412916
51.2896959,9.5172853
51.2096549,9.5913227
51.2365341,9.5728124
51.261099,9.5633421
51.2767374,9.5450759
51.2953062,9.4517826
51.3138255,9.4432107
51.3138549,9.4427907
51.3140978,9.4450271
51.3164379,9.4643203
51.3119287,9.4651846
51.3176981,9.4774425
51.3145016,9.488917
51.3139834,9.4895576
51.3257955,9.4450479
51.3305495,9.4601713
51.3371501,9.4373283
51.3256646,9.4779923
51.3342966,9.4796487
51.3131233,9.4949712
51.3148586,9.4927275
51.3144345,9.494353
51.3154001,9.494768
51.3150979,9.4976601
51.3166563,9.4996035
51.3062065,9.5266422
51.3051584,9.5288923
51.3194466,9.5015812
51.3304435,9.4980939
51.3369783,9.4906923
51.3354115,9.5132152
51.329166,9.5299925
51.3626338,9.4567821
51.3612887,9.4584845
51.3529172,9.4761589
51.3621839,9.4677174
51.3502231,9.5252059
51.3517742,9.5269417
51.3705899,9.5178259
51.3030407,9.552791
51.3086834,9.5727595
51.3526114,9.5936229
51.4444566,9.2359515
51.4408263,9.3020276
51.4609507,9.3082689
51.4956828,9.2814206
51.4093472,9.4026557
51.409265,9.403495
51.4094038,9.4010135
51.4942878,9.3828721
51.5731172,9.3091012
51.5438874,9.4072776
51.5435211,9.4072249
51.3992221,9.4703059
51.4269719,9.4802778
51.4274558,9.4785428
51.4951509,9.4560293
51.4890473,9.6062588
51.5996735,9.5499075
51.1984834,9.724645
51.2571081,9.6849902
51.3126145,9.6704834
51.2112271,9.9399389
51.2112448,9.9402474
51.1873394,10.054911
51.1871957,10.0585154
51.2747267,9.9741208
51.273403,9.9755418
51.3401338,9.859301
51.4167157,9.6504912
51.4164015,9.651121
51.5024667,9.7613349
51.502135,9.7662361
51.5805142,9.7571207
51.5974864,9.8554179
51.4205484,9.9138211
51.4376163,9.9308526
51.4375896,9.9354392
51.5060654,9.898944
51.5284608,9.8813442
51.5300651,9.8951584
51.5519469,9.9073815
51.5519513,9.9074565
51.5134953,9.9558804
51.5134553,9.9559703
51.5178049,9.9399854
51.5178236,9.9400378
51.5327598,9.9285075
51.5339564,9.9253712
51.5329887,9.9283257
51.5318847,9.9339348
51.532541,9.9343101
51.5318243,9.9325499
51.5333502,9.9350994
51.5345055,9.9347355
51.5343538,9.9344739
51.5335616,9.9363702
51.5299251,9.939118
51.5377328,9.9474048
51.5376591,9.9473697
51.5612773,9.8917819
51.585675,9.873079
51.5603496,9.9322715
51.559603,9.9314003
51.5595342,9.9312613
51.5865536,9.9289276
51.5877821,9.9271825
51.5115035,9.9720592
51.5406243,9.9859668
51.5488003,9.9640095
51.5635946,9.9835469
51.6908037,6.8666784
51.7320633,6.7352958
51.7477854,6.8660748
51.7466143,6.8654661
51.7685544,6.8397282
51.6350897,7.0118659
51.6589531,6.9661902
51.6624355,6.9640239
51.6588396,6.9666915
51.6817101,6.9547991
51.6819851,6.9547248
51.6255224,7.0516395
51.6086497,7.0547738
51.6262734,7.0525762
51.6517445,7.0893986
51.6468644,7.0852189
51.6587303,7.0829247
51.6543971,7.0964887
51.6544974,7.0970823
51.6542862,7.09785
51.653527,7.1141933
51.6784145,7.1035051
51.6655,7.1291
51.6653582,7.13029
51.7185328,7.0135346
51.7199191,7.0136311
51.7579742,6.9995869
51.7147918,7.0957832
51.7875849,7.0382137
51.8049119,7.0472813
51.8050231,7.0490317
51.8299907,6.7814815
51.8340551,6.8316477
51.8506622,6.8477593
51.8445543,6.860825
51.8605502,6.8627582
51.8595284,6.8645457
51.9089577,6.8570734
51.8866405,6.9197317
51.9347535,6.8098328
51.9446484,6.8674635
51.825283399999996,6.9316005
51.8944437,6.9885696
51.832461,7.0450982
51.8319519,7.0442824
51.8320156,7.0464799
51.8381056,7.0940086
51.8390084,7.0943419
51.8980292,7.0335005
51.9550881,7.0087148
51.9556126,7.0077013
51.9310771,7.127489
52.006259,7.1302174
51.6195129,7.1408215
51.6122939,7.1964492
51.6115989,7.197804
51.6120411,7.1968556
51.6161446,7.1992575
51.6165996,7.1971664
51.614142,7.1976713
51.6137387,7.1980389
51.6148652,7.1969873
51.6101923,7.2093441
51.6086132,7.2207237
51.6111711,7.2598273
51.6090159,7.2617728
51.6393517,7.2604281
51.6468554,7.2353356
51.6485125,7.2398637
51.6485133,7.2398905
51.6496613,7.2537499
51.6484227,7.2534486
51.6341393,7.2642912
51.6311242,7.2941292
51.6292365,7.3246889
51.6520607,7.3394971
51.6516067,7.3396771
51.6522634,7.3396042
51.7002761,7.3094099
51.7424081,7.1860184
51.7422054,7.1853432
51.7445811,7.1844261
51.7724628,7.2210681
51.7742781,7.2239604
51.6246287,7.3958417
51.6243752,7.3993052
51.7086939,7.3800379
51.7082015,7.3794144
51.6282402,7.4907916
51.6140531,7.5222173
51.6136718,7.5193815
51.6113935,7.5239687
51.6182786,7.5259307
51.6159636,7.5241415
51.6570704,7.5302161
51.665076,7.4674778
51.665431,7.4646778
51.6949285,7.4655912
51.7100095,7.5462034
51.7629557,7.3952137
51.7654517,7.3895999
51.7692794,7.4405034
51.7389001,7.5281309
51.738197,7.5246777
51.7717685,7.4460659
51.8508736,7.2044305
51.8498018,7.2066894
51.8980408,7.1901914
51.8955399,7.1914886
51.8387997,7.2714059
51.831745,7.279391
51.8399734,7.2866887
51.8199134,7.2957134
51.9005822,7.2719218
51.8971303,7.2725487
51.9370376,7.1558396
51.9439144,7.165798
51.9468972,7.1680874
51.9453439,7.1670518
52.0156542,7.207183
51.8647614,7.3654173
51.8649889,7.3692539
51.8968036,7.4249533
51.8561849,7.4859144
51.8563477,7.4871469
51.9289715,7.352094
51.9282433,7.3528292
51.9766562,7.4114246
51.9750333,7.4146181
51.9251852,7.5242998
51.9247478,7.5235977
51.9549094,7.5345465
51.9547579,7.5341361
51.9962103,7.4610959
52.063874,6.7685897
52.0646085,6.7667859
52.0803788,6.7931128
52.0291535,6.8176866
52.0360719,6.8218653
52.0366405,6.8242887
52.0342595,6.8237327
52.0371312,6.8331616
52.1017666,6.8594666
52.1018813,6.8600311
52.1266564,6.9109824
52.1272765,6.9140498
52.0666043,6.9777025
52.067787,6.981347
52.0763032,7.0078279
52.0921621,6.9756858
52.0919781,6.9731271
52.0849497,7.0020411
52.1244155,6.9867681
52.0305865,7.1008475
52.1236121,7.1009602
52.1196232,7.1073529
52.2131289,7.0058662
52.213637,7.0071351
52.2117032,7.0215916
52.2106643,7.0239992000000004
52.2110502,7.0247632
52.1750104,7.0348937
52.1796432,7.039386
52.1800126,7.0399281
52.177346,7.0506682
52.1350664,7.1003025
52.1842604,7.0404055
52.207163,7.0409312
52.206443,7.0435631
52.2107437,7.0262038
52.2947189,7.103217
52.2941763,7.1041539
52.4108776,7.0681333
52.4145724,7.0687636
52.425985,7.0512045
52.4261959,7.0711929
52.4261105,7.0712291
52.4324523,7.0642438
52.4373165,7.0703986
52.4333268,7.0667828
52.4334111,7.0691245
52.4338351,7.0699414
52.4335136,7.0674549
52.4337328,7.0669218
52.3969232,7.1153804
52.4405558,7.0882971
52.0634293,7.2435891
52.0924041,7.2365959
52.0915989,7.2365716
52.0801382,7.3029489
52.0812677,7.3054391
52.114052,7.29321
52.1439414,7.2139038
52.2059804,7.1875154
52.2059696,7.1874625
52.1975946,7.2351119
52.1976053,7.2350605
52.1425927,7.3313281
52.1415069,7.3297897
52.1496424,7.3354444
52.1481734,7.3396408
52.2090226,7.3190067
52.2094404,7.3206406
52.0556811,7.3586324
52.0547487,7.3570282
52.1206685,7.3944844
52.0462463,7.4685894
52.0839324,7.4805986
52.1682428,7.5023417
52.1612987,7.5141065
52.1806383,7.5169532
52.1734998,7.5263167
52.1730075,7.5270937
52.1746344,7.5298494
52.1733271,7.5282813
52.1737123,7.5363451
52.1753992,7.5302148
52.1765031,7.5313549
52.1713072,7.5390665
52.2280393,7.4887056
52.2444638,7.3715251
52.2445813,7.3718884
52.2703215,7.4313933
52.2697446,7.4313632
52.2868821,7.4284583
52.2763174,7.4373934
52.279576,7.4352529
52.2795322,7.4350005
52.2791217,7.435216
52.2779745,7.4360999
52.2769124,7.4406453
52.2784768,7.4395731
52.3235418,7.3468831
52.3229667,7.3479992
52.2861439,7.4652626
52.2942681,7.445896
52.428169,7.4268999000000004
52.3644218,7.473483
52.3651514,7.4713199
51.6122283,7.5643563
51.6095248,7.5903398
51.6619122,7.6332917
51.6623987,7.6361156
51.6620194,7.6358823
51.6460898,7.6606341
51.6444343,7.7546377
51.6730401,7.6932473
51.6595723,7.7425353
51.6617299,7.743929
51.6947051,7.7329387
51.6942746,7.7466537
51.7031973,7.7585312
51.7310679,7.5930153
51.7892308,7.6188265
51.7884488,7.6190662
51.7405226,7.6626373
51.7412767,7.6639326
51.6460292,7.7596487
51.6296769,7.8571478
51.644249,7.8447083
51.6790441,7.8093059
51.6796218,7.8101628
51.6947056,7.7635265
51.6941669,7.7633344
51.697563100000004,7.7595114
51.7003526,7.7618200999999996
51.6982756,7.7617
51.6885867,7.8015218
51.6864434,7.8115771
51.6785063,7.8151205
51.6793961,7.8125521000000004
51.681452,7.8185518
51.6827369,7.8392972
51.7060094,7.8340977
51.7058179,7.8329193
51.6169282,7.9564362
51.6175064,7.9566421
51.7614954,7.7955065
51.7633272,7.8881861
51.7598344,7.9080518
51.7646254,7.9141538
51.8184054,7.5924524
51.8183375,7.5927242
51.8840878,7.6055939
51.8835223,7.6056766
51.9041461,7.6454918
51.9047964,7.6482805
51.8463496,7.6840817
51.8453781,7.6849715
51.9151957,7.689388
51.9161592,7.7257743
51.9301848,7.5812635
51.9676646,7.5791514
51.9522414,7.6252059
51.9540631,7.6262936
51.9598842,7.6260293
51.9578728,7.6262176
51.9607247,7.6269474
51.9619407,7.6259814
51.9667458,7.6269729
51.9607011,7.6247988
51.9604659,7.6259741
51.9598989,7.6297509
51.9563092,7.6302386
51.9559767,7.6346763
51.9571039,7.6334381
51.9593498,7.6344175
51.9580142,7.6396059
51.9585194,7.6350145
51.9630309,7.629517
51.9631481,7.6291368
51.9707763,7.6404381
51.9632225,7.6465067
51.9951161,7.6037533
51.9960861,7.6026934
51.9936664,7.647404
51.9240912,7.6730057
51.9275895,7.6689658
51.9667126,7.6559206
51.9611146,7.6759315
51.9877564,7.6985961
51.9868854,7.6989051
51.9886646,7.6993867
51.831742,7.9487004
51.8314889,7.9489343
51.8727164,7.9091245
52.0223833,7.7805482
52.0223285,7.7806672
51.6635663,8.1391636
51.7802347,8.0093492
51.8009391,8.0250071
51.6563282,8.2405376
51.6120848,8.3404882
51.6129098,8.3362332
51.632472,8.3621774
51.6323081,8.36291
51.6616633,8.3388211
51.6649778,8.3448323
51.6731564,8.3442049
51.6722544,8.3457914
51.673235,8.3487177
51.6747909,8.3470213
51.6764107,8.3445455
51.6760925,8.3438536
51.7089629,8.3361858
51.7084137,8.3375015
51.6904951,8.3730939
51.6910161,8.3753595
51.7370234,8.247364
51.8034475,8.2032354
51.7494981,8.3271473
51.7487507,8.3269176
51.7762223,8.3181265
51.8033178,8.3790912
51.8357414,8.027933
51.8831644,8.0428179
51.8837141,8.043172
51.8658152,8.0864045
51.8657552,8.0823577
51.826525,8.1444693
51.8342277,8.1572875
51.8352199,8.1575404
51.945355,7.9859399
51.9437801,7.9848519
51.9534804,7.9865635
51.9526876,7.9868604
51.9526646,7.988164
51.95152,7.98902
51.9579,7.99307
51.9916526,8.0405909
51.9900134,8.0401587
51.9772257,8.1434612
51.9025434,8.1931223
51.9028083,8.1936541
51.8814824,8.2415915
51.883863,8.2436477
51.834365,8.3096918
51.8344019,8.304016
51.8336345,8.3097051
51.8342191,8.3104772
51.8323151,8.3117013
51.8412881,8.3188487
51.8462639,8.2941191
51.8538239,8.2891339
51.8528173,8.2898206
51.8947133,8.3647885
51.9071702,8.3759822
51.9059125,8.376125
51.905584,8.3819401
51.9076231,8.3778296
51.9149301,8.3715142
51.9082733,8.3813276
51.9079553,8.3839973
51.9090824,8.3842307
51.9599504,8.2306473
51.9612835,8.2248156
51.9492129,8.2791533
51.9491747,8.2791612
52.037932,7.6194279
52.0930198,7.5954132
52.1302162,7.5521927
52.1281597,7.5509185
52.0947644,7.6065283
52.0917762,7.6097641
52.0943482,7.6118691
52.1003395,7.6119244
52.1734104,7.6358645
52.134603,7.738873
52.1335331,7.7395535
52.0373079,7.8409189
52.0370084,7.8405902
52.1124168,7.8639262
52.1122536,7.8652263
52.1883004,7.8518352
52.1891482,7.8515774
52.1881199,7.8540242
52.1830945,7.8536609
52.1885447,7.8515906
52.219599,7.8146982
52.2195044,7.8139859
52.200882,7.9379992
52.2729897,7.5815278
52.2725558,7.5836643
52.2600081,7.6266425
52.259279,7.628484
52.2756123,7.6969443
52.2731218,7.7131786
52.2760727,7.714709
52.2748074,7.713719
52.2884147,7.7279766
52.3825943,7.5985252
52.3484094,7.6962727
52.3686024,7.7200441
52.4173234,7.6676166
52.4313756,7.7436816
52.4305602,7.7453973
52.2635608,7.7890073
52.314078,7.7814286
52.3160749,7.7798933
52.2426491,7.9572565
52.3133049,7.8779863
52.3142814,7.8777112
52.393095,7.9348968
52.3930997,7.9347747
52.0485822,8.0327062
52.0808065,7.9999457
52.0396531,8.1517094
52.1019988,8.0888252
52.1017167,8.0882349
52.1068661,8.1623642
52.1084478,8.1613004
52.1459809,7.9728084
52.1460776,7.9717584
52.1559841,8.0437124
52.1974783,7.9780526
52.1975223,7.9806489
52.2034062,8.0327513
52.2076155,8.0351016
52.2021525,8.0661268
52.2060106,8.0650537
52.2057328,8.0652925
52.1366403,8.1477051
52.1383868,8.1470971
52.1830453,8.1412905
52.2031223,8.1131716
52.2033583,8.1131594
52.2353907,8.1676605
52.234826,8.1694059
52.116717,8.204254
52.1148304,8.2010083
52.0456756,8.3021308
52.0460933,8.3011282
52.0612889,8.3623161
52.1018979,8.3005973
52.1581225,8.2672383
52.1911487,8.1856221
52.1371797,8.387725
52.2010227,8.3345404
52.2037278,8.3368983
52.2040359,8.3363488
52.2609703,7.9995381
52.257439,7.9956767
52.2410951,8.0327482
52.2597449,8.0669267
52.2589647,8.0691301
52.2741586,8.022041
52.270238,8.0319826
52.2741488,8.0452333
52.2737053,8.0468217
52.2866131,8.0280683
52.2763054,8.0418203
52.2761767,8.0440816
52.276536,8.0428344
52.268008,8.052576
52.2737121,8.0507799
52.2694119,8.0520664
52.2743325,8.0502774
52.2747399,8.0513629
52.2738356,8.0527483
52.2736452,8.0537327
52.2719576,8.0592669
52.275041,8.0507819
52.2754616,8.0481819
52.2758798,8.0508692
52.275424,8.0483449
52.2748933,8.0488575
52.2755993,8.048618
52.3065059,7.9789759
52.3065994,7.9789598
52.2974644,8.0345007
52.3352764,8.057782
52.2545268,8.0970876
52.2746466,8.0763097
52.2852479,8.0783616
52.2866545,8.0830916
52.3026869,8.125436
52.3460604,7.9736084
52.3458393,7.9753285
52.3503768,8.0135555
52.3904181,8.059611
52.4072643,8.002412
52.4078043,8.0039385
52.3849961,8.1680365
52.3859887,8.1693816
52.2616022,8.2100174
52.2375154,8.2812344
52.2397351,8.3228344
52.3195748,8.3412402
52.3195158,8.3401149
52.3193468,8.3440865
52.3449994,8.2256554
52.3458883,8.2254913
52.4375994,8.2740308
52.4363657,8.274392
52.365644,8.3128826
52.365959,8.3137351
52.4442714,8.345574
52.4433287,8.3451169
52.5389283,6.833672
52.6072086,6.8529065
52.6057695,6.8508326
52.4678748,6.9615361
52.4990852,6.9661898
52.5003686,6.9676328
52.4501818,7.0577281
52.4455887,7.0619675
52.5799763,6.9487491
52.5779211,6.9484921
52.6463534,7.095149
52.7155485,7.0994743
52.7428502,7.0842031
52.8376278,7.1013599
52.4908951,7.2274061
52.4948554,7.2281786
52.5186172,7.1328095
52.5183994,7.1338797
52.5098107,7.2998619
52.5046632,7.322382
52.5199634,7.3183027
52.5202457,7.3169535
52.5208078,7.3155247
52.5207153,7.3202612
52.5226367,7.3167913
52.5226873,7.318451
52.5218841,7.3170427
52.5218259,7.3171967
52.5217252,7.3358246
52.5334817,7.3038969
52.5246709,7.3159421
52.5873391,7.228321
52.5676408,7.2880507
52.5658193,7.2885331
52.6018411,7.3146953
52.6035497,7.3136793
52.4567297,7.3657575
52.4581895,7.3641492
52.5226215,7.3405491
52.5138148,7.4044934
52.5134967,7.403704
52.4865215,7.5446416
52.4991873,7.4917865
52.5420859,7.4682491
52.5597684,7.3645999
52.5594519,7.3683023
52.6002262,7.4109274
52.6934955,7.2736893
52.6750387,7.2975816
52.6934838,7.292366
52.6936514,7.2913088
52.6889361,7.2927426
52.6952315,7.2951527
52.6984359,7.3005049
52.6986793,7.3008952
52.8250807,7.139311
52.7913519,7.2392265
52.8622687,7.3145849
52.8603612,7.3172894
52.8627744,7.313896
52.6743778,7.4867638
52.7974398,7.4345549
52.7685776,7.4592095
52.8405074,7.5217653
52.8399798,7.5213924
52.9594498,7.2740839
52.9662084,7.3278038
52.9946894,7.3032268
53.0619732,7.27532
53.0507267,7.3315758
52.9250265,7.4074809
52.8728874,7.508961
52.9109143,7.5347714
52.9561267,7.4493987
53.073323,7.4205346
53.0035079,7.491226
53.0043797,7.4943267
53.0444171,7.4638856
53.1355842,7.2400338
53.1763448,7.302671
53.1827253,7.2664717
53.184181,7.2687821
53.0807108,7.3921675
53.0813036,7.3918613
53.0759612,7.4395882
53.105643,7.4157145
53.1041206,7.4169778
53.1653305,7.3500243
53.1658569,7.353691
53.1182129,7.4613156
53.1247098,7.461902
53.1648155,7.4513919
53.1656217,7.4561537
53.1595091,7.529484
53.2293338,7.4524846
53.2301947,7.4575723
53.1878291,7.5256707
52.5887495,7.5974276
52.5810582,7.7430012
52.6241558,7.6745348
52.4763728,7.8294112
52.476096,7.8297162
52.5420945,7.87039
52.5431511,7.8685086
52.541727,7.8697694
52.5444624,7.865832
52.5018419,7.9508811
52.5848332,7.8297337
52.6013001,7.8796539
52.5547362,7.9483671
52.6839082,7.6044738
52.6833859,7.6041712
52.7442105,7.5665532
52.7442284,7.5691865
52.7378482,7.6212152
52.7348086,7.758267
52.8197361,7.6116962
52.6749607,7.8195888
52.6806717,7.9497562
52.6760201,7.9563975
52.6758725,7.9561278
52.6756894,7.9563776
52.7209816,7.9407744
52.7221851,7.9419583
52.7957169,7.8636847
52.7960324,7.8627485
52.8448303,7.7784926
52.8445021,7.7827402
52.8588975,7.9210122
52.8589789,7.9224047
52.8584714,7.9226087
52.4860119,8.0112660000000009
52.4854054,8.0128715
52.5108143,8.0649388
52.5107389,8.0655776
52.6331401,7.9791548
52.6329463,7.9812708
52.5838526,8.1250345
52.5219635,8.1949908
52.5221488,8.2626411
52.5427911,8.2765527
52.5248293,8.3692493
52.5875656,8.2148705
52.5866336,8.2171105
52.6168043,8.2135731
52.7270816,8.0078208
52.6603861,8.1222494
52.6620437,8.1234925
52.6951622,8.1633979
52.7327502,8.0793228
52.8405788,8.0373799
52.8445411,8.0436853
52.8455117,8.0370784
52.8455313,8.043328
52.8490459,8.047707
52.8464749,8.042695
52.8466611,8.0426199
52.8447249,8.0486441
52.8390364,8.0814818
52.8340041,8.1544598
52.6654909,8.2346755
52.664979,8.2345817
52.6651567,8.2337705
52.7397057,8.1920944
52.740823,8.1928883
52.7184497,8.2864751
52.7315056,8.2873832
52.7277192,8.2852069
52.7292793,8.2867128
52.7276752,8.2846807
52.7347058,8.294833
52.7370124,8.3007277
52.7845248,8.2556779
52.784232,8.2534723
52.8365606,8.3133901
52.9254713,7.6385978
52.9559147,7.6156497
52.9140045,7.709559
53.0359095,7.5743691
53.0684266,7.706646
53.0412588,7.7391333
53.0444514,7.7367916
52.8879329,7.7747717
52.8849518,7.8367951
52.9741698,7.7641663
53.0191043,7.8565335
53.0206943,7.86003
53.0210033,7.8606999
53.0225627,7.8571973
53.0228465,7.8617948
53.0346728,7.8796927
53.0358305,7.8817543
53.1077026,7.5794999
53.1389361,7.5699529
53.1355622,7.5758384
53.1368657,7.5736834
53.1389435,7.60805
53.1405103,7.6333611
53.1027933,7.6779708
53.1274648,7.6670215
53.1269736,7.6710679
53.1663931,7.7468285
53.1670973,7.7465058
53.1746127,7.7550978
53.2116208,7.6633487
53.1211782,7.8178007
53.1226506,7.8169868
53.2182635,7.803956
53.219021,7.8079278
53.2030415,7.8854467
53.2550317,7.9276817
53.2580108,7.9285522
52.9557409,8.0245751
52.9507937,8.0289058
52.9575765,8.024582
52.899668,8.2175331
52.9440042,8.2499341
52.9444203,8.2558845
53.0537757,8.2523476
53.0218062,8.3489598
53.1223153,7.9771231
53.1278836,7.9843609
53.1245295,8.0922865
53.1242467,8.0949256
53.1411171,8.1720422
53.1671336,8.1551376
53.1842241,8.0074434
53.1858223,8.0052611
53.2570161,8.1159864
53.098024,8.2431319
53.1059109,8.2763967
53.1298388,8.1799904
53.1312278,8.1834533
53.1330656,8.197695
53.1332599,8.199302
53.1333438,8.1938285
53.1321248,8.2210266
53.130061,8.2257147
53.1457443,8.2106784
53.1411719,8.2094049
53.1423342,8.2137342
53.1408218,8.2180575
53.143138,8.2133214
53.1440636,8.2127342
53.1405223,8.2142989
53.1444148,8.2123666
53.1449134,8.2135263
53.1425512,8.2136289
53.1441671,8.2132336
53.1413056,8.2235322
53.143753,8.2208163
53.1449489,8.2270674
53.1700163,8.1969517
53.1564728,8.2098222
53.1540097,8.2101739
53.1536802,8.2186857
53.1692114,8.2287646
53.1677823,8.2275565
53.1608833,8.2413665
53.1851526,8.202418
53.1855794,8.2026085
53.2066419,8.2418594
53.2501796,8.1966712
53.2285243,8.3737789
51.6390984,8.5097176
51.6386459,8.5117427
51.7554091,8.3904139
51.7549697,8.3917856
51.8115352,8.4277939
51.8146744,8.4289894
51.74347,8.5118199
51.7897941,8.5011397
51.8154228,8.4937601
51.7638812,8.5608495
51.765327,8.5616934
51.7645728,8.5636585
51.7969971,8.5522333
51.6366858,8.6711673
51.6328821,8.6786052
51.6707284,8.6049471
51.6883554,8.6961681
51.6856241,8.6974409
51.6582722,8.728134
51.627743100000004,8.7626078
51.6685401,8.7236435
51.6724819,8.7249645
51.7087783,8.7183487
51.7102437,8.7520704
51.7137442,8.6314263
51.7340508,8.6835516
51.7338752,8.6861987
51.7335325,8.6885939
51.7951855,8.6132323
51.7159851,8.7411136
51.7134888,8.7414343
51.7151288,8.7458793
51.7158532,8.7490533
51.7159624,8.7454491
51.7176312,8.7549147
51.7172931,8.7543685
51.7175607,8.754004
51.7173917,8.752836
51.7177907,8.75506
51.7214487,8.7544338
51.7477448,8.7146111
51.747417,8.7153769
51.7484571,8.717396
51.716726,8.7556252
51.7132052,8.7693085
51.7368396,8.7562231
51.7264637,8.7744139
51.7385525,8.7586632
51.7736968,8.7139615
51.8300719,8.4392734
51.8315068,8.4421258
51.9049873,8.3971044
51.9125284,8.4336805
51.8168229,8.5561371
51.8570644,8.5640449
51.8827677,8.5054911
51.9458219,8.4108441
51.9358798,8.4861794
51.935365,8.48921
51.9703184,8.463681
52.0065721,8.4168537
52.0062606,8.4174693
51.9843429,8.4830988
51.9980123,8.487582
52.0228049,8.4849830999999991
51.9500276,8.498884
51.9620072,8.5193597
51.9590377,8.5209396
51.939175,8.5803282
51.94649,8.5857345
51.9474553,8.5876846
51.954231,8.5862776
51.991706,8.5093737
51.991907,8.508838
51.9909841,8.5108247
51.9925141,8.5089219
51.9940747,8.5069653
51.975419,8.5413133
52.013124500000004,8.5233304
52.0191514,8.5312776
52.0253295,8.5231003
52.0221001,8.5316816
52.019958,8.5288114
52.0201421,8.5295609
52.0234881,8.5316005
52.0237829,8.5323746
52.0202399,8.5317576
52.0206922,8.5324074
52.0249638,8.5336172
52.0257197,8.5346236
52.0203936,8.5348779
52.023537,8.5329775
52.0239829,8.5360508
52.0236065,8.5360488
52.0245463,8.5363455
52.0046427,8.5599213
52.0083221,8.5669418
52.0164276,8.55316
52.0134231,8.5539958
52.0228497,8.5619356
52.0013266,8.5900433
52.0111934,8.5976716
51.8496882,8.6239287
51.8215525,8.6617197
51.8209189,8.6600139
51.8992749,8.6207164
51.901458,8.6221793
51.9093292,8.6082729
51.9115935,8.6585732
51.959291,8.6619871
51.9599701,8.6657296
51.9864103,8.6318944
52.012085,8.7000297
51.947009,8.7836023
51.9771714,8.7434313
51.9903198,8.7903535
51.9907603,8.7964207
51.6165201,8.8973265
51.6168213,8.8969054
51.6967207,8.8513889
51.7831328,8.8164037
51.7827545,8.816991
51.7818701,8.8169973
51.809348,8.8433872
51.8088562,8.8440519
51.7634695,8.9424349
51.6260842,9.0337855
51.654907,9.1203351
51.7343832,9.0227685
51.734962,9.0206426
51.733513,9.0251782
51.7159626,9.1810782
51.7170075,9.1793576
51.7163245,9.1847144
51.8717984,8.9437304
51.8731118,8.9462685
51.8949617,8.9799805
51.8953463,8.9811902
51.9243038,8.8424466
51.9514393,8.8118868
51.9382114,8.8745632
51.9377683,8.8775704
51.9378922,8.8769876
51.9372456,8.8797743
51.9357398,8.8804947
51.9801188,8.8474602
52.0252737,8.8345072
52.0161549,8.8902659
52.0162198,8.9220565
51.9117918,9.15453
51.9442615,9.0905695
51.943506,9.0923894
51.9907173,9.1162294
52.0479378,8.4578664
52.0486643,8.4553114
52.0375222,8.4833666
52.0370978,8.5160792
52.0274633,8.5213258
52.0275794,8.5317448
52.0305771,8.5320682
52.0376573,8.5232133
52.0264136,8.5382358
52.0260236,8.535298
52.0446825,8.5231941
52.0561433,8.5182086
52.0725785,8.5150472
52.0495241,8.5532915
52.0343473,8.5727429
52.0489064,8.5959003
52.0564381,8.546073
52.0575104,8.5516078
52.096128,8.5177445
52.0960611,8.5140389
52.1810736,8.4239289
52.1423205,8.4851008
52.1411723,8.4826808
52.2016042,8.4534338000000009
52.1401172,8.5078299
52.1401174,8.5078566
52.1601451,8.58259
52.2028924,8.569288
52.2033392,8.5681696
52.2001268,8.5762729
52.1994065,8.5864618
52.2265591,8.580873
52.0299574,8.6061262
52.031684,8.6055367
52.0475303,8.6365943
52.0600271,8.619077
52.0710491,8.5988069
52.0689763,8.6076653
52.1142099,8.6691923
52.1156094,8.6689129
52.1131695,8.6734467
52.1171335,8.6758699
52.1151573,8.6742009
52.1260064,8.675353
52.0611045,8.7342453
52.0594785,8.7296001
52.0258898,8.7634112
52.0373877,8.7572837
52.0711394,8.7587892
52.0842307,8.7460421
52.0838683,8.7476613
52.0852577,8.7450283
52.0856307,8.7454038
52.0852774,8.7447024
52.1019018,8.7889063
52.1391861,8.650079
52.1586463,8.6701126
52.1854836,8.68903
52.2077811,8.6987127
52.2071962,8.6984896
52.1365519,8.7787061
52.1381187,8.7794106
52.1907155,8.7136402
52.1981361,8.7178173
52.2193585,8.7086318
52.2178039,8.7105919
52.1998221,8.7597926
52.197529,8.7588629
52.1941759,8.8007669
52.1998924,8.7835058
52.2022901,8.7900667
52.2027118,8.7976668
52.2051282,8.7998543
52.2039406,8.7992763
52.2466428,8.4015224
52.3087563,8.4295803
52.3169391,8.4045574
52.3049937,8.4937955
52.3051105,8.4950686
52.2916678,8.5401712
52.3041977,8.5720363
52.336846,8.558157
52.3769716,8.4510556
52.3763058,8.4527307
52.4367679,8.3911908
52.4361605,8.4592454
52.4373164,8.4620063
52.2421447,8.6299458
52.2669577,8.6078814
52.2743306,8.6694377
52.2736049,8.6705571
52.3095503,8.6091001
52.3042547,8.6177423
52.3035065,8.6141636
52.3045418,8.6190453
52.3106743,8.6463446
52.3097713,8.6548828
52.3017908,8.6986149
52.2755088,8.7099444
52.2786297,8.7850747
52.3372287,8.7438646
52.335147,8.7440113
52.2969848,8.7620706
52.3769151,8.6292199
52.3532897,8.6714889
52.3535951,8.6691625
52.432841,8.6141174
52.4324765,8.6141937
52.4239416,8.7409241
52.0283702,8.8995482
52.0279769,8.908107
52.0277798,8.9069839
52.0300762,8.9068115
52.0843918,8.8681535
52.1073123,8.9487029
52.1070444,8.9480953
52.1547318,8.8427274
52.1545687,8.8443
52.1728731,8.8699695
52.1957592,8.8358816
52.2129757,8.8128465
52.2133859,8.8239429
52.2134235,8.8224831
52.2300625,8.828664
52.2154717,8.873084
52.2134719,8.8779727
52.1921848,8.961904
52.0680513,9.1261356
52.1487858,9.0816017
52.1540284,9.0788531
52.1704807,9.0975648
52.185632,9.0792949
52.1954891,9.0794226
52.1982599,9.0809696
52.2539287,8.9104025
52.2565794,8.9094831
52.2725705,8.861515
52.2677175,8.8830161
52.2741896,8.8879723
52.3132737,8.8206154
52.3137228,8.8210317
52.3008632,8.8650756
52.291571,8.8846511
52.2892574,8.8963134
52.3096619,8.8928507
52.3213351,8.9092852
52.2392276,8.9230453
52.239564,8.923631
52.2591486,8.936435
52.287616,8.9170062
52.2877134,8.9181332
52.2623433,8.9411052
52.2849747,8.9500535
52.2767668,9.001569
52.2907838,8.9190689
52.2902042,8.9162765
52.2900167,8.9188422
52.2915079,8.9137222
52.2895807,8.9196835
52.2891665,8.9203768
52.3123877,8.9363516
52.3092977,8.9350043
52.3535383,8.8507434
52.353554,8.8485462
52.37808,8.9684002
52.3684463,9.0022889
52.3674606,9.0055535
52.4150279,9.011051
52.2376718,9.0360777
52.2607173,9.0453603
52.2611544,9.0521039
52.262421,9.037706
52.2398169,9.0996193
52.2394569,9.1040329
52.2957209,9.0611852
52.3136243,9.1153625
52.3119678,9.1155745
52.2709001,9.1276494
52.2907626,9.1583901
52.3155408,9.19902
52.3325947,9.1851303
52.3273579,9.1929728
52.3240698,9.2035218
52.3236571,9.2031779
52.3424061,9.1442053
52.384287,9.1892501
51.6642378,9.3731126
51.6656454,9.3738048
51.7119078,9.3416552
51.7311591,9.3996229
51.7494306,9.3883884
51.7535577,9.3990236
51.7706546,9.3683941
51.7755494,9.3808294
51.7766751,9.3815849
51.7933708,9.4244826
51.7944258,9.424429
51.6439192,9.453145
51.6427221,9.4520252
51.6376779,9.5587595
51.8187479,9.229427
51.8990492,9.405566
51.9861452,9.238713
51.9862915,9.2553894
51.9861107,9.256386
51.9847875,9.2667025
51.8263543,9.4501191
51.8276784,9.4479679
51.8274239,9.4538176
51.8298205,9.4495122
51.8258993,9.4646013
51.8562479,9.4931529
51.8576185,9.4928176
51.8558137,9.4974949
51.8799309,9.6208954
51.8818054,9.6252643
51.8821736,9.6223062
51.9682442,9.5188057
51.9845968,9.4789913
51.9271923,9.6373294
51.8034125,9.6877824
51.813148,9.7691453
51.8125839,9.7675624
51.6328032,9.8845972
51.6291034,9.9364711
51.6994865,9.8679507
51.6999544,9.8708632
51.7020178,9.9624837
51.6996013,9.9920442
51.7010256,9.9956679
51.705194,9.9990386
51.7060809,9.998899
51.7063777,9.9994175
51.7056023,10.0000926
51.766193,9.8643731
51.7512022,9.9763078
51.8710167,9.8068892
52.0051484,9.6961226
51.94239,9.8029253
51.9402397,9.8147375
51.9838929,9.824514
51.9897105,9.8252689
51.8179332,9.8678773
51.8184231,9.8694876
51.8181952,9.8716696
51.8183238,9.8727447
51.8565048,9.9609544
51.8555603,9.9626558
51.8705854,10.0249104
51.8697935,10.024548
51.9288162,9.8972082
51.9640247,10.0144619
52.045296,9.2605464
52.0474714,9.2634463
52.0475427,9.3908206
52.0804566,9.348042
52.1027884,9.3564845
52.1022745,9.3558669
52.1040819,9.3612137
52.1043513,9.3609666
52.1007224,9.3676445
52.1054239,9.3576657
52.1044415,9.3579108
52.1044121,9.3562811
52.1045823,9.3562814
52.1097906,9.3548971
52.1058895,9.355871
52.1683889,9.2494939
52.2330089,9.236252
52.2316868,9.2366736
52.1187946,9.5454793
52.1191346,9.5489188
52.1978693,9.4608162
52.1999299,9.4615345
52.1977337,9.4612511
52.208176,9.5520454
52.209727,9.5574847
52.2369586,9.4196293
52.2893132,9.3365501
52.3113931,9.3568894
52.3365173,9.3765983
52.3365158,9.3800408
52.3361724,9.3784757
52.3574041,9.2845973999999991
52.3564947,9.2855374
52.3574113,9.2846742
52.3425379,9.3134493
52.3954792,9.265676
52.434493,9.3288645
52.425421,9.4293413
52.4258358,9.4276388
52.4290384,9.4266963
52.2840061,9.5142876
52.3018444,9.4615667
52.3025348,9.4601525
52.3020263,9.4634281
52.2893694,9.5068735
52.2727324,9.5700074
52.2542994,9.6183219
52.3152006,9.5988683
52.4260342,9.4492956
52.426619,9.471589
52.4148926,9.5880295
52.4069486,9.6093051
52.3970257,9.6407116
52.4190429,9.5967432
52.4194975,9.6146919
52.4353904,9.6111235
52.4374125,9.6118551
52.4368488,9.611346
52.0743037,9.7203618
52.1201754,9.7357384
52.120162,9.7358255
52.0848733,9.7745888
52.0844667,9.7796816
52.1711743,9.6606089
52.1601479,9.7823498
52.160771,9.7849773
52.19628,9.7801514
52.2340627,9.851201
52.2340115,9.8529726
52.0560262,9.901773
52.1258854,9.9437958
52.0549331,10.0039301
52.0622786,10.0076088
52.0644503,10.0082593
52.124099,9.9864538
52.1205589,9.989959
52.1429179,9.9231654
52.1505996,9.9297583
52.1462337,9.9577695
52.1525045,9.9515831
52.1558838,9.9521285
52.1559076,9.9525492
52.15237,9.9531331
52.1530998,9.9489093
52.1528146,9.9543273
52.1534784,9.9506741
52.1626236,9.9175903
52.1570909,9.9514447
52.1584316,9.9523916
52.157029,9.9529422
52.1639001,9.949122
52.1972124,9.8996241
52.1340182,9.9734139
52.1549622,9.9628381
52.1743896,9.9891988
52.2057839,10.0053094
52.238853,9.6701439
52.3293537,9.6910529
52.3032375,9.7399256
52.3033107,9.7391503
52.3254668,9.7254825
52.3251718,9.7238049
52.285351,9.8237582
52.3378599,9.7683849
52.3366167,9.7696166
52.3327069,9.7937027
52.3069047,9.8100822
52.307108,9.8122495
52.3065553,9.8122502
52.3380102,9.8334633
52.342429,9.6632344
52.3422338,9.6683873
52.3556056,9.6717845
52.3554905,9.6703209
52.3403974,9.692539
52.3838251,9.6640434
52.3817852,9.6647663
52.342902,9.713727
52.3459485,9.724186
52.3599218,9.750371
52.3601658,9.750173
52.3730825,9.7088669
52.3739752,9.7055345
52.3735699,9.7067851
52.3668392,9.7154516
52.3673394,9.7182733
52.3869362,9.7238794
52.37039,9.7376864
52.3710813,9.736242
52.3714369,9.7384385000000009
52.3721367,9.7386202
52.3761402,9.7300832
52.3792176,9.72907
52.3764806,9.7330437
52.376591,9.7353238
52.3756984,9.7343651
52.3688789,9.7418836
52.3713258,9.7419575
52.3674156,9.7447693
52.3697699,9.7418781
52.3721901,9.74193
52.3666668,9.7461594
52.3753225,9.7417185
52.3744162,9.7433549
52.3751828,9.7424839
52.3759787,9.7491923
52.3832789,9.7256242
52.3921869,9.734525
52.3881518,9.7501589
52.387984,9.7496995
52.3884089,9.7495837
52.3882461,9.7498786
52.4109173,9.6630445
52.4206259,9.6965793
52.4022443,9.713045
52.3930143,9.7466379
52.4113765,9.7512744
52.3406293,9.7659633
52.3626707,9.7587614
52.3614148,9.7591993
52.3912573,9.7548725
52.3728413,9.7849777
52.3467186,9.8275874
52.3607949,9.8251844
52.3611189,9.8279948
52.3607111,9.8283653
52.3834799,9.805936
52.383524,9.8060838
52.3889357,9.8112891
52.3892357,9.8129238
52.3868192,9.8341619
52.3901357,9.8538916
52.3915916,9.8540846
52.3970639,9.7704404
52.3989429,9.7690432
52.4173459,9.7646405
52.406072,9.7988745
52.4065464,9.8004991
52.4311139,9.8510326
52.4312798,9.8517004
52.2531402,9.9694009
52.2537923,9.9703577
52.2582261,10.0622773
52.3611394,9.8583496
52.36113,9.858301
52.3690293,9.9083725
52.377873,9.9742033
52.378577,9.9758504
52.3772644,9.9768198
52.3760585,9.9767117
52.3737137,9.9757265
52.4648549,8.5265043
52.4990525,8.6483847
52.6210067,8.7307096
52.6212108,8.7306484
52.7092459,8.5062711
52.7875723,8.430143
52.7886676,8.4294223
52.7711668,8.5498452
52.7458473,8.7077828
52.8008444,8.640185
52.7999275,8.638565
52.7764245,8.7530617
52.7752916,8.7537166
52.4983436,8.9055953
52.4746402,9.0977251
52.4775266,9.104665
52.5106839,9.0768732
52.5581073,9.1202733
52.6034164,9.0966671
52.622651,9.2183516
52.6421786,9.208884
52.6420373,9.209908
52.6444164,9.2085421
52.651535,9.2168492
52.7375168,8.8217851
52.7370459,8.8294589
52.7966905,8.8401419
52.7971956,8.8429431
52.7948955,8.9175592
52.7687822,9.0070659
52.8217717,8.9836366
52.8221042,8.9852186
52.6596016,9.2207733
52.8054002,9.1354156
52.8058393,9.1410601
52.7794919,9.2150233
52.8468331,9.2264415
52.8463233,9.2244795
52.8956051,8.4345452
52.8976716,8.4363041
52.8974309,8.4370007
52.9092773,8.5865381
52.9096994,8.5889754
52.9742458,8.3974161
52.8720594,8.7845222
53.0319143,8.6212327
53.0293949,8.6389785
53.0487406,8.6294915
53.050042500000004,8.6300889
53.0498045,8.629372
53.050285,8.6304344
53.0500694,8.6268904
53.0499148,8.6258367
53.0529769,8.6432709
53.052787,8.6448883
53.0629914,8.6317751
53.0339714,8.7253904
53.0335721,8.725341
53.0283717,8.7497458
53.0479822,8.7418414
53.0555861,8.7163969
53.0522995,8.7395495
53.0507499,8.7400901
53.0688964,8.7890513
53.0685135,8.7901981
53.0616225,8.8049118
53.0950376,8.5302586
53.0843855,8.5779498
53.2336558,8.4554539
53.1881903,8.5488163
53.1964532,8.5713709
53.1956515,8.5711399
53.1840543,8.5727343
53.1833037,8.581423
53.2275175,8.5949538
53.1701574,8.6237343
53.166733,8.637514
53.1697053,8.6888863
53.1679201,8.7015539
53.0773463,8.7731693
53.0856287,8.7812895
53.0787494,8.8073038
53.0774639,8.8022456
53.0786338,8.8016329
53.0931139,8.8033816
53.0951519,8.807253
53.1162903,8.7590545
53.1165915,8.7586492
53.1169808,8.7587662
53.1343722,8.734857
53.1348935,8.7390282
53.1559645,8.7042261
53.1559804,8.7042222
53.1839368,8.619771
53.1917561,8.6331259
53.1817517,8.7095886
53.1794875,8.7527599
53.2314369,8.7851177
53.2298381,8.7848315
53.2238173,8.8078533
52.9141278,8.8167932
52.914131,8.8268657
52.9141543,8.8220098
52.8769686,8.8678392
52.879994,8.8714388
52.9401815,8.8261201
52.9392633,8.8267099000000009
52.9691641,8.940378
52.9886354,8.817921
52.9902662,8.8158133
52.9837598,8.8578226
52.9843357,8.8584201
52.9843779,8.8587875
52.9857893,8.8799357
53.0450496,8.8483031
53.0450483,8.8479916
53.0722865,8.8104447
53.0724844,8.817649
53.0722844,8.8177484
53.0475544,8.8922038
53.067015,8.872381
53.0493679,8.8926887
52.970393,8.9395094
53.0163201,9.0153921
53.0413148,8.9185273
53.0359016,8.9492765
53.0476407,8.9569764
53.0494798,8.9581795
53.0636609,8.9494965
53.0294923,8.969205
53.0589232,9.0129307
52.8751289,9.058866
52.8760203,9.0637846
52.899894,9.018788
52.898263,9.018359
52.9620702,9.0239464
52.9617043,9.0236876
52.9517171,9.0878681
52.9275792,9.1339495
53.0163986,9.0306836
53.0115101,9.0364392
53.0112828,9.0368583
53.0128523,9.0334415
53.0033671,9.0514797
52.9949058,9.1161396
53.0021684,9.0810832
53.067889,9.0921715
52.97705,9.1833452
52.9772696,9.1863104
53.0590396,9.1682514
53.0768187,8.8090555
53.0779043,8.8089865
53.0798746,8.8110083
53.0804142,8.8109141
53.0755585,8.8123057
53.0810522,8.8142565
53.0851178,8.8289343
53.0832295,8.8427884
53.0833991,8.8417466
53.1084441,8.8515235
53.0797788,8.8932595
53.0796242,8.8937691
53.0865099,8.8887746
53.0809338,8.8931345
53.1017772,8.8798225
53.124257,8.8981154
53.0888093,8.9352662
53.1624559,8.9370084
53.2468559,8.8131631
53.221275,8.925511
53.221615,8.929268
53.2213233,8.9296479
53.1812428,8.9844904
53.1837585,8.9827484
53.2694632,8.9564389
53.2726815,8.9570397
53.1167538,9.0554778
53.1165274,9.0546689
53.1110173,9.1424116
53.2255589,9.0798011
53.2263978,9.0802562000000009
52.4748255,9.2302227
52.4752072,9.2296331
52.4892775,9.2896484
52.4544253,9.3568134
52.4538847,9.357202
52.6166919,9.2634997
52.4673258,9.4869121
52.4614072,9.5335084
52.5047,9.4575407
52.5054406,9.4606407
52.5108858,9.4495457
52.5125438,9.450025
52.459174,9.577419
52.561779,9.4871293
52.5986706,9.5636059
52.5879459,9.5869377
52.6621645,9.2425637
52.6621059,9.2430894
52.7035423,9.2520055
52.7851056,9.3779406
52.7853909,9.3823747
52.831994,9.4867122
52.7618447,9.5834278
52.762556,9.583986
52.8624335,9.5910027
52.8606147,9.5900568
52.8314581,9.6340914
52.8614964,9.595581
52.8605954,9.594889
52.4498496,9.7423338
52.4797702,9.7340463
52.5451671,9.7311265
52.5463321,9.7363114
52.4755809,9.7975419
52.4921366,9.8554116
52.492975,9.8558741
52.5238613,9.7560155
52.6545459,9.8409618
52.5122158,9.9149353
52.5126512,9.9156045
52.4464962,10.0065031
52.4459698,10.0091327
52.4469456,10.0089911
52.4469456,10.0100463
52.5179186,10.0150688
52.598382,10.0607032
52.6139981,10.0525596
52.6321399,10.0532288
52.6803433,9.9090847
52.8087285,9.9631156
52.8104841,9.9621206
52.8870827,9.3094064
52.9215689,9.2302883
52.9213245,9.2324942
52.9194323,9.2288202
52.9214841,9.2287538
52.9216623,9.2290489
52.923012,9.2280301
52.9216446,9.234141
52.9214904,9.2514237
52.9447152,9.2329318
52.9405131,9.3189652
52.9410922,9.3230167
53.0711814,9.5024639
53.1152415,9.2304787
53.1031074,9.3954913
53.1090688,9.3988979
53.1088132,9.3985895
53.1102127,9.4024605
53.1111906,9.4072369
53.1109692,9.4076372
53.1688244,9.48617
53.1678424,9.4865978
53.0861543,9.5986285
53.2814827,9.5058641
53.1998978,9.5530039
52.8658519,9.6917339
52.8658753,9.6979786
52.9037781,9.6593874
52.9040182,9.6607952
52.8996997,9.7681636
53.032479,9.7068574
53.0325681,9.7069737
52.9858263,9.8364641
52.98667,9.8388736
52.9838317,9.8401972
52.9865579,9.8435428
52.986743,9.8511868
52.9193382,9.9752396
52.9193706,9.9752343
53.1185033,9.787955
53.1156259,9.7889659000000009
53.2812206,9.7113522
53.2797637,9.7142311
53.0830504,9.9973758
53.0845367,9.9962839
53.1953146,10.0631431
53.2578281,10.0148518
49.9621626,10.1204983
49.9819815,10.1004524
49.9822109,10.0993469
50.0318978,10.090365
49.9439622,10.2338694
49.9483558,10.2619239
49.9523568,10.2632826
50.0032016,10.1997216
50.0098145,10.1821579
50.0087177,10.181717
50.0134598,10.1843293
50.0276967,10.2018339
50.0417623,10.1558561
50.0615408,10.137322
50.0623846,10.1389921
50.1002661,10.1446604
50.0371487,10.2006492
50.0602921,10.1805203
50.0699235,10.2229977
50.0341574,10.2320088
50.0433076,10.2289034
50.042819,10.2271512
50.0438011,10.2301234
50.0418463,10.2300913
50.0414357,10.2266647
50.0458891,10.2280117
50.0458235,10.2335944
50.0455638,10.232848
50.0455703,10.2309951
50.0436181,10.232354
50.0442312,10.2327649
50.0429812,10.2325785
50.0430259,10.231981
50.0452959,10.2319501
50.0437886,10.2321581
50.0402263,10.2584633
49.9843362,10.3124458
50.0203512,10.2825454
50.0201658,10.2831908
50.0178822,10.4406475
50.0185906,10.4473926
50.0185911,10.4473833
50.0120285,10.4662944
50.0508774,10.3036867
50.0506659,10.3029648
50.0502273,10.3041075
50.1721492,10.086958600000001
50.1855299,10.0958777
50.1976115,10.0774056
50.2061491,10.0903642
50.2211152,10.1240684
50.1644546,10.2062011
50.1845336,10.2751823
50.2097348,10.2376941
50.2486872,10.1940266
50.2481696,10.1941684
50.2489181,10.1944845
50.2482609,10.1942006
50.2760611,10.1784703
50.3198261,10.198768
50.3238029,10.2112973
50.3223354,10.2162668
50.3234631,10.2199205
50.3232855,10.218723
50.3234556,10.2186321
50.3255165,10.2207019
50.3245967,10.2336439
50.1838956,10.276578
50.1883981,10.36089
50.1875135,10.3607265
50.2572892,10.3143883
50.2705907,10.3671368
50.2989135,10.4645868
50.2986712,10.4659456
50.3010576,10.4669162
50.2989845,10.4670467
50.0321755,10.5072764
49.9971473,10.5488904
49.9948133,10.5458227
49.9889191,10.5877815
49.9423879,10.6052211
49.9720115,10.6666539
49.9722102,10.6670952
50.008266,10.5951064
50.009791,10.5947433
49.985034,10.675894
50.0399307,10.5154716
50.0809879,10.5658242
50.1363508,10.5232298
50.1367978,10.5236804
49.9322489,10.816893
49.9326757,10.8145994
49.9294464,10.8758685
49.970633,10.8853918
49.9712744,10.8859901
49.9856741,10.8521341
49.9865503,10.8503682
50.015008,10.8861425
50.0433173,10.7165351
50.0944949,10.7937734
50.0985245,10.7937541
50.093082,10.7951033
50.0938994,10.794205
50.1245987,10.8804086
50.1405322,10.653479
50.2083483,10.625789
50.1965928,10.6595117
50.2646938,10.540887
50.1900058,10.8404546
50.1875255,10.8432112
50.2808061,10.7249462
50.2827033,10.7268431
50.3412003,10.7788973
50.341327,10.7794769
50.4409238,10.1182987
50.3783131,10.2575185
50.5193548,10.1483985
50.5193676,10.1483685
50.4577105,10.2343212
50.4576408,10.2311949
50.3951929,10.3542715
50.427915,10.3021736
50.429963,10.3062911
50.4545914,10.4326384
50.4552913,10.4359175
50.5324686,10.4120067
50.6080425,10.1602677
50.6265659,10.156528
50.6277797,10.16147
50.6283877,10.1610126
50.578544,10.3337195
50.662148,10.3646854
50.5687467,10.4168118
50.5690571,10.4169572
50.5711039,10.4154554
50.575476,10.4155922
50.5752591,10.416329
50.5756279,10.4164096
50.5742285,10.4153577
50.5747868,10.4152415
50.5926279,10.4157561
50.6635738,10.368512
50.7581184,10.3308345
50.7208852,10.4511272
50.7210437,10.4546566
50.7265081,10.4491778
50.7265263,10.4490819
50.7217162,10.4531041
50.7186329,10.4664273
50.758878,10.4785544
50.3987733,10.5407587
50.3976755,10.5412297
50.3540664,10.6842802
50.3534096,10.684801
50.4818861,10.5022476
50.4810745,10.5013673
50.5022313,10.6131554
50.5038586,10.6143525
50.4251224,10.721438
50.4251446,10.7322944
50.5096629,10.7520401
50.5095884,10.7530869
50.5007914,10.8226758
50.5225352,10.8785302
50.5224722,10.8838803
50.619603,10.531117
50.606817,10.6883104
50.6077335,10.6882297
50.6085756,10.6903739
50.6090979,10.6913991
50.6078119,10.6900683
50.6413348,10.5925314
50.6108061,10.6916145
50.6111499,10.6946791
50.6102437,10.6910786
50.6555645,10.6651148
50.6562823,10.661955
50.6993239,10.5695749
50.7024657,10.5688427
50.7342276,10.8238128
50.7192759,10.8476106
50.7467437,10.8133999
50.7480401,10.8108129
49.932212,10.952513
49.9352023,10.9532484
50.0080386,10.9072269
50.0165204,10.9297842
50.0155398,10.9291323
49.976054,11.0300784
49.9755136,11.0356057
50.065131,10.9574935
50.0345041,11.0041863
50.0658052,10.9582423
50.1014631,10.9995212
50.1010247,10.9985684
50.0854638,11.0674667
50.1342979,11.046502
50.1088204,11.1111447
49.9456085,11.1622093
49.945905,11.1640357
50.0029668,11.1970044
49.9373621,11.289798
49.9374279,11.2916756
50.0024107,11.3027259
50.125193,11.2477904
50.1265375,11.2473832
50.1226749,11.3190847
50.1948528,10.9698806
50.1944364,10.9708079
50.2358333,10.9784012
50.1466369,11.0634982
50.1476344,11.0680389
50.1458899,11.0628484
50.1465076,11.0659399
50.1622405,11.0787816
50.162971,11.1109234
50.2184193,11.0776826
50.2563135,10.9285817
50.2580232,10.964164
50.2617651,10.9635076
50.2605878,10.96349
50.2604972,10.9636475
50.2616255,10.9620498
50.2604805,10.9649481
50.2601588,10.9656621
50.2592972,10.9648556
50.3209256,10.9076492
50.2957927,10.9767286
50.295414,11.0430163
50.2956649,11.0426854
50.1748263,11.1245916
50.1674214,11.1508433
50.1504291,11.1733543
50.1493733,11.1763239
50.1663565,11.1712509
50.1716169,11.2057573
50.1731064,11.2063647
50.2033527,11.1391918
50.2033371,11.1367679
50.2228363,11.1357225
50.2238602,11.1354915
50.2104609,11.1939638
50.2367763,11.1808165
50.1396496,11.2466812
50.1409075,11.2483582
50.1404458,11.2491494
50.194383,11.2687696
50.1913469,11.2770927
50.2396286,11.3231408
50.2393631,11.321314
50.2389201,11.3224495
50.2733873,11.1207329
50.2779729,11.160269
50.2484823,11.2087374
50.2488013,11.2110627
50.3274273,11.1245094
50.3276173,11.123981
50.3348535,11.1180372
50.329072,11.1228982
50.3449619,11.1287491
50.3409148,11.1796992
50.2927076,11.2653652
50.2823412,11.3013292
50.3108901,11.2432323
50.3119935,11.2431265
50.3063904,11.2826
50.3460689,11.3091663
50.0255332,11.39181
50.0246534,11.3944798
50.013974,11.4058999
49.9321066,11.4979926
49.9347507,11.5169424
49.9671912,11.5323034
50.0193699,11.4660949
50.0159972,11.5025625
50.0360519,11.3502451
50.1005995,11.3761522
50.1001187,11.3748696
50.0981633,11.3786521
50.1046639,11.4423891
50.1081763,11.4551428
50.1088838,11.4526481
50.1078793,11.4530119
50.0933007,11.4562986
50.1070779,11.4583837
50.1153734,11.4426818
50.1339988,11.4312636
50.1323468,11.5299046
49.9466823,11.546419
49.9365949,11.5764471
49.9452536,11.5735677
49.9444272,11.5672507
49.9522733,11.5693674
49.945035,11.5742809
49.9455282,11.5789046
49.9454074,11.5787455
49.9478902,11.5777514
49.9480231,11.5784128
49.9452793,11.5773313
49.9506881,11.578725
49.9306212,11.5967227
49.9546065,11.5973117
49.934816,11.6176562
49.9359675,11.6186801
49.978017,11.6099049
49.9423731,11.7230541
50.0111936,11.6875459
50.0108885,11.6871972
50.0689898,11.5497015
50.0668927,11.5515728
50.0629364,11.5946626
50.0630992,11.5960984
50.063112,11.5961
50.0926553,11.5816041
50.103429,11.5991073
50.0454893,11.6700248
50.0476017,11.6715449
50.0485377,11.6744185
50.0952303,11.6548874
50.095121,11.7372029
50.0951711,11.7393555
50.1984066,11.3489621
50.2017508,11.3446512
50.1637997,11.5020253
50.1611059,11.5047433
50.2504095,11.3862797
50.2677711,11.4726243
50.2927845,11.4578551
50.2266849,11.5533195
50.2264455,11.5536528
50.2267866,11.5544846
50.1450403,11.6923203
50.1450417,11.6933316
50.2382952,11.7165003
50.2392773,11.7170183
50.2861276,11.627525
50.3382931,11.5940872
50.3369012,11.5947444
50.2795538,11.6581707
50.2988547,11.6960663
50.330164,11.7074457
50.3934612,11.0062829
50.3958458,11.0058583
50.4268491,10.9072238
50.3556056,11.0112151
50.5200006,10.9692786
50.5524736,11.0521732
50.3950031,11.117963
50.395715,11.1179482
50.3583978,11.1721129
50.3547052,11.2036303
50.4323317,11.1578816
50.3486747,11.3122525
50.4765702,11.1604936
50.5101103,11.1404262
50.5256878,11.1937647
50.4698037,11.258248
50.4690282,11.2588634
50.5209117,11.2234115
50.5645443,10.9608188
50.5807455,11.0009596
50.6477219,11.0037536
50.583309,11.0118193
50.5724901,11.0929718
50.6615969,11.0977418
50.6604783,11.098585
50.6614098,11.100734
50.6843616,10.9146394
50.6852221,10.9166821
50.695568,10.9254996
50.58299,11.1434735
50.7590884,11.2279451
50.3966896,11.3803622
50.4411209,11.3733842
50.4466953,11.3859793
50.3737586,11.5123395
50.3744348,11.5123957
50.4858358,11.3882867
50.532171,11.3799884
50.3660867,11.6447672
50.4475001,11.6403807
50.4474976,11.6397268
50.402101,11.7004239
50.4026066,11.7005409
50.5009932,11.7299193
50.5005205,11.7297493
50.5274473,11.6574582
50.6439244,11.3497136
50.6485489,11.3571959
50.648047,11.3614172
50.6479017,11.3615739
50.6165956,11.4277362
50.6167628,11.4295535
50.6591014,11.4363256
50.6527525,11.4888864
50.7206401,11.3426843
50.7206014,11.3393186
50.7200175,11.3377777
50.7417067,11.4695862
50.6769548,11.5364161
50.6949506,11.5929995
50.694869,11.5940962
50.7834393,10.1280058
50.8369286,10.0900098
50.837037,10.0890656
50.8422944,10.1226656
50.840102,10.1662759
50.8410486,10.166753
50.8131105,10.2362462
50.8130907,10.2340232
50.8127201,10.2339855
50.9406613,10.0681143
50.9399427,10.0686131
50.9633558,10.0668718
50.8001928,10.2983158
50.8151036,10.3536588
50.8157388,10.3483237
50.8256716,10.3389974
50.7853829,10.403094
50.7861411,10.4071946
50.8246914,10.4433995
50.8936323,10.3649072
50.9603782,10.3034736
50.974943,10.3209044
50.9748871,10.3186173
50.9718048,10.323611
50.9742503,10.3240878
50.9735281,10.3238252
50.9511196,10.3964163
50.9559789,10.3967674
51.00632,10.1615156
51.0956867,10.0903885
51.0934624,10.092923
51.1823292,10.1711163
51.1830136,10.1720307
51.1357674,10.2281119
50.9982445,10.3550405
51.0771476,10.3400096
51.1643446,10.320958
51.1504905,10.4179453
51.1654109,10.4188285
50.857104,10.568205
50.8563531,10.5666815
50.8293486,10.6569508
50.8762677,10.5156059
50.8803644,10.512672
50.8982531,10.5564798
50.8986826,10.5578917
50.9336325,10.6748135
50.944451,10.685256
50.8279057,10.7328928
50.8277576,10.7321177
50.8982158,10.7663657
50.9496418,10.7010363
50.9496632,10.707481
50.9500211,10.7032689
50.9501347,10.7056354
50.9488869,10.7041967
50.9491689,10.7091321
50.9513389,10.7030461
50.9621218,10.7214108
51.0229189,10.5175026
50.9935245,10.587084
51.1077015,10.6441848
51.1089259,10.6439892
51.0914642,10.7297395
51.1541773,10.8374647
51.2149322,10.218793
51.2406555,10.2470961
51.3628698,10.0695236
51.3751453,10.1306155
51.3747309,10.1352659
51.3756697,10.1430705
51.3775806,10.1329413
51.377144,10.1443451
51.2105609,10.456037
51.2075525,10.458853
51.2074101,10.4609827
51.2075624,10.4601016
51.2177847,10.4547418
51.2361305,10.4563732
51.3150004,10.3162117
51.3886043,10.3263498
51.3865832,10.3230758
51.3700665,10.4254777
51.3715723,10.4242552
51.481738,10.0969432
51.4957045,10.1810201
51.4706061,10.2636925
51.4218175,10.3605583
51.4190158,10.3623558
51.4124258,10.4259132
51.4974094,10.4446391
51.4775714,10.4786059
51.5609455,10.3103847
51.5605278,10.3103927
51.231176,10.5866723
51.247224,10.6557676
51.3081324,10.5638157
51.2870536,10.7397602
51.3699182,10.8658869
51.3691744,10.8697675
51.4159828,10.5334359
51.4141642,10.5363718
51.4400401,10.572953
51.4539569,10.6520481
51.596099100000004,10.5515387
51.5876517,10.6654549
51.4246636,10.7373427
51.500339,10.7817275
51.4469955,10.8796967
51.4468414,10.8801162
51.5112971,10.7801002
51.5117678,10.780053
51.5016659,10.7924331
51.5030889,10.7994305
51.5558479,10.7677225
51.515048,10.8017259
50.8298958,10.9518205
50.8355914,10.9472404
50.8367992,10.9459134
50.837833,10.9485786
50.7753496,11.0816315
50.7744644,11.0825301
50.7748574,11.0821461
50.9109952,10.9142958
50.9129999,10.9134058
50.8801068,10.9719732
50.9736252,11.0218804
50.971639,11.0174512
50.9729319,11.02766
50.9763906,11.0256132
50.971947,11.0255526
50.9751205,11.0293466
50.9729147,11.0276781
50.9745488,11.0359575
50.9730706,11.0338016
50.9749255,11.0328345
50.9740549,11.0351054
50.9752298,11.0348486
50.9769074,11.035792
50.9765539,11.0318787
50.9767924,11.0356796
50.974083,11.0341803
50.9770928,11.0345968
50.9767597,11.032375
50.9593627,11.0465273
50.964726400000004,11.0405805
50.9502768,11.0755684
50.8516277,11.2012205
50.8518319,11.2020193
50.9002995,11.2824836
50.9756094,11.3227531
51.0084625,10.9942093
51.0086254,10.9926881
51.0465118,10.9470659
51.034921,11.0024325
50.9817718,11.0153511
50.9777543,11.0249535
50.977644,11.0294211
50.9774878,11.0286742
50.9792628,11.0349139
50.9786936,11.0348585
50.9975369,11.0262799
50.9974593,11.0262688
50.9785117,11.0368537
51.0056655,11.0145338
51.0056621,11.0145608
50.9942609,11.0666709
50.9995484,11.1461235
50.9883414,11.3064565
50.9945235,11.3172014
51.0613995,11.2406927
51.1628185,11.1223184
51.1647359,11.1244524
50.85736,11.3455779
50.8597064,11.343518
50.9077074,11.4459821
50.8010716,11.5864486
50.8026525,11.587904
50.8583541,11.7274021
50.8577484,11.727737
50.8569257,11.7268799
50.8609807,11.7352525
50.8822281,11.6058625
50.899985,11.5944034
50.9318317,11.572505
50.9269586,11.5835843
50.9263709,11.5831384
50.9268177,11.5832883
50.9271765,11.584633
50.9262226,11.5857396
50.9271754,11.5866531
50.9292247,11.5832811
50.9294083,11.584408
50.9251096,11.5846094
50.9283424,11.5884603
50.9268725,11.5900891
50.9286983,11.5876635
50.9343515,11.5983576
50.9432511,11.5942325
50.947218,11.6047369
50.9786846,11.3293593
50.9822371,11.3251168
50.9815743,11.3249773
50.9793227,11.3271892
50.9783389,11.3293079
50.9850953,11.328251
51.0759046,11.3452795
51.0233845,11.5154175
51.0248904,11.5173702
51.0249777,11.5170861
51.0327024,11.5106358
51.120962,11.4167715
51.0561002,11.707591
51.1377057,11.7212877
51.2293033,10.9428135
51.2288503,10.9477658
51.1978734,11.0680803
51.3586655,11.0983884
51.1891681,11.2478866
51.1900486,11.2472308
51.3098296,11.1726177
51.3017759,11.2183388
51.3650105,11.2913483
51.4570195,11.0050742
51.4356308,11.0420769
51.4633397,11.0713884
51.5147727,10.9466513
51.5195879,10.9471965
51.438587,11.3054944
51.4724214,11.2951662
51.4742412,11.2983299
51.4707473,11.2938724
51.4774934,11.2961908
51.4752924,11.2973299
51.476447,11.2964471
51.5716474,11.2748021
51.5733293,11.2748921
51.2129138,11.5234663
51.2061531,11.5809651
51.2066488,11.5824439
51.2854773,11.5790378
51.2858792,11.5767818
51.2220226,11.674678
51.2237181,11.6802132
51.2775489,11.6405376
51.3798363,11.5979787
51.3795256,11.5955605
51.4043438,11.3875699
51.5929785,11.4547322
51.555289,11.4910672
51.5809484,11.4943488
51.438261,11.6629486
51.4580391,11.6716113
51.4628489,11.6710175
51.517416,11.5605085
51.5278454,11.5502594
51.5293828,11.5476762
49.9757343,11.8550095
50.0009398,11.8513387
50.0152498,11.9500853
50.0143915,11.9501793
50.0517046,11.7976261
50.1365723,11.8199097
50.1035161,11.8868832
50.1025597,11.8861493
49.9341134,11.970242
49.9780105,12.0642999
49.9777845,12.0646242
50.0020217,12.070133
50.0020748,12.0839339
50.002753,12.084401
50.002224,12.083203
50.0017794,12.0846713
50.0010795,12.0856706
50.0015777,12.085602
50.0040249,12.1009932
50.1273228,11.9965352
50.0761626,12.1266495
50.075661,12.125306
50.1904609,11.7821054
50.1899339,11.7901137
50.1619824,11.8446967
50.1513443,11.950425
50.1534259,11.9491668
50.220479,11.939322
50.2680625,11.8447727
50.2892663,11.8007348
50.3151279,11.7479063
50.3155948,11.7475841
50.2657748,11.9296946
50.2664823,11.929744
50.3206159,11.8998912
50.3255732,11.8903348
50.3361403,11.8941727
50.299875,11.9096635
50.3050762,11.9172964
50.3189852,11.907406
50.3192284,11.9140772
50.31574,11.9142827
50.3155896,11.9123339
50.3166978,11.9136501
50.3090853,11.9233759
50.3161755,11.9149035
50.3173621,11.9156752
50.318636,11.9156332
50.3197452,11.9266395
50.3220751,11.9192536
50.3219071,11.9191387
50.3220114,11.9228855
50.1708247,12.1294949
50.171104,12.1303901
50.1985371,12.0884365
50.2496369,12.0332673
50.250059,12.0342536
50.2963529,11.9547912
49.9518469,12.2448364
50.0574648,12.1863246
50.0575777,12.1861777
50.0781575,12.2310465
49.9798666,12.4456505
50.2809421,12.2357745
50.3185037,12.2550975
50.3188296,12.2567898
50.3122222,12.3276429
50.406116,11.8176103
50.4058139,11.8183793
50.386804,11.8753788
50.3623412,11.9358661
50.4939082,11.8570848
50.4511115,12.0579767
50.3694821,12.1198326
50.4449902,12.061164
50.4944309,12.1051956
50.494969,12.13378
50.4951594,12.1335354
50.4958948,12.1353488
50.4972906,12.1364933
50.4981307,12.1357265
50.5016629,12.1357366
50.5005667,12.1368211
50.5025392,12.1336082
50.4912611,12.1604339
50.4945721,12.1375019
50.5123379,12.1228101
50.5105259,12.1464247
50.5779084,11.810346
50.5982129,11.8191709
50.7367967,11.7459338
50.7370135,11.7452369
50.6993228,11.9033045
50.7353536,11.8641782
50.7354875,11.8672079
50.5812257,11.9961991
50.6489183,11.9804484
50.6475757,11.981186
50.7110312,12.0530704
50.6760986,12.0972582
50.7492259,12.1598745
50.4151302,12.1681501
50.4146007,12.1728548
50.4158825,12.1723196
50.3950837,12.3345841
50.4957185,12.1719828
50.4733083,12.2764944
50.4767753,12.3695137
50.5386933,12.3063081
50.5399543,12.3089194
50.3577173,12.4691028
50.3679156,12.4688083
50.3802038,12.4817137
50.5091012,12.3984631
50.5095151,12.3994721
50.5080411,12.3998038
50.5091735,12.4007406
50.5297589,12.404311
50.5031434,12.5322307
50.623278,12.1781095
50.6549269,12.1983725
50.6569806,12.1995953
50.613452,12.2491103
50.6220777,12.3030839
50.620285,12.3033015
50.6233596,12.3014246
50.6569678,12.353878
50.665790200000004,12.2161146
50.6695791,12.266541
50.7131913,12.3704072
50.7551241,12.3194605
50.5663621,12.5283238
50.622261,12.5295
50.6228304,12.5268911
50.6963056,12.4231457
50.6807574,12.4744667
50.6966044,12.4602982
50.7366292,12.375793
50.7356909,12.376215
50.7189467,12.4537356
50.6741584,12.5112705
50.6948152,12.4797308
50.7006253,12.5146549
50.6832576,12.5462231
50.7195247,12.4898217
50.7207922,12.4880408
50.7191511,12.4892477
50.7175509,12.4958066
50.7165643,12.4962085
50.7189092,12.4966106
50.720615,12.4930602
50.7200909,12.4932942
50.7194996,12.4921209
50.7194151,12.4928592
50.7216851,12.4927409
50.7387694,12.4897725
50.7358985,12.5074736
50.7351007,12.5075601
50.7665231,12.5484598
50.4936117,12.5969897
50.4926899,12.6039713
50.541476,12.7856189
50.5381817,12.7844923
50.5454143,12.7875819
50.4195072,12.9713211
50.4195239,12.9700952
50.5316174,12.8330195
50.5101278,12.9364935
50.5413913,12.9124361
50.5357742,12.9949142
50.5960435,12.6401861
50.5967627,12.6400728
50.5992643,12.6670079
50.5868449,12.7018882
50.5859135,12.7026687
50.595996,12.7080346
50.561247,12.7423406
50.5590756,12.7817608
50.5770869,12.768247
50.6202117,12.7302372
50.7189829,12.5953406
50.7301979,12.5831968
50.754222,12.6331593
50.753302,12.6334711
50.7565787,12.6308924
50.7486311,12.6641458
50.7084741,12.7774547
50.7088112,12.7780084
50.7274925,12.7024018
50.7233562,12.7019456
50.7590219,12.7083515
50.743043,12.748624
50.7450606,12.7489573
50.5788647,12.8062703
50.5760123,12.8700793
50.6295208,12.8096387
50.5586458,12.9509854
50.5597601,12.9514744
50.5673055,12.9969054
50.5804875,13.0020035
50.5797349,13.0022657
50.580338,13.001647
50.6234923,12.9238614
50.6999339,12.8482036
50.7035235,12.8515103
50.7475006,12.8555097
50.6710961,12.9513469
50.7475618,12.9876078
50.5465662,13.0447942
50.5634506,13.0116466
50.5781625,13.0047693
50.5808253,13.0052304
50.5804078,13.0045552
50.5964182,13.0083373
50.5961943,13.0095047
50.5996019,13.0661353
50.6493091,13.1571122
50.6495073,13.161476
50.6490465,13.1604284
50.6506463,13.1643918
50.6927734,13.0881428
50.7467559,13.0698285
50.6605644,13.3359722
50.6609318,13.3371457
50.8282219,11.7952025
50.8194713,11.9323917
50.9419539,11.756822
50.9032472,11.8555434
50.9007263,11.8563261
50.9016125,11.8560898
50.9054394,11.8540438
50.9142098,11.867127
50.9682908,11.9011619
50.7740974,12.061169
50.7747037,12.0613539
50.8442968,12.0640759
50.8474832,12.0663759
50.8484766,12.0868026
50.9186368,12.0547209
50.9729362,11.981248
50.9297332,12.0119976
50.9318064,12.0095472
50.8787504,12.0831367
50.878661,12.080341
50.8774838,12.0821784
50.8755889,12.0833899
50.8771759,12.081247
50.8807847,12.0837459
50.879576900000004,12.084829300000001
50.879397,12.0798379
50.8791768,12.0794713
50.8798216,12.0819516
50.8931672,12.0798934
50.8805963,12.085501
51.1521622,11.8054823
51.1527865,11.8071668
51.1516657,11.8090605
51.1522252,11.8106407
51.1581612,11.8106458
51.1839188,11.9263378
51.0420353,12.032069
51.0503305,12.1372303
51.0498407,12.1344764
51.0496235,12.135188
51.0612839,12.1297886
51.1199935,12.0219809
51.1188051,12.0220362
51.1836702,12.0548599
51.1566352,12.0987437
51.1627608,12.0944157
50.7881268,12.2397422
50.8631812,12.1808452
50.8660228,12.1778631
50.9529892,12.1918928
50.894623,12.3504331
50.9541316,12.278865
50.7913312,12.376072
50.8150586,12.386615
50.8168491,12.3871875
50.8148301,12.387281400000001
50.8497869,12.4636662
50.8503105,12.4626445
50.8495842,12.4602362
50.8867369,12.4312093
50.8895409,12.4292345
50.8906011,12.5362428
50.9941419,12.2387178
51.0572879,12.1797825
51.0424718,12.2998972
51.0429257,12.2979508
51.1664401,12.254939
51.0959989,12.3298503
51.0979506,12.332014
51.1566215,12.2794251
51.1570069,12.277401
50.9843442,12.4332309
50.9839112,12.4357264
50.9872813,12.4362297
50.9792511,12.4491906
50.9929871,12.4444379
51.0532309,12.4524501
50.9818021,12.4863713
51.0567604,12.5591114
51.0562887,12.5596368
51.09145,12.4441064
51.1514905,12.4098875
51.1207778,12.4916532
51.1237587,12.4973628
51.1233006,12.496371
51.1236989,12.4963803
51.1644576,12.5534534
51.164355,12.5511079
51.2128503,11.769885499999999
51.207515,11.9271532
51.1985907,11.9446596
51.2842123,11.8858767
51.3017821,11.803656
51.3117402,11.9328623
51.3872346,11.8678235
51.3869205,11.8727501
51.200062,11.9716288
51.2015617,11.9721824
51.2007503,11.9730079
51.2133807,11.96766
51.262881,12.0278722
51.2828018,12.0990293
51.2564294,12.141647
51.333811,11.9837814
51.3232494,12.0249493
51.3510255,11.9738693
51.3566203,11.9946384
51.355194,11.9975679
51.3934847,11.9818392
51.2960081,12.0638134
51.3027751,12.0701165
51.3044794,12.0718728
51.4790984,11.7821528
51.4444173,11.9003265
51.4763831,11.9156519
51.4804141,11.9203032
51.4808444,11.9245858
51.4803775,11.9250878
51.5255541,11.8229444
51.5855795,11.8059445
51.5154715,11.903433
51.5154427,11.913216
51.5239915,11.9102527
51.5793239,11.9301068
51.443633,11.9663406
51.4264969,11.9835093
51.4058304,12.0340389
51.4348913,12.042008300000001
51.4748245,11.9703391
51.4540043,11.9846468
51.4659264,11.9839912
51.4880904,11.9662944
51.4823156,11.965855
51.4805451,11.975103
51.4807806,11.9750983
51.4795884,11.9786668
51.4791843,11.9787204
51.4821157,11.9688106
51.4832394,11.969518
51.4848251,11.9741121
51.4849813,11.9744358
51.4835799,11.9745398
51.493671,11.9665435
51.4778313,11.986608500000001
51.5009065,11.9843713
51.4892678,11.9958671
51.4534891,12.0178431
51.514459,11.9614144
51.5492517,12.0928488
51.5264025,12.1582261
51.5244429,12.1602108
51.2177013,12.3249648
51.2789643,12.370395
51.3010499,12.2204522
51.3959829,12.2228079
51.31214,12.2803248
51.3118474,12.2805786
51.3303487,12.3157675
51.3004692,12.3277836
51.3236363,12.3433837
51.3233339,12.343239
51.3361851,12.3296434
51.3381501,12.3335395
51.3317146,12.3385426
51.337061,12.3339417
51.3349146,12.3711373
51.3411931,12.3718472
51.3398506,12.3729105
51.3381525,12.3717124
51.337829,12.3717686
51.3594576,12.291544
51.3490419,12.3101679
51.3572078,12.3681431
51.362633,12.3656997
51.361587,12.3702531
51.3621329,12.3711586
51.3617464,12.3707885
51.37334,12.3280311
51.3711797,12.3647643
51.376332,12.3659738
51.3949678,12.372788
51.202239,12.3846726
51.276972,12.398295
51.2827298,12.4607246
51.2808642,12.4625665
51.3117713,12.3735966
51.3059934,12.3967971
51.3044253,12.4246027
51.3279743,12.3808483
51.33643,12.3744866
51.3369493,12.3761336
51.3370302,12.376539
51.3413446,12.3742104
51.3425411,12.3797466
51.3415485,12.3797104
51.3430486,12.3737866
51.3431075,12.3797146
51.3388097,12.3782127
51.3413718,12.3779561
51.3395336,12.3798582
51.3441585,12.3830312
51.3441614,12.3819458
51.3239611,12.4148835
51.3198497,12.4191057
51.3193492,12.420322
51.334986,12.4104479
51.3394914,12.4013911
51.3466528,12.3745283
51.3445424,12.3746196
51.3454517,12.3794056
51.3531491,12.4101741
51.3582556,12.4171394
51.3755831,12.4120495
51.356823,12.459397
51.3503888,12.4775093
51.3349946,12.4850928
51.3793033,12.4921216
51.3473873,12.5373968
51.3971171,12.2218288
51.4801933,12.3576705
51.5587198,12.2122561
51.5230994,12.3335549
51.5233818,12.3367402
51.5235032,12.3379821
51.5231054,12.3351925
51.5228988,12.3384281
51.5242826,12.3425373
51.6018152,12.3068678
51.5921665,12.4641881
50.7846685,12.6210007
50.7679862,12.664162899999999
50.8000681,12.7094532
50.8004551,12.7102197
50.8102238,12.7816821
50.8106408,12.785791
50.8505371,12.7301405
50.8571522,12.7651446
50.8588799,12.7612022
50.8593383,12.7634905
50.87449,12.6023294
50.9330585,12.704477
50.9622915,12.7555315
50.9613065,12.7558744
50.8164667,12.8413438
50.7786323,12.8682039
50.7952386,12.8904918
50.7956212,12.8871243
50.8112756,12.8960009
50.8158375,12.8854126
50.8254035,12.8333369
50.8207296,12.8808708
50.8351066,12.8883196
50.83419,12.896308
50.787045,12.9021024
50.7816393,12.9247742
50.8026043,12.8981379
50.8105301,12.9120094
50.8179281,12.9387458
50.7702233,12.9733842
50.8142495,12.9866962
50.830486,12.9220583
50.8323711,12.9198099
50.8317401,12.9184342
50.8319112,12.9206967
50.8311554,12.9205037
50.8440241,12.9050642
50.8338089,12.9179663
50.8334909,12.9222642
50.8336908,12.9187046
50.8323663,12.928266
50.83485,12.925524
50.8378677,12.9269554
50.8343864,12.9264076
50.834367,12.9248686
50.8427767,12.9382844
50.8469033,12.9267342
50.8508114,12.9453521
50.8229331,12.9599528
50.8316057,12.9535135
50.9112302,12.8086891
50.9177671,12.8120308
50.9074102,12.960427899999999
50.967736,12.9583475
51.0547016,12.6945176
51.1450817,12.6416078
51.1435831,12.6419038
51.0453766,12.8002168
50.9853591,12.9815378
50.9852998,12.9806648
51.0771418,12.903911
51.1304066,12.8046463
51.1296572,12.8067855
50.8080201,13.1013045
50.8633448,13.0196063
50.8570283,13.076308
50.8608335,13.16703
50.8602918,13.1666514
50.8614333,13.166807500000001
50.9128921,13.0333935
50.9698596,13.1185162
50.9718902,13.1227956
50.7988355,13.2278936
50.8408576,13.2917051
50.8066089,13.4216819
50.808333,13.4084991
50.869044100000004,13.3216803
50.8696617,13.3253021
50.8438292,13.4061215
50.9665238,13.2810672
50.9036923,13.3278456
50.9182406,13.3247707
50.9156431,13.3401192
50.9102173,13.3432834
50.9156876,13.3451897
50.9155413,13.3448118
50.9153905,13.3462211
50.9153525,13.344145
50.9155296,13.3438886
50.920851999999996,13.3452747
50.9549154,13.3530982
51.0732224,13.0204587
51.0721616,13.0237933
51.0733086,13.0246741
51.0646461,13.1820988
51.063457,13.1823127
51.1213764,13.1178511
51.1219554,13.1185656
51.1217421,13.1228702
51.1227625,13.1347331
51.0584089,13.2998797
51.0584347,13.2994764
51.0072824,13.3555681
50.9996901,13.3997507
51.2781059,12.5876521
51.2047606,12.6975932
51.2373105,12.7070813
51.2241092,12.7213373
51.23793,12.7228875
51.2379152,12.7234719
51.2368912,12.7297797
51.2370858,12.7290202
51.2880725,12.7553288
51.2697678,12.789392
51.2732993,12.7904524
51.3340545,12.609243
51.334944,12.6093091
51.360045,12.6278091
51.3577061,12.7106823
51.2070531,12.8630067
51.2594956,12.8874425
51.2605565,12.8876482
51.3633017,12.9976408
51.3657489,12.9968866
51.4548108,12.6196879
51.4604336,12.6344825
51.4693984,12.6613698
51.5329206,12.5931657
51.5913315,12.5836883
51.5914717,12.5877186
51.5950755,12.5882084
51.398437,12.8728019
51.455449,12.9320357
51.4560938,12.928983
51.5064711,12.8147037
51.5599859,12.9985661
51.5599789,12.9958009
51.2369417,13.0477533
51.2365246,13.0474194
51.2977713,13.1085757
51.2995494,13.1073262
51.19669,13.3094693
51.1972736,13.3092828
51.3024692,13.2591525
51.3199845,13.2614579
51.3048316,13.3011863
51.304851,13.3034728
51.3032733,13.30795
51.3022602,13.3108918
51.3057796,13.3015716
51.3048716,13.304174
51.3525097,13.225817
51.333882,13.341737
51.3001019,13.3836889
51.3039701,13.3854517
51.4828144,13.1239977
51.559749,13.0023533
51.5716337,13.0661479
51.5715884,13.0682524
51.4351552,13.2159502
51.4350871,13.2186147
51.5877974,13.2409617
51.5168878,13.3934312
51.5233746,13.4007357
51.516777,13.4122321
51.6301223,10.1584346
51.6549031,10.1234117
51.6822523,10.0995626
51.6864038,10.0977549
51.6983435,10.1527659
51.6106502,10.2144713
51.6097139,10.2153558
51.6462853,10.2346003
51.6482999,10.2346947
51.6819473,10.2142402
51.7420619,10.1744139
51.7276881,10.2513425
51.7704164,10.2033792
51.6583981,10.3330434
51.6559241,10.3397696
51.6561262,10.3410175
51.6563555,10.3428172
51.8071953,10.3365508
51.801956,10.4476709
51.8502309,10.1801252
51.8898424,10.1756638
51.8883448,10.1731963
51.9892763,10.269541
51.8170399,10.3364008
51.9016809,10.4188596
51.9070063,10.4276661
51.9061886,10.4284211
51.9064154,10.4287657
51.9064161,10.4287673
51.9102198,10.420098
51.9013807,10.481886
51.9355663,10.3454565
51.9253884,10.4352196
51.923934,10.4597751
52.0200675,10.4291955
51.7089333,10.5181451
51.7268423,10.6092423
51.7275906,10.6105583
51.6725122,10.7159026
51.6902827,10.8520086
51.6902552,10.8565233
51.7693451,10.8023832
51.7699849,10.8028888
51.8901682,10.5466783
51.8652351,10.6766036
51.8655076,10.6804773
51.9538996,10.5607975
52.0220927,10.5410538
51.8273477,10.7653401
51.833659,10.7841264
51.8337551,10.7849627
51.846359,10.7738858
51.9022492,10.8421724
51.9687493,10.7113279
51.9706792,10.7102481
51.9693453,10.7160082
51.9237661,10.7569897
51.9777777,10.834043
51.9865893,10.8876836
52.0879861,10.1579055
52.0866325,10.159709
52.0886398,10.2323947
52.187734,10.1009456
52.1618769,10.25987
52.2085085,10.1783713
52.2089292,10.1843692
52.0480229,10.3711811
52.0501823,10.3752152
52.1290805,10.2910546
52.1064091,10.3553285
52.1073557,10.3581128
52.1409065,10.3036307
52.1554493,10.3272893
52.1394029,10.3370471
52.1533277,10.3328164
52.152572,10.3311785
52.1525423,10.330053
52.1541973,10.3296791
52.1727981,10.3373532
52.2043488,10.3075764
52.1543845,10.381865
52.1950106,10.4588169
52.186753,10.4848835
52.2591438,10.0663517
52.3069228,10.1583054
52.245512,10.2189739
52.2647329,10.2210629
52.2791267,10.1986007
52.3369701,10.1796917
52.2977641,10.2703163
52.3206189,10.2300745
52.3216838,10.2277955
52.3219038,10.227068
52.3229857,10.2252924
52.3515587,10.114524
52.387659,10.0978717
52.3469904,10.2414132
52.3474427,10.2452935
52.3823706,10.2579467
52.2606604,10.3709805
52.2608319,10.3718905
52.2421342,10.4799165
52.2853687,10.4566329
52.3058486,10.4667148
52.3533691,10.4322091
52.0687784,10.5795161
52.0308269,10.6022229
52.1110474,10.6751726
52.1623142,10.5225581
52.1591421,10.5347505
52.1634563,10.5346984
52.1524614,10.5552036
52.1632739,10.540088
52.1645182,10.5406476
52.1716505,10.5546165
52.2136419,10.5220755
52.226576,10.5381091
52.2306711,10.5358242
52.2304898,10.5354432
52.2150941,10.638614
52.0320054,10.8922289
52.14396,10.7717139
52.1447127,10.7752876
52.2273515,10.9040465
52.2614531,10.5184802
52.2603365,10.5187975
52.2615075,10.5214168
52.2525514,10.5360954
52.2630868,10.5182575
52.2621401,10.5180729
52.2669897,10.5237264
52.2635227,10.5214427
52.2688371,10.5198077
52.2744222,10.5242412
52.2646012,10.5266519
52.2650353,10.5280678
52.2874984,10.5273408
52.2863886,10.5276366
52.2508353,10.54322
52.268213,10.5402296
52.2636432,10.5464555
52.2791127,10.5588769
52.2854794,10.5639437
52.2809863,10.5756632
52.3075406,10.4946726
52.2986253,10.5160439
52.3040514,10.5137591
52.3218771,10.5149417
52.3258948,10.5139815
52.2907817,10.5610978
52.2463361,10.6545744
52.3146537,10.6067317
52.329633,10.6695267
52.380693,10.5362658
52.4204071,10.6271991
52.2518167,10.8139118
52.2512348,10.8160304
52.3342565,10.8325601
52.3699335,10.7314525
52.3941149,10.7104945
52.4187272,10.7178609
52.4189815,10.7170773
52.4036298,10.7391924
52.4192723,10.717083
52.3935124,10.7541547
52.393797,10.7556263
52.4107104,10.7506025
52.4210698,10.7858891
52.4214022,10.7861366
52.426667,10.7820661
52.4265601,10.7817295
52.4245046,10.7883203
52.4238349,10.7885786
52.4243415,10.7888905
52.4251685,10.7897398
52.4259246,10.7894608
52.4259563,10.7902001
52.3924317,10.8487085
52.4406457,10.8378594
52.4395743,10.8382601
51.6435849,10.9778622
51.6772801,10.9701116
51.6149075,11.0488481
51.6450433,11.0511849
51.7894598,10.9561737
51.8027239,10.9479473
51.789634,10.9580756
51.7485512,11.0453226
51.7507631,11.0866065
51.641966,11.1419486
51.7099776,11.2950343
51.7240457,11.1407828
51.7894303,11.1413352
51.7857454,11.1466323
51.7866426,11.1486337
51.7901503,11.1471276
51.7203423,11.2293188
51.7210163,11.2406364
51.7615838,11.2443139
51.785382,11.3132763
51.8518626,10.988873
51.8699572,10.9111485
51.88841,11.0548813
51.9108756,11.0225102
51.8949295,11.046109
51.8948751,11.0470134
51.8955479,11.0545344
51.8948386,11.0517947
51.8953944,11.053033
51.8952805,11.0530573
51.8956922,11.0535695
51.8958295,11.0514288
51.8959669,11.0512625
51.975913,10.9806955
51.8297062,11.1997663
51.8818027,11.1628538
51.8417506,11.2717345
51.8559729,11.2530608
51.8223045,11.2866216
51.9288729,11.1383019
51.9677948,11.1202655
51.9348568,11.2196183
51.9410343,11.2229
51.942101,11.3097053
51.9924328,11.3015282
51.6449321,11.5113424
51.6444842,11.5124834
51.6426282,11.5116495
51.7319934,11.3441082
51.7312858,11.3445105
51.7557848,11.4556753
51.7493057,11.4591916
51.7567592,11.4560535
51.7555601,11.4559092
51.7606675,11.473831
51.7467163,11.6850466
51.7860984,11.7433886
51.7957507,11.7407333
51.7955057,11.7415807
51.7945823,11.7414317
51.7962469,11.7427618
51.7957052,11.741979
51.7935769,11.7431899
51.796094600000004,11.7422092
51.7982072,11.736963
51.8474477,11.5332674
51.9440594,11.4329105
51.9442265,11.4333055
51.9313514,11.5162008
51.9473658,11.4877705
51.822478,11.5746293
51.852781,11.581149
51.8503984,11.5885777
51.850393,11.5925887
51.9197395,11.5982045
51.9196375,11.600318
51.8963075,11.6337691
51.9972114,11.5425203
52.004136,11.7238288
52.0050178,11.7247976
52.0099683,11.732795
52.0178943,11.7298984
52.0178818,11.7361632
52.0214237,11.7358818
52.0211954,11.7379032
52.1397765,10.9662394
52.139469,10.9674112
52.2269062,11.0097526
52.1700516,11.0182411
52.2275078,11.0112162
52.2270214,11.010429
52.0267498,11.2265272
52.1819998,11.1602834
52.1479835,11.2112956
52.1478592,11.2121008
52.407818,10.9366412
52.4085929,10.9345126
52.3325275,11.2382509
52.3317986,11.2410691
52.1214421,11.3875929
52.061683,11.4400207
52.0622333,11.4389023
52.0370829,11.5260733
52.1035954,11.5020497
52.1761618,11.4936304
52.2327717,11.5245944
52.0930056,11.5704997
52.0899215,11.6132201
52.0899182,11.6140734
52.0880167,11.636682
52.0977097,11.6218607
52.1108711,11.6017857
52.1102253,11.6001831
52.1291782,11.5979822
52.1286572,11.5995327
52.1300699,11.6118034
52.1202212,11.6272057
52.1282759,11.6307366
52.125848,11.6320989
52.1250332,11.6312703
52.1266654,11.6326619
52.129032,11.6347227
52.1276546,11.6336282
52.1255819,11.6331889
52.0720618,11.6704232
52.1055793,11.6408476
52.11744,11.6635634
52.1507006,11.587844
52.1333719,11.6181828
52.1318406,11.6379027
52.1319304,11.6375735
52.132582,11.6375708
52.1348923,11.6386533
52.1564071,11.6368169
52.1548289,11.6374381
52.1568744,11.6360638
52.1699059,11.6340249
52.1998991,11.6196134
52.132562,11.6406965
52.1611519,11.7221938
52.2635261,11.4224947
52.2896993,11.4080884
52.2911758,11.4113438
52.2899932,11.4142934
52.2468378,11.6288038
52.2925816,11.6693419
52.2998631,11.6732954
52.4828308,10.0954903
52.4830349,10.0931444
52.5359332,10.1450587
52.5383694,10.1518595
52.5558745,10.1058529
52.5973836,10.1070194
52.6201062,10.0906912
52.6228446,10.0822332
52.6236775,10.0798617
52.6228576,10.0810824
52.6234711,10.0803972
52.623079,10.080104
52.6238687,10.0806787
52.6254795,10.0824363
52.6227081,10.0803709
52.623738,10.084801
52.6369027,10.1068764
52.5524725,10.1848941
52.622128,10.2455831
52.6207628,10.2443129
52.6205315,10.2461595
52.4737535,10.3512347
52.4745693,10.3553118
52.52673,10.3658232
52.5871365,10.3746584
52.59096,10.439746
52.6454314,10.4637051
52.6883109,10.4055272
52.8403218,10.2964191
52.4804445,10.5433518
52.4837489,10.5459448
52.4846261,10.5473865
52.4854289,10.5468533
52.5095252,10.6294971
52.5921327,10.5338372
52.5907738,10.5337301
52.6109579,10.5991521
52.6158331,10.6033535
52.462051,10.7140269
52.4631391,10.7197508
52.4597032,10.7252536
52.4977765,10.7613191
52.4484551,10.802041
52.4502954,10.848498
52.4843272,10.884983
52.7318095,10.6044239
52.7305983,10.604154
52.6788806,10.7010872
52.728138,10.7386422
52.7283648,10.7369419
52.7503934,10.8759787
52.7511159,10.8760888
52.8769863,10.1144958
52.8767862,10.1143857
52.8767808,10.1144936
52.9002566,10.1731634
52.987411,10.0857648
52.9868513,10.0851593
52.899799,10.4400876
53.1263699,10.2158293
53.1272551,10.2155991
53.2251754,10.1697951
53.2258095,10.1675029
53.1789964,10.4101437
53.1779931,10.4139482
53.1421632,10.4856103
53.2307885,10.2934695
53.1794607,10.3498896
53.276877,10.3521027
53.2216887,10.3846705
53.2251755,10.4067384
53.2348186,10.3891202
53.242704,10.403618
53.2431234,10.4034045
53.2473213,10.4049246
53.2508922,10.4091479
53.247098,10.4090225
53.2506925,10.4074199
53.2505102,10.4105862
53.2478463,10.410449
53.2472996,10.4103611
53.2490382,10.4071853
53.250268,10.4124879
53.2477647,10.4175745
53.2594934,10.4002625
53.2391293,10.4350908
53.2604802,10.4362588
53.2796675,10.4374859
52.9057924,10.5822147
52.9581504,10.5616005
52.9661069,10.5553711
52.9653419,10.5568316
52.9650723,10.5610089
52.9649433,10.5629801
52.964968,10.5676297
52.9720687,10.5438753
53.0801152,10.5786665
53.1416644,10.4879868
53.0788175,10.5913766
53.2293491,10.5154028
53.1887201,10.7351906
52.600525,10.9368979
52.6010049,10.9408817
52.4815485,11.2051494
52.4786894,11.2053046
52.6267793,11.1606188
52.6259729,11.1623092
52.6255174,11.1639179
52.6885149,10.9103308
52.6905066,10.9066866
52.7043085,11.0929515
52.850813,11.1548058
52.8532942,11.1514131
52.8519288,11.1571202
52.8519385,11.1571804
52.8443338,11.168830699999999
52.8424728,11.1707549
52.8425224,11.170775
52.52564,11.3931691
52.5249823,11.3933383
52.5342949,11.4059014
52.7952504,11.3867963
52.9329236,10.9539071
53.0973068,11.0921529
53.0987153,11.0952939
53.0987028,11.0953157
53.1518527,11.0470598
53.2128897,11.324014
52.9990394,11.7416061
53.0930369,11.4735311
53.2306451,11.4221241
53.2306523,11.4221241
53.1599443,11.7394885
51.6709141,11.7710091
51.6737805,11.7729359
51.6372968,11.897866
51.634933,11.9028422
51.7807854,11.7526868
51.7657754,11.7944834
51.6162906,12.0068824
51.6284235,12.1212657
51.6724322,12.0765626
51.7459966,11.9588495
51.7504544,11.9744808
51.7508765,11.9745192
51.7514303,11.9788378
51.7516963,11.9737972
51.7510034,11.9779454
51.7526503,11.985851
51.8048573,12.1486231
51.8364032,11.7690963
51.9058514,11.7717943
51.9039595,11.7726347
51.9153304,11.7858097
51.9169452,11.8930883
51.9664445,11.8840046
51.8543425,12.0444089
51.8521371,12.043657
51.9645489,12.0855943
51.9648362,12.0883785
51.6292837,12.2638545
51.6822596,12.2611512
51.6380027,12.3140487
51.6228988,12.3270047
51.6235703,12.3303807
51.7106208,12.2910368
51.8055379,12.2421078
51.6395316,12.3767397
51.6175044,12.582784
51.7305518,12.4550444
51.7272308,12.4623112
51.7990481,12.4048156
51.7980132,12.4052825
51.8175328,12.181083
51.8177387,12.1814391
51.8304458,12.2418564
51.8354823,12.2420686
51.8301995,12.2396898
51.8348109,12.2457724
51.8365109,12.2424356
51.8375784,12.2461249
51.8368714,12.2465788
51.8480371,12.2224856
51.8875276,12.2335752
51.8880414,12.2455362
51.8885251,12.2463198
51.8235466,12.2921131
51.8460166,12.351662899999999
51.8863195,12.4506367
52.0528078,11.8029769
52.0727705,11.8318588
52.1751115,11.7489151
52.1721012,11.745563
52.1419186,11.9545777
52.1442861,11.9563907
52.2702517,11.853401
52.4340533,11.8084235
52.405945,12.1592215
52.113825,12.4532713
52.1148649,12.4548254
52.2895565,12.1832893
52.266682,12.2901987
52.4095376,12.3636548
52.3859893,12.3758377
52.3882698,12.4097468
52.3940666,12.4096779
52.4140837,12.5025227
52.4343647,12.5225853
52.4086031,12.5630767
52.4079662,12.5619233
52.4099236,12.5598949
52.4068003,12.5600756
52.4061885,12.5585516
52.4079391,12.5654865
52.4097804,12.5652012
52.4096289,12.5650915
52.4214473,12.5500187
51.6296495,12.5942481
51.6353453,12.6426784
51.6836622,12.7303878
51.6861031,12.7362078
51.6868597,12.7409411
51.7947918,12.5883084
51.7503061,12.7552577
51.6361663,12.8818663
51.6394129,12.8826551
51.7618837,12.8341674
51.7856043,12.9574425
51.8666193,12.6029221
51.8673179,12.6319485
51.8667684,12.6328611
51.8669995,12.6431157
51.8659314,12.6458994
51.8669013,12.6424887
51.8668836,12.6439844
51.9035903,12.608657
51.8788154,12.6644638
51.8520358,12.7499964
51.9119837,12.7871247
51.8280879,12.8266351
51.8282689,12.8267225
51.88147,12.9033642
51.730452,13.0472087
51.7320586,13.0447519
51.7787489,13.1194818
51.6905828,13.2293144
51.6920205,13.2327621
51.7244953,13.382012
51.7243959,13.3834919
51.9906473,13.0812313
51.8901601,13.3031946
52.0743706,12.6892613
52.1407454,12.5854269
52.1400748,12.5869117
52.1928187,12.760014
52.1954212,12.7620159
52.0970577,12.8700746
52.097755,12.8713839
52.2324026,12.9771817
52.2843414,12.60221
52.3197918,12.745762
52.3191003,12.7459396
52.4081315,12.7274318
52.4024473,12.779043
52.3640783,12.9095099
52.3776348,12.9334771
52.374957,12.9327064
52.378939,12.9334274
52.0989565,13.1551925
52.0870391,13.1728319
52.090077,13.174827
52.2150956,13.2136116
52.2149432,13.2133162
52.1605345,13.40222
52.3117165,13.0301982
52.3493419,13.1033051
52.3642978,13.0922141
52.3912216,13.0663813
52.391218,13.066975
52.4001555,13.0103834
52.4157479,13.0231938
52.3988942,13.0518385
52.401919,13.0540265
52.401886,13.0540875
52.4027764,13.0514727
52.4027952,13.0520793
52.4236736,13.0541123
52.397518,13.0579237
52.3980233,13.0578327
52.3955598,13.0585525
52.3996547,13.058039
52.4004277,13.0558898
52.400274,13.0559519
52.3766431,13.1297887
52.3712363,13.1360664
52.38843,13.2024215
52.418913,13.1572885
52.419633,13.1577207
52.4194386,13.1600973
52.3008105,13.2596845
52.3040987,13.2532227
52.3022613,13.2584582
52.332028,13.3948012
52.3297934,13.4088215
52.3550181,13.306928
52.3655087,13.313889
52.4045019,13.2194766
52.4041529,13.2206135
52.416645,13.225952
52.4007421,13.246
52.4395374,13.2150745
52.4314922,13.2595968
52.4349895,13.2596238
52.4322675,13.2587755
52.4329592,13.2596656
52.4358971,13.2612377
52.4333305,13.259864
52.4363635,13.2615366
52.4381214,13.262619
52.4350315,13.2589843
52.4380956,13.2692608
52.4426382,13.2974109
52.439468,13.3159172
52.3603197,13.4105897
52.3865106,13.4016296
52.3865001,13.4028829
52.3868293,13.4040655
52.3868166,13.4035311
52.3868513,13.4089
52.4131968,13.3531833
52.4282677,13.3270905
52.4278403,13.3276196
52.4294134,13.3302654
52.4348658,13.3428843
52.4147231,13.4006215
52.4150801,13.4004923
52.4316528,13.3907639
52.4448559,13.3856992
52.4413847,13.3865459
52.6005312,11.8347603
52.5996169,11.836088
52.6069024,11.8592842
52.6048298,11.8596303
52.6047729,11.8623746
52.6037394,11.8640263
52.6168932,11.8587051
52.6156845,11.8673528
52.5408853,11.9700675
52.5413965,11.971698
52.7173747,11.8603269
52.8238633,12.0731302
52.8245707,12.0747689
52.4647218,12.2774394
52.5163832,12.3096702
52.5295746,12.3391637
52.5297792,12.3404578
52.6043029,12.3139234
52.6055413,12.3399975
52.6072587,12.3354848
52.6051669,12.3447352
52.6059896,12.5057528
52.6049993,12.5048337
52.6772206,12.2154833
52.6766886,12.2166449
52.7500434,12.3399116
52.7400497,12.579186
52.7414479,12.5823469
52.8552444,12.4446512
52.8895696,11.7528579
52.8922753,11.7536027
52.8923174,11.753616
52.9555499,11.9441446
52.9570016,11.945825
52.9955438,11.7545335
52.9947885,11.7536758
52.99581,11.7560306
53.0082119,11.7559398
53.0036782,11.7963759
53.0707451,11.8695125
52.908534,12.0856164
53.0772025,11.8619376
53.0762604,11.8617701
53.0754818,11.858026
52.8858002,12.2228907
52.889383,12.4613714
52.8890018,12.4618596
52.9419507,12.3860142
52.9428288,12.3985731
52.9453873,12.3963292
52.9439065,12.3973181
53.1496248,12.176163
53.149581,12.1742022
53.1481363,12.1768231
53.1583097,12.1738998
53.1566593,12.4817388
53.1629815,12.4841332
53.1619564,12.4817992
53.1630149,12.4857953
52.4788757,12.8432771
52.4781009,12.8435621
52.5318295,12.8171826
52.5476172,12.9397426
52.6054162,12.8740295
52.6074498,12.8790604
52.5813841,12.9995022
52.5819536,12.9970756
52.6710193,12.7161394
52.8094396,12.7754419
52.4700732,13.1015192
52.5425684,13.0582222
52.454891,13.1444502
52.4528647,13.1425214
52.4529689,13.1416433
52.5325968,13.1578795
52.5217728,13.1648267
52.5217075,13.164301
52.5480048,13.1836134
52.5335435,13.1969123
52.5369021,13.2030227
52.5366871,13.2053397
52.5379015,13.2044788
52.538325,13.2018907
52.5376745,13.2030843
52.5371926,13.2039561
52.5372453,13.2060017
52.5479034,13.2015723
52.560438,13.0896043
52.5598919,13.0913702
52.560431,13.0913382
52.5590205,13.0902878
52.5605131,13.0907614
52.6004423,13.1358122
52.5506715,13.163499
52.6369897,13.2038436
52.6372121,13.2037632
52.6477298,13.2012796
52.4767912,13.2802998
52.4774757,13.2810552
52.489148900000004,13.289254
52.4965976,13.2880963
52.4966213,13.2881286
52.474255,13.2949251
52.4731276,13.2985116
52.4833445,13.2927933
52.5418288,13.2364486
52.5092417,13.2660531
52.5100952,13.2730463
52.5102719,13.2719203
52.5103571,13.2776883
52.5129532,13.2668736
52.5106007,13.2969401
52.5075807,13.3024475
52.4996981,13.3074715
52.5009575,13.3133912
52.5076156,13.3061738
52.5101491,13.3058142
52.5061264,13.3066124
52.5088354,13.3044726
52.5061552,13.3129289
52.5107652,13.2981039
52.5166919,13.3080541
52.5167764,13.3097104
52.5123669,13.314511
52.5370508,13.2737663
52.4573971,13.3209
52.4506725,13.339864
52.4588324,13.3228843
52.4619862,13.3259071
52.4601342,13.3241151
52.4599197,13.3239486
52.4615672,13.3255085
52.4602939,13.3236624
52.4712266,13.332116
52.4866675,13.319723
52.4862003,13.3209362
52.4862119,13.3221245
52.486668,13.3206331
52.4886385,13.3425879
52.4949517,13.33132
52.4789708,13.3433052
52.4793307,13.3455025
52.4849159,13.3544351
52.4860967,13.3556625
52.4856043,13.3546589
52.4464966,13.3858816
52.4580147,13.3844309
52.4553928,13.3850418
52.4647956,13.3853614
52.4605838,13.384535
52.4837587,13.3849844
52.4936804,13.3878115
52.4921793,13.3869499
52.4922683,13.3893067
52.5018157,13.3192893
52.5031107,13.3268376
52.5022458,13.3257578
52.5060841,13.3255831
52.5041322,13.3350178
52.5040233,13.3336718
52.5035001,13.3351246
52.504002,13.3363703
52.5011008,13.341955
52.5049211,13.331798
52.5049536,13.3408648
52.5051114,13.3420037
52.5140687,13.3197163
52.5140584,13.3194327
52.4994594,13.3523032
52.498426,13.3619781
52.5245453,13.336027
52.5265587,13.340121
52.5265453,13.3406471
52.5496489,13.3529557
52.5487108,13.3556221
52.5465951,13.3583613
52.5479747,13.3568836
52.5452716,13.3606846
52.547597,13.3587744
52.5475319,13.357655
52.5097512,13.3902008
52.5090141,13.38978
52.506721400000004,13.3931644
52.5102542,13.3908408
52.5101755,13.3893814
52.5159466,13.3780432
52.5157252,13.3789891
52.5222017,13.3798834
52.51105,13.3887982
52.5168774,13.3916223
52.5126012,13.3893178
52.5149971,13.3912709
52.5107446,13.3900711
52.5149174,13.3893671
52.5157429,13.393565
52.5195079,13.3881322
52.519169,13.3887493
52.5196275,13.3865271
52.4988786,13.420093
52.4985964,13.4176845
52.5133406,13.396171
52.5235168,13.4018803
52.5114506,13.4169064
52.5208149,13.4136431
52.5197331,13.4115175
52.5232377,13.4157495
52.5277358,13.3855389
52.5241263,13.3828334
52.5398213,13.3709781
52.5497704,13.3865323
52.5493977,13.3888512
52.5297566,13.3999792
52.5408702,13.4117627
52.5400437,13.4117823
52.5893531,13.2835504
52.5893241,13.2842965
52.5878887,13.2851036
52.5894424,13.2840835
52.5896791,13.2832149
52.5910337,13.2826465
52.610274,13.2490725
52.617724,13.3062993
52.6324225,13.287017
52.6319119,13.2876529
52.6335336,13.2901236
52.6328863,13.2916214
52.5637254,13.3289891
52.5634416,13.3278923
52.5636211,13.3291909
52.5531369,13.347713
52.5653949,13.3638471
52.5650834,13.3640724
52.5956546,13.332671
52.5934756,13.3337207
52.5856473,13.3671526
52.5969699,13.3550498
52.5985978,13.3556396
52.5528208,13.3816626
52.5526597,13.3815603
52.550845700000004,13.4143413
52.5515043,13.4144894
52.569363,13.401952
52.5687746,13.4002748
52.5694978,13.4027849
52.5692009,13.4033001
52.5701377,13.4047316
52.5699034,13.4036524
52.5715907,13.4114826
52.6068092,13.3251975
52.6307219,13.3183117
52.6891338,13.1815311
52.7598322,13.0256416
52.7597759,13.0271104
52.6710686,13.2809252
52.6885091,13.2836525
52.688907,13.2826251
52.7358074,13.2420086
52.7557845,13.2420089
52.7551856,13.2392416
52.7559113,13.2405411
52.7563439,13.2431956
52.7561315,13.2411893
52.756027,13.2433777
52.755802,13.242302
52.7563978,13.245188
52.6628619,13.3782788
52.9159915,12.788345
52.9207681,12.7998398
52.9249882,12.8047006
52.9240132,12.8044929
52.9249673,12.8047882
52.9282797,12.8102309
52.9267407,12.8063702
52.9505043,12.8422098
52.9448443,12.849974
52.9727672,12.9883118
52.9712105,12.9882784
53.0986106,12.8971033
53.0968392,12.8960228
53.2745025,12.8152367
53.2739388,12.8242123
53.2819941,12.969147
53.0070512,13.153717200000001
53.0068871,13.1564724
52.871489,13.392057
52.8712395,13.3919599
52.9798513,13.3319317
52.979218,13.3314911
52.9789913,13.3315227
52.9803969,13.3307931
53.1860896,13.1462338
53.2105853,13.3157816
53.2098889,13.3159907
53.5016336,7.0928244
53.5020198,7.0920942
53.6784386,6.9959988
53.677468,6.9959443
53.3665712,7.2019378
53.3679177,7.202273
53.3664554,7.2049681
53.3670091,7.2050444
53.3806295,7.2061929
53.3349368,7.2712534
53.2920468,7.491882
53.4132582,7.377097
53.4068556,7.4405244
53.4700778,7.481996
53.4790923,7.4883559
53.4695126,7.5200776
53.477847,7.5243619
53.5962601,7.2076243
53.5960802,7.2062584
53.5951187,7.2092783
53.5932408,7.2108529
53.5926063,7.2118172
53.5233392,7.2739404
53.5213446,7.2755302
53.5299123,7.3263145
53.5488638,7.2950701
53.6178231,7.1606293
53.6185838,7.1589276
53.5989022,7.1961389
53.5619801,7.3430567
53.585475,7.3461168
53.5913779,7.4569239
53.7073747,7.1462383
53.7073094,7.1436912
53.3031095,7.5948884
53.2985384,7.595453
53.4024224,7.5995093
53.4321252,7.5617849
53.4021023,7.6024267
53.416644,7.7379276
53.3891926,7.9523148
53.533249,7.6056388
53.6470144,7.6116424
53.6743425,7.5740256
53.601551,7.7054225
53.6032387,7.707043
53.6580432,7.7158774
53.530491,7.7786568
53.5753696,7.783723
53.5754812,7.7831462
53.5757181,7.7837185
53.5391768,7.9479806
53.5405383,7.9480383
53.5729256,7.8951161
53.6907739,7.8066698
53.6098792,7.9516366
53.6626092,7.92071
53.3681606,7.9965453
53.2903723,8.1653697
53.3753851,8.1042463
53.376515499999996,8.1040951
53.3927836,8.0132569
53.3920273,8.0127111
53.4180293,7.9727355
53.4187287,7.9725507
53.4185473,7.9722206
53.4805153,7.9874025
53.3942654,8.1364627
53.3970543,8.1383499
53.3966163,8.1385224
53.3960142,8.1425185
53.4487002,8.1184533
53.3373218,8.1880662
53.3878545,8.2745281
53.4998725,8.0156715
53.5232647,8.0399313
53.5198556,8.1154387
53.5198398,8.1180516
53.5279332,8.086211
53.5303898,8.0869875
53.5282815,8.0926037
53.5375954,8.0805422
53.520261,8.1119491
53.529033,8.1066112
53.5282132,8.1100056
53.5213777,8.1191232
53.5205131,8.1184166
53.5208592,8.1181009
53.527935,8.1252837
53.5275677,8.1253513
53.5361623,8.1251353
53.5392124,8.1232387
53.529332,8.1333706
53.5551605,8.0943242
53.574204,8.0886777
53.5736994,8.0922666
53.5772278,8.1106058
53.6283109,8.0281098
53.7705139,7.6941922
53.7919327,7.8996265
53.7913867,7.8995006
54.1814488,7.8894815
54.6526789,8.3536261
54.9091646,8.3026721
54.9083165,8.3058195
54.9077849,8.3042722
54.9082297,8.3064513
54.9080132,8.3091938
54.9096835,8.3089888
54.9369947,8.3167166
53.2981147,8.4041558
53.3073537,8.4824229
53.3270614,8.4801616
53.3380563,8.4748079
53.4015411,8.4525978
53.4023663,8.4541515
53.4850276,8.4366296
53.4846897,8.4842688
53.4847835,8.4839069
53.4846568,8.4847741
53.4857515,8.4848425
53.3576274,8.6494696
53.4481706,8.5984374
53.4914111,8.6005032
53.470229,8.6496142
53.4836136,8.6827374
53.5068669,8.5975084
53.5320696,8.5913592
53.5322079,8.5905442
53.5425984,8.5795549
53.5419399,8.5810011
53.5419471,8.5804054
53.5428415,8.5801706
53.5350445,8.5980269
53.5495575,8.5674021
53.5470329,8.5760604
53.5477634,8.5760203
53.5466684,8.5758232
53.5589363,8.5860963
53.5601052,8.5856642
53.5807841,8.5913438
53.6502097,8.5114052
53.6886398,8.5673086
53.6880898,8.5661007
53.5307746,8.6506604
53.5311123,8.6531255
53.5718944,8.6273755
53.5908135,8.5991941
53.5736789,8.6345351
53.5083232,8.8030385
53.6223175,8.6390065
53.6775503,8.687699
53.6133601,8.7512239
53.3092927,8.8330755
53.3107666,8.8262921
53.3849256,9.0009714
53.4326443,8.8186605
53.4338553,8.8199039
53.4463927,9.0028139
53.444046,8.9992711
53.3724343,9.2136745
53.3727006,9.2136316
53.4808321,9.0559576
53.485828,9.1443474
53.4878084,9.1445541
53.4666672,9.1979413
53.4673765,9.1953642
53.6244748,8.8417065
53.6249807,8.8419267
53.5192444,9.2060867
53.5773237,9.207724
53.6496384,9.0438075
53.6870099,9.1565875
53.6861817,9.1574531
53.6961022,9.1882007
53.7415341,8.8072965
53.8218985,8.6649601
53.8600316,8.7002277
53.8613444,8.6333224
53.8853986,8.6435734
53.8622624,8.69651
53.8607767,8.6992043
53.8621418,8.6989242
53.8630973,8.6979301
53.8237366,8.7732948
53.7628723,8.8334356
53.7760431,8.8946838
53.8077657,8.8941714
53.8083124,8.901238
53.7717847,9.0582263
53.7717026,9.0581748
53.898883,9.1254153
53.8970851,9.133095
53.896916,9.1384548
53.9884192,9.115684
54.0889406,9.0734371
53.2952903,9.2789036
53.2924767,9.2746389
53.3151442,9.3357963
53.3156249,9.339177
53.480308,9.3243969
53.4831371,9.3235448
53.2853144,9.5066848
53.4042669,9.4509648
53.4022584,9.4511532
53.4534789,9.4977249
53.4567939,9.5131761
53.4343455,9.6152265
53.4348696,9.6182158
53.5127883,9.300977
53.5906766,9.2538376
53.5900806,9.2547051
53.5218507,9.3980364
53.5229427,9.400076
53.5916964,9.351623
53.5918357,9.3536722
53.6409148,9.2402369
53.6407569,9.2375382
53.6137528,9.3120529
53.6142517,9.3072318
53.6168121,9.3659137
53.6185136,9.3655298
53.5306919,9.4399216
53.5076419,9.5827085
53.5076624,9.5825963
53.5614654,9.6089105
53.599904,9.4760082
53.6007467,9.4747285
53.5990253,9.4760034
53.5999222,9.4771733
53.6003642,9.4770528
53.6513956,9.4825755
53.6523644,9.4821228
53.6075705,9.6351127
53.314365,9.6592345
53.3666209,9.7140982
53.3670213,9.7144117
53.4049183,9.6944095
53.467155,9.6888537
53.4708843,9.6900682
53.4720206,9.6913442
53.4732296,9.6933415
53.4738355,9.6944712
53.4734168,9.693673
53.4756353,9.6980624
53.47549,9.6983277
53.4249044,9.7881304
53.4662297,9.7936329
53.467651,9.7928096
53.4706195,9.8547692
53.4719574,9.8534207
53.4717043,9.852872
53.4708406,9.8541107
53.4706781,9.8540662
53.4712573,9.8536308
53.2851962,9.8708782
53.3285011,9.880975
53.3283161,9.8797588
53.3277332,9.8778339
53.3270692,9.8792506
53.3266234,9.8785965
53.3261802,9.8785094
53.3277041,9.8821215
53.3266612,9.876706
53.3096957,9.9597241
53.3795633,9.8953652
53.3815425,9.8961806
53.3658628,9.9334044
53.3023436,10.0490767
53.385352,9.9816892
53.3859104,9.981488
53.3436925,10.0307166
53.3435627,10.0307419
53.4353296,9.9058463
53.4408359,9.9605498
53.4090072,9.9922089
53.4395166,9.9892649
53.391599,10.0369677
53.3949561,10.0381218
53.39101,10.0384556
53.4226053,10.0243335
53.464665,9.9644061
53.4602996,9.9822
53.4600323,9.9816775
53.4593307,9.9834397
53.4575244,9.9836765
53.4573225,9.9839326
53.4593963,9.9832707
53.4619265,9.9811157
53.4618512,9.9820047
53.4615204,9.9812377
53.4614423,9.9814918
53.4569229,9.9879786
53.5335428,9.6787506
53.5339339,9.6764549
53.5108153,9.7299568
53.5781668,9.7045884
53.5778102,9.7048299
53.5770464,9.7053077
53.5808097,9.7030974
53.5793604,9.7036237
53.5797475,9.7040141
53.584501,9.7245284
53.581466,9.7565646
53.5625664,9.811852
53.5625489,9.8124898
53.5630978,9.8129359
53.5629442,9.8125349
53.5638042,9.8128472
53.5540525,9.8449467
53.6204636,9.6728284
53.6551964,9.6693005
53.6827063,9.6659073
53.6830929,9.6673549
53.6808138,9.6726024
53.684518,9.663527
53.6964659,9.7135698
53.6977074,9.7170925
53.5999755,9.8221552
53.6017347,9.8363969
53.6010782,9.8377714
53.6344796,9.8401108
53.6528473,9.7907512
53.6517877,9.7924713
53.6620369,9.796257
53.660724,9.8001122
53.6611878,9.7990743
53.660873,9.800204
53.6692313,9.7883776
53.6521093,9.8297208
53.5350869,9.8579952
53.5333691,9.876437
53.5441806,9.9488739
53.5718591,9.8647693
53.5702153,9.8647864
53.5597475,9.8858436
53.5597035,9.885246
53.5597312,9.8849847
53.5925077,9.871686
53.5519997,9.9300111
53.5610927,9.9156849
53.5514052,9.9355003
53.5514376,9.9373883
53.5518152,9.9386127
53.5500485,9.9364626
53.5513606,9.93585
53.5510723,9.9403072
53.5540001,9.9363144
53.5591812,9.9495858
53.5765359,9.9486673
53.5761372,9.9500265
53.5762935,9.9494176
53.57596,9.9512787
53.5757241,9.9529064
53.5141423,9.9876735
53.5415526,9.9932286
53.543081,9.9928758
53.5424284,9.9976988
53.5435562,9.996566
53.5430094,9.9974018
53.5336615,10.0391959
53.5498299,9.9636713
53.5497424,9.962705
53.5517508,9.9861608
53.5491415,9.9872998
53.5558738,9.9872631
53.561591,9.9620331
53.5655933,9.9840615
53.5713006,9.9789201
53.5712413,9.9789937
53.549906,9.994001
53.5518271,9.9940364
53.5497885,9.9902232
53.5515888,9.993458
53.5486778,9.9878922
53.5464639,9.9879218
53.5508424,9.9883007
53.5468513,9.9887501
53.5501812,9.9941584
53.5518013,9.9993257
53.5500474,9.9978145
53.548216,10.0004156
53.5577366,9.9891967
53.5533931,9.991766
53.5574309,9.9883179
53.5565141,9.990994
53.5529659,9.9924544
53.552927,9.9970418
53.5547483,9.9999995
53.5534455,10.0031719
53.553508,10.00217
53.5530801,10.0045531
53.5555458,10.0092133
53.5589544,10.0088868
53.5590765,10.0092398
53.5678747,9.996046
53.5711744,9.9952421
53.5735368,9.9619162
53.5784134,9.9765233
53.5819297,9.9875959
53.5850654,9.9820451
53.5910752,9.9738521
53.5873929,9.9852391
53.5858991,9.9822895
53.5729335,9.9881466
53.5811306,9.988167
53.5818319,10.0115657
53.5842326,10.0095216
53.5941825,9.9998187
53.595053,9.9997154
53.5948191,9.998485
53.5514679,10.0155738
53.5479415,10.0232054
53.5526893,10.020861
53.5546552,10.0157825
53.5552415,10.0155111
53.553176,10.0234664
53.570349,10.0172679
53.563928,10.0337409
53.5538216,10.064454
53.5636062,10.0570153
53.5709708,10.0641792
53.5709292,10.0655532
53.5710469,10.0646479
53.5707715,10.062916
53.570959,10.065883
53.5709095,10.0613186
53.5844565,10.0235921
53.5815206,10.0642483
53.5879272,10.0465013
53.589502,10.0457128
53.5912217,10.0442056
53.5901188,10.0453847
53.5954573,10.0433661
53.6080749,9.9029233
53.6083169,9.9039478
53.6072038,9.9025956
53.6069814,9.9027923
53.6181935,9.9502894
53.6217999,9.9526298
53.6186299,9.9512408
53.6217271,9.9520759
53.6314865,9.9205339
53.5992334,9.9641007
53.6077617,10.0062946
53.6321758,10.0063311
53.6496559,10.012933
53.6500539,10.0127359
53.6029492,10.0203832
53.6033944,10.0188008
53.6079118,10.0382525
53.6076987,10.0383111
53.6014418,10.0412837
53.6287142,10.0241529
53.6497688,10.0159938
53.6495947,10.0144736
53.6331176,10.0540987
53.6824626,9.9876087
53.6816582,9.987333
53.6840992,9.9863152
53.6848701,9.9851459
53.6784683,10.0002864
53.6815834,9.9991406
53.6814658,10.0006807
53.6825096,10.032534
53.6938244,10.0276401
53.7101263,9.3852156
53.7884596,9.422718
53.7917039,9.4183607
53.8259787,9.2875766
53.8909496,9.2547714
53.9081682,9.4827403
53.9975649,9.2630582
53.9225292,9.3753763
53.9222477,9.3739083
53.9222024,9.3749923
54.0199365,9.3767067
54.0198113,9.3760866
53.9259799,9.5140589
53.9264264,9.5129206
53.9394525,9.5146892
53.96411,9.620735
54.0456359,9.4810756
53.7386496,9.6618681
53.7387593,9.6619486
53.7528624,9.6532993
53.7545316,9.6520836
53.754569,9.6575007
53.7534841,9.6550166
53.7555887,9.6562117
53.7524308,9.6536839
53.7459723,9.6714383
53.7662587,9.666625
53.7665115,9.6675126
53.7888076,9.7708646
53.7305798,9.8967231
53.7506352,9.9196853
53.7074726,9.9920089
53.7069958,9.9939929
53.7065601,9.9953884
53.706634,9.99663
53.7121323,9.9993287
53.7040458,10.0083384
53.7192251,9.9983015
53.753261,9.9972381
53.7907228,9.9803458
53.8366642,9.959266
53.8356321,9.964718
53.8365063,9.9633585
53.8352908,9.9662692
53.8360847,9.9645587
53.9003125,10.0595897
53.9496116,9.7181311
53.9468543,9.7148645
53.9899639,9.8220142
54.0897928,9.6540618
54.0905602,9.6516803
54.0822962,9.7828891
54.0844709,9.7884508
54.0719382,9.8975754
54.0764208,9.8981905
54.0702695,9.9657058
54.0691313,9.9870401
54.0698472,9.9877429
54.0693678,9.9883103
54.0523853,10.0211951
54.075797,9.9805966
54.0755069,9.9824488
54.0745146,9.9833877
54.0707296,9.9821195
54.070503,9.9825987
54.0735864,9.9833345
54.0731294,9.9854377
54.0789174,9.9795127
54.0708583,9.9923162
54.099172,9.9950691
54.3061964,8.6359822
54.3037344,8.6381383
54.3289469,8.7796954
54.523781,8.6826639
54.1306715,8.8602747
54.13088,8.8610181
54.2117589,8.9227562
54.211641,8.9220479
54.3155317,8.9403953
54.3161233,8.9413094
54.1940314,9.0929103
54.1939144,9.0917513
54.1942234,9.0938202
54.192867,9.0908521
54.1959772,9.0940377
54.1702803,9.179652
54.1705957,9.1799675
54.3315918,9.022236
54.3320297,9.0245106
54.2834493,9.1621672
54.373082,8.9427552
54.4797422,8.8694667
54.3749966,9.0870537
54.3971547,9.1862765
54.4768833,9.0489099
54.4620074,9.0948542
54.4702037,9.0897472
54.525379,9.0275347
54.4952344,9.083942
54.5080361,9.1875274
54.5080926,9.1892327
54.626948,8.3923469
54.6917471,8.5648576
54.690079,8.5705759
54.6904352,8.569406
54.8710971,8.4327619
54.6181745,8.9632937
54.6045084,8.9831134
54.5693128,9.1731046
54.786694,8.8273537
54.7583349,8.8697276
54.7732162,8.9707372
54.7717654,8.9759843
54.7726979,8.9724414
54.7592407,9.1819606
54.1468939,9.2847559
54.1463823,9.2853365
54.2197541,9.2771944
54.2195975,9.2786106
54.1269022,9.4152398
54.3092237,9.3179482
54.309666,9.3171695
54.2232339,9.5184696
54.3077534,9.6060631
54.3067172,9.6031857
54.5179984,9.3684545
54.517845,9.3762979
54.4108905,9.5083599
54.3934987,9.5889469
54.5036046,9.5400534
54.528877,9.5290698
54.4925707,9.5533087
54.5027254,9.5420495
54.5153996,9.5578462
54.5163095,9.562114
54.517012,9.5655725
54.5165164,9.5640166
54.1662318,9.856435
54.16871,9.854304
54.233159,9.6667227
54.2327705,9.6672051
54.2319582,9.6672269
54.3040777,9.6660134
54.3026532,9.6670953
54.311504,9.6540902
54.3152843,9.6725028
54.3162527,9.6820172
54.3138,9.718913
54.1286857,9.9914155
54.1287398,9.996301
54.1737017,10.0404205
54.3041807,9.9366657
54.2432512,10.0635283
54.2634042,10.0645231
54.3225739,10.0534857
54.4815007,9.6978978
54.4680161,9.8376532
54.4099781,9.9761055
54.4077714,9.9748492
54.6001805,9.3039216
54.5573891,9.4011586
54.6198659,9.3721206
54.7063462,9.2490206
54.6883038,9.3324305
54.6621772,9.3990887
54.6620741,9.3981468
54.6030678,9.5841242
54.7432866,9.4387905
54.7689543,9.323033
54.7577294,9.4002875
54.7623185,9.4316025
54.7999832,9.397022
54.8004171,9.3949707
54.7998957,9.3993385
54.7999392,9.3982709
54.7824493,9.4371632
54.7822881,9.4349962
54.7865033,9.4340976
54.7857052,9.4342457
54.7867437,9.4363732
54.7864538,9.4350957
54.7858199,9.4328122
54.7968246,9.4286202
54.777443,9.4373904
54.7827207,9.4383665
54.7825357,9.4383509
54.8152831,9.4721359
54.8067825,9.5157261
54.7645676,9.5786469
54.765579,9.5755556
54.8347491,9.5482113
54.6352173,9.7739752
54.7174626,9.6713019
54.571322,9.9578514
54.6616845,9.9322434
54.6624529,9.9301964
54.7459033,9.891834
54.7465145,9.8966265
54.7542445,9.7595944
53.3841352,10.1107634
53.3849365,10.1067321
53.3483381,10.2071011
53.3611038,10.2064976
53.3617776,10.2069759
53.3567768,10.2058419
53.3612926,10.206262
53.3522041,10.2313088
53.444457,10.1266737
53.4895209,10.1581375
53.4074025,10.1769374
53.4488943,10.2226365
53.4882925,10.2099154
53.4888219,10.2068054
53.490027,10.2092838
53.4892047,10.2098963
53.4891223,10.2100239
53.4902857,10.208896
53.489713,10.2096382
53.4871587,10.2143389
53.4863259,10.2153785
53.4886027,10.2107003
53.4878266,10.2128854
53.4885524,10.2119314
53.4903121,10.2512929
53.4914616,10.2520203
53.4928979,10.2523768
53.2923306,10.3872109
53.3193041,10.436987
53.4270424,10.2790167
53.4385937,10.3673574
53.4345779,10.3713182
53.4312282,10.3751777
53.4355829,10.370398
53.4696557,10.2783124
53.5393868,10.1048037
53.5392633,10.1071429
53.5435172,10.1426248
53.5271465,10.1506092
53.5413801,10.1658323
53.5534089,10.0835623
53.5723186,10.0670957
53.5710375,10.0665201
53.5593627,10.1072811
53.5739603,10.0723036
53.5918673,10.0765748
53.5720964,10.1351472
53.5690727,10.1645449
53.56672,10.1637322
53.569357,10.1667998
53.5035805,10.1913432
53.494372,10.2068713
53.5413919,10.2129806
53.5427708,10.2129674
53.5405195,10.2108724
53.5099531,10.2516446
53.5101014,10.2524552
53.5090448,10.2504077
53.5116888,10.2510581
53.6136161,10.0774516
53.6053809,10.118475
53.6032944,10.1552608
53.6049037,10.1555126
53.6035688,10.1546031
53.6053009,10.1559499
53.6244661,10.168925
53.6254299,10.1393741
53.6483889,10.1637108
53.6492183,10.167142
53.6488723,10.1648992
53.6512809,10.0770707
53.6537776,10.0910385
53.6585289,10.084839
53.6555329,10.0936789
53.6554011,10.0936154
53.6541485,10.093061
53.6536155,10.0927462
53.6543027,10.0929275
53.6693917,10.1434469
53.678583,10.1482401
53.6784668,10.1459472
53.6715922,10.2346431
53.6739637,10.2400418
53.6717389,10.2393419
53.6741292,10.237071
53.6725789,10.2385427
53.6534649,10.2617653
53.5022397,10.4761466
53.5014789,10.479914
53.5024087,10.4792287
53.6623248,10.2844422
53.6101009,10.4059361
53.609332,10.4076411
53.6092894,10.4085796
53.3737018,10.5541786
53.3743513,10.5559721
53.4848918,10.6145906
53.4794673,10.6178
53.3756657,10.7229157
53.3739036,10.7234844
53.3759535,10.7473125
53.3769466,10.7544978
53.6137843,10.6907981
53.6272929,10.6879967
53.627892,10.688042
53.628689,10.6896571
53.6374713,10.6933314
53.5557875,10.7701679
53.6997342,10.743175
53.6989195,10.7740253
53.6989156,10.7740861
53.6987564,10.774378
53.7079209,10.1095324
53.7303485,10.0955634
53.7974006,10.1424171
53.7953501,10.1404888
53.7295836,10.2625864
53.7292744,10.2624063
53.7298295,10.2687658
53.7300601,10.2679494
53.8005712,10.2315683
53.8665079,10.2516352
53.8653438,10.2510679
53.8062176,10.3814252
53.8086047,10.3691083
53.8099785,10.3722291
53.8098975,10.3750742
53.8097232,10.3745289
53.8114822,10.3782325
53.9523852,10.2126957
53.9524591,10.2118246
53.9532872,10.2101277
54.0371083,10.218115
54.1140098,10.2060748
53.9365704,10.305859
53.9382065,10.3075138
54.0374308,10.3899424
54.1062921,10.4301169
54.0894176,10.4779067
53.7339714,10.644272
53.7799845,10.650725
53.8318657,10.4897636
53.8314421,10.4886528
53.8322902,10.4918139
53.8413911,10.6274738
53.8401314,10.6310722
53.8399043,10.6303946
53.8434251,10.6413587
53.8581522,10.6278702
53.8586271,10.6288068
53.8313729,10.6919547
53.8326006,10.6907394
53.8583334,10.6706294
53.886316,10.6498852
53.8859817,10.6509194
53.8674798,10.6731502
53.8680345,10.6735313
53.8659162,10.6845165
53.864999,10.6867183
53.8645132,10.6847493
53.8642863,10.6852767
53.8641565,10.6847579
53.8655449,10.6857566
53.8686941,10.6864616
53.870183,10.6876753
53.8704434,10.6877843
53.8795667,10.6713583
53.8760926,10.6950928
53.8875832,10.6505579
53.9085352,10.6767951
53.8127169,10.7390615
53.8453996,10.708436
53.8412492,10.7088092
53.8503063,10.7045543
53.8488237,10.7448098
53.8380352,10.7618893
53.8638883,10.7198324
53.8643821,10.7223181
53.912039300000004,10.733148
53.913037,10.8042705
53.8847863,10.863143
54.0094932,10.5737359
54.0095195,10.5732316
54.0106872,10.5732543
54.0454282,10.6776895
53.9182683,10.6989146
53.9190799,10.6986696
53.9196157,10.6985435
53.9205714,10.734403
53.9825164,10.7124988
53.9821447,10.7121502
53.9978741,10.7824492
53.9990192,10.7797174
53.9989345,10.7800336
53.9137193,10.8051607
53.9562707,10.8640614
53.9634779,10.859914
53.9581088,10.8712145
53.9590444,10.8734069
54.0236638,10.7513952
54.0241811,10.7524274
54.1016012,10.8209987
53.2861735,10.9280075
53.2853892,10.9286269
53.2967095,11.0845452
53.3017497,11.0826503
53.3998898,10.9684989
53.3984133,10.9677307
53.4329983,11.1951223
53.5530306,10.915229
53.5551639,10.9168511
53.5117225,11.0734599
53.5105252,11.076282
53.653424,11.1741945
53.3201613,11.4807002
53.3249567,11.4968626
53.3242998,11.4961089
53.3244699,11.5011701
53.5521793,11.5018598
53.631429,11.3287454
53.648334,11.3705012
53.5993165,11.3945226
53.5993267,11.3938023
53.5997428,11.3916148
53.6289918,11.4106448
53.6277471,11.4122103
53.6279319,11.4120383
53.6279405,11.4118888
53.6290394,11.4128736
53.6291639,11.412659
53.6286412,11.4123642
53.6289045,11.4126895
53.6324246,11.4092752
53.6319892,11.4171666
53.647238,11.4065551
53.6590427,11.3609795
53.603251,11.432095
53.6612539,11.496483
53.5495747,11.5572307
53.7585569,10.9336705
53.7748758,11.050715
53.8453341,10.9328338
53.8459832,10.93414
53.9086095,10.9775613
53.7059502,11.1206037
53.8638888,11.1844656
53.9671498,11.1646704
53.8036648,11.3615159
53.8856569,11.4486012
53.893345,11.445661
53.890907,11.4660253
53.8909437,11.4655517
53.8906435,11.4666917
53.8915987,11.4669443
53.8920204,11.4648493
53.8933345,11.4650622
53.8902142,11.4658381
53.8919708,11.4669679
53.8915604,11.5309399
53.737216600000004,11.7138585
54.1067054,11.6188571
54.1073043,11.6185948
54.0309169,11.6715373
54.0313454,11.6728972
54.2816618,10.0792638
54.3004307,10.068291
54.3317085,10.083612
54.3312871,10.0860508
54.3170914,10.1236077
54.3178868,10.1307282
54.3146363,10.1300175
54.3168968,10.1295872
54.3162853,10.1322076
54.3133225,10.1368473
54.3237019,10.1230171
54.3225042,10.1349274
54.3224555,10.1357252
54.3201491,10.1324854
54.320715,10.136455
54.320786,10.1331038
54.3199612,10.1337478
54.3213754,10.1354259
54.3203121,10.1357921
54.3211154,10.1371798
54.3241615,10.1363354
54.3232982,10.1388907
54.322428,10.1405345
54.3224705,10.1433142
54.32374,10.1419323
54.3261112,10.1339816
54.3139661,10.1501446
54.3227841,10.1682799
54.2919606,10.1871825
54.2947289,10.1836553
54.298376,10.18195
54.2817737,10.2410743
54.148526,10.343642
54.1578968,10.4129788
54.1575246,10.4132283
54.1585559,10.4178055
54.1576749,10.4138575
54.1583124,10.4183494
54.2344071,10.2812419
54.2901355,10.4296052
54.2900745,10.4285447
54.3529537,10.0899054
54.3548334,10.0862794
54.3567594,10.1177207
54.3377495,10.1241562
54.3375563,10.1338939
54.3362978,10.1330804
54.400319,10.1264322
54.4107946,10.1278209
54.4274033,10.1301906
54.3353893,10.1891826
54.3511519,10.1928108
54.3694326,10.2030437
54.4047071,10.2203736
54.4049689,10.2207151
54.4055288,10.2210283
54.3935459,10.3723113
54.3918905,10.3731745
54.1703999,10.5542029
54.1305852,10.5907174
54.130581,10.6155838
54.136079,10.615011
54.1379254,10.6155085
54.1373545,10.6158053
54.1363069,10.6171244
54.2926394,10.5894632
54.2932444,10.5896766
54.2938426,10.5860304
54.1862794,10.7636599
54.2206946,10.8856519
54.2199018,10.8874466
54.220989,10.9000307
54.2564545,10.7549755
54.2897571,10.8849
54.2907094,10.8911005
54.2920082,10.8872822
54.292069,10.88626
54.2922095,10.8862632
54.1454245,10.9574975
54.1472712,10.9607156
54.1906301,11.06025
54.18933,11.0590976
54.2212455,11.086874
54.2303974,11.0362518
54.3723832,10.9787572
54.3726519,10.9792679
54.3724776,10.9792234
54.3689017,11.0845277
54.4399995,11.1969404
54.4383188,11.196836
54.1509832,11.7331507
53.4277687,11.8291767
53.4268239,11.8311625
53.427583,11.846263
53.4287002,11.8486403
53.4617111,12.0285219
53.4623752,12.0307665
53.5805921,11.9267374
53.3126389,12.2449293
53.3138289,12.2421411
53.4581892,12.2635395
53.4586882,12.2622391
53.4756222,12.4252934
53.4751449,12.42267
53.6510054,12.2668761
53.651849,12.2665453
53.6101313,12.4281782
53.7117064,11.8280826
53.7952972,12.1621952
53.8478761,11.9830096
53.8479127,11.980029
54.0709044,11.7951195
54.1063428,11.8989336
54.1065227,11.897905
54.1070126,11.902607
54.1083552,11.9193715
53.9401132,12.1037599
53.9395891,12.1094053
54.106813,12.031939
54.0877799,12.1034335
54.0994974,12.073885
54.0710611,12.1168221
54.0884671,12.1248854
54.0884853,12.1329717
54.0878808,12.1365063
54.0851874,12.1371214
54.090314,12.13056
54.0875531,12.1404917
54.0883363,12.1373821
54.0880989,12.1402962
54.0889393,12.1438663
54.1028433,12.1170563
54.1170228,12.1476737
53.7803195,12.1760881
53.7772891,12.177074
53.7930036,12.1765428
53.794733,12.1743812
53.7953865,12.1737454
53.7954474,12.1733662
53.8060536,12.1864723
53.776276,12.5649302
53.770383699999996,12.5740245
53.7738474,12.5750822
53.7737975,12.5754198
53.927958,12.3459685
54.082609,12.1930244
54.1035302,12.1682585
54.1044532,12.1681048
54.11589,12.1915683
54.0314581,12.4485183
54.0265392,12.468026
53.3304063,12.7227348
53.5160304,12.6857117
53.520557,12.6500863
53.5095541,12.6990227
53.5137282,12.688971
53.5195525,12.7151445
53.6953296,12.7492751
53.5278546,12.9306629
53.6949416,12.9079067
53.6948328,12.9085406
53.3625657,13.062953
53.3588155,13.0697429
53.5052565,13.0864905
53.5569135,13.2579319
53.5579103,13.2613843
53.556518,13.2635251
53.559457,13.2613869
53.558697,13.2671628
53.5560022,13.2674924
53.555748,13.2671745
53.5572358,13.2651003
53.5648936,13.2667022
53.5529592,13.2955515
53.5529666,13.2928199
53.5764505,13.2811889
53.6916111,13.2587688
53.7396352,12.763074
53.7378197,12.7629634
53.7421111,12.7599119
53.8778965,12.6186213
53.8223156,12.791063
53.8989336,12.8507477
53.9004318,12.8503132
53.9686967,12.7106433
53.9702554,12.708614
54.1100276,12.6598095
54.1100179,12.6608279
54.0942207,12.7589008
53.9076358,13.0529681
53.9694478,13.1280097
53.9735666,13.1296788
54.1117041,13.0381169
54.1132864,13.0453073
53.9245298,13.340495
53.9240139,13.3405016
53.938326000000004,13.4093842
54.0958038,13.372627
54.0961971,13.3810949
54.0962276,13.3819188
54.0960314,13.3822501
54.0955508,13.3821361
54.0954047,13.3821036
54.096576,13.3785865
54.0961016,13.3850899
54.096193,13.3831259
54.0824932,13.4057349
54.0813384,13.4184816
54.1484841,11.759064
54.1375284,12.0577249
54.1387879,12.0564416
54.1387802,12.0556981
54.1386689,12.0522265
54.1342673,12.0689448
54.1525567,12.0646276
54.1764591,12.0840601
54.1764418,12.0847946
54.2492203,12.234187
54.291227,12.3536283
54.2427694,12.432197
54.2427458,12.4326219
54.3477552,12.3991
54.4454245,12.5681287
54.1879703,12.8771085
54.1841993,12.8829164
54.2712066,12.8090626
54.4354265,12.6869389
54.3686793,12.7251069
54.3674737,12.7263189
54.3658198,12.7251968
54.2593262,13.0308586
54.3092749,13.0412661
54.3199533,13.0475451
54.3048828,13.0716973
54.3053937,13.0972494
54.3089778,13.0786487
54.3271144,13.0559185
54.3111476,13.0871124
54.3091973,13.0844049
54.3113406,13.0876637
54.3131527,13.0879112
54.3140673,13.0918167
54.314064,13.091132
54.3166496,13.3509919
54.3703637,13.023802
54.4088767,13.4163924
54.4547662,13.2579138
54.5649742,13.1034762
54.6221125,13.2931921
48.5623428,13.4268274
48.57057,13.423036
48.5798153,13.4380574
48.5719913,13.4582766
48.5713712,13.457859
48.5744877,13.4531939
48.5735929,13.4577757
48.5745972,13.4595481
48.5733406,13.4578622
48.5743506,13.4551693
48.574457,13.4564039
48.5743393,13.4679858
48.5850746,13.4933034
48.6185093,13.4833507
48.6676896,13.5100557
48.6680081,13.5100786
48.6159538,13.5401666
48.651924,13.6238243
48.6515687,13.6236154
48.5546921,13.6365735
48.5734137,13.6676142
48.5734346,13.6682233
48.6012042,13.7870678
48.6012265,13.7890571
48.7384713,13.5232599
48.7379167,13.522936
48.7289084,13.5999923
48.7303357,13.6009417
48.778911,13.4425018
48.7790766,13.4436614
48.7766315,13.5121381
48.8496669,13.4886377
48.8502758,13.4883131
48.8090552,13.5477393
48.8227335,13.5990871
48.8227419,13.6011889
48.7022696,13.7920759
48.8249972,13.7753895
48.8911512,13.4280244
48.884081,13.476984
48.8839254,13.474818
48.8847682,13.5841134
50.6484766,13.4506785
50.6485615,13.450279
50.6756295,13.4664894
50.7605269,13.6299376
50.7659227,13.7553347
50.7649307,13.7586845
50.757252,13.7927085
50.9759388,13.6230281
50.8385302,13.6750398
50.7826263,13.8215239
50.8524298,13.777564
50.8527494,13.7764821
50.8952308,13.6690148
50.8975735,13.667604
50.9686351,13.7103045
50.9450093,13.7580177
50.9855896,13.5802244
51.0513685,13.5380103
51.0330842,13.5942809
51.1606303,13.4705039
51.1603024,13.4731239
51.1618217,13.471806
51.1633872,13.4717888
51.1637442,13.4796571
51.1721229,13.4948459
51.1058994,13.6290353
51.1261914,13.5803365
51.1623218,13.5680792
51.1619022,13.5670469
51.1395931,13.5931304
50.9944411,13.6458511
50.9990384,13.6495513
51.0275613,13.6551088
51.0086689,13.6590831
50.9957163,13.7195975
51.0107767,13.6926577
51.0290949,13.7084665
51.0196435,13.7215374
51.0449213,13.6701082
51.0620122,13.676777
51.0439105,13.7020136
51.0439828,13.6977144
51.0435146,13.6996289
51.0438412,13.7039414
51.03436,13.7122048
51.0335478,13.7222131
51.0416362,13.7316895
51.0402877,13.7329689
51.0452036,13.7363094
51.0439383,13.7358726
51.0556702,13.7327438
51.0509002,13.7357048
51.0495473,13.733477
51.0772934,13.718031
51.0232655,13.7425659
51.0272884,13.7596221
51.0277333,13.758125
51.0123178,13.7658276
50.999759,13.8234849
51.0019987,13.8403195
51.0060697,13.7974003
51.0057613,13.7978277
51.0292884,13.8024636
51.0111381,13.8284725
51.0467048,13.7366727
51.0476721,13.7389194
51.0489874,13.7381934
51.0490477,13.7375644
51.0491173,13.7392172
51.046662,13.7492224
51.0519224,13.7425164
51.0492917,13.7433884
51.053962,13.7589041
51.0356383,13.785309
51.0472486,13.7728331
51.0541729,13.7842747
51.0541065,13.7842895
51.0538408,13.7843485
51.0604486,13.7400255
51.0618263,13.7441515
51.0605923,13.74427
51.0620712,13.7438965
51.066412,13.7473665
51.0625817,13.7477073
51.0705234,13.7495749
51.0406512,13.8030136
51.0395677,13.8087226
51.0522607,13.8055411
51.0519449,13.8042266
51.0519162,13.8074734
51.0522487,13.8068259
51.052612,13.8078286
51.0519623,13.8067265
51.0541954,13.8154083
51.0632447,13.8212052
51.0873537,13.6382497
51.1075481,13.6325238
51.1049967,13.6559553
51.0994764,13.6800292
51.0995807,13.6788119
51.1011443,13.6859968
51.093537,13.720398
51.0822569,13.7265539
51.0957433,13.7198187
51.1178331,13.6960808
51.0820607,13.7509277
51.1161725,13.74563
51.1129935,13.7734828
51.1223269,13.7918263
51.1256,13.8401239
51.1449886,13.800191
51.1855498,13.8297617
50.8501867,13.942045
50.9687712,13.8652686
50.96237,13.9383271
50.962165,13.937727
50.9612862,13.9386607
50.9621402,13.9363782
50.9607962,13.9402286
50.970521,13.9348876
50.9695207,13.9345875
50.8742719,13.9486417
50.8761607,13.948757
50.887054,14.0068704
50.9355162,14.0084863
50.9196543,14.0680707
50.9181369,14.1517102
50.9822911,13.8602301
50.9780973,13.8651431
50.9775463,13.8709234
51.0618428,13.851219
51.0623941,13.8850725
50.9892912,13.9971231
51.0354799,13.9932655
51.0349696,13.9942624
51.1088201,13.9048449
51.1179355,13.917595
51.1171983,13.9213008
51.0935485,13.9846746
51.1457397,14.022575
51.1459392,14.0258212
51.1822541,14.0151266
51.1816091,14.0131271
50.979058,14.1142881
51.046711,14.0764663
51.0489087,14.0824763
51.0489418,14.0823579
51.0253604,14.214847
51.0254149,14.2160784
51.1543064,14.1358771
51.1282002,14.1795796
51.1260375,14.1826588
51.1420116,14.2458884
51.2880912,13.5232969
51.2879746,13.5319303
51.290851,13.5299824
51.2913672,13.5307519
51.3529667,13.5058731
51.2143872,13.7237333
51.2152636,13.724171
51.2156237,13.7234243
51.3074715,13.6804749
51.3753502,13.7590853
51.4140469,13.4471724
51.4138935,13.4463879
51.4589584,13.5196062
51.4581228,13.522224
51.4581017,13.5222119
51.4973008,13.5556779
51.4952058,13.7601748
51.2640532,13.9049825
51.2635633,13.903399
51.3308439,13.9574183
51.2695239,14.0953648
51.3715755,14.0670214
51.3847732,14.2442436
51.4587431,13.8660974
51.4582942,13.8658546
51.5182658,13.8997331
51.5172045,14.0027574
51.5185896,14.0043098
51.5199507,14.004592
51.5210836,14.0052017
51.5212058,14.0051498
51.5871204,14.0109307
51.5878917,14.0120996
51.4353459,14.2395733
51.4386472,14.2454004
51.4389652,14.2592454
50.9720053,14.2720229
50.9261185,14.3590998
50.9349869,14.6092362
50.9569649,14.6524499
51.0534861,14.3837851
51.0476136,14.4277728
51.0799378,14.4297554
51.0950384,14.3888352
51.0998277,14.4000536
51.1221519,14.4402313
51.1715918,14.4239797
51.1802441,14.4263159
51.1784696,14.4270912
51.1777615,14.4292374
51.1796499,14.427047
51.1779126,14.4281628
51.1810659,14.4260557
51.1812085,14.426749
51.1756675,14.454002
51.0569504,14.4995236
51.0565338,14.5047972
51.0372075,14.5302894
50.9810789,14.610973
50.984585,14.6127316
51.0084084,14.5841053
50.9870246,14.6523517
50.9879294,14.6523327
51.0298695,14.6718998
51.0991982,14.4980249
51.098936,14.520617
51.0955618,14.6653372
50.8651811,14.7599602
50.8711304,14.765913
50.897233,14.8102876
50.8957961,14.8105589
50.8957202,14.8073258
50.8956984,14.8108789
50.9015532,14.8192118
51.0180942,14.7428613
51.0172554,14.7423287
51.0477531,14.8266394
51.0473783,14.8273769
51.0574139,14.8779725
51.1416329,14.802049
51.1410807,14.8003864
51.1260874,14.9824525
51.1465946,14.8899898
51.1801945,14.9271891
51.1482125,14.9495389
51.1532115,14.9868422
51.151681,14.9867861
51.1523331,14.9861295
51.153452,14.9877374
51.1517393,14.9847515
51.1504274,14.9828397
51.150239,14.9891174
51.1701624,14.9786351
51.192791,14.4420048
51.1914089,14.4453492
51.2541069,14.4622786
51.3105756,14.3294732
51.3664615,14.3100271
51.3859014,14.4060946
51.1966817,14.6581216
51.4377211,14.2624405
51.4385255,14.261882
51.4432595,14.2705211
51.5708779,14.3768477
51.5717931,14.379392
51.5718485,14.3796829
51.4952455,14.6399226
51.5035508,14.6395888
51.5057192,14.6401944
51.5032938,14.641784
51.2909013,14.8212382
51.291985,14.8219649
51.2305419,14.8927555
51.3344763,14.9695038
51.3970703,14.7865697
51.5432548,14.7230531
51.5420435,14.7264368
51.6103651,13.5489475
51.6245912,13.7159369
51.6341233,13.7074032
51.6959436,13.6489143
51.8693633,13.4270909
51.869272,13.4262398
51.971931,13.601687
51.8526891,13.7161643
51.8519636,13.7144598
51.6488493,14.0311195
51.6492961,14.0315293
51.747069,13.9523573
51.7470882,13.9519227
51.6085755,14.1648936
51.6572112,14.2211875
51.656819,14.221516
51.7830688,14.0759795
51.7817864,14.0748939
51.7499261,14.2455042
51.8682339,13.9694826
51.8690928,13.9662486
51.9392189,13.8934031
51.941326,13.8958529
51.8351922,14.1454444
51.8358918,14.1454527
51.9101703,14.1204383
52.1693668,13.4711151
52.2153425,13.4508314
52.1065041,13.7011033
52.1596483,13.6517437
52.2917613,13.425643
52.2638293,13.5360754
52.2978189,13.6241553
52.2960033,13.6295157
52.296424,13.6289888
52.2964953,13.6304021
52.2967917,13.6289559
52.3203561,13.6256821
52.389307,13.4984976
52.407101,13.4397038
52.4367159,13.4471093
52.4290623,13.4530371
52.4311032,13.4568179
52.4307672,13.455791
52.4295618,13.4552885
52.429988,13.4552831
52.4184785,13.496902
52.4027961,13.5251617
52.3644958,13.5939242
52.3482561,13.6246625
52.3729835,13.6168563
52.3737652,13.6190018
52.4127212,13.5714066
52.4322593,13.5357184
52.4328568,13.5367968
52.4375561,13.5468079
52.4414422,13.5869399
52.2426411,13.6367322
52.2427106,13.6357531
52.3073771,13.6481333
52.2940689,13.7923107
52.4109193,13.7529875
52.4263336,13.8233355
52.202209,14.1132086
52.1716053,14.2461841
52.1826282,14.2424415
52.1720257,14.2486483
52.2524353,13.9313854
52.2547075,13.9306102
52.3418491,13.8815146
52.2921838,14.0625303
52.2925481,14.0634057
52.3501591,14.0687538
52.347039,14.0706576
51.7553204,14.3061323
51.7280413,14.3290783
51.7294811,14.326577
51.7489082,14.3277959
51.7604653,14.3177246
51.7614076,14.3291822
51.7615007,14.3280461
51.7571806,14.328241
51.7609847,14.3297473
51.7577546,14.3336772
51.7629852,14.3452543
51.7640324,14.3335781
51.7829454,14.3169922
51.7723411,14.3420304
51.785638,14.3424829
51.6203301,14.5913394
51.7287887,14.6515352
51.8587379,14.4113274
51.8588846,14.4108944
51.9888214,14.3000842
51.9376081,14.6974218
51.9579752,14.6999242
51.9544528,14.7110527
52.0900876,14.648509
52.0899178,14.6485421
52.1500092,14.6381314
52.1524725,14.6303687
52.1505989,14.6325431
52.143646,14.6690368
52.1443215,14.6690672
52.340109,14.2764547
52.2451883,14.4144629
52.2554626,14.5729865
52.3278051,14.5188119
52.3285327,14.539455
52.3428147,14.5461193
52.3421287,14.5458395
52.3631632,14.5232833
52.3427996,14.550693
52.3420819,14.5513587
52.3438465,14.5529755
52.3430765,14.5535144
52.3426462,14.552005
52.3452672,14.5514162
52.3458948,14.5503594
52.3469083,14.5511441
52.4262178,14.5333576
52.4538349,13.4378411
52.4549272,13.4373988
52.4688328,13.4307923
52.4699818,13.4632351
52.4816263,13.4338
52.4804715,13.4361351
52.478157,13.4378661
52.4868431,13.4237278
52.4883294,13.425376
52.4869924,13.4251445
52.4860364,13.4245294
52.4862488,13.4238853
52.4908577,13.4574268
52.4650346,13.4860903
52.4672823,13.4888286
52.4658677,13.4877002
52.4455851,13.5057931
52.4565864,13.5103657
52.4610112,13.5209589
52.4817888,13.5250469
52.4975398,13.5203133
52.4975046,13.5223099
52.5013818,13.4312566
52.5177105,13.4401523
52.5086558,13.4513189
52.5072911,13.4677685
52.5159765,13.4575184
52.5142273,13.4672334
52.5146557,13.467775
52.5152801,13.4685743
52.5362734,13.4336585
52.5358013,13.4345491
52.52588,13.4471598
52.5432142,13.4261762
52.5421735,13.4411349
52.5303309,13.4710375
52.5479896,13.4497608
52.5482051,13.4514665
52.5483661,13.4505257
52.5477578,13.4503207
52.5055916,13.4960317
52.5139618,13.4746576
52.5140938,13.4771868
52.5134461,13.4749601
52.5236237,13.4799737
52.5209246,13.4876464
52.5352162,13.4957739
52.5424561,13.4898888
52.4573282,13.5785363
52.4562208,13.577197
52.4568785,13.5776433
52.4584176,13.5788701
52.4585581,13.5765348
52.458029,13.5791673
52.455179,13.6249313
52.4546767,13.6249033
52.4553097,13.6255293
52.4563301,13.6249484
52.5276869,13.5383271
52.5429898,13.5439631
52.5432793,13.5463128
52.5435705,13.5436114
52.5437749,13.546687
52.544059,13.5473669
52.5247553,13.5574263
52.5114264,13.5862843
52.5210781,13.5873974
52.508749,13.6135549
52.5373155,13.6041606
52.5383083,13.6014816
52.5379735,13.6040853
52.5378952,13.604096
52.5460255,13.5924192
52.5473104,13.5928928
52.5615408,13.4223373
52.5661469,13.500877
52.5648245,13.506073
52.564565,13.5072405
52.5665645,13.5197431
52.5690756,13.5170739
52.6051514,13.4321245
52.6139469,13.4706414
52.635025,13.49581
52.635039,13.4956023
52.6357618,13.4937252
52.5556985,13.5593851
52.5555795,13.5609821
52.5705858,13.5667532
52.5711566,13.5686217
52.5759545,13.5754308
52.4783903,13.7004164
52.5211646,13.6992099
52.451216,13.7519255
52.4705913,13.7834215
52.5331697,13.8343808
52.5634728,13.7241692
52.6333232,13.7395939
52.6332707,13.7396518
52.6755432,13.4395135
52.716322,13.4377074
52.754195,13.4728022
52.6585685,13.5336304
52.6765125,13.5388635
52.6791881,13.5885104
52.6795214,13.5877648
52.6794345,13.5871607
52.7910222,13.4830612
52.7664975,13.6376824
52.8479437,13.6830215
52.8388268,13.7319551
52.8314348,13.7587955
52.8339481,13.8134516
52.8335668,13.8214882
52.8335537,13.8177784
52.8348494,13.81692
52.8342975,13.8209405
52.8333586,13.8217053
52.5053187,13.8438839
52.5753842,13.880054
52.577755,13.881529
52.5769674,13.8812065
52.5793366,13.8830402
52.5792004,13.8817519
52.5035068,14.1396428
52.5023468,14.1412724
52.5687402,14.0727107
52.7825238,14.0381915
52.7879568,14.0305824
52.7122703,14.1327525
52.7200701,14.137456
52.7178745,14.1366852
52.9780204,13.7441428
52.977156,13.7442288
53.1194043,13.499037
53.1197262,13.5011264
53.1156892,13.5110558
53.0150491,13.9979654
53.018017,14.0031989
53.0173971,14.003863
53.0668789,14.2558468
53.0871246,13.953551
53.2102375,14.0062371
53.1428834,14.1157144
53.2118959,14.2053295
52.532,14.3754756
52.5340493,14.3811268
52.6441224,14.3598918
53.0568498,14.2860929
53.2701654,14.35002
53.3352474,13.4391345
53.45931,13.5838075
53.4589875,13.5839239
53.6687444,13.5492006
53.5057734,13.744882
53.5071221,13.7443816
53.3141432,13.8598341
53.3133737,13.8598879
53.3138047,13.8581402
53.3186531,13.8692149
53.2971274,14.2362952
53.2971449,14.2354575
53.4002733,14.1274466
53.4540588,14.2076893
53.4531947,14.2101345
53.6640722,13.8869982
53.6645501,13.8893961
53.6299597,14.0104911
53.630595,14.0107519
53.6301943,14.011083
53.6807241,14.0777752
53.7644616,13.7874188
53.8563177,13.6886018
53.8858298,13.6796371
54.0884842,13.430453
54.0905702,13.443273
54.0561242,13.760279
54.0503509,13.7650977
54.0539637,13.7777993
54.1190883,13.8352179
53.7386995,14.0428743
53.7369315,14.0454083
53.8728903,13.9205541
53.8721842,13.9206285
53.7402009,14.0798651
53.8898127,14.1391514
54.0772811,13.9101309
54.0801864,13.9144563
54.0535888,13.9976228
54.0473224,14.0009407
54.0453314,14.002789
53.9711268,14.1431387
53.9424196,14.1879226
54.1312778,13.6156454
54.1336096,13.6131475
54.3538431,13.4681259
54.4172087,13.4289781
54.4157302,13.4319005
54.4013979,13.612311
54.4006003,13.6134514
54.3601073,13.7051488
54.3792089,13.6936715
54.3766103,13.697627
54.5157588,13.6410016
54.515107,13.6388457
54.5159758,13.6408107
49.2432025,6.6984909
49.2731735,6.7081969
49.274585,6.7092877
49.3624494,6.6668647
49.3812851,6.6861073
49.4763634,6.6043472
49.4407762,6.6354186
49.4681966,6.6763673
49.4665794,6.6788701
49.5318372,6.3823662
49.653773,6.4416262
49.5433039,6.5322208
49.6081909,6.547607
49.6047296,6.5956763
49.5994865,6.6824254
49.6005792,6.685044
49.6589192,6.6290254
49.8464322,6.4561731
49.7402788,6.6090537
49.7522832,6.6377964
49.7595691,6.6464795
49.7693369,6.6599225
49.8133999,6.6155246
49.808292,6.6854617
47.6133228,7.6138828
47.5875309,7.6927034
47.587535,7.6932462
47.6146178,7.6616679
47.5921929,7.8737726
47.6511187,7.5654563
47.6518411,7.5658518
47.6343847,7.6928405
47.640383,7.7453702
47.5535976,8.0247598
47.5659182,8.0648234
47.5646895,8.0731043
47.6077694,8.1676014
47.6210665,8.2179709
47.6087026,8.2957002
47.6107642,8.2952858
47.8031737,8.0330055
47.8004254,8.0376527
47.7296145,8.0989883
47.7337394,8.1659443
47.8179466,8.177157
47.8575295,7.6924447
47.8718638,7.6601016
47.8721556,7.6599079
47.8578925,7.6921138
47.9171587,7.7458121
47.9390146,7.690567
47.9817948,7.714455
47.9861743,7.8372551
47.9948521,7.8494904
47.9964118,7.8460795
47.9981244,7.8507229
47.9819026,7.9638607
48.0410031,7.8652574
48.090251,7.6266539
48.2325065,7.714578
48.0724548,7.8032815
48.1275538,7.8096868
48.1214444,7.8484524
48.1222437,7.8476489
48.1611396,7.7936956
48.221327,7.7774008
48.0157966,8.0315603
48.0071293,8.0922902
47.8691313,8.200893
47.9106845,8.2117941
48.1214442,8.0029935
48.1728202,8.07148
48.0533823,8.2048831
48.0513552,8.2065978
48.1263037,8.3319719
48.2236322,8.3849115
47.6559223,8.4252586
47.6968763,8.7546424
47.7599665,8.8386053
47.7377353,8.9690544
47.7376105,8.9697676
47.6960239,9.0652953
47.7173082,9.0640047
47.7161662,9.0701938
47.6972741,9.1172369
47.6609801,9.1713653999999991
47.6634705,9.1665997
47.670118,9.1825189
47.734696,9.1144993
47.7373659,9.1161802
47.8091288,9.1709822
47.949117,8.4876856
47.8556288,8.7729993
47.8549921,8.7715866
48.0266829,8.60144
48.0261907,8.6021806
48.00995,8.6642509
48.0182652,8.7207978
48.0041001,8.7793488
48.0511444,8.4608963
48.0579125,8.4442128
48.0604968,8.4548072
48.0846588,8.4577512
48.1384933,8.4202231
48.1382289,8.4217067
48.1844915,8.4573968
48.2390056,8.5557014
48.2397923,8.5582027
48.07213,8.7405642
48.1271662,8.7074373
48.1278818,8.7074581
48.1498133,8.6401443
48.1612231,8.6345585
48.2068544,8.6481024
48.1476774,8.793242
48.2114915,8.7600863
47.9297427,8.8492363
47.9307513,8.8490145
47.9128289,9.0177094
47.9822235,8.808617
47.9844709,8.8181003
47.97667,8.82203
47.9843641,8.8215326
48.0059239,8.8599487
48.0059801,8.8619386
48.0236186,8.8884375
48.0296295,8.8871135
48.0297205,8.8876456
47.9869293,8.9992958
48.0043088,9.1946146
48.1204513,8.8283149
48.1328794,8.8904743
48.1343047,8.8910363
48.04239,9.01024
48.1990878,8.8781104
48.2453507,8.8775031
48.2456791,8.877169
48.144464,9.0927119
48.1799398,9.1120273
48.213098,9.020047
48.2130277,9.0265276
48.2130613,9.025992
48.2177724,9.0269609
48.2127374,9.0243191
48.2438356,9.0912518
48.245472,9.1843555
48.2459608,9.1833892
47.6947657,9.272367
47.6967469,9.271573
47.6656543,9.3676875
47.7215664,9.3854165
47.7210063,9.3872606
47.7664605,9.2924919
47.7767948,9.2890091
47.7595151,9.3110965
47.6568831,9.482514
47.7247325,9.4649167
47.7248249,9.4642708
47.6704893,9.5900373
47.6737099,9.5909495
47.699759,9.5630354
47.6989328,9.563228
47.7811799,9.5890334
47.816106,9.6291296
47.6574076,9.702438
47.6867654,9.8326585
47.6861228,9.8328154
47.7696322,9.6743267
47.8268421,10.0206141
47.8269475,10.0242791
47.92301,9.2589386
47.8937562,9.3089832
48.0185853,9.2513208
48.0281004,9.2965806
47.9511567,9.3822415
48.0289848,9.3781044
47.8639853,9.5896503
48.0997123,9.4639599
48.0652088,9.6093503
48.0650433,9.6092069
48.0659298,9.6095765
48.1061122,9.6245252
48.1540972,9.47557
47.848791,9.7488857
47.8489278,9.747927
47.89685,9.7040253
48.0011933,9.8248768
47.8546961,9.8972712
47.9084732,9.8952631
47.9080165,9.8967075
48.0731746,9.6525119
48.0848424,9.7877928
48.0984148,9.7888803
48.0976113,9.7928549
48.1292199,9.7995141
48.0701818,9.9527197
48.1143245,9.9939393
48.1558718,9.9465239
48.2373583,9.9336763
48.2372864,9.9345326
48.3389098,7.8383469
48.3401489,7.8707826
48.3389208,7.8697048
48.3406215,7.8681332
48.3293853,7.9279898
48.3732478,7.8785061
48.3727497,7.8781023
48.423822,7.9099049
48.4244547,7.9478219
48.4626932,7.9243208
48.473005,7.9413535
48.4737235,7.9438882
48.473269,7.9435994
48.468744,7.9528421
48.4749433,7.9444513
48.4821109,7.9585866
48.5414995,7.8943338
48.5742104,7.8098146
48.5690714,7.8456375
48.6048829,7.83475
48.6243372,7.8554068
48.5978843,7.8688295
48.6002411,7.8744918
48.6478984,7.8914579
48.6638909,7.9395793
48.6655568,7.9374509
48.3030294,8.0563658
48.3039709,8.0567521
48.3405731,8.0277336
48.3386479,8.0292248
48.2772141,8.0858628
48.2777732,8.0843421
48.2840164,8.1703044
48.4059864,7.9872111
48.4317572,7.9936166
48.4318156,7.9934605
48.4105991,8.0081076
48.3003996,8.2236941
48.2973586,8.2210272
48.3180311,8.2160027
48.3168014,8.2172793
48.2902434,8.3431565
48.2900455,8.3419361
48.4737124,7.9789857
48.47516,8.1669183
48.5881261,8.0140619
48.6286312,8.0723002
48.5922378,8.1166453
49.0863381,7.7118032
49.0876811,7.7103509
48.7267449,8.0082584
48.7470184,8.0471023
48.7466168,8.0457051
48.6717182,8.1169533
48.7196881,8.1165534
48.7174472,8.1151941
48.6967907,8.1338482
48.6970561,8.1353805
48.797799,8.1129224
48.6831563,8.1911614
48.727282,8.3539589
48.7822202,8.2089384
48.8577497,8.2017552
48.8578294,8.2055011
48.8699175,8.2779682
48.7803462,8.3123594
48.7916432,8.3306266
48.8056129,8.319227
48.9002992,8.1984853
48.9307563,8.2095959
48.9752305,8.3107473
49.0814793,8.1980417
49.0309175,8.34162
49.1586464,6.8429747
49.2754152,6.7957749
49.2463988,6.8384596
49.2442126,6.8688975
49.2720639,6.8358421
49.2518299,6.8528578
49.2884455,6.8827966
49.2881062,6.8824932
49.117455,7.0488991
49.1562866,7.0354038
49.2407915,6.9472102
49.2261156,6.9762058
49.2391843,6.9842218
49.2345576,6.9896258
49.2349434,6.9975348
49.236733,6.9928608
49.2406962,6.9915144
49.2051607,7.1090256
49.3026971,6.7599314
49.3132708,6.754309
49.329852,6.7165371
49.3323772,6.7530214
49.3262631,6.7661682
49.3321063,6.7819575
49.3722545,6.7624506
49.3906281,6.8374833
49.3908911,6.8371786
49.3601087,6.8756527
49.442524,6.8538125
49.4094079,6.9094755
49.3078864,6.9397294
49.3450316,7.0305004
49.3134208,7.127213
49.3329858,7.0952593
49.3706538,7.085925
49.4332884,6.9492169
49.4597677,6.9629003
49.4962515,7.1118685
49.1479792,7.2061087
49.2838182,7.1587914
49.2375518,7.2601
49.1403009,7.5455587
49.1541679,7.5490161
49.2414599,7.3766992
49.2479999,7.3591057
49.2486501,7.3647061
49.3429236,7.1798754
49.3467777,7.220864
49.403109,7.1698864
49.3400122,7.3347684
49.4665434,7.1674868
49.4233066,7.2366909
49.4666615,7.2512686
49.4673502,7.2520202
49.3119594,7.3418976
49.3224639,7.3407237
49.3230837,7.3423402
49.4043987,7.4368335
49.4104318,7.3761471
49.4109315,7.3798541
49.4323915,7.360405
49.4711004,7.343005
49.4561733,7.5292819
49.6340039,6.8218673
49.6365474,6.8993808
49.6756489,6.8756851
49.5808166,7.1140234
49.5844894,7.1181799
49.655943,6.9484179
49.7471212,6.741333
49.741641,6.80502
49.7740869,6.7810068
49.857661,6.763127
49.7537443,6.9975811
49.7520351,6.9998562
49.811007,7.1221245
49.8834543,6.921527
49.915174,7.0697591
49.9188802,7.0686022
49.5523522,7.249232
49.5524299,7.24956
49.6485107,7.1654998
49.6872466,7.2438769
49.5397906,7.4005569
49.5508019,7.4628558
49.5519276,7.464042
49.7208476,7.300501
49.7206231,7.3001308
49.7795377,7.3380517
49.740174,7.4029242
49.7403472,7.4024846
49.7915369,7.4552579
49.7861262,7.462971
49.1883106,7.5706811
49.1946034,7.5964874
49.1944742,7.7569197
49.202006,7.6014297
49.2023693,7.6056207
49.151862,7.7817055999999996
49.151768,7.7806873
49.1916934,7.854678
49.1919691,7.8542322
49.2035876,7.9644727
49.351545,7.6459425
49.3630097,7.6667309
49.3524599,7.6875326
49.3522906,7.6873266
49.4958543,7.5941789
49.4806676,7.6331808
49.442979,7.770963
49.4448594,7.7719315
49.4443524,7.7670784
49.4442828,7.7676459
49.4445743,7.7735264
49.4451714,7.7737414
49.4478771,7.7891697
49.4805774,7.7698274
49.1938317,8.0670815
49.137549,8.0975061
49.2090821,8.0444109
49.2594239,8.12836
49.2992641,8.1318657
49.1116416,8.2467924
49.0960125,8.2739952
49.1203136,8.2775211
49.1179821,8.2780924
49.1466004,8.2152963
49.1463636,8.2119373
49.1932469,8.3566953
49.1935285,8.3580904
49.2431151,8.3456888
49.2956468,8.3473382
49.3579527,8.156802
49.4006655,8.1955566
49.3741311,8.3057908
49.4246901,8.318334
49.44286,8.355237
49.454149,8.3795795
49.45392,8.3786055
49.4819535,8.2913515
49.4826085,8.2931194
49.5837348,7.6065332
49.583469,7.6080771
49.5779442,7.6966256
49.7083203,7.6703986
49.6268034,7.8213007
49.7844163,7.654519
49.7849254,7.652135
49.7850067,7.6518936
49.7845373,7.6545085
49.8375602,7.6803679
49.8121708,7.9603895
49.8119742,7.960585
49.8454932,7.8205499
49.841813,7.862833
49.8415805,7.8607385
49.83568,7.8782148
49.844747,7.9140315
49.871762,7.8673195
49.893457,7.8997784
49.8956988,7.9264433
49.9017579,7.9244343
49.5938134,8.0492313
49.6617082,8.0146278
49.5579161,8.32607
49.5324888,8.3543444
49.6108055,8.318565
49.5819264,8.3610354
49.6955139,8.1999386
49.703187,8.2471574
49.7033914,8.2483493
49.6300966,8.360824
49.6317478,8.358472
49.8355421,8.0198534
49.8744468,8.1508111
49.7419146,8.2402458
49.7977748,8.3445972
49.8462988,8.3563898
49.8531343,8.3620605
49.9160651,8.3433953
48.2929594,8.4928389
48.3450117,8.4030178
48.3450928,8.4028889
48.415292,8.6321078
48.441058,8.6448781
48.4425107,8.6901299
48.4424032,8.6869317
48.4434601,8.6907368
48.3652605,8.7995486
48.3657917,8.800643
48.4708944,8.4487227
48.5273908,8.4008469
48.4701471,8.50003
48.469536,8.5001136
48.5785834,8.4669757
48.5247722,8.6510822
48.5647479,8.7832471
48.5848168,8.6032599
48.5703882,8.6915631
48.6615933,8.6959434
48.6608658,8.6972083
48.6607215,8.6967411
48.5765086,8.7748999
48.5722452,8.7793154
48.6236765,8.745944
48.2715831,8.8501807
48.275817,8.8517509
48.287351,8.8119684
48.2879974,8.8124157
48.2879677,8.8521919
48.2533527,9.0175401
48.2544651,9.0151564
48.3555485,8.9649044
48.3844517,8.8102327
48.3800818,8.8870763
48.3810878,8.8880359
48.3965123,8.9721317
48.3264448,9.0442556
48.3511793,9.1962469
48.4012476,9.0346331
48.4017645,9.0348773
48.4059445,9.0572568
48.4064194,9.0549858
48.4300613,9.0683768
48.4499487,9.0550696
48.4507208,9.055355
48.3582552,9.145962
48.3595098,9.1456989
48.4932118,8.8098015
48.493618,8.8091535
48.5213756,8.83232
48.5618609,8.8476272
48.5279079,8.8689341
48.5579022,8.9067281
48.5590632,8.9066824
48.5539954,8.9654474
48.5539907,8.9660335
48.6109905,8.8412225
48.5754282,8.8785827
48.5750593,8.8783289
48.595979,8.8675975
48.5945813,8.869025
48.5957983,8.8677915
48.5967864,8.86753
48.6520664,8.8218136
48.6233232,8.8910501
48.6421817,8.9001354
48.6418546,8.9004651
48.6255754,8.9710642
48.5123009,9.048002
48.4921387,9.210432
48.4922088,9.2108464
48.6079867,9.0996629
48.6085729,9.0995956
48.7525131,8.5489997
48.7750368,8.5770615
48.7740182,8.5801951
48.7237186,8.7024494
48.7463459,8.6861919
48.715895,8.7153626
48.7140559,8.74047
48.8251366,8.7089846
48.823814,8.8005078
48.8951622,8.4192715
48.9547471,8.4707453
48.9013568,8.5740066
49.010008,8.4016633
49.0107457,8.4002356
49.0090194,8.4044301
49.0059414,8.4032563
49.0060514,8.413229
49.0041578,8.4186698
49.0067238,8.4957127
49.0319868,8.5752137
49.0770493,8.5867073
48.8963129,8.6024
48.9152871,8.6718785
48.8811046,8.7325335
49.0125739,8.6065856
49.0610844,8.657442
49.0588142,8.6593609
49.0418248,8.6796456
49.0696669,8.6827017
48.6946291,8.8295249
48.7684048,8.8517854
48.6865175,9.0105452
48.6863197,9.0091528
48.6864255,9.0113887
48.684501,9.0136049
48.6862416,9.0132465
48.7423055,8.965271
48.7302457,9.0022395
48.8227212,8.9097105
48.8353774,8.8344814
48.8712968,8.8185739
48.8618237,8.8607509
48.8020471,9.0169959
48.8469379,8.9272357
48.7336033,9.1017819
48.7308662,9.109913
48.7270803,9.1468486
48.7483622,9.1697256
48.7746877,9.1761384
48.7729521,9.1944548
48.7987882,9.0627491
48.7990894,9.0625399
48.7982013,9.0627781
48.8253049,9.0682558
48.8238637,9.0680146
48.8375435,9.0385108
48.8373841,9.0379771
48.8655364,9.0326188
48.8654119,9.0332398
48.8555801,9.0904075
48.7761053,9.1745478
48.776562,9.1697849
48.7767112,9.1727592
48.7857765,9.1752323
48.777943,9.1755313
48.7832037,9.1808925
48.8006735,9.2238704
48.7968714,9.2214151
48.8137089,9.2091083
48.8367173,9.1629217
48.9571814,8.8554301
48.8866146,8.9991134
48.9228949,8.9728361
49.0287138,8.8139177
49.0264973,8.8529022
49.0637707,8.9749453
49.0637852,8.9755534
48.9048993,9.0846118
48.9054689,9.0843857
48.960364,9.062672
48.9685635,9.069686
48.9461838,9.099743
48.9466342,9.0995642
48.9613558,9.1020666
48.8874208,9.1267717
48.9055072,9.1359397
48.930228,9.1977015
48.9600078,9.1842327
49.0784335,9.0655276
49.0786619,9.0677164
49.0671231,9.0881199
49.0666181,9.0882303
49.0851167,9.0790643
49.0403947,9.1476687
49.039157,9.1486727
49.0763033,9.1473495
49.077423,9.1468226
49.0830136,9.196191
48.3070246,9.2433005
48.4309705,9.2558093
48.4309652,9.2563424
48.4254689,9.2768286
48.3997591,9.391922
48.3998054,9.3930523
48.4543937,9.3875647
48.4550392,9.3872725
48.2925768,9.4948396
48.559787,9.2687637
48.5390402,9.2891721
48.4927498,9.3999152
48.5552791,9.3750904
48.5733758,9.2644086
48.5717261,9.268793
48.5656017,9.3049096
48.5658497,9.3054444
48.6271987,9.2609214
48.6270479,9.2629162
48.6379623,9.3257173
48.6538979,9.2873857
48.6457846,9.4144436
48.5644821,9.6281258
48.616683,9.4523201
48.6477898,9.450701
48.3018603,9.8341056
48.4456088,9.66764
48.2995715,9.9909172
48.3922652,10.0001767
48.3946113,10.0010247
48.3927711,10.0036555
48.395437,9.9978741
48.4899217,9.6895735
48.5130512,9.8511808
48.6250048,9.8250901
48.6251376,9.8271363
48.5526785,9.9955662
48.578432,9.8744884
48.5782479,9.8748473
48.623097,10.0187796
48.7075131,9.2618241
48.7461686,9.2338787
48.7310717,9.3298131
48.7384421,9.306795
48.7372091,9.3157793
48.6834554,9.3619756
48.807856,9.3199453
48.8312098,9.2310486
48.8308326,9.2316151
48.8418487,9.2648652
48.8650516,9.253912
48.8740067,9.3518635
48.873713,9.3521941
48.8649168,9.3832552
48.8766472,9.3972276
48.8761707,9.3996266
48.8760226,9.399799
48.6935531,9.4656425
48.7145094,9.524748
48.6912471,9.565159
48.708817,9.6165903
48.7099943,9.6414042
48.7269566,9.6091609
48.7267421,9.6090837
48.7320664,9.6406377
48.7619647,9.599681
48.762305,9.5985209
48.7998947,9.4795624
48.7990978,9.4790304
48.7995103,9.4789078
48.7992607,9.4787467
48.7977603,9.5019455
48.8140894,9.5273829
48.8056201,9.5303484
48.8064641,9.5294215
48.8056959,9.5314686
48.8151909,9.5278831
48.7941235,9.6032426
48.794737,9.6016487
48.8742012,9.6341159
48.8885189,9.2758038
48.9384715,9.2593879
48.9404573,9.2616104
48.8877491,9.3910447
49.0008219,9.2913726
49.0015063,9.2932277
49.0236018,9.3189685
49.0243359,9.320037
49.0549584,9.244687
49.0581242,9.2780534
49.0587437,9.2795689
49.0408018,9.3138043
49.0679913,9.290317
49.0676684,9.2897507
48.8858087,9.528055
48.9542138,9.5042021
48.9783618,9.5806109
49.0019252,9.5009107
49.0033941,9.5037135
49.0820937,9.4613881
49.0813751,9.4615347
48.7045558,9.6515304
48.701489,9.6614224
48.7101438,9.6500006
48.7590978,9.6849505
48.7591302,9.6856673
48.7366861,9.7480478
48.7570544,9.7196123
48.70871,9.7966024
48.6824845,9.8044933
48.7654562,9.8197852
48.7978216,9.6926239
48.7984674,9.7913072
48.7996227,9.7968428
48.8009372,9.7943767
48.7967405,9.7985077
48.7986224,9.7991265
48.812719800000004,9.7529387
48.8020865,9.7979179
48.8208903,9.846086
48.8793047,9.761735
48.8790624,9.7612514
48.8298901,9.8169414
48.8499261,9.8772145
48.8490421,9.8765119
48.8014529,9.970486
48.8201644,9.9648893
48.8237756,9.9624251
48.8077746,10.0264231
48.9192434,9.891429
49.0703695,10.0380385
49.1235389,8.4096281
49.1613839,8.4149826
49.1848047,8.4213728
49.157178,8.4824421
49.1142891,8.5119362
49.1364875,8.5414197
49.1377861,8.5463462
49.1712897,8.4954887
49.1864248,8.5416488
49.1849168,8.5456704
49.2653853,8.4003352
49.2905405,8.4019803
49.2607048,8.4830229
49.2808197,8.4731033
49.1018188,8.6438043
49.1598886,8.6314908
49.1791873,8.643522
49.1441878,8.6693711
49.1776799,8.7484495
49.2024309,8.648608
49.2668209,8.600398
49.3172012,8.4317661
49.3170162,8.430872
49.3199997,8.4334332
49.3221203,8.4322311
49.3194446,8.4304679
49.3277861,8.4174938
49.3471725,8.430836
49.3824362,8.3920199
49.3192423,8.547538
49.3869114,8.5719929
49.4733461,8.4038407
49.4633396,8.4289996
49.4823677,8.4515521
49.4817926,8.4839037
49.479033,8.4896116
49.4848712,8.541232
49.471382,8.5664656
49.3421431,8.6585612
49.346865,8.6888658
49.350583,8.6887505
49.3397144,8.799974
49.3942514,8.7930731
49.4045581,8.6759646
49.450201,8.6713884
49.4486091,8.6703515
49.4687913,8.5988293
49.4711162,8.605762
49.5040563,8.6024221
49.4278063,8.7495089
49.4207611,8.7562206
49.0989898,8.9031538
49.1358371,8.9112786
49.1733778,8.8383268
49.1002856,8.97303
49.1566503,8.9833841
49.1841067,8.9804756
49.2398385,8.9087494
49.253108,8.8785884
49.2522465,8.8800325
49.2271707,8.995773
49.2943509,8.9610867
49.1403866,9.0565659
49.1425381,9.0568283
49.1769855,9.0453435
49.1848934,9.1103866
49.1412064,9.2256878
49.1413595,9.2235408
49.1413215,9.2228105
49.1432982,9.1246071
49.192402,9.1463224
49.1930813,9.1446199
49.1929399,9.22639
49.2421271,9.0583082
49.2145173,9.0965964
49.238031,9.1020861
49.233099,9.1923211
49.231022,9.2144687
49.2286597,9.2098921
49.2292941,9.2157413
49.2852076,9.1605249
49.284017,9.1599215
49.3216464,8.8185497
49.3187958,8.8680083
49.3196839,8.8670927
49.3215272,8.9752054
49.3238515,8.9734484
49.3723009,8.9812234
49.4458378,8.8958745
49.4458487,8.89651
49.4642374,8.9845911
49.4635239,8.9847519
49.4723334,8.9855904
49.341367,9.1042482
49.3489529,9.1048086
49.4010177,9.0701981
49.3998917,9.070402
49.3189359,9.132105
49.3441092,9.1334289
49.3512303,9.1434723000000009
49.3526572,9.14737
49.3712793,9.1354441
49.3774468,9.1664661
49.3864878,9.1905517
49.3848715,9.1916531
49.4300226,9.1499466
49.431289,9.1493672
49.4532946,9.162058
49.4613016,9.2109271
49.4607859,9.2104675
49.5952298,8.4653295
49.6854024,8.4526508
49.6527495,8.5671132
49.6551582,8.567824
49.6709922,8.5449051
49.544268,8.6389115
49.6123675,8.6532729
49.5438187,8.7861569
49.6398196,8.6405141
49.6451507,8.6357671
49.6420777,8.6381674
49.6720351,8.6245702
49.6809504,8.6183143
49.6839414,8.6218854
49.6830799,8.6199457
49.6801612,8.6181669
49.6749076,8.6441846000000009
49.7010726,8.621225
49.6939814,8.6488588
49.6237241,8.7595858
49.6842888,8.7645369
49.7811064,8.4646473
49.7788255,8.4689255
49.8110087,8.5120068
49.8354986,8.498328
49.9179896,8.5195086
49.7220322,8.6122187
49.740357,8.6194637
49.7541855,8.6113565
49.7558376,8.636171
49.7667121,8.6463974
49.7356246,8.7361407
49.5679637,8.975381
49.7115078,8.8415408
49.7126758,8.8408858
49.6580244,8.9947955
49.671123,9.0036468
49.6853706,8.9922524
49.6825824,9.0024681
49.534044,9.2029666
49.643913,9.2217142
49.6443419,9.2238823
49.7739935,8.8784784
49.7205445,8.9926956
49.7428624,9.0048281
49.8203549,8.9147577
49.8173589,9.0162492
49.8275536,8.8321262
49.874151,8.8271778
49.8806264,8.8194284
49.8999288,8.8458497
49.9249411,9.0048946
49.8193132,9.0180844
49.7886632,9.0753761
49.7882631,9.0758521
49.8346743,9.0433723
49.8750771,9.1675125
49.9093757,9.151537
49.1403854,9.2292711
49.1701978,9.2687865
49.1699768,9.2688477
49.1492579,9.2866767
49.0951753,9.3806725
49.0947747,9.3797871
49.1198145,9.3960157
49.1983119,9.2359088
49.2470722,9.3080004
49.2818503,9.2612277
49.2600123,9.298978
49.2615452,9.2997822
49.214776,9.3541576
49.2418493,9.402944
49.2417463,9.4015605
49.1756886,9.5045864
49.2015866,9.5016828
49.2502236,9.4572788
49.2053526,9.5785359
49.2049136,9.5803459
49.2054193,9.5838343
49.3910542,9.2693913
49.3170447,9.4210521
49.4040726,9.3901629
49.4017337,9.392113
49.4153736,9.2817485
49.4166603,9.2828951
49.4788343,9.3160878
49.4426074,9.3354156
49.4432583,9.3353986
49.4299431,9.4258909
49.3099486,9.4690338
49.3422614,9.5611173
49.5013841,9.5400952
49.4550052,9.6059224
49.4812308,9.641032
49.0958756,9.6761045
49.1157118,9.7352201
49.1099433,9.7783619
49.1094517,9.7775718
49.227436,9.6893544
49.2277839,9.6916787
49.2789609,9.6872294
49.277146,9.6882047
49.2800579,9.6898801
49.2532148,9.8468758
49.2532203,9.8486453
49.1702434,9.9191887
49.1705244,9.9206682
49.1388124,10.0217469
49.1402582,10.0340416
49.1306383,10.0574886
49.1298656,10.0557243
49.145706,10.0492857
49.2514817,9.9228258
49.2187352,10.0060606
49.2971741,9.9736686
49.2512833,10.0256019
49.2495415,10.0256861
49.4261633,9.6855366
49.4265254,9.687753
49.4184902,9.7903726
49.4931253,9.7736074
49.492878,9.8169685
49.4932109,9.8163693
49.344857,9.9808712
49.3454709,9.9818539
49.5207112,9.3232695
49.5238526,9.3234454
49.5389713,9.3314025
49.5391194,9.3295442
49.5191782,9.3647887
49.5182875,9.3683554
49.5133823,9.3928608
49.5815983,9.3674622
49.6013203,9.4267187
49.6019333,9.4336289
49.7056014,9.2483716
49.7145539,9.2692151
49.6084017,9.4744218
49.6106636,9.4723833
49.6181355,9.5955666
49.6184559,9.5969821
49.7509362,9.3250536
49.7925171,9.266705
49.8213665,9.2558496
49.8200726,9.2582423
49.7641955,9.5114189
49.7832114,9.441828
49.7822232,9.5019957
49.8089907,9.6084737
49.8469164,9.6104073
49.5466744,9.7316861
49.5458356,9.7324671
49.5679626,9.7053347
49.612269,9.8385563
49.6219591,9.6597875
49.626138,9.670891
49.6559616,9.8556445
49.6990083,9.8439913
49.6006706,9.8785232
49.6006071,9.8804086
49.593632,10.0016162
49.6562773,9.8583531
49.6521659,9.947567
49.6348803,10.0076579
49.7939202,9.7238909
49.8012497,9.8133986
49.8015347,9.8146797
49.8642767,9.8012723
49.864348,9.8001998
49.8100772,9.8714519
49.7883351,9.9242865
49.7938911,9.9346802
49.7933372,9.9344152
49.7937757,9.9367095
49.8017887,9.9334588
49.7263739,9.9978605
49.8107765,9.9856745
49.8691033,9.9042614
49.8568399,9.9558791
49.8275031,10.0061675
47.409496,10.2778021
47.5778794,10.2404547
47.5065625,10.3718798
47.6408852,10.1270693
47.6974131,10.2398052
47.8180531,10.3325096
47.5698317,10.7003113
47.7724038,10.5083167
47.7443589,10.5755206
47.8076437,10.878865
47.9875765,10.1903058
47.9710406,10.2688983
47.9892989,10.2074779
48.0027722,10.2184037
48.0073468,10.3535376
48.0221081,10.4418527
48.1069253,10.1131896
48.1218155,10.2242074
48.1626858,10.1110467
48.1629286,10.1127275
48.1839892,10.2582007
48.0484688,10.4193863
48.0903054,10.4268553
48.1350518,10.4016674
48.1283037,10.4787077
48.2222667,10.3800601
48.1730537,10.4794837
48.2004051,10.3903476
48.2311161,10.4481074
47.9139908,10.510803
47.9090484,10.5729529
47.8786659,10.6390479
48.0331364,10.6390149
48.00141,10.6431476
47.9967877,10.7778503
47.9484256,10.8333765
48.0651263,10.5810752
48.101518,10.5637326
48.1049702,10.6569257
48.2013012,10.5114848
48.2259767,10.5890328
48.1762223,10.5959363
48.0472063,10.7788469
48.1223549,10.7137383
48.0494386,10.877303
48.0488354,10.8769039
48.161801,10.7174889
48.1599128,10.8182259
48.166864,10.8932794
47.4922203,11.0866417
47.5991361,11.185728
47.7924633,10.9315828
47.7945137,11.005701
47.7950171,11.0049057
47.7138736,11.1517977
47.6338647,11.2314788
47.6345642,11.2316218
47.7528907,11.3095884
47.8245345,11.3024422
47.7773686,11.3252735
47.6807185,11.577291
47.6824582,11.5766325
47.7384215,11.5795697
47.8311231,11.7229629
47.8577642,10.9503551
47.8455517,11.0291652
47.9642322,10.9135007
48.0065367,10.9283761
47.9053095,11.1731208
47.9052008,11.174656
47.9093253,11.2800928
47.9117559,11.2807045
47.9989357,11.176633
48.1155636,10.9196157
48.0797081,11.1126103
48.2168375,10.9999296
48.1091804,11.3004696
48.1846434,11.1164514
48.1610464,11.2247346
48.1608654,11.22529
47.8563799,11.4054866
47.8721562,11.4708634
47.8529122,11.5924536
47.8764422,11.7014076
47.8769587,11.70089
47.8767299,11.7007742
47.8838846,11.6974052
48.0709487,11.3775851
48.0679491,11.3780326
48.0853814,11.4908057
48.1601944,11.4154671
48.2150525,11.5304122
48.1392857,11.5655962
48.1392778,11.5733138
48.1248956,11.6060231
48.1274112,11.6036766
48.1273006,11.6038403
47.6443089,11.7445902
47.790671,11.8313987
47.7902047,11.8313039
47.7889019,11.8310946
47.7892904,11.8339316
47.7347934,12.1073097
47.8261215,12.1021342
47.7903125,12.1137593
47.7796366,12.1411319
47.6116747,12.1884804
47.6496477,12.1721378
47.7981339,12.1684425
47.7814219,12.214105
47.8031366,12.2889642
47.7208531,12.3986398
47.8691242,11.773721
47.8578314,11.7994882
47.8991558,11.8321545
47.9086414,11.8474064
47.8740595,11.8870262
47.8487702,12.092823
47.8739675,12.1104723
47.8660158,12.1218449
47.8586445,12.151468
47.9246425,12.1322496
47.983019,12.1282706
48.12345,12.1588567
48.1235884,12.1589507
48.1843914,11.977178
48.1836788,11.9773972
47.8394936,12.2065614
47.8546808,12.345045
47.9080223,12.2993381
47.9922737,12.1785003
47.9893388,12.30833
47.9343359,12.4776647
47.9762016,12.4610188
47.9758342,12.461867
47.9596475,12.5018544
48.0275738,12.5540058
48.0264193,12.5573127
48.0582617,12.2320723
48.1616908,12.1840174
48.1616851,12.183691
48.1975579,12.3545158
48.0713701,12.373667
48.1468907,12.4504729
48.2113528,12.3931117
48.2026754,12.4123664
47.8066656,12.5909252
47.7197676,12.8985358
47.7279061,12.878849
47.8052767,12.8550433
47.6951732,13.0461166
47.6941626,13.046565
47.8696294,12.6391304
47.8673504,12.6435987
47.8325806,12.7441974
47.9325798,12.7322673
48.000592,12.6389745
47.8489334,12.8223963
47.8409817,12.9819818
47.8743195,12.9598765
47.9395538,12.9362687
48.1322741,12.5833617
48.2237489,12.6766174
48.1978902,12.7665452
48.19045,12.7862134
48.2558492,10.0940468
48.277613,10.0766589
48.3615424,10.0701552
48.3852461,10.2531498
48.3087295,10.4555787
48.3132702,10.4521553
48.4323041,10.4022187
48.4709237,10.0792566
48.5399633,10.236002
48.6317631,10.1491694
48.6582892,10.1576181
48.591319,10.2059278
48.6207111,10.246218
48.6211239,10.2438058
48.6330268,10.3203737
48.632188,10.3194305
48.618422,10.4159397
48.3465213,10.5908243
48.4562152,10.6592613
48.3593363,10.7848059
48.4046933,10.7735449
48.4254687,10.7178408
48.4260511,10.7197655
48.3660727,10.8858477
48.3969642,10.8588593
48.3833301,10.8801797
48.4090111,10.8247571
48.4248848,10.8793298
48.4232198,10.8798036
48.4989753,10.4861465
48.5139024,10.5285009
48.6218322,10.5087559
48.6544059,10.6506456
48.4901888,10.8578898
48.6790899,10.1517193
48.6788871,10.1519328
48.6989328,10.2413418
48.6996856,10.2423908
48.8386442,10.095484
48.8400418,10.0943976
48.83969,10.0947737
48.871488,10.2451203
48.6961856,10.3628303
48.6971526,10.36211
48.7305561,10.2970638
48.7512965,10.4688068
48.9527158,10.1365755
48.8838167,10.1868242
48.9793391,10.3634158
48.8859439,10.471591
48.8857127,10.4739039
49.0649978,10.3258214
49.0681482,10.3274208
49.0263714,10.3920907
49.0375037,10.4524837
48.8087931,10.5920853
48.7146193,10.747029
48.7145886,10.748332
48.7161576,10.7687137
48.7186424,10.7786676
48.7543324,10.7094798
48.731853,10.789976
48.6829258,10.8190735
48.8743599,10.7244956
48.7844202,10.826491
48.8425715,10.8561612
48.9272635,10.5008543
48.9274902,10.5031679
48.8929978,10.6138099
48.8915836,10.6154787
48.9113225,10.625064
49.0556869,10.5583943
49.0869408,10.5433188
49.0094899,10.6221569
49.0395531,10.597818
49.0420458,10.5970371
49.0161858,10.7420918
49.0188372,10.7430093
48.3355697,11.0838899
48.3910709,10.975891
48.440405,10.9331165
48.4584166,10.9811967
48.3836123,11.0474938
48.3880717,11.2556907
48.5126333,10.955388
48.4928247,10.982734
48.5640316,10.9107052
48.51177,11.0212427
48.4879466,11.0744582
48.4876812,11.0724915
48.5663419,10.9075215
48.6158968,10.9513773
48.4614515,11.1317629
48.5110116,11.1158281
48.5112857,11.1158232
48.4919073,11.1843634
48.4909729,11.1852296
48.5466567,11.2027243
48.4637979,11.2481941
48.4659037,11.2487999
48.4895893,11.2664654
48.4629408,11.3166623
48.5312884,11.2957957
48.5687504,11.2814812
48.3467221,11.3825705
48.2597765,11.4351323
48.259647,11.4602017
48.2632536,11.463529
48.2903178,11.4726594
48.3788133,11.4113435
48.2863826,11.5872062
48.3530431,11.558034899999999
48.458082,11.6514189
48.5025649,11.4556207
48.5002326,11.4561778
48.5289934,11.5099305
48.6331789,11.3561778
48.6025101,11.6257483
48.6020243,11.6278429
48.7423417,10.9458817
48.7430458,10.946418
48.7006703,11.0176401
48.7347248,11.1783893
48.7354323,11.1813685
48.7339512,11.1964491
48.6825899,11.2870801
48.7251621,11.2232785
48.9280677,11.0375627
49.0295809,10.9709806
49.031194,10.9723134
49.0383422,10.9764139
49.0465803,11.132238
49.0874957,11.2196467
48.7565292,11.3492562
48.7403278,11.4097184
48.7626058,11.4258459
48.726137,11.4417215
48.7447894,11.4335517
48.7440587,11.4324644
48.7414849,11.4470874
48.7728834,11.4854977
48.7650865,11.5340519
48.8091713,11.3715289
48.7767308,11.4079885
48.8035716,11.4039037
48.8584361,11.4592056
48.76483,11.6896577
48.9276069,11.4560167
49.0005338,11.384006
49.0340537,11.4742746
49.0701004,11.4551075
48.9008816,11.6101233
48.8970444,11.6495762
48.896567,11.6494592
48.9587497,11.6977352
49.1370891,10.0729724
49.1363668,10.0709455
49.1381416,10.0705516
49.2798861,10.0840882
49.1695772,10.3308659
49.1102605,10.3878705
49.1329161,10.480253
49.3137573,10.0929239
49.3780333,10.180514
49.3765639,10.1894261
49.3550216,10.2004691
49.5033176,10.4051219
49.1610437,10.5568073
49.1070339,10.7310374
49.1069726,10.7600662
49.1159931,10.7544837
49.1159809,10.7552188
49.1134529,10.7551725
49.1129192,10.755148
49.1211975,10.7762682
49.117952,10.7983989
49.1551084,10.7118518
49.1515849,10.8118297
49.2253982,10.723356
49.3009963,10.5759385
49.3014678,10.5744135
49.3093069,10.7471312
49.3081388,10.7471884
49.3988959,10.8837901
49.421257,10.852744
49.5445024,10.2312183
49.6802428,10.2295521
49.7043051,10.2603671
49.648482,10.4259262
49.6659103,10.4658038
49.665323,10.4635749
49.766398,10.1613691
49.7677367,10.1599332
49.8004167,10.1609631
49.7994664,10.2299345
49.8014728,10.230537
49.8766109,10.0849
49.8988706,10.0675851
49.8635658,10.2267283
49.9088148,10.1917956
49.9270914,10.2026262
49.8355348,10.3340122
49.8889348,10.3126381
49.9003119,10.3481978
49.8997267,10.350892
49.8995896,10.3550652
49.5565228,10.5386776
49.5959357,10.6267789
49.6172436,10.5105411
49.576543,10.8261731
49.5758092,10.8255474
49.5705526,10.8804663
49.5683431,10.8842594
49.7144748,10.8955303
49.7151724,10.8942849
49.8478017,10.4969025
49.8625179,10.8472615
49.8616932,10.8508363
49.1052045,10.9864123
49.1053411,10.9850053
49.2382007,11.0745499
49.2676888,11.0707347
49.1872986,11.1923941
49.1135979,11.3089998
49.1450012,11.2627252
49.1716174,11.2851023
49.3290142,10.9945527
49.3272394,11.0222758
49.3276616,11.0220398
49.3454705,11.1109658
49.3712572,11.0823656
49.3575233,11.0984539
49.4567494,10.9893668
49.4806705,10.9564641
49.4891557,10.922571
49.471352,10.9883215
49.4863589,10.973091
49.4464323,11.0819187
49.4469543,11.0814808
49.4535812,11.0792084
49.3544222,11.145333
49.3516222,11.3150093
49.3622881,11.2629779
49.4897795,11.311061
49.1795254,11.413109
49.2739867,11.4569986
49.2774919,11.4609649
49.2842993,11.4651041
49.1649592,11.624947
49.1866282,11.6049937
49.4504957,11.4133325
49.5006975,11.438263
49.4274717,11.5445774
49.5528859,10.9908919
49.5522704,10.9910777
49.5948537,10.9500274
49.5682664,10.9619597
49.5762782,10.9865211
49.5849171,10.994874
49.5924512,11.0050308
49.5532099,11.0216345
49.5766198,11.0208323
49.6016544,11.0366661
49.6286212,10.9111334
49.639541,11.0009489
49.6286969,11.0145277
49.6284269,11.013947
49.6574231,11.0331857
49.6583424,11.0356257
49.642259,11.0730066
49.6909936,11.0359843
49.6838768,11.0679662
49.5570355,11.1310513
49.574116,11.1969965
49.5247546,11.3188325
49.5924224,11.2219096
49.5940692,11.2226038
49.6348642,11.1298317
49.6345387,11.1283886
49.619521400000004,11.2334227
49.8170175,10.9888158
49.845632,10.967645
49.885491,10.9110507
49.9114948,11.0066401
49.8629436,11.1719571
49.8850989,11.2255029
49.5571386,11.3442538
49.5598164,11.3398326
49.6948037,11.3498435
49.7048303,11.5827987
49.7688117,11.3353416
48.3205471,11.7474298
48.2931728,11.9004801
48.4361841,11.851394
48.2548593,12.0524356
48.4486356,12.0338912
48.4481229,12.034992
48.5375363,11.8052943
48.6113258,11.9458438
48.6123558,11.9438399
48.4984719,12.0616124
48.5023976,12.100079
48.5026646,12.0996376
48.5310681,12.1469551
48.5371192,12.1539502
48.5521208,12.1607536
48.6640922,11.9617744
48.664994,11.9657482
48.6598312,12.0912588
48.4731984,12.2580797
48.5465495,12.2623446
48.5676337,12.1746802
48.6209487,12.3283698
48.5496472,12.5435228
48.6126601,12.3827917
48.569525,12.4472449
48.6294506,12.4980986
48.6431525,12.4908039
48.7746704,11.7962336
48.6739115,11.9267828
48.8087414,11.7639102
48.8084194,11.7638553
48.8094612,11.7640396
48.8384023,11.8187311
48.8088477,11.8995618
48.8392973,11.9565854
48.8581503,12.0058465
48.9190845,11.8722403
48.9173801,11.8717645
48.9173638,11.8936376
48.9211617,11.885989
48.9376227,11.864716
48.9905102,12.0308719
48.9903876,12.0326997
49.0171919,12.0568033
49.0180253,12.0563699
49.0726841,12.0477684
48.9954577,12.0693507
48.9849408,12.110957
49.0127825,12.0949138
49.0178198,12.096665
49.0157037,12.119089
49.0392886,12.0858966
49.0504292,12.0909343
49.0603937,12.0915075
49.0767532,12.1071618
49.038337,12.1571732
48.7333535,12.1898577
48.7696137,12.2278814
48.7069786,12.2980592
48.7049141,12.2980987
48.7650357,12.3028972
48.7961296,12.3187871
48.8789283,12.3543636
48.743719,12.4763516
48.7735908,12.5150622
48.7731187,12.5135691
48.8650667,12.5634207
48.8747932,12.5650642
48.8970749,12.2188853
48.9674639,12.164478
48.9531083,12.2403062
48.8826039,12.3562805
49.0010932,12.1968816
49.0251274,12.176766
49.0282327,12.2088891
48.9648027,12.3817132
48.8812176,12.5668105
49.0068426,12.3808281
49.0019868,12.4015171
49.0700025,12.3967513
48.2904719,12.7249007
48.387781,12.6606516
48.327966,12.9873657
48.418355,12.9037419
48.4611578,12.7323309
48.4624211,12.7297712
48.5657878,12.7369945
48.6151589,12.7623847
48.4541259,13.0327143
48.4109962,13.1429963
48.4515525,13.1935241
48.4423532,13.2701642
48.4032299,13.388908
48.4357071,13.3351755
48.5900384,13.085897
48.6685413,13.0775146
48.664922,13.0775021
48.6271666,13.1871848
48.5454402,13.2235173
48.5469401,13.2225629
48.4608133,13.4168413
48.6580199,13.2483317
48.6215363,13.2938145
48.6043808,13.3605031
48.583745,13.3940681
48.6467405,13.3261554
48.7009771,12.6500338
48.7981507,12.6421679
48.845076,12.6255698
48.7846313,12.7535514
48.832208,12.7190212
48.8302602,12.7229336
48.8316238,12.7212248
48.7592865,12.8040318
48.7334982,12.9094769
48.7355109,12.9119361
48.7834823,12.8599825
48.7825956,12.8640482
48.8613937,12.887094
48.8551449,12.9156719
48.8353505,12.9616284
48.9099522,12.6893282
48.9097898,12.6904678
48.9419247,12.7242849
49.0032414,12.5946217
49.0267911,12.7497366
48.9798334,12.9836446
48.9833462,12.9844158
49.0781193,12.8881579
49.041322,12.9886624
48.692126,13.0157626
48.7549674,13.1778961
48.6719823,13.2923424
48.7130797,13.2725925
48.8558936,13.3957031
48.856243,13.3982169
48.9183876,13.0815727
48.8991999,13.1824138
48.9014947,13.1830196
49.0666636,13.104248
48.9162975,13.3589604
48.9897926,13.3004848
49.0952988,11.8135344
49.1965927,12.0576566
49.3234607,11.9423773
49.3230295,11.9435136
49.3872695,11.9098619
49.4459365,11.8668659
49.4411547,11.8758852
49.3898194,12.1343846
49.1072403,12.3661622
49.1855095,12.3770052
49.097698,12.4868938
49.2899692,12.4351589
49.3106871,12.173359
49.4514166,12.1793751
49.493788,12.1807069
49.5371454,11.8708076
49.5444715,11.9490773
49.5472379,12.0022252
49.5838057,12.1487263
49.5824849,12.1487112
49.6336026,12.0584227
49.6328196,12.1394259
49.6369324,12.1387412
49.673339,12.1557681
49.7529617,11.8309115
49.7678804,11.9360954
49.8839862,12.1027981
49.6269755,12.337813
49.88277,12.3259505
49.878293,12.3375245
49.2187139,12.6666555
49.2216789,12.6691896
49.1742151,12.8566309
49.20425,12.9383375
49.2041953,12.9379099
49.2956796,12.9710527
49.1705994,13.090433
49.1981143,13.0490486
50.0887008,6.273331
49.971046,6.5226429
50.2071672,6.4234153
50.1752516,6.6243705
50.2244568,6.6580849
50.2915358,6.6725397
50.3158373,6.6065237
50.6445621,6.1866759
50.643659,6.1887953
50.4906824,6.4415968
50.4773816,6.5816329
50.5402323,6.5563747
50.6071221,6.3020153
50.6885666,6.4841096
50.7812242,6.0762342
50.7722686,6.088553
50.7739387,6.0844248
50.7746611,6.08699
50.9246276,6.1036347
50.8947897,6.2810359
51.0166621,5.900344
50.9930507,5.994772
51.0083947,6.0533902
51.0636831,5.9923037
51.0740904,6.0740991
51.1009875,6.0735144
51.0977462,6.0780205
51.1020288,6.0730011
51.065395,6.179155
51.0657366,6.188561
51.0361521,6.2800273
51.1133871,6.1525251
51.096021,6.2169332
50.7986895,6.4057436
50.8082794,6.4858654
50.8757319,6.4712926
50.807925,6.6445721
50.8078361,6.6460414
50.8703995,6.6942543
50.8697615,6.6921742
50.935958,6.5674863
50.9039915,6.6768145
50.9039772,6.6774879
50.9136673,6.7103015
50.9534205,6.642226
51.0038631,6.4873916
51.0857433,6.3170415
51.1483864,6.3620206
51.0059567,6.5515614
51.0059033,6.551551
50.9952742,6.5756178
50.9953331,6.5750839
51.0078885,6.5537935
51.0368163,6.698034
51.0935352,6.5765246
51.0861543,6.5918809
51.0887663,6.587017
51.1659006,6.5341975
51.1442982,6.7032393
51.1464155,6.7017218
51.1565669,6.6953874
51.3889987,6.2516869
51.4440409,6.2676855
51.5533823,6.21322
51.5816173,6.2448132
51.5980459,6.2875735
51.1953913,6.4435665
51.2245195,6.4691481
51.1969081,6.5528753
51.1968994,6.6061303
51.214815,6.5761854
51.1950323,6.6086994
51.2210568,6.6071292
51.2316933,6.6189744
51.2320747,6.6203944
51.2079272,6.6731828
51.1962025,6.6946049
51.1971067,6.693226
51.196591,6.692484
51.1921191,6.7050291
51.2164498,6.6644426
51.2184268,6.6589534
51.2682435,6.6196306
51.2492511,6.6913921
51.2842688,6.658904
51.3219246,6.5388521
51.3035744,6.5887586
51.3332233,6.5602723
51.3342032,6.5687531
51.337326,6.5807385
51.3746024,6.5071264
51.3453636,6.5711123
51.3810126,6.5978293
51.3059123,6.677178
51.355297,6.6489843
51.3942506,6.6573065
51.3681578,6.6626017
51.4565743,6.3728457
51.4965895,6.3753693
51.4928821,6.4313122
51.4661775,6.4715836
51.4665483,6.4709801
51.5275129,6.3000806
51.5169385,6.3236421
51.5706934,6.3625058
51.533957,6.4241651
51.5344185,6.4232053
51.4382991,6.5653925
51.4474172,6.5783418
51.4923304,6.5207264
51.4494682,6.6861664
51.4502969,6.7071345000000004
51.4942063,6.6732812
51.4942288,6.6734149
51.4936925,6.6798448
51.5017734,6.5482761
51.503303,6.5483111
51.5151087,6.5319389
51.5421863,6.5839916
51.5437974,6.5985817
51.5743419,6.5100378
51.5758668,6.5128215
51.5905762,6.5604797
51.5340602,6.6379613
51.5332493,6.6384473
51.5233589,6.6809555
51.5971163,6.6812511
51.7077459,6.0724039
51.7899268,6.00799
51.7900383,6.0058443
51.6766399,6.158516
51.6786108,6.1574721
51.6783454,6.1574853
51.6655806,6.1732026
51.705917,6.1608901
51.6258466,6.1997131
51.6258093,6.2010947
51.6327267,6.2776553
51.6683181,6.2734483
51.6688486,6.2741159
51.718315,6.1680997
51.7722172,6.1140664
51.7794434,6.1297805
51.8110238,6.1217178
51.7849911,6.135962
51.7903416,6.1412985
51.7978041,6.1571912
51.7625983,6.1888192
51.7379038,6.2911753
51.8724448,6.1597498
51.8719351,6.1601405
51.8334967,6.2411238000000004
51.8319488,6.2465058
51.8378931,6.2551144
51.6992658,6.3750466
51.6519487,6.4435111
51.6606376,6.4501435
51.6792317,6.4936762
51.7571653,6.3974421
51.8071482,6.3978095
51.7749423,6.4604241
51.6162402,6.5314125
51.6295856,6.5799021
51.6301392,6.5820658
51.6808154,6.5729521
51.6807738,6.5730907
51.6099447,6.6157601
51.6276123,6.6507162
51.6272946,6.6522529
51.6586433,6.6594426
51.6763359,6.6089496
51.6755101,6.6087973
51.6737965,6.6470246
51.6740129,6.648233
51.6911246,6.6081821
51.7289863,6.5894646
51.7911142,6.5268701
51.7736603,6.5650769
51.7261957,6.6773289
51.7268069,6.6831719
51.7697326,6.6157226
51.8145153,6.6184394
51.8247726,6.3205971
51.8320789,6.4639126
51.8606744,6.4988448
51.8605584,6.5017828
51.8343928,6.5748799
51.8314824,6.6121044
51.8360635,6.6163555
51.8541521,6.6203712
51.8858512,6.6623519
49.9826821,6.8851286
49.9854665,6.8921722
50.0925177,6.8086482
50.0927587,6.8097892
50.1283041,7.0066093
50.1293183,7.0086737
50.2141429,6.9746251
50.2849279,6.9214443
50.3317736,7.1068729
49.9835635,7.5199092
49.9831717,7.5256162
50.0705119,7.4408033
50.14353,7.2245107
50.1742313,7.301284
50.1435532,7.3986957
50.3097632,7.4602991
50.3823115,6.9294165
50.4188792,7.1198508
50.5418514,7.0936803
50.5439676,7.0997526
50.650996,6.783916
50.6595706,6.7914188
50.651685,6.8066486
50.6522584,6.8061359
50.5798623,7.1007005
50.6933031,7.0239765
50.6914878,7.0231921
50.7626183,6.9505466
50.7160108,7.0468431
50.750828,7.0762048
50.7336739,7.0953804
50.7334007,7.0956976
50.7321911,7.0971497
50.7345592,7.0987346
50.732328,7.0993658
50.7337033,7.0987694
50.7368032,7.0981679
50.7168576,7.1234031
50.3535513,7.222309
50.3550082,7.2225048
50.4595542,7.2194636
50.5457905,7.1358325
50.5373338,7.2273448
50.5368483,7.2306256
50.457516,7.2742958
50.5448971,7.2499017
50.5093908,7.2993905
50.5085648,7.300402
50.5131834,7.3094694
50.4355781,7.4006379
50.3870493,7.4970902
50.370695,7.52083
50.3884681,7.4984745
50.4147656,7.4593215
50.4288832,7.4615947
50.4134351,7.5212404
50.4145558,7.5201834
50.4161756,7.5427703
50.550485,7.4157261
50.5507358,7.4173184
50.6004889,7.1895057
50.6429653,7.1788649
50.6609206,7.1927612
50.6461898,7.224426
50.646132,7.2254045
50.6438337,7.2243217
50.5662732,7.280632
50.567959,7.2822638
50.6612084,7.3026412
50.6858611,7.157808
50.7293924,7.2186234
50.6976392,7.244775
50.7087377,7.2759108
50.6228981,7.4278561
50.6218218,7.4271196
50.5906504,7.530971
50.646045,7.5244753
50.7315518,7.3683443
50.0063895,7.6730438
50.0057458,7.6739419
50.1123996,7.5790716
49.9477672,7.7874019
49.9513324,7.9081898
49.9506363,7.9108911
49.9686427,7.8923251
50.0496962,7.807061
50.1187389,7.8003655
50.1556233,7.554573
50.1555829,7.5511611
50.2581924,7.6483952
50.3340764,7.7150042
50.2265884,7.8301403
50.2276085,7.8331929
49.9754899,8.0366661
49.9649663,8.0598097
49.9750849,8.0648007
49.985199,7.9694402
50.0275737,8.0338261
50.0270189,8.118761
50.039908,8.0838025
50.0657804,8.1553871
49.9574977,8.2571141
50.0025488,8.2086123
50.0028352,8.2096483
49.9953363,8.2260924
50.0004532,8.2627028
50.0016035,8.2588582
50.0028801,8.2666744
49.997451,8.2715318
49.9990099,8.2721907
50.0081409,8.2594743
49.929752,8.3070684
50.0003192,8.3056005
49.9862399,8.3577341
49.9882994,8.3560344
50.0450584,8.2413924
50.0810991,8.2353371
50.0801857,8.2415870000000009
50.0621465,8.3402489
50.0614766,8.3413227
50.1402058,8.0685911
50.1538738,8.1849756
50.1554037,8.1860142
50.2199833,8.267761
50.2202925,8.2675618
50.2192304,8.2672746
50.2435159,8.25462
50.2857665,8.2782872
50.3406399,8.3772989
50.3589464,7.5979223
50.3573227,7.5990887
50.3878998,7.5816878
50.3710976,7.6425616
50.3832039,7.7095598
50.4061278,7.6980224
50.4344964,7.6681529
50.5314565,7.7555651
50.4356851,7.8302596
50.4361304,7.8281134
50.4936293,7.8971931
50.4840536,7.9534072
50.4849147,7.9511985
50.4852832,7.9511692
50.7144766,7.5535787
50.6879208,7.6465937
50.7186274,7.7021599
50.7658377,7.6711536
50.6619074,7.8222898
50.6291069,7.8906868
50.6492564,7.9495513
50.6496085,7.9497111
50.6498918,7.9490896
50.6497502,7.9507728
50.745928,7.8201644
50.7385225,7.967868
50.7376764,7.9655669
50.3705884,8.0094828
50.3702749,8.014366
50.3866521,8.0617262
50.4120903,8.0616467
50.3676976,8.0907005
50.4192318,8.0976466
50.4058993,8.1536481
50.5382062,8.0487341
50.5193721,8.1065752
50.4332422,8.3751521
50.4824878,8.2690535
50.4880645,8.2624948
50.6102668,8.0660543
50.6058181,8.0661127
50.6334589,8.1861245
50.5983524,8.3823023
50.741289,8.2065378
50.7414033,8.2063011
50.6838663,8.3065315
50.6923842,8.3818139
50.7375877,8.2891207
50.739529,8.2864275
50.766668,8.2881481
50.801087,6.8158195
50.8038561,6.814615
50.8318668,6.8021113
50.909705,6.8106643
50.9364415,6.8366643
50.9607658,6.8312628
50.8596522,6.9256866
50.8495881,6.9724996
50.8315081,6.9751681
50.8282782,7.0094702
50.8640024,7.0109235
50.7742128,7.0711191
50.7998706,7.1287738
50.7997539,7.1289453
50.8278624,7.1196142
50.9114584,6.9683709
50.9369529,6.9464245
50.9384926,6.9388242
50.9442158,6.9432061
50.9375039,6.9473292
50.9398538,6.9524488
50.9426743,6.9474312
50.9430554,6.9522777
50.9420359,6.9533268
50.9538728,6.9694971
50.9525548,6.9670647
50.9514182,6.9669095
50.9124258,7.0525594
50.9568697,7.1148756
50.9566175,7.1168021
51.0195873,6.7589233
51.0230546,6.8186618
50.997114,6.9051839
51.0240669,6.895852
51.0609762,6.8610135
51.0634213,6.8614563
51.1046602,6.7175481
51.1264552,6.7325446
51.0947228,6.8127764
51.1145451,6.7717177
51.1146419,6.7721721
51.1575724,6.729499
51.1569298,6.7316697
51.0934519,6.8422217
51.0938581,6.8418913
51.1170427,6.8837998
51.0298043,6.9890282
51.0505085,6.9493869
51.030869,6.9826943
51.0467347,6.9951774
50.9774145,7.0714887
50.9916731,7.1291621
50.9911935,7.1294207
50.9914491,7.1260746
50.991607,7.1288428
51.085897,6.9752886
51.1610618,6.9415464
51.1681444,6.9672274
51.1622349,6.9978858
51.1697047,7.0813284
51.1614637,7.1017351
50.7871733,7.1602135
50.8147784,7.166309
50.7839941,7.2341538
50.7753307,7.2827604
50.8714468,7.3244424
50.9147729,7.1985572
50.9637122,7.1629075
50.7711673,7.4493296
50.8427116,7.479805
50.9428674,7.4557834
50.9482626,7.5486283
50.948307,7.5491588
51.1529104,7.2630974
50.9833347,7.5253084
51.1161304,7.3937659
51.2001259,6.9134142
51.2937741,6.8169
51.2945407,6.8287638
51.332725,6.8314022
51.296244,6.9206921
51.1929179,7.0108983
51.2508788,6.9763443
51.1919061,7.0749217
51.3645032,6.9395885
51.4093938,6.7168032
51.4411561,6.752671
51.4334259,6.7677232
51.4335995,6.7670922
51.433926,6.7657331
51.4355098,6.7667623
51.4336524,6.7682034
51.4284093,6.8401536
51.429288,6.8830378
51.4675642,6.8552915
51.4689968,6.855702
51.4755407,6.8744779
51.5275196,6.7424823
51.5397508,6.7209008
51.5127488,6.7758711
51.5654339,6.7159705
51.5787383,6.7400225
51.599684,6.7538487
51.5995851,6.7536777
51.5619254,6.7642081
51.5438214,6.9158875
51.5433866,6.9160519
51.5734929,6.9042052
51.4425872,7.0057978
51.4728567,6.953483
51.4862239,6.9361476
51.4756356,6.9524535
51.4581059,6.9989874
51.453031,7.0106913
51.4571211,7.0084598
51.4510754,7.0136058
51.4975213,7.0487214
51.523312,6.9251042
51.5214436,6.9225313
51.5213217,7.0076188
51.538478,7.0244817
51.5527893,7.0026976
51.5766637,6.9689766
51.5775676,6.9678454
51.6030767,6.921796
51.5720004,6.9894651
51.5720095,6.9915696
51.5746049,6.988927
51.5737115,6.9929379
51.5910485,6.9846809
51.5045341,7.1024217
51.2286593,7.1507834
51.2276089,7.1969823
51.2506425,7.148112
51.2540329,7.1458933
51.2551599,7.1449661
51.2551342,7.1454989
51.258807,7.1501353
51.2648205,7.1817609
51.2706408,7.1998269
51.211236,7.2395626
51.2110547,7.2379373
51.2975991,7.1618025
51.3169484,7.3281896
51.3203793,7.3381055
51.3684336,7.249467
51.298395,7.3517272
51.3733261,7.3697146
51.3860485,7.3876707
51.3589455,7.4493244
51.3594568,7.4689916
51.3617185,7.4660063
51.3600864,7.4665881
51.3619747,7.4662308
51.393022,7.4818793
51.3755298,7.5127891
51.3988959,7.1815983
51.4271928,7.1628273
51.4117198,7.2022196
51.4945334,7.1449621
51.4712662,7.2260632
51.4737564,7.22636
51.4282074,7.2434675
51.4219478,7.3393995
51.4421178,7.3106186
51.4357347,7.3377586
51.4411294,7.3336745
51.4724979,7.249804
51.4899136,7.2598331
51.5002941,7.2809241
51.4740638,7.3082074
51.4995667,7.3324218
51.4998753,7.3324245
51.510566,7.2116297
51.5371375,7.2222541
51.5724074,7.2126198
51.5727584,7.211361
51.5145374,7.2563
51.5985704,7.3109996
51.4367467,7.3740539
51.4693034,7.368288
51.4818425,7.4337764
51.4538168,7.4564357
51.5012814,7.4824195
51.4779389,7.5337474
51.5225864,7.3747143
51.5703242,7.3789781
51.595285,7.438608
51.5068335,7.4511572
51.5067187,7.4512264
51.5106351,7.4602531
51.5091652,7.4649247
51.5154781,7.460863
51.5164516,7.4725856
51.5067633,7.5420688
51.56886,7.5239591
51.5912627,7.5295548
50.7814725,7.7343857
50.7811793,7.7352053
50.8643928,7.7278916
50.8757463,7.6169264
50.928268,7.6425514
50.9146781,7.654916
50.9151633,7.6555423
50.9146617,7.6551152
50.9398715,7.7469189
50.9403859,7.7467619
50.7786952,7.9510326
50.7779722,7.9500214
50.8437609,7.9679832
50.8553637,7.963983
50.8982328,7.877182
50.8960902,7.8729562
50.9074093,7.8906736
50.9000233,7.9450831
51.0251769,7.5679182
51.02419,7.5650632
51.0076325,7.6245372
51.0200601,7.6512138
51.0213121,7.6520957
51.0305683,7.6900019
51.1278013,7.5990485
51.12973,7.5939308
51.1793307,7.743267
51.1788641,7.7452605
51.0294804,7.8524691
51.0652361,7.7807332
51.0300677,7.8438398
51.0300879,7.8462166
50.9803209,7.9682802
50.8667277,7.995055
50.8721786,8.0162298
50.8717343,8.0557953
50.8730232,8.0188525
50.873569,8.0183867
50.9125753,7.9710713
50.9139311,8.0090812
50.9596141,7.9905099
50.9613415,7.9930473
50.8130082,8.2720146
50.7742622,8.3004705
50.8137758,8.3386329
50.7998409,8.3824418
50.8315652,8.3193379
50.8326486,8.3172387
50.8514924,8.3368457
51.0043012,7.9788078
51.1663744,7.9819259
51.0869355,8.0863863
50.9886147,8.2557265
50.9886373,8.2564295
51.164684,8.3115705
51.2094061,7.5669383
51.214753,7.6297952
51.3078713,7.6169865
51.3078687,7.6161962
51.3351654,7.6410534
51.3504528,7.5661052
51.3501038,7.5707797
51.3660132,7.5518309
51.3018088,7.671729
51.3754954,7.6996955
51.3755685,7.7006677
51.3750065,7.7005963
51.2578267,7.7629409
51.3823384,7.7670688
51.3866621,7.7650297
51.4171255,7.571239
51.4423227,7.5657868
51.4426677,7.5659558
51.4538972,7.5771255
51.418358,7.7100553
51.5719036,7.6102002
51.6037847,7.6195482
51.5932122,7.6615684
51.5903173,7.6639215
51.5812373,7.7193517
51.433965,7.7615934
51.4387473,7.7913703
51.4125574,7.8323259
51.494551800000004,7.8685726
51.5531766,7.9131531
51.5038991,7.9600023
51.2532105,8.1684035
51.39285,8.1361964
51.3958511,8.1357275
51.1895787,8.311609
51.3662974,8.3361506
51.3669795,8.3370396
51.490222,7.9989979
51.3998159,8.1412301
51.5677534,8.0999746
51.5634224,8.1196972
51.5796511,8.1116776
51.5850502,8.1703404
51.4296898,8.2763799
51.4895681,8.2741665
51.4540349,8.3763339
51.4858035,8.3378583
51.4861635,8.3371245
51.5586658,8.3260277
51.5606031,8.3277002
49.9940692,8.4140476
49.9831231,8.430416
50.0147125,8.4212608
49.9332393,8.5557904
49.9745276,8.5690064
49.9762344,8.5682035
50.002217,8.5758763
50.1344796,8.4512801
50.0513623,8.5723633
50.1012604,8.5455635
49.9297016,8.6528261
49.9879654,8.6684936
50.0195509,8.6960194
50.1121866,8.6712646
50.1122435,8.6716786
50.1060565,8.664321
50.111674,8.6717966
50.1115538,8.6722913
50.1125989,8.6713995
50.1049608,8.7665159
50.3344129,8.5345326
50.1450827,8.7544867
50.1453644,8.7544118
50.2315275,8.7679801
50.2561706,8.6403178
50.278392,8.7687935
50.333846,8.7517734
50.3381362,8.7538197
50.3357287,8.7543378
49.967637,8.8389048
50.0260539,8.8854876
50.0237075,8.8865113
50.0148837,8.9937233
50.1247144,8.8330473
50.1253962,8.8348012
50.0485364,9.0081665
50.1121754,8.9141312
50.1133799,8.9141029
50.1188111,8.9652163
49.9733982,9.0648575
49.9757916,9.0664709
49.9733113,9.1166904
49.9769572,9.1447878
49.966004,9.2065095
49.9661473,9.2055599
49.9987847,9.1837156
50.0042573,9.202612
50.0030888,9.2027774
50.0405408,9.0354394
50.1621701,9.0930575
50.1423708,9.1143576
50.1411861,9.114664
50.2007813,9.1866976
50.1963508,9.1958405
50.4354241,8.4943564
50.5175555,8.3936692
50.5190025,8.3928813
50.5520753,8.5320006
50.5524444,8.532182
50.3647743,8.738402
50.554511,8.6345292
50.5386948,8.732636
50.565258,8.4746173
50.5806941,8.4921671
50.5899029,8.4636346
50.5906236,8.4633691
50.5600609,8.4977778
50.5587529,8.4959738
50.559336,8.5978211
50.5795172,8.5870814
50.5855453,8.5486183
50.6200835,8.5961302
50.7534967,8.4922499
50.7565595,8.5387514
50.5594699,8.6002502
50.5898765,8.6121554
50.5796252,8.7495316
50.7370526,8.6271929
50.7605119,8.734139
50.7608598,8.7356862
50.3580238,8.8747678
50.5196641,8.81956
50.4236737,9.197839
50.5011278,9.1231152
50.569327,8.9679337
50.732659,8.8097389
50.7487775,8.8339092
50.7259918,8.9957823
50.5766502,9.1954888
50.6500241,9.1705303
50.7127526,9.2185929
49.9620216,9.2447019
49.9774554,9.2564443
50.0132672,9.2927563
49.9934239,9.5671162
49.993449,9.5766676
49.9906539,9.5854024
49.9952095,9.5739145
49.994497,9.5744961
50.2240146,9.3476204
50.2275289,9.3476899
50.3464575,9.524022
49.9515978,9.6686961
49.9511502,9.6716904
50.1448041,9.877811
50.2700439,9.9938774
50.4265566,9.4017232
50.4254883,9.402132
50.4895186,9.3387071
50.4887739,9.3333599
50.4858999,9.3491305
50.5576117,9.3453682
50.5044584,9.479045
50.5029844,9.4784189
50.6556458,9.2629852
50.5613391,9.3472873
50.6379106,9.3982205
50.63931,9.4004922
50.6611207,9.3881469
50.750193,9.2679588
50.7513584,9.2675449
50.5917558,9.5037303
50.5891905,9.5414728
50.5906591,9.5396552
50.6231521,9.5096276
50.6725663,9.5621915
50.6749647,9.5626805
50.7176726,9.6314617
50.4504411,9.8151994
50.5400683,9.6808486
50.5526309,9.6794512
50.552368,9.6788014
50.5525035,9.679002
50.531092,9.7263221
50.3487758,10.0068611
50.5649276,9.6596050000000009
50.6583969,9.7891071
50.6339387,9.8472804
50.6739994,9.7645717
50.6696433,9.7684863
50.6732145,9.7651639
50.570812,9.9991566
50.8402763,8.4683
50.7697095,8.5811963
50.858253,8.5433447
50.8252867,8.5574066
50.8552234,8.5476667
50.9097701,8.5300913
50.7813216,8.7676913
50.7952813,8.7634636
50.8064789,8.7680404
50.8367245,8.7605419
50.9600952,8.7159696
51.05768,8.395314
50.9915812,8.5463838
50.9911357,8.5469177
51.1614295,8.4171743
51.015576,8.6440259
51.0265046,8.6759356
50.8186705,8.8601558
50.81688,8.8624477
50.8255854,9.0124509
50.9739731,8.8683568
50.9353852,8.9466765
50.9728832,8.9697075
50.9755597,8.969353
50.7679792,9.0996008
50.804013,9.1541293
51.0928903,8.932396
51.1188147,9.1211694
51.1185476,9.1196884
51.1610354,9.1291194
51.2454014,8.3923013
51.252936,8.4721678
51.362419,8.804186
51.3616066,8.8047138
51.4909528,8.4326199
51.490497,8.4314412
51.4147157,8.6397354
51.4561477,8.6225371
51.6052188,8.6531735
51.5159924,8.7426472
51.5680078,8.7273744
51.2735155,8.8712914
51.2750673,8.8681873
51.2774041,8.8721279
51.2782912,9.0657389
51.2492187,9.1648637
51.248676,9.1650898
51.3437426,9.0857136
51.3249125,9.1690186
51.4939957,8.9075187
51.4128754,9.115392
51.4892362,9.1470234
51.4526703,9.1913252
50.8340077,9.2874741
50.9111482,9.2381663
50.9756237,9.3247752
50.7741842,9.5198206
50.7745766,9.5178968
50.9793525,9.3273253
51.0716319,9.256413
51.0462414,9.2830006
51.0447441,9.2883626
51.0323189,9.4013886
51.1319831,9.2796827
51.1036244,9.3490496
51.1034779,9.3477178
51.1345156,9.4257513
51.1779194,9.3657284
51.1785043,9.3649342
51.0031179,9.470162
51.0675612,9.6139034
51.0680063,9.6165386
51.0939488,9.5379312
51.1336225,9.5420169
50.8346964,9.7233332
50.8686254,9.7127434
50.8685689,9.7060356
50.8682118,9.7083235
50.8684516,9.7111441
50.882828,9.8600357
50.8827799,9.8589162
50.9481554,9.8586075
50.9493438,10.0320285
50.9501779,10.0355817
50.9970639,9.7324136
51.0462556,9.6661232
51.0471927,9.6660075
50.9919485,9.7736622
51.069741,9.9340655
51.153062,9.9982768
51.1544047,9.9987014
51.2427067,9.2596224
51.2284008,9.3897161
51.2483051,9.3868439
51.2545498,9.4138978
51.25548,9.4137993
51.3686009,9.3023211
51.3685014,9.3013164
51.2120413,9.4420579
51.2284801,9.5014765
51.291764,9.5417365
51.2846758,9.6035303
51.2844701,9.619465
51.2841546,9.6308807
51.3084099,9.5752203
51.3206846,9.5474416
51.3209277,9.5472624
51.3301863,9.6172567
51.3538264,9.5916859
51.4470652,9.4142279
51.4468886,9.4181871
51.4938253,9.3815214
51.5690347,9.2399599
51.5695071,9.2401311
51.5739084,9.4199812
51.5758353,9.4299092
51.4942423,9.6016658
51.4948436,9.6018984
51.1985207,9.7232913
51.2575014,9.7851604
51.389298,9.7644262
51.1878267,10.0503488
51.1887815,10.0495411
51.3413704,9.8609975
51.3800599,9.969132
51.4147915,9.6554303
51.4150402,9.6559496
51.5808956,9.7564016
51.5045922,9.9001602
51.5318196,9.9010278
51.5218529,9.9471379
51.5300555,9.9282318
51.5341449,9.9331237
51.550681,9.9430411
51.5635834,9.9835824
51.6422991,6.7652461
51.642341,6.7659843
51.6644837,6.7462189
51.6673377,6.7425392
51.664975,6.8748813
51.6657235,6.8736862
51.6931596,6.8724371
51.6943835,6.873233
51.7693829,6.8396187
51.6606014,6.9643283
51.6713662,6.992064
51.672945,7.0069901
51.6131034,7.1194391
51.6543279,7.1103321
51.6822384,7.1265012
51.6870433,7.1225818
51.7506002,6.9336113
51.9040318,6.7864849
51.9026159,6.7908671
51.8452767,6.8538157
51.8455266,6.8596194
51.9077339,6.8568327
51.8869773,6.9185269
51.9345732,6.8086714
51.9453768,6.8665048
51.9920501,6.9074724
51.9915194,6.9159526
51.9933264,6.9174079
51.9939088,6.9187405
51.9972634,6.9156408
51.8276527,6.9327996
51.8943699,6.9872441
51.8321628,7.0425067
51.9567134,7.0052487
52.0040059,7.1297697
51.6514373,7.338289
51.7456162,7.1893915
51.7450151,7.1900212
51.8103033,7.2490418
51.614997,7.5234377
51.6136672,7.5193868
51.618811,7.5238138
51.6169553,7.524508
51.6269235,7.5267878
51.6270968,7.5267255
51.6220933,7.5426987
51.6904345,7.4657215
51.6900065,7.4648349
51.6593119,7.5375868
51.7106313,7.5474334
51.8304701,7.2755839
51.819688,7.2970369
51.9428435,7.153581
51.9337431,7.1752987
51.9434038,7.1639595
52.0167665,7.2095338
51.9295464,7.2965174
51.9302304,7.295929
52.0252622,7.2725758
52.024517,7.273373
51.9771464,7.2887549
51.9789583,7.2914218
51.8362912,7.4036906
51.8984775,7.4239614
51.821849,7.540818
51.8233224,7.5423636
52.0740973,6.9177925
52.0769554,7.0077045
52.0844843,7.0022388
52.0304663,7.1021612
52.2208247,7.0425516
52.4407274,7.0892964
52.0542432,7.1450278
52.1443575,7.2126948
52.209108,7.1888668
52.210422,7.1876434
52.1226478,7.3944464
52.0466934,7.4647404
52.083676,7.4791067
52.2275899,7.4892533
52.3020863,7.159251
52.3016145,7.1610902
52.3054039,7.1602137
52.3207749,7.2219866
52.3222777,7.2214102
52.3915336,7.2929009
52.3923948,7.2946066
52.2781992,7.4354641
52.2858151,7.4690592
52.4332984,7.5002939
51.6158061,7.6305089
51.6620901,7.6360796
51.6637159,7.6354217
51.6638001,7.6352222
51.6188273,7.6606148
51.6728381,7.6923035
51.7983484,7.7381872
51.7973279,7.7423032
51.6668988,7.7919904
51.6780099,7.8214861
51.6770839,7.8184739
51.6809147,7.8185085
51.6800214,7.8140119
51.6909996,7.8686275
51.688357,7.8837056
51.7635425,7.8970744
51.7631389,7.8953123
51.7616517,7.9032686
51.920359500000004,7.7289621
51.9355121,7.6081113
51.9621347,7.6272057
51.9724872,7.6215315
51.9512671,7.6372048
51.9626376,7.6305947
51.9982985,7.5600604
51.8436184,7.8276195
51.8438628,7.8288738
51.912627,7.8080288
51.8726479,7.9091824
51.9269579,7.8467329
51.9258284,7.8467681
51.9818748,7.7856153
51.98245,7.786806
51.9212759,7.967645
51.6634409,8.0432619
51.6656416,8.1439519
51.7552489,8.0377447
51.7542876,8.0388064
51.759316,8.0413001
51.7606893,8.0434745
51.7984687,8.0254599
51.7348384,8.1731761
51.7384517,8.1729742
51.654803,8.2172335
51.6131173,8.2441001
51.7112696,8.2571424
51.6802924,8.3120207
51.6778377,8.3355043
51.661722,8.3387619
51.7360846,8.2450909
51.7370346,8.2473519
51.7117203,8.2598039
51.776197,8.3214142
51.8363681,8.0285611
51.8284383,8.1423926
51.8233585,8.1448416
51.8799633,8.1598396
51.8827965,8.1585183
51.9297777,8.1184603
51.9307121,8.1136581
52.0190495,8.1251085
51.834621,8.3099254
51.8548232,8.2911618
51.9260103,8.3844481
52.1750232,7.631843
52.2147969,7.8848268
52.2734333,7.7151833
52.2958678,7.6582004
52.2967733,7.6586645
52.3822942,7.6037851
52.3993557,7.5627772
52.3484095,7.696335
52.3676105,7.7182039
52.2642719,7.7896686
52.2741622,7.9143681
52.2736668,7.9148615
52.4178831,7.8376874
52.4193738,7.8387889
52.0817726,8.0014359
52.03933,8.15309
52.107953,8.1610855
52.1580474,8.0471972
52.2227625,8.0082395
52.1144145,8.200964
52.058944,8.3603835
52.2101602,8.2744028
52.2102981,8.2756247
52.1368498,8.386217
52.201066,8.3345493
52.2043024,8.3413514
52.2360395,8.0266218
52.2653987,8.0537433
52.2724435,8.054312
52.2957562,8.0125722
52.2959689,8.0526324
52.3059481,8.0493087
52.3270316,8.0270813
52.2688166,8.1225477
52.3059669,8.1254723
52.350374,8.0135463
52.3503417,8.0165935
52.4091655,7.9802549
52.4077575,7.9810168
52.4096372,7.9801104
52.2804072,8.2430206
52.4363644,8.2744887
52.4376585,8.274235
52.5052154,6.802575
52.4952671,6.8907023
52.6345354,7.0605798
52.8403333,7.1015414
52.5064216,7.3205923
52.5356894,7.3227031
52.5271249,7.3326242
52.5892696,7.2290304
52.6257375,7.2356266
52.4659773,7.4592275
52.5716904,7.4950795
52.5537474,7.5326816
52.5533433,7.5300087
52.7548671,7.2128741
52.6959168,7.2746606
52.6936946,7.2913491
52.6909727,7.2901073
52.860331,7.3173052
52.6730079,7.4870349
52.6741359,7.4877991
52.8406448,7.5211468
52.9259511,7.3039446
52.9673516,7.335543
52.994835,7.3021922
53.05972,7.2718683
53.0508483,7.3326047
52.9250418,7.4075156
52.9123386,7.5345003
53.079371,7.3936363
53.0751769,7.4402447
53.164857,7.4513447
53.1664668,7.453722
53.231198,7.4587542
53.2302296,7.4590663
53.2302256,7.4584943
53.2352802,7.4715928
53.2370657,7.4952403
52.4460894,7.6267583
52.5172266,7.6760367
52.5174607,7.6772439
52.5819441,7.7387005
52.6205073,7.7440173
52.6209065,7.7481106
52.5421491,7.8703949
52.5551727,7.9460736
52.7335928,7.7568396
52.7345275,7.7591436
52.7344769,7.757138
52.8508077,7.6782053
52.8512087,7.6777825
52.6746907,7.8191368
52.4785174,8.096029
52.4800894,8.0969518
52.5761971,8.0072012
52.5876619,8.1240274
52.5222462,8.1936127
52.5216746,8.1963758
52.4664308,8.3765652
52.4660641,8.3765136
52.5885476,8.2080885
52.5991497,8.3681699
52.6070162,8.3729314
52.6079377,8.3720038
52.8140105,8.0589556000000009
52.8099213,8.1135370000000009
52.8359596,8.1544864
52.7282436,8.284791
52.7280344,8.2847183
52.759741,8.342755
52.8362209,8.3115964
52.8700506,7.6030334999999996
52.9919702,7.6315767
52.9949713,7.6315143
52.9427455,7.8353622
53.0047651,7.9537784
53.0034606,7.9532882
53.1355554,7.5740601
53.1395572,7.6175285
53.1187956,7.7531675
53.2137755,7.654427
53.2785125,7.5763965
53.2169344,7.7584182
53.2168997,7.7602676
53.2575853,7.9267565
53.003501,8.0360479
52.8998254,8.2160119
52.9905559,8.2768752
53.0607557,8.1968817
53.0633347,8.196017
53.0524219,8.2579922
53.0173445,8.3521308
53.1928122,7.9863643
53.1821394,7.999914
53.2547944,8.1160997
53.0932784,8.2169954
53.1054769,8.1845601
53.111372,8.2096997
53.1319764,8.183456
53.1428535,8.195284
53.1387446,8.2155198
53.1383488,8.2159337
53.1320123,8.2223143
53.1425961,8.2157592
53.1414592,8.218202
53.1408632,8.2185906
53.1477534,8.2142946
53.1409292,8.2222879
53.1185941,8.3366532
53.2160805,8.1927115
53.2060826,8.2422569
53.2458742,8.198267
53.2498452,8.1945299
51.6387461,8.3923702
51.6386399,8.4703027
51.6896222,8.4322681
51.6413394,8.5086915
51.6865536,8.4968932
51.6832638,8.5700452
51.7076052,8.5872396
51.7572175,8.4712761
51.8154485,8.4920482
51.7292717,8.5600763
51.6720334,8.6044183
51.6873676,8.6971027
51.6692124,8.7236763
51.7115973,8.7729503
51.7256465,8.7774111
51.8278099,8.4027519
51.9116392,8.4304918
51.881321,8.5064477
51.9466075,8.4082659
51.819699,8.6591999
51.911651,8.6568575
51.911549,8.6573351
51.9077779,8.7338453
51.9086443,8.7383465
51.9834273,8.6724287
52.0134577,8.6959767
51.9914227,8.7912247
51.9960831,8.8065945
51.6717431,8.9190718
51.6765479,8.9946538
51.7402099,8.8257148
51.7638467,8.942223
51.6262651,9.0347262
51.8045923,9.1143278
51.8042502,9.1097539
51.8933558,8.8770756
51.9098575,8.8757669
51.9237889,8.8441429
51.945746,8.8400115
51.9345896,8.8735329
51.933082,8.8764699
51.9353683,8.8730894
51.9350055,8.8783632
51.94759,8.879831
51.9880874,8.9954116
51.8667755,9.0933568
51.8667336,9.0926315
51.8668357,9.092456
51.8677374,9.0912225
51.9136067,9.1538432
51.8782303,9.1972107
51.9426988,9.0939893
52.0744088,8.4149022
52.0731639,8.4130941
52.0744523,8.416289
52.071872,8.516608
52.2023758,8.4603875
52.1383172,8.5566755
52.1390687,8.5580928
52.2037881,8.520094
52.1844497,8.5736139
52.1968739,8.5823558
52.1977203,8.5842813
52.1972999,8.5838252
52.199097,8.5853922
52.1271061,8.6274144
52.1251254,8.6317656
52.0813059,8.6528681
52.1175041,8.6725654
52.1169474,8.6712725
52.1188231,8.6565848
52.11794,8.6583193
52.1185421,8.6674903
52.1046645,8.6936581
52.1260092,8.6882928
52.0727273,8.7577607
52.0809224,8.7487464
52.1670924,8.6300476
52.1644295,8.6355493
52.1937635,8.60217
52.1983362,8.6426287
52.1982003,8.6417932
52.1891775,8.6882986
52.1813744,8.8010906
52.1943514,8.8002539
52.2150288,8.7797982
52.2182485,8.7817205
52.2222828,8.7978901
52.2521759,8.4803001
52.3382123,8.5592355
52.3537275,8.5655865
52.2409408,8.6272677
52.3012227,8.6980051
52.2546825,8.7800301
52.3514874,8.6136378
52.4217798,8.7399715
52.0347685,9.0055172
52.1678288,8.8639909
52.213309,8.878147
52.2005795,9.0150649
52.2017688,9.013853
52.0683917,9.1242363
52.1869127,9.0792692
52.2113916,9.1197255
52.2728395,8.8267105
52.2687528,8.8967991
52.3067631,8.9164004
52.3370381,8.9196972
52.3194266,8.9948575
52.376512,8.9655349
52.2387959,9.036702
52.2616479,9.0456215
52.2696198,9.1316019
52.4211336,9.0673629
52.3492789,9.150123
51.7710128,9.3657978
51.7766862,9.3832292
51.622823,9.5551564
51.6408459,9.5532843
51.6590498,9.6363549
51.6610636,9.6353727
51.8196468,9.2297277
51.8795662,9.2827841
51.8986235,9.4061575
51.9590982,9.2464787
51.9597944,9.2488169
51.986256,9.256068
51.8275364,9.4676265
51.9854754,9.4737815
51.9773775,9.515197
51.9265714,9.6396636
51.6518712,9.8303356
51.6529561,9.831487
51.8012116,9.6874859
51.629668,9.93588
51.788201,10.0637698
51.9547178,9.7405588
52.0058482,9.6996898
51.9840624,9.8249896
51.8249361,9.8720894
51.9283989,9.8981548
52.0100371,9.97555
52.1277653,9.2461273
52.1268276,9.2475435
52.0654731,9.3747579
52.0484182,9.3881502
52.2067163,9.3963391
52.2094047,9.3915398
52.0873394,9.4997283
52.0860701,9.4986794
52.0671957,9.5854054
52.0664832,9.5845165
52.2080985,9.552893
52.2743726,9.3705375
52.2737025,9.3688318
52.3121904,9.3564111
52.3961899,9.2644258
52.378068,9.3887587
52.417367,9.3769295
52.4252659,9.4290559
52.3014718,9.4646368
52.3044729,9.476034
52.2721362,9.5686895
52.3152855,9.5998021
52.4268248,9.4730283
52.3954159,9.5936318
52.3966649,9.5902884
52.3973699,9.6436818
52.4261886,9.598828
52.11478,9.6955324
52.0943938,9.9166617
52.1557141,9.947239
52.1552519,9.9511203
52.1551566,9.9587039
52.2056498,9.9635962
52.2064857,9.9649935
52.2637809,9.7645609
52.2650795,9.7607735
52.2860385,9.8215543
52.3662642,9.7141692
52.3767735,9.73158
52.3761789,9.7313819
52.3780208,9.7438658
52.3762192,9.7417995
52.3790713,9.7465101
52.3934287,9.6854685
52.4394593,9.7387208
52.3767337,9.7549349
52.379424,9.8129161
52.4094719,9.799873
52.4205064,9.7991254
52.314365,9.966648
52.5497645,8.5881651
52.6530973,8.4165937
52.610124,8.4799994
52.6108553,8.4810245
52.5514226,8.5836742
52.5311867,8.6920987
52.7084925,8.5067535
52.7476895,8.5738865
52.848995,8.7273992
52.8480155,8.7268218
52.4975072,8.9070278
52.5934747,8.8317206
52.596502,8.8338731
52.5129218,9.0770381
52.5674639,9.0265998
52.5681701,9.02918
52.6418461,9.2092601
52.6829993,8.8109455
52.6842368,8.8120269
52.6920492,8.9405864
52.6702835,8.9672034
52.7710899,9.0059768
52.8353163,9.0064614
52.7110258,9.074629
52.660958,9.1590453
52.659446,9.2200227
52.6598661,9.220118
52.6671401,9.2240947
52.779815,9.1349247
52.7777423,9.2124161
52.897013,8.4381771
53.0352489,8.5453119
53.0319723,8.5462195
52.9036618,8.7316181
52.9049464,8.7356178
53.0369617,8.6466169
53.0495222,8.6133364
53.0514155,8.6250114
53.0486018,8.6319204
53.0569792,8.6311724
53.0333686,8.7011473
52.9823549,8.7104908
52.982861,8.710437
52.9992979,8.7053094
52.9962465,8.7059457
52.9891166,8.7863236
53.0124055,8.7898771
53.0099043,8.7902737
53.0339697,8.7250533
53.038525,8.7279234
53.0280344,8.7504294
53.066085,8.7702509
53.0668125,8.7934721
53.1119778,8.458422
53.1105046,8.4618963
53.0950178,8.5298121
53.1865458,8.4840416
53.1865243,8.4840872
53.235987,8.4641361
53.2052035,8.5214307
53.2231886,8.5939831
53.2354493,8.5197967
53.161293,8.6124247
53.1601348,8.6120683
53.1751814,8.6108968
53.1715062,8.6203992
53.1723861,8.6201205
53.1733746,8.6172276
53.1737933,8.6468436
53.1679293,8.7015139
53.0771337,8.8021695
53.1010316,8.7866062
53.1769998,8.7176359
53.1816454,8.6189189
53.1795752,8.7518293
53.2276212,8.785063
53.2247952,8.7958023
53.2533668,8.7106518
52.9147301,8.8170128
52.9130713,8.8254522
52.9358481,8.8817785
52.9923696,8.8723796
53.044984,8.8486768
53.0744366,8.8087954
53.0625173,8.870047
53.0732667,8.925941
53.0598334,9.0179089
53.0131708,9.0361775
53.0608394,9.0830186
53.0777313,8.8098083
53.0811579,8.8105345
53.0849542,8.8506397
53.084837,8.849697
53.0922315,8.8459426
53.1001305,8.9017666
53.1447871,8.9095329
53.1422084,8.9113013
53.1085356,9.1436416
52.5316876,9.3325992
52.5756579,9.4229574
52.5755508,9.4280077
52.6549794,9.4029531
52.6624209,9.4832481
52.6796073,9.6205223
52.6776994,9.6158108
52.4485456,9.7403962
52.447172,9.739121
52.492143,9.8554135
52.6117017,9.6883836
52.6132063,9.6874059
52.4915086,9.8582489
52.6316678,10.0450551
52.6814263,9.9093948
52.9867833,9.58303
52.9859577,9.5832322
53.11573,9.2346689
53.1106506,9.4057593
53.1161167,9.4170418
53.1714185,9.6662487
53.1706798,9.6647727
53.2586661,10.0129676
49.998143,10.2446706
49.9974188,10.2444169
50.1284096,10.1552773
50.0478906,10.2117035
50.0647166,10.1823033
50.064081,10.1823474
50.0433162,10.2322719
50.03634,10.2433313
50.0558131,10.2322774
50.0608622,10.2305088
50.0615224,10.2302392
50.0194792,10.2828602
50.0694886,10.3457391
50.1090289,10.320094
50.1399532,10.0683485
50.1432381,10.1334036
50.1664366,10.1599108
50.2009455,10.0791667
50.202482,10.0757231
50.2211573,10.1228215
50.2665119,10.0775674
50.3152994,10.1752169
50.3097729,10.2098048
50.3245668,10.1941892
50.3295325,10.2060076
50.3270792,10.2201182
50.2291608,10.3260193
50.1545942,10.4367567
50.0319675,10.5058421
50.0311181,10.5073475
49.9971632,10.5489434
49.9842571,10.6745616
49.9845872,10.6748198
50.020052,10.8277619
50.0206378,10.8268009
50.013643,10.8900306
50.256635,10.8790207
50.3544933,10.2574083
50.3534544,10.2577431
50.457634,10.2343203
50.4297648,10.3033101
50.7213826,10.3507257
50.7186287,10.4664233
50.3729586,10.6011286
50.5030503,10.8445032
49.9368169,10.9226496
50.0176104,10.9297065
50.0844213,11.2395112
50.0851412,11.2419436
50.1629865,11.1121968
50.2277181,11.0220985
50.2211437,11.0693264
50.2645344,10.943881
50.2579956,10.9616071
50.2684324,10.9649275
50.2825021,10.9997115
50.2841115,10.9918243
50.3012304,10.9785329
50.2365907,11.3247004
50.2389203,11.3226886
50.3051875,11.2828639
49.9715748,11.5295095
50.0169899,11.5014515
50.1089257,11.4529482
49.9373384,11.553528
49.9465541,11.569183
49.9469699,11.5768783
49.946132,11.5765851
49.9780628,11.6099085
49.9803305,11.6153275
49.9431107,11.7228048
50.090689,11.5796528
50.2937189,11.4615995
50.1693864,11.636475
50.1720884,11.6335736
50.2167228,11.6938641
50.2833603,11.622343
50.283853,11.6233502
50.2782079,11.7410688
50.3300007,11.7068526
50.3293289,11.7110451
50.4474122,10.9523004
50.3782783,11.0755416
50.3565308,11.1706276
50.357975,11.1713379
50.4314658,11.1580888
50.6832926,10.9124473
50.632818,11.1721367
50.6838211,11.2668197
50.683453,11.2678548
50.6888778,11.3209534
50.6893652,11.3224467
50.7138553,11.3192485
50.366619,11.642325
50.6484865,11.3604931
50.6466791,11.3606
50.6533529,11.3892476
50.658866,11.4482337
50.7198316,11.3344318
50.6947476,11.5959889
50.6974226,11.6166414
50.812021,10.23408
50.8130735,10.2375842
50.9638092,10.0667043
50.912298,10.2076408
50.8160362,10.3489028
50.8929525,10.3659883
50.9767585,10.3282973
50.9730208,10.3232057
50.9763256,10.3249661
50.9751463,10.3242433
51.051543,10.2479952
51.0528146,10.2477642
51.1236875,10.1132926
50.9851717,10.312785
51.0775598,10.3316047
50.9291601,10.7158684
50.9616961,10.7218271
51.1485184,10.5622236
51.146158,10.56594
51.3755992,10.1431608
51.3152072,10.3155751
51.3881929,10.3245998
51.48263,10.0948994
51.5719313,10.1170885
51.5132058,10.2546667
51.419313,10.3609095
51.2473457,10.6545607
51.3696919,10.8658209
51.369539,10.865142
51.440511,10.5708347
51.5951052,10.5517834
51.586421,10.6169247
51.5856937,10.6175467
51.5866983,10.6656085
51.4936715,10.7887956
51.497042,10.7923882
51.4963989,10.7919327
51.5027765,10.7869512
51.50318,10.7957472
51.503048,10.7986712
51.552821,10.7667348
51.5795442,10.7882243
51.5019659,10.8013747
50.837542,10.9354719
50.829697,10.9687536
50.9585408,11.0611341
50.9723085,11.038376
50.8516168,11.2012232
50.9003385,11.283197
51.0057148,11.1874607
50.8986181,11.5776081
50.9243651,11.5843371
50.9290597,11.5841965
50.981956,11.3278912
50.9788449,11.3252145
50.9792893,11.3249817
50.9791637,11.3250285
51.0872796,11.6248507
51.3584642,11.100828
51.3583748,11.1009042
51.3005809,11.216457
51.3638387,11.2886489
51.3651158,11.2897696
51.4629108,11.0770815
51.4567867,11.2934943
51.478583,11.2978827
51.2648669,11.4118495
51.3060784,11.4011788
51.2953466,11.4344024
51.2954197,11.4333023
51.3346148,11.4648097
51.4038965,11.3888995
51.528565,11.5455541
49.9769908,11.9250038
49.9345414,11.9698553
50.0377005,12.0034287
50.0379472,12.0019623
50.0832599,11.9768785
50.1903152,11.7900659
50.2208712,11.9355326
50.3134486,11.9153171
50.3198302,11.9171411
50.1705509,12.1285802
50.1921601,12.1463418
49.9519145,12.2440938
50.0031277,12.3023123
50.0047811,12.3059007
50.2217377,12.3098143
50.3115812,12.3308136
50.377549,11.7803466
50.3744876,11.7797121
50.3632574,11.9519727
50.4943476,11.8640463
50.4991989,12.1370067
50.4805907,12.1400868
50.5770017,11.8062148
50.5774891,11.8083134
50.5779551,11.8089861
50.7364925,11.8771523
50.6871199,12.0230914
50.4180113,12.1759915
50.4145989,12.1731003
50.4352867,12.4609639
50.5085088,12.3832516
50.5386114,12.5020364
50.6559207,12.1987709
50.5692959,12.3645357
50.7186894,12.491641
50.538459,12.7837837
50.5115827,12.939758
50.6060519,12.6350347
50.6620805,12.6712582
50.585976,12.7022586
50.6683501,12.6098625
50.7074387,12.7596055
50.721694,12.6992532
50.6298974,12.8136615
50.6463525,12.9694915
50.6456392,12.9688005
50.6514655,13.163402
50.6502211,13.1622826
50.6721659,13.0179009
50.7471037,13.0698372
50.766621,13.1516839
50.7185976,13.1940914
50.7178698,13.1957569
50.6617489,13.3334288
50.6577137,13.3377622
50.7045107,13.2241545
50.7123027,13.4208592
50.826721,11.8210861
50.8993155,11.8558062
50.9693316,11.8990684
50.8764824,12.082297
50.8799897,12.0829261
51.0423376,11.8218014
51.1580295,12.0994015
50.9525985,12.1925354
50.8967635,12.3536391
50.8969053,12.352122
50.8212401,12.5428564
50.8213787,12.5435384
50.9236349,12.5543664
50.9817088,12.4864075
51.1516402,12.410821200000001
51.2132769,11.7697201
51.2011506,11.9642145
51.2023153,11.9713518
51.2558615,12.1400545
51.353886,11.9941157
51.3548893,11.9971586
51.4500362,11.8084304
51.4503011,11.8071602
51.5272012,11.7547898
51.5119872,11.8920861
51.4630122,11.9632106
51.4840646,11.9726212
51.4763598,12.0433367
51.4298069,12.1184122
51.5459981,11.9555984
51.5501665,12.0932809
51.2190398,12.3281019
51.3475493,12.2677565
51.3153619,12.3743362
51.317772,12.4015935
51.344083,12.3813538
51.365273,12.3850973
51.3511498,12.40439
51.5223055,12.3315052
50.8005684,12.7061738
50.8416845,12.6897046
50.8583581,12.7616568
50.864637,12.7437124
50.9599044,12.589196
50.8569469,12.7953973
50.8412847,12.8743599
50.8126087,12.9573767
50.8292701,12.9170132
50.8289757,12.9280237
50.8439714,12.9381537
50.8707233,12.9659895
50.8871188,12.7974232
50.9188101,12.8106633
50.8793106,12.8640512
51.0114438,12.7197129
51.0553334,12.6961876
51.0476684,12.7981326
50.9855701,12.9786923
50.9858176,12.979015
51.0770922,12.903611
51.0975408,12.9698528
50.8523072,13.0754834
50.8568436,13.0714254
50.8064915,13.1279707
50.8547829,13.1142381
50.9120181,13.0340535
50.7999868,13.2293791
50.871032,13.4018278
51.1220169,13.1226829
51.2374736,12.7289473
51.3702382,12.7397305
51.3706954,12.7385674
51.3709501,12.7350316
51.3762728,12.7402956
51.364712,12.7498263
51.3000937,13.0950276
51.5864427,13.2411682
51.5860875,13.2437653
51.5951128,13.300923
51.5161723,13.3933454
51.5151475,13.3957849
51.516777,13.4125535
51.729759,10.2471084
51.7296233,10.2506423
51.809515,10.2359703
51.628706,10.4673793
51.6300698,10.471319
51.8054657,10.3347697
51.8069726,10.3353016
51.8899244,10.1773099
51.9450432,10.1294299
51.9454719,10.1307733
52.0109421,10.1283825
52.0101803,10.1276894
51.8607758,10.3385065
51.907564,10.4266518
51.9078883,10.4325713
51.9099664,10.4245335
51.9083502,10.4260025
51.9093151,10.4268406
51.9146724,10.452203
51.8970701,10.4833117
51.9379051,10.333016
51.9365824,10.3293749
51.9524133,10.3906795
51.9251434,10.4343546
51.6684783,10.7170277
51.9056334,10.518705
51.8787197,10.5597389
51.8865508,10.5551195
51.9533633,10.5624077
52.021604,10.5464218
51.8489034,10.7348297
51.8339776,10.7862126
51.8344623,10.7845733
51.8348057,10.7844369
51.8338509,10.7859246
51.8369474,10.7928562
52.1016771,10.4241273
52.1923703,10.3274393
52.2028122,10.3093388
52.2641031,10.2208718
52.2563841,10.2477117
52.2564146,10.2516967
52.3136545,10.236028
52.3202462,10.2330433
52.3196876,10.2307924
52.328567,10.2294311
52.3318962,10.2712883
52.358363,10.1192316
52.3823536,10.2579124
52.2749011,10.4789313
52.2755136,10.4773242
52.3260303,10.3831802
52.3280033,10.3935679
52.3534459,10.433941
52.4394895,10.4343956
52.4409031,10.4357786
52.1542135,10.5530956
52.1621064,10.538914
52.1620102,10.5399063
52.1650884,10.5412893
52.2276157,10.9044421
52.258794,10.5190243
52.2654131,10.5253963
52.2629414,10.5255282
52.324101,10.512336
52.324384,10.5531938
52.2520945,10.6398509
52.3275476,10.6674614
52.3804078,10.5391745
52.435442,10.5751719
52.434945,10.5750715
52.3502429,10.776921
52.393682,10.7124215
52.4102764,10.7655793
52.4237828,10.7969693
52.4334902,10.7963705
51.6459659,10.9837072
51.7477549,11.032653
51.8060658,11.0542974
51.9159882,10.9420491
51.8990112,11.0458637
52.0117752,11.0276391
51.9680518,11.1282646
51.9918361,11.3014031
51.7493534,11.4592003
51.6768027,11.5656315
51.9620138,11.3916112
51.9981719,11.5353115
51.9713979,11.6503797
52.0614763,11.083265
52.119635100000004,11.0203944
52.1374574,10.9795909
52.2229492,11.0101039
52.1398709,11.1016082
52.1889056,11.0447037
52.2241542,11.0115066
52.0302502,11.224901
52.0259541,11.2266828
52.0355311,11.2329323
52.1005222,11.2930105
52.1013879,11.2963687
52.1809781,11.1603714
52.1464421,11.2112337
52.2199547,11.2421897
52.243154,11.0889771
52.3127376,11.0573952
52.4298692,10.9843323
52.4343756,10.9867224
52.4364418,10.9867699
52.3948458,11.2936992
52.3932075,11.3025347
52.0416641,11.5831058
52.1300754,11.6291879
52.1299758,11.638682
52.1310077,11.6314689
52.1541669,11.7163341
52.2887718,11.4079964
52.2917684,11.4126319
52.249929,11.6296917
52.3150608,11.6040902
52.3590727,11.7326647
52.4635195,10.203043
52.4648047,10.2037004
52.5980999,10.1079119
52.6055542,10.0730993
52.6253777,10.0810688
52.6357108,10.0805099
52.6337404,10.0938714
52.6303408,10.0945708
52.6505949,10.0992017
52.5805927,10.1897714
52.5253888,10.3619647
52.6582776,10.1261916
52.7331974,10.2339119
52.7339417,10.2343405
52.8316311,10.091323
52.831837,10.0905744
52.4775423,10.5427273
52.5132504,10.540404
52.5483807,10.6990427
52.4857295,10.885786
52.5365196,10.8915403
52.5766678,10.8763112
52.7304475,10.6037403
52.8344103,10.6778724
52.8347726,10.6800903
52.9003208,10.1731237
52.9886894,10.0842704
52.9866677,10.0883139
52.9858413,10.0896176
52.9016562,10.437356
53.0198298,10.4197383
53.028621,10.4136172
53.1272963,10.2158512
53.2477013,10.3576058
53.2819378,10.4382937
52.9626705,10.5575115
52.9740123,10.588581
52.974619,10.5889984
52.9870183,10.7531139
52.9868405,10.7515483
53.0792675,10.5779166
53.1887348,10.7352993
53.1869743,10.7432164
52.6017899,10.9420361
52.7049081,11.0936516
52.8518516,11.1563922
52.6594562,11.3894165
52.6556923,11.3896122
52.661086,11.5539395
52.661538,11.5526295
52.8210098,11.581517
52.9328993,10.9539205
52.9335462,10.9542607
52.9241892,11.1200724
52.9673274,11.1542376
52.9676442,11.1560382
52.9636039,11.1668121
52.9539611,11.2207976
53.1501604,11.0445716
53.1405099,11.2540755
53.1405635,11.2535181
52.8816066,11.4846905
53.0258593,11.4610854
53.0250022,11.4644052
53.2306414,11.422186
53.2778922,11.5633924
51.7508723,11.9745159
51.8364692,11.7671722
51.9988944,11.7562648
51.8548458,12.0446
51.9642492,12.0844856
51.6288253,12.2623737
51.6231201,12.3210681
51.6222315,12.3250467
51.6609786,12.2770394
51.6841402,12.302769
51.7114099,12.2843633
51.6681849,12.4430968
51.731957,12.4577839
51.7980755,12.4053079
51.8350183,12.2430706
51.8372706,12.2445606
51.8376996,12.2423731
51.8899,12.2443786
51.8246193,12.2914172
51.8436149,12.4179472
51.8855661,12.4564375
51.9586866,12.5320814
52.0730481,11.8237245
52.110664,12.0693855
52.2638223,11.8447759
52.3178238,11.7675288
52.2699302,11.8537748
52.2714767,11.8529349
52.4347287,11.8075882
52.3465888,11.9760792
52.3428928,11.9786431
52.3813446,11.986039
52.4059185,12.1631675
52.4150687,12.1468727
52.4069823,12.1560051
52.2661715,12.2931748
52.4096232,12.5643957
51.7733275,12.635713
51.7503006,12.7552718
51.7902157,12.9554182
51.8666637,12.6029697
51.8671889,12.643166
51.8753089,12.6535265
51.8806304,12.664003
51.6919518,13.2362977
51.8138914,13.227959
51.8142198,13.2266192
51.9914604,13.08105
52.0753143,12.6888102
52.2374506,12.9694194
52.377299,12.9350274
52.3919972,13.0908058
52.4178741,13.0180938
52.3988164,13.0475717
52.3599801,13.3100934
52.4385923,13.214887
52.4018936,13.2686465
52.4267082,13.3265192
52.5069326,11.749611
52.6028757,11.8488077
52.6044502,11.8609451
52.6045706,11.8576061
52.4970719,12.025595
52.4989238,12.0283541
52.5814192,12.0405591
52.5831854,12.0374354
52.7173603,11.8603284
52.7170768,11.8622417
52.7897978,11.7538203
52.7892459,11.750446
52.5217856,12.3119362
52.6136379,12.3429265
52.4958101,12.4559929
52.7514918,12.3427226
52.851795,12.4517185
52.9977368,11.7538383
52.9147321,12.0852133
53.0754342,11.8636949
53.2464559,12.0431316
53.1540832,12.4767378
52.5129808,13.3156593
52.4857341,13.3327488
52.495982,13.3316368
52.4748489,13.3656727
52.5071411,13.3243944
52.5276227,13.3440304
52.5251285,13.3700693
52.5312618,13.3849264
52.7193949,13.0989607
52.9207374,12.7998888
52.8978448,13.1554201
52.8986035,13.1561356
53.4366227,7.0934478
53.435867,7.0928393
53.3660906,7.1497815
53.3402257,7.2275327
53.344549,7.2237945
53.3668629,7.1974847
53.3684384,7.2039955
53.3643871,7.2052708
53.369664,7.205776
53.3697514,7.2241452
53.4165967,7.1933573
53.3271,7.3447446
53.302907,7.4442966
53.3081533,7.4875082
53.3106306,7.4869348
53.3825772,7.5300024
53.4921055,7.3581908
53.4910631,7.3584189
53.4785753,7.3922247
53.4770512,7.3951579
53.4355587,7.511251
53.4691354,7.4835562
53.4700032,7.4835047
53.6030073,7.2834841
53.6030526,7.2889308
53.5152892,7.3712647
53.5854085,7.344163
53.5897999,7.4562188
53.6473318,7.4314057
53.6470155,7.4304754
53.7286934,7.3712471
53.7285375,7.3717742
53.7459132,7.4805255
53.7478749,7.480753
53.306057,7.5930601
53.3048805,7.7485346
53.3055025,7.7540985
53.4125725,7.7334456
53.4155739,7.7376727
53.478967,7.7254868
53.4548594,7.8376165
53.4521244,7.8395514
53.3906656,7.9521095
53.4499612,7.9411733
53.5757052,7.5587232
53.6438147,7.6122433
53.6441771,7.6135472
53.5753577,7.7841057
53.5691725,7.890126
53.572503,7.9043476
53.5728646,7.9057626
53.5739402,7.9049448
53.6911828,7.8002913
53.6614613,7.9169265
53.4009763,8.1128276
53.4028048,8.1135533
53.4011567,8.3558657
53.4026357,8.3558915
53.4567236,8.3547164
53.5015304,8.0134142
53.5526962,7.9897416
53.5213586,8.1172405
53.6306137,8.0264062
53.57495,8.361983
53.574232,8.3633395
53.5749108,8.3626123
54.181561,7.8884885
54.8919526,8.3710826
53.3132299,8.4817397
53.3319352,8.4794234
53.3555108,8.6424838
53.3551987,8.6397639
53.4485066,8.6021764
53.4722801,8.6512073
53.4416149,8.7355476
53.5267845,8.5261785
53.5337351,8.5974591
53.5725212,8.5969219
53.6495149,8.5109665
53.6050266,8.5944473
53.6082064,8.5949734
53.5055283,8.5994135
53.5886028,8.6165955
53.3223009,8.885636
53.3802515,9.0037584
53.4339009,8.8193924
53.5077688,8.8581078
53.6361497,9.0957744
53.6339519,9.0971186
53.7784778,8.6129078
53.7781238,8.6165911
53.8636589,8.6974734
53.8622762,8.6962986
53.7715002,9.0562992
53.7718186,9.0592657
53.751826199999996,9.1465282
53.830943,9.1340285
53.8286377,9.1327722
53.9536665,9.0081525
53.952652,9.0117442
54.0894217,9.0790699
53.2914167,9.2790297
53.4566902,9.5158097
53.5841492,9.4202992
53.5957114,9.43258
53.6150279,9.3118167
53.5959347,9.4383342
53.5080645,9.5804916
53.5420813,9.5565857
53.5597402,9.6078505
53.6003034,9.4744251
53.5997143,9.4744805
53.5990499,9.4755594
53.5995089,9.4749483
53.5991614,9.4780988
53.5995726,9.477449
53.6351447,9.6049883
53.4573599,9.6663626
53.4755752,9.6922277
53.3091022,9.9578275
53.4746508,9.8756999
53.4585836,9.9813471
53.4622579,10.0495282
53.4916772,10.0176308
53.5878968,9.8509819
53.6351815,9.8392047
53.6624393,9.7974945
53.661462,9.798802
53.6518076,9.8291748
53.6523411,9.8291318
53.5712854,9.862626
53.579714,9.9457209
53.4965324,10.010902
53.549951,9.9844484
53.5666009,9.9810053
53.5524127,9.9978729
53.5566651,9.9918626
53.5536124,10.0073783
53.5930391,9.9887097
53.5586531,10.0216315
53.5724234,10.0295786
53.5722845,10.0299624
53.5709191,10.0610129
53.5734375,10.0320089
53.5734418,10.031935
53.6225636,9.9524667
53.6400765,9.9470499
53.6646631,9.9087311
53.6818619,9.9853555
53.8044923,9.2391084
53.8049375,9.2374031
53.8245585,9.2838993
53.7041592,9.5695727
53.7152709,9.5919443
53.8817012,9.4796055
53.8126768,9.6203043
53.8108029,9.6183721
53.9986464,9.2609249
53.9142619,9.5121687
53.9265623,9.5133232
53.9265012,9.5142584
53.9225752,9.5189098
53.9228922,9.5184888
53.9218034,9.5174361
53.9634109,9.6202105
54.0474385,9.4807482
53.7542456,9.6575593
53.7553877,9.6556203
53.7536487,9.6569472
53.7538059,9.6571831
53.7548508,9.6789351
53.7565352,9.6879499
53.7884089,9.7673886
53.854047,9.701912
53.7311634,9.8961971
53.750911,9.9183166
53.7066106,9.9919245
53.7927385,9.9818929
53.8651748,10.0543681
53.9310841,9.7528705
54.0914981,9.6534414
53.9190405,9.8825208
53.9166117,9.883526
54.0102727,10.0258955
54.0073615,10.0290601
54.0551303,9.9674919
54.0538748,9.969604
54.0733289,9.9861971
54.0726971,9.9866273
54.0730851,9.9863034
54.0718366,9.9872098
54.0993414,9.9960555
54.3157573,8.6086173
54.2841371,9.1698513
54.4767452,9.0528685
54.4768749,9.0479163
54.4770622,9.0497287
54.477248,9.0491605
54.4828235,9.0462313
54.4775835,9.0543465
54.462856,9.0946942
54.5314151,9.0210958
54.8675794,8.7324351
54.6184812,8.9654759
54.6794171,8.9267594
54.5693587,9.175297
54.7870786,8.8278095
54.7874534,8.8265343
54.7584052,8.8698149
54.8708284,8.9071673
54.7595336,9.1841788
54.8123706,9.1750057
54.1264846,9.4142036
54.1298759,9.5551462
54.462756,9.2301347
54.4117316,9.5093696
54.3932188,9.592921
54.5154828,9.5595631
54.5145137,9.5646277
54.3031934,9.6678753
54.2953046,9.7079377
54.2977721,9.7223051
54.1273359,9.9930404
54.1730142,10.0370928
54.4601054,9.8381409
54.4725878,9.8372341
54.4704225,9.8376296
54.5423768,9.8189951
54.7026646,9.2478678
54.747428,9.3911966
54.6012118,9.5837695
54.6911133,9.6039008
54.6934696,9.5974285
54.7659748,9.3242948
54.7785688,9.4164182
54.7807179,9.4352985
54.7803818,9.4368273
54.8014163,9.4546585
54.7934634,9.4703315
54.6357361,9.7748833
54.6191672,9.9770533
53.2987598,10.1447738
53.3229959,10.1443057
53.384158,10.1108161
53.3643376,10.1391322
53.3614346,10.2071441
53.444727,10.2285327
53.2954637,10.3932832
53.4186141,10.3618415
53.4174498,10.3659787
53.4343053,10.3716463
53.4344372,10.370829
53.4363856,10.3688921
53.3920516,10.4122998
53.5038745,10.2125736
53.5099532,10.2515482
53.5094051,10.2519907
53.6120864,10.0757201
53.6530806,10.093231
53.6528459,10.0929156
53.6526012,10.0929695
53.6524948,10.0932091
53.6540274,10.1113202
53.6540364,10.1100043
53.6531298,10.112715
53.672595,10.2400464
53.6723085,10.2371408
53.5293906,10.3140987
53.3635755,10.5503108
53.3731324,10.5558268
53.291085699999996,10.7319616
53.2927003,10.7310899
53.6882085,10.4881893
53.6053298,10.6288019
53.6088829,10.6350098
53.6960743,10.7899409
53.6910846,10.8009607
53.895665,10.1777998
54.0709498,10.2275956
53.9367844,10.3077765
53.9348494,10.3102864
53.7789807,10.644172
53.8656143,10.6563143
54.1076417,10.8136918
54.1080177,10.8140451
54.1073686,10.8136615
53.701779,11.1117905
53.70119,11.1139259
53.3250604,11.498798
53.3836494,11.5834357
53.3825476,11.586449
53.5656476,11.3625234
53.5682701,11.3603449
53.5966409,11.452573
53.6476586,11.3707305
53.6338397,11.3926007
53.6282775,11.4115323
53.6295334,11.4121979
53.6303053,11.4104017
53.6352356,11.4236362
53.5775143,11.6491131
53.5769875,11.6501162
53.8632488,11.1883925
53.7721219,11.4721695
53.8993588,11.4219067
53.8430601,11.469696
53.9013727,11.4765376
53.8006191,11.7045205
53.8646601,11.6839199
54.3004334,10.0707064
54.3034965,10.1116943
54.3151314,10.1325376
54.3093428,10.212476
54.2359893,10.281089
54.229036,10.2959767
54.3536334,10.1321695
54.3343486,10.1896517
54.3392235,10.2230799
54.3709673,10.2059054
54.3956197,10.1736192
54.3910962,10.3737296
54.1715523,10.5548303
54.4786517,11.0721366
54.4396681,11.1963158
53.424767,11.848612
53.4613332,12.263031
53.3869356,12.3936915
53.7119285,11.8280839
53.9891105,11.8929791
54.0495085,12.0463816
54.1217223,12.057987
54.0868826,12.1254746
54.089085,12.1308315
54.0843166,12.1417966
54.088092,12.1381474
53.7586441,12.3845465
53.7762561,12.5648568
54.0162665,12.226784
53.9263745,12.3467617
54.0771206,12.3795434
53.375968,12.6052693
53.375331,12.6102882
53.5144584,12.6797315
53.5155422,12.6859415
53.5227653,12.6601153
53.503576,13.0860662
53.5238944,13.2585217
53.4958527,13.3096663
53.5583123,13.2669329
53.693186,13.247081
53.9058244,13.0407208
53.9075443,13.0358787
53.9067326,13.0374053
54.1198092,13.3607197
54.073767,13.393059299999999
54.093558,13.3705756
54.0774955,13.40583
54.1729075,12.2388262
54.2500125,12.2326995
54.1539449,12.5724551
54.2437699,12.4319101
54.2523371,12.4736119
54.2528425,12.4735244
54.3827732,12.527603300000001
54.2484553,12.6219646
54.4345957,12.6869304
54.2121939,13.2518935
54.3554989,13.2920412
54.4137289,13.4188243
48.5744083,13.4549607
48.5742044,13.4574065
48.5856768,13.4897476
48.5918683,13.5510888
48.6153963,13.5372406
48.673603,13.4734902
48.8071014,13.5452068
48.682923,13.7247088
48.7304081,13.6926721
48.7026294,13.7944569
48.7472739,13.7481108
48.8249871,13.7754578
50.6049044,13.4636554
50.67432,13.4657927
50.8019487,13.539041
50.9238808,13.5042232
50.8973526,13.6675233
51.0694835,13.5324788
51.1612551,13.4722728
51.1636738,13.4808198
51.1252233,13.5801521
51.0264343,13.8359242
51.0658699,13.7465445
51.0873665,13.6332936
51.1641305,13.6802436
50.9567426,13.9579583
50.9183567,14.1501043
51.0128401,13.8733894
50.9889509,13.9968834
51.1873454,13.8356752
51.3763465,13.7571253
51.4296254,13.4942421
51.4036067,13.5744502
51.4643891,13.619312
51.4950645,13.7601559
51.4981344,13.7908558
51.2712524,14.0937405
51.27504,14.0969747
51.2337891,14.1991141
51.4589609,13.865253
51.4791404,13.8502849
51.4521486,14.0250221
51.5873504,13.8488177
51.4583891,14.0962136
51.4365236,14.2400063
51.5813158,14.1701091
50.9718936,14.2704487
50.8958998,14.6664169
51.0927265,14.3193958
51.0941297,14.313549
51.1715425,14.4239072
50.9870135,14.6523426
51.1481569,14.570603
51.0985244,14.6699754
50.9060317,14.8072735
50.9457984,14.8878632
51.1705744,14.9363546
51.2706665,14.3294437
51.2380795,14.5211937
51.3508945,14.5981133
51.5214568,14.3328684
51.5389548,14.5316188
51.3161689,14.7013509
51.6372224,13.5629173
51.6370555,13.5628117
51.6320045,13.7088983
51.6300774,13.7080493
51.6400685,13.700735
51.9425164,13.8947198
51.942298,13.8948943
52.0489695,13.5037861
52.2148796,13.451309
52.4167155,13.4971912
52.4209414,13.4913913
52.4255512,13.7535111
52.3593098,14.0611451
52.3629332,14.0619784
52.3695686,14.0723993
51.7099354,14.356765
51.7569042,14.3304838
51.7564089,14.3335649
51.7610592,14.3323671
51.7618836,14.3379493
51.7575784,14.333028
51.7497646,14.6447337
51.744556,14.6429453
51.7474813,14.6490403
51.9533902,14.6852218
52.510361,13.4336342
52.515856,13.6697331
52.5268818,13.7637531
52.5299275,13.7907896
52.7581151,13.4727921
52.5967941,14.2354079
53.2104619,14.0047725
52.5522165,14.552468
53.065831,14.2721677
53.0585373,14.2876705
53.2099841,14.3790545
53.2078918,14.3899861
53.4527688,14.2155886
53.5043429,13.9942952
53.5095237,13.9902319
53.8564566,13.6846349
53.8561014,13.6859655
53.9791981,13.54614
53.9727546,13.6103802
54.0543296,13.7766307
53.9486759,13.8511052
53.947873800000004,13.8498272
53.9695538,14.1404218
54.5291589,13.5457735
54.528211,13.5548886
54.3420558,13.7408034
48.3418409,7.8405561
48.9817561,8.3700315
49.351443,6.8052577
48.7862242,9.1817202000000009
48.894568,9.1868311
49.2915464,8.6980253
49.1016386,9.2124911
49.9200927,8.4852017
49.795392,9.9538366
48.1395297,11.5730193
47.8668116,12.6429894
49.737707,10.1611914
48.5388717,12.1552237
51.0781968,6.317617
51.2283492,6.4763993
51.2141078,6.5813044
50.4875608,8.2635422
50.9110344,6.9731001
50.9420756,6.9542706
51.1697047,7.0813284
51.5647716,6.7362011
51.5131624,7.4673653
50.8745162,8.0173881
51.3136128,9.4899027
51.3168646,9.4929759
51.741598,7.1832476
51.8300172,7.2747719
51.9461996,7.1691275
51.9415997,7.6090338
52.6073445,8.3741574
52.3703225,9.7431656
50.9506214,10.7037483
51.5114295,10.2557289
51.4831593,11.9732586
51.3805679,12.4949617
53.6023294,7.2224658
53.6408178,10.083302400000001
54.1482075,12.076105
51.1261503,14.1810059
52.8655849,14.0448848
53.061819,14.2831053
