lat,lon
35.5020205,12.6083048
35.504657,12.6113253
39.1099907,8.3729378
39.0040621,8.6431854
38.96796,8.7734825
38.9435518,8.864399
39.0066955,9.0019157
39.0100507,9.0027229
39.2128406,8.4652087
39.167131,8.5260518
39.1668414,8.5267734
39.1687409,8.5261259
39.1681343,8.5241377
39.0706919,8.6324128000000009
39.0932089,8.7144823
39.1604766,8.6130314
39.167731,8.6768265
39.2643164,8.470959
39.3113311,8.5331344
39.3126765,8.5356871
39.3126241,8.5374112
39.3943287,8.4032538
39.4412282,8.4955169
39.2769053,8.6411038
39.3014362,8.6700135
39.3211184,8.6511902
39.3000918,8.8068245
39.3638777,8.7950153
39.0633321,9.011487
39.1731952,8.977866
39.2173159,9.1087278
39.2108511,9.119695
39.2117207,9.117717
39.209243,9.1210395
39.2095963,9.1204213
39.2084782,9.1223229
39.2165699,9.1130474
39.2153633,9.1117094
39.2167426,9.1119904
39.2169317,9.1126536
39.2160179,9.111755
39.2177738,9.1211696
39.2195859,9.1221573
39.2234641,9.1020176
39.223913,9.1011697
39.2327595,9.0974771
39.2322078,9.0980093
39.222573,9.1224753
39.1981908,9.1484765
39.2083324,9.1232109
39.2090777,9.1232295
39.208268,9.1334679
39.21993,9.1232263
39.2181547,9.128125
39.2158605,9.1290513
39.2170946,9.1258899
39.2158244,9.1299349
39.2197918,9.1300479
39.2192674,9.1292612
39.2255068,9.1234864000000009
39.2231194,9.1241321
39.2223672,9.126581
39.2234539,9.1237579
39.2231204,9.1237539
39.2248456,9.1289282
39.2255188,9.1294315
39.2276146,9.1268348
39.2266605,9.1250534
39.2851464,9.0107182
39.3116494,8.924957
39.2877109,8.9599905
39.3356193,8.916659
39.2927798,8.994175
39.3132688,8.9689946
39.3798635,8.9416812
39.4226966,8.9217482
39.423154,8.9211465
39.4232945,8.9213162
39.2375664,9.0949027
39.236456,9.099777
39.2359888,9.1086662
39.234766,9.1116504
39.2414052,9.1208572
39.2512898,9.1070131
39.2511968,9.106455
39.2490486,9.1083312
39.2524905,9.1032754
39.3007415,9.0933522
39.2344643,9.1234696
39.2385958,9.1254772
39.246231,9.1315189
39.2461916,9.1293627999999991
39.2459827,9.1309462
39.2469981,9.1311909
39.2552195,9.1395329
39.2522177,9.1641555
39.2527181,9.1728947
39.2546013,9.1671968
39.2540729,9.1648534
39.2712205,9.1267168
39.2418937,9.1800993
39.241565,9.1794643
39.2430299,9.1797926
39.2406649,9.178322
39.2416576,9.1763601
39.2417237,9.1786523
39.2410744,9.1844804
39.2404239,9.2033432
39.2885701,9.1880191
39.2978856,9.2053349
39.3005401,9.2061629
39.3018309,9.2039486
39.3927868,9.0783053
39.3732386,9.156941
39.347022,9.1820764
39.3772934,9.1766497
39.3801908,9.1761978
39.4328864,9.1263408
39.4900981,8.6601457
39.5275538,8.6004702
39.5375119,8.6289348
39.539046,8.6279855
39.5387835,8.6301472
39.4591123,8.7395358
39.4587696,8.7392578
39.593427,8.7195102
39.54784,8.7886515
39.5493291,8.7919143
39.7721946,8.58141
39.7725729,8.5813663
39.684655,8.6464087
39.6983561,8.7019127
39.6987167,8.7006353
39.7214889,8.6375237
39.7527039,8.6405927
39.682888,8.7750449
39.6848118,8.7735375
39.7014268,8.784104
39.7455527,8.7717843
39.4792117,8.9070587
39.4434495,9.0116356
39.493273,8.9737079
39.5588842,8.8988555
39.5599032,8.9007028
39.562895,8.8994548000000009
39.5613534,8.8991562
39.6146202,8.820954
39.647615,8.9016602
39.6220776,8.9585152
39.4777283,9.1711525
39.533693,9.1290615
39.5323742,9.1301929
39.5297131,9.1317124
39.538479100000004,9.1966665
39.5604882,9.0437959
39.5609338,9.0450968
39.5958378,9.1841162
39.712354499999996,8.8736478
39.7032886,9.0036535
39.7148206,8.9605775
39.7610793,8.8723857
39.7930587,9.0058226
39.6997044,9.1012567
39.732569,9.0205566
39.7403439,9.108866
39.6580098,9.129895
39.7767021,9.0363359
39.7905555,9.0786963
39.7788628,9.2147118
39.1424284,9.5208377
39.2841945,9.2284951
39.3454178,9.360939
39.2791831,9.5289794
39.4200931,9.5796579
39.4203996,9.5805881
39.4207445,9.5767555
39.4205764,9.5807697
39.4403816,9.574943
39.4978086,9.3073224
39.4927095,9.3933537
39.5494812,9.3613225
39.6246534,9.3539346
39.4431952,9.5416973
39.6899947,9.2505003
39.7107546,9.2285086
39.7795878,9.285291
39.8374847,9.3249888
39.6980626,9.5766629
39.8569107,9.583315
39.8423356,9.6444944
36.8303306,11.9420703
36.8321469,11.9447639
37.7162904,12.4947912
37.7252092,12.514266
37.7286277,12.5101125
37.9680843,12.0741017
37.9299376,12.3281636
37.931688,12.3285778
37.9310156,12.3275166
37.7910811,12.447937
37.7976823,12.437632
37.7949222,12.4378726
37.7977199,12.4331259
37.7929177,12.4360308
37.7989324,12.434613
37.7989863,12.4357715
37.7985825,12.4364056
38.0169302,12.5100987
38.0143058,12.5096529
38.0148483,12.5104835
38.0147361,12.518489
38.0181305,12.5178701
38.0179016,12.5179254
38.0172874,12.5177286
37.9960024,12.5492478
38.0209588,12.5355883
38.0224094,12.5479477
37.6508267,12.5920395
37.6503922,12.5915835
37.6564785,12.58877
37.6498603,12.5991361
37.6341644,12.7462108
37.6788587,12.7914998
37.6009347,12.9660494
37.5999687,12.9672935
37.6008717,12.9658445
37.6006452,12.9665026
37.6796706,12.7934201
37.6801482,12.7939006
37.6860071,12.7969848
37.5086167,13.0780239
37.5124985,13.0704704
37.5101858,13.0741853
37.5153736,13.0775103
37.5070429,13.0820299
37.5025723,13.2649706
37.5771061,13.215359
37.5994751,13.2903577
37.9746513,12.9576028
37.9738732,12.9650539
38.0144562,12.7194168
38.1765742,12.7334081
38.1758653,12.7335029
38.1757637,12.7334956
38.0191824,12.8834202
38.0263962,12.8810916
38.0247016,12.8810596
38.0252708,12.881243
37.9766345,12.9564253
37.9760193,12.9562322
37.976089,12.9564816
37.9802983,12.9651893
37.9813196,12.965982
37.9632384,13.1765199
37.814335,13.2979723
37.8127499,13.3008561
38.0480795,13.1216473
38.1507259,13.0833871
38.1538538,13.0831958
38.1319178,13.1815108
38.1319446,13.181516
38.04481,13.2984697
38.0485428,13.3915451
38.0802993,13.2883899
38.0832928,13.2921219
38.0826615,13.2923139
38.0967404,13.3142531
38.0977999,13.3168602
38.1718847,13.2400855
38.1596191,13.3166026
38.0988801,13.3194584
38.0993195,13.3330589
38.1013946,13.3312274
38.1008226,13.3316761
38.1039306,13.3458065
38.1018603,13.3529625
38.1083044,13.3429259
38.1254571,13.3289051
38.1280202,13.3279502
38.1261352,13.329887
38.1290905,13.3323176
38.1294228,13.3334868
38.1273818,13.338034
38.1107117,13.3535162
38.1084492,13.3542555
38.1180933,13.3441153
38.1113186,13.3660497
38.1172629,13.3570452
38.1163231,13.3644256
38.1235483,13.3494281
38.1240087,13.352315
38.1233652,13.3549716
38.1197805,13.3524551
38.1253149,13.3548435
38.1302726,13.3443157
38.1281215,13.345793
38.1281719,13.352956
38.1259966,13.3551116
38.1273102,13.3543356
38.1304671,13.3516611
38.1290333,13.350394
38.1282483,13.350644
38.1284425,13.3528001
38.1295992,13.3527975
38.126632,13.3532394
38.1300807,13.3552323
38.1274675,13.354683
38.1217385,13.3607964
38.1241814,13.3582421
38.121538,13.3582655
38.1209202,13.3567389
38.1219239,13.3565318
38.1219537,13.3572523
38.1229199,13.3579103
38.1233602,13.3584372
38.123037,13.3565388
38.1194783,13.3623329
38.1236776,13.3570226
38.1269956,13.3616883
38.1014352,13.3712252
38.1058876,13.3857635
38.1077048,13.3721518
38.1419454,13.3369593
38.1450475,13.3393174
38.1499965,13.3341586
38.1478854,13.3338891
38.1505745,13.3316311
38.1515442,13.3332766
38.1456737,13.3413832
38.1484058,13.3398749
38.1505482,13.3372343
38.1463515,13.3387433
38.1513507,13.3371396
38.1474919,13.3403283
38.1525001,13.3320166
38.1337842,13.3494374
38.1366308,13.3475724
38.1327875,13.3469331
38.1365766,13.344224
38.1352432,13.3484684
38.1321991,13.3443336
38.132441300000004,13.3440815
38.1341451,13.3507514
38.1405134,13.3456584
38.1409308,13.3454341
38.1448755,13.3458343
38.1392804,13.3464723
38.139586,13.3462212
38.1405298,13.3513084
38.136924,13.3580452
38.1366875,13.3610316
38.197574,13.3296988
40.5568892,8.3163781
40.5568774,8.3167037
40.5542865,8.3211339
40.5567347,8.3175939
40.5587381,8.3158171
40.559095,8.3150061
40.560686,8.3173238
40.5686228,8.3220501
40.5695739,8.3205088
40.5923745,8.2851291
40.6625303,8.2720761
40.6502189,8.3801826
40.9369574,8.2256952
39.9057458,8.5913304
39.906648,8.5884562
39.9037475,8.586024
39.9077432,8.5901138
39.9062538,8.5915468
39.9054571,8.5916126
39.9062262,8.5884655
39.9066139,8.5933964
39.9057493,8.5929564
39.9289666,8.5272909
39.9288415,8.5319425
39.9292415,8.5301181
39.9329867,8.5732579
39.973689,8.5391412
39.9922101,8.5416935
39.9898017,8.5940722
40.047511,8.5759804
39.8776837,8.6101774
39.8793517,8.6089368
39.930189,8.6913707
39.8866411,8.7784565
39.9516903,8.7341448
39.9185918,8.7620204
40.0131696,8.5991121
40.1889014,8.5674777
40.2537983,8.5222971
40.2667437,8.5399813000000009
40.0984172,8.6556136
40.1423598,8.650401
40.0828023,8.7633788
40.2153772,8.8029753
40.2640358,8.7697573
40.265403,8.7768678
40.2653897,8.7793529
39.9048868,8.8952571
39.9474037,8.9396187
39.9955382,8.8090645
40.033091,8.8981153
39.9450262,9.0747684
39.913373,9.1848157
39.9579057,9.1964746
39.9931892,9.0761144
40.0710454,9.0882706
40.0250955,9.1727942
40.1193281,8.8331827
40.1190506,8.8315901
40.083121,8.9120426
40.0831322,8.9120744
40.1259657,8.8180618
40.1255081,8.8188702
40.1058069,8.9318852
40.2306963,8.8996143
40.0961021,9.1210905
40.0950066,9.1612175
40.1613906,9.1956785
40.2484507,9.1768719
40.2963124,8.4989868
40.2960798,8.4999507
40.374345,8.500261
40.2959756,8.6577845
40.3963456,8.6314666
40.4110759,8.6353063
40.3982145,8.6588941
40.4306987,8.7160234
40.4168899,8.7679968
40.4519808,8.7506075
40.5022424,8.4712678
40.59377,8.5678597
40.634779,8.4907681
40.6647652,8.5380776
40.6773204,8.5623166
40.5246347,8.7207994
40.6500412,8.6660024
40.656045399999996,8.6808851
40.6656089,8.7483541
40.2827776,8.8353604
40.2898988,8.8892281
40.3046197,8.9198915
40.3261366,8.9593953
40.3544536,9.0005205
40.416303,9.0302034
40.4427217,9.0571319
40.4626824,9.1913438
40.5511055,8.8352147
40.544545,8.9042681
40.5848716,9.0015853
40.5841689,9.0020135
40.6231307,8.8097522
39.8794661,9.539177
39.9187124,9.5274788
39.9594796,9.5063063
39.8756185,9.5451148
39.8938789,9.5423674
40.0374965,9.6407063
40.2124983,9.2840484
40.2051496,9.3514977
40.0946464,9.5102961
39.9270841,9.657789
39.9259472,9.6613342
39.9268984,9.6619756
39.9275011,9.6696955
39.9345775,9.7065591
39.9686676,9.660684
40.0313485,9.6635821
40.3194551,9.3074128
40.3197063,9.3222002
40.3201137,9.3256344
40.3194875,9.3308426
40.3190519,9.3297283
40.3193954,9.3317606
40.3201434,9.3267408
40.3226388,9.3283655
40.3237891,9.3301485
40.3245815,9.3309043
40.3211934,9.3333553
40.3211003,9.3356578
40.475106,9.3825449
40.2946313,9.5855825
40.2885777,9.591338
40.2892487,9.5892427
40.3862703,9.6114374
40.4703385,9.4838639
40.5779214,9.2577712
40.3783143,9.6987538
40.3766473,9.6966263
40.5735292,9.6932316
40.6328439,9.7150254
40.7507266,8.5130028
40.7500631,8.5162711
40.7309123,8.5417615
40.7128712,8.5535967
40.7150488,8.552591
40.7188934,8.5564428
40.7265536,8.5533753
40.7218842,8.5565887
40.718622,8.5653033
40.7197508,8.5654977
40.7200251,8.5693127
40.7201806,8.5691893
40.7196653,8.569939
40.7257063,8.5630313
40.7226644,8.560758
40.7226644,8.5598434
40.7261758,8.562322
40.7261288,8.5652022
40.72493,8.5632995
40.7252648,8.563263
40.7260656,8.5640359
40.7272141,8.5639983
40.7240227,8.5654333
40.7247271,8.5636134
40.7244796,8.5644852
40.7226953,8.5681249
40.7150577,8.5792172
40.7246019,8.576602
40.7283587,8.5588722
40.7276597,8.5610184
40.7319316,8.561469
40.7901219,8.5933294
40.797528,8.5775788
40.7993304,8.5802279
40.8383519,8.4013365
40.8376621,8.4011236
40.837232,8.4017534
40.7420261,8.673306
40.781863,8.7445422
40.7792064,8.808038
40.9145394,8.710082
40.9138311,8.7130421
40.7327312,8.9835201
40.7918609,8.9426819
40.8498053,8.8180073
40.9044909,8.8705293
40.7863535,9.163033
40.9031366,9.1016574
40.9012494,9.1013092
40.901424,9.1037302
40.9286592,8.8257824
40.9129843,8.8912468
40.9861118,8.9141396
40.9310914,9.0649556
40.9314201,9.064939
40.9218618,9.19405
41.0806066,9.1134492
41.0515199,9.2051269
41.2373661,9.1876129
41.2430216,9.1914911
40.805987,9.3252855
40.8759816,9.3514117
40.8754874,9.6294564
40.9926704,9.3005025
41.0746911,9.3943426
41.0760418,9.3928932
40.9238948,9.4983737
40.923889,9.4987801
40.9222248,9.5016101
40.9237195,9.4977075
40.9219441,9.4966319
40.9194067,9.4968291
40.9284636,9.5019293
40.9342673,9.4985739
40.9355043,9.5182814
40.9377367,9.4981299
40.9398606,9.4979764
40.9396595,9.4979556
40.943776,9.4985282
41.0462563,9.4680749
40.7081798,9.7000069
40.7083296,9.7002648
40.7713409,9.6727748
40.7724007,9.6693383999999991
40.7725305,9.6684622
41.181856,9.3842806
41.2121158,9.4053831
41.2122843,9.4064972
43.0478794,9.8428276
40.8938901,12.9608302
40.8951809,12.9658304
41.4573609,12.6597575
41.4579002,12.661215
41.4560224,12.6771531
41.5010302,12.6183248
41.4292482,12.823184
41.4457622,12.8791702
41.4611692,12.8889698
41.4578655,12.8965778
41.4654944,12.8908971
41.4663142,12.8932013
41.5165475,12.8544817
41.4561551,12.9031633
41.4592668,12.9054656
41.4640498,12.9035381
41.4656531,12.904203
41.4735416,12.9020589
41.4683518,12.904728800000001
41.466675,12.9111877
41.4667755,12.9114328
41.5322,12.9434754
41.5273056,12.9440519
41.539835,12.9487104
41.5339838,12.9483344
41.5300648,12.9552543
41.2433092,13.0917596
41.2891266,13.2366509
41.2895259,13.2505602
41.2896509,13.2494471
41.2888255,13.2500394
41.2899988,13.2491792
41.2896298,13.2503069
41.2873489,13.2553479
41.2876933,13.2571129
41.2880505,13.2575018
41.4966736,13.0421463
41.495947,13.0454678
41.474438,13.1763515
41.5251153,13.1564955
41.3483336,13.3532998
41.3594842,13.4203627
42.3589453,10.9206955
42.3526514,11.6063167
42.3519361,11.6066874
42.7901431,10.1682882
42.7441512,10.2342087
42.7464301,10.2338139
42.745266,10.3789853
42.7655629,10.3944479
42.7623753,10.8809767
42.7649324,10.8837098
42.7643893,10.8819454
42.8048099,10.1973382
42.804903,10.2004769
42.8140124,10.3179351
42.8134627,10.3223368
42.8134932,10.3282191
42.8143308,10.3315219
42.8154826,10.4265812
42.9790883,10.6826018
42.8047683,10.7684875
42.8858301,10.7855764
42.9209984,10.757331
42.9223894,10.75788
42.921786,10.7598175
42.920715,10.7577722
42.9231604,10.7571499
42.9230673,10.7595196
42.9228234,10.7584402
42.9229734,10.7590441
42.9228291,10.7588056
42.9253595,10.7646663
42.9439564,10.835276
42.9432424,10.8357255
43.0974293,10.5392136
43.0989862,10.5390304
43.0293537,10.6009631
43.0320675,10.597563
43.0287569,10.6020636
43.0314927,10.6033936
43.0596905,10.6166672
43.0592704,10.6168461
43.0781288,10.6794485
43.1634949,10.5641961
43.1672414,10.5641295
43.1669793,10.5644021
43.170841,10.5649529
43.1704952,10.5653399
43.1709058,10.5653779
43.1288921,10.6441229
43.1276679,10.6434307
43.0501101,10.8882608
43.0516796,10.8883491
43.0503122,10.888815
43.0493247,10.8893211
43.0485934,10.8976181
43.0479837,10.8938504
43.1772371,10.7146518
43.1454471,10.8559221
43.2102746,10.9036154
42.3934709,11.2045461
42.3931223,11.2036133
42.3922624,11.2058722
42.4341682,11.1229225
42.437858,11.2103284
42.4389103,11.2132213
42.7573287,11.1110479
42.7600284,11.1132733
42.7673842,11.1023048
42.7685783,11.1086176
42.7773332,11.1050749
42.7738465,11.1109368
42.5982087,11.2933683
42.5979701,11.2941622
42.7632918,11.1244754
42.7771178,11.1191677
42.4542486,11.421584
42.3933464,11.4956994
42.400782,11.4981541
42.535536,11.3393279
42.587251,11.5174802
42.5883075,11.5181642
42.5497998,11.7246586
42.687925,11.3345229
42.6879476,11.334674
42.5886452,11.5179684
42.6211584,11.4909559
42.6644855,11.5050772
42.7861335,11.5087972
42.6381135,11.6762542
42.6820821,11.7139019
42.6816066,11.7142428
42.7732731,11.697726
42.925118,10.9075447
42.9322489,11.2716347
43.0824787,10.9841221
43.2087076,10.9057451
43.1319657,11.0162226
43.1544586,11.0853744
43.1546847,11.0861174
43.0115943,11.1670879
43.1389493,11.1797086
43.1389994,11.1797408
42.8910866,11.3941044
42.8721221,11.5378169
42.8719736,11.5372822
42.8502574,11.6916628
42.8815707,11.6748947
42.8814723,11.6748787
42.8792779,11.6775041
42.878106,11.678507
42.8804698,11.6765919
42.8791167,11.6763881
43.0065654,11.6168044
43.0039095,11.616257
42.9334083,11.640692
43.0569658,11.4887413
43.0582032,11.490305
43.0539331,11.4899528
43.0586018,11.4900039
43.1619449,11.3255438
43.1702206,11.3920252
43.1374614,11.4815605
43.1375468,11.4812233
43.1377072,11.4817913
43.1377072,11.4817173
43.0593249,11.604794
43.0600494,11.6036173
43.0860512,11.5491031
43.0860402,11.5487015
43.0771136,11.6771675
43.0784892,11.6758666
43.1534904,11.5894292
43.156471,11.6513283
43.1569459,11.6528867
43.2165118,11.743164
43.2148903,11.7425289
41.9478814,12.0779843
41.9537526,12.0801719
41.9586955,12.0840513
41.7390644,12.2673525
41.7300332,12.2800904
41.7292271,12.2810897
41.732304,12.2746522
41.7309579,12.2770538
41.7324778,12.2755319
41.7327022,12.2783702
41.7362988,12.2775109
41.7364513,12.2770153
41.7364504,12.2769865
41.7264512,12.2911178
41.7301534,12.284683
41.7314372,12.2850084
41.7326323,12.2897528
41.7326411,12.2887836
41.7376133,12.2732895
41.7385751,12.2694176
41.7385287,12.279937
41.7383572,12.2773538
41.7367599,12.2901891
41.7415218,12.3612638
41.6249738,12.4583421
41.6219337,12.4630039
41.670185,12.4993048
41.6719298,12.495628
41.6733232,12.4968762
41.6732002,12.4970831
41.6738231,12.4958549
41.674534,12.4978172
41.6750037,12.4998725
41.6755513,12.4997047
41.675297,12.4984829
41.6752216,12.4991944
41.675687,12.4981065
41.6815397,12.505627
41.7143111,12.5744992
41.7690797,12.2266916
41.7688228,12.2263592
41.7677195,12.2273643
41.7713553,12.2287649
41.7725021,12.2255652
41.7698321,12.2271363
41.7717165,12.255051
41.8532084,12.1997648
41.7598502,12.3022022
41.7973453,12.2982618
41.7987025,12.3024288
41.77042,12.3312047
41.750284,12.3529581
41.7522269,12.3550218
41.7784057,12.342475
41.7776883,12.3495227
41.7834751,12.3658003
41.7835475,12.3649339
41.8170162,12.3437699
41.9033238,12.1641837
41.9177388,12.1983963
41.9228822,12.3674613
41.942442,12.3686217
41.807792,12.4339963
41.807634,12.4338569
41.817025,12.4389343
41.8199095,12.4528324
41.8209183,12.4523388
41.8193601,12.4590671
41.8267603,12.4521844
41.8169347,12.470304
41.8171217,12.4686354
41.8267119,12.4756784
41.8262636,12.4757169
41.844819,12.4345438
41.8518624,12.4329494
41.8312482,12.4639893
41.8322826,12.4633242
41.8338814,12.4690482
41.8341427,12.4676199
41.8319785,12.4659293
41.8332416,12.4766332
41.8287773,12.473657
41.8349379,12.4708782
41.8498138,12.4615696
41.8504833,12.4593799
41.7875702,12.5196523
41.7953075,12.5345069
41.8081281,12.4944766
41.8169733,12.4897566
41.8267915,12.4785782
41.8232679,12.50657
41.8214258,12.5186466
41.830198,12.4883726
41.8408719,12.4820787
41.8412192,12.4814962
41.8408783,12.4825486
41.8303055,12.4941715
41.8329754,12.494925
41.8374251,12.5015766
41.8451407,12.4840331
41.8424541,12.48186
41.8452318,12.4842218
41.8444586,12.4833016
41.8432888,12.4872134
41.8503092,12.4911223
41.8512579,12.4852281
41.8501992,12.4941027
41.8515142,12.4930277
41.8518379,12.4979217
41.843736,12.5511049
41.8534004,12.5603523
41.8545375,12.5607388
41.8541837,12.561286
41.8544086,12.5640307
41.853233,12.5667625
41.85269,12.5661399
41.8562581,12.4199395
41.8762983,12.414505
41.883142,12.4185875
41.860335,12.4428067
41.8598714,12.4436773
41.859597,12.4425832
41.8555257,12.4501635
41.858746,12.4493668
41.8558417,12.4458008
41.878517,12.4280367
41.8773273,12.4304913
41.872762,12.4487109
41.8728169,12.4493963
41.8753994,12.4450613
41.8670918,12.4682187
41.8623789,12.4672141
41.8646856,12.4674043
41.8648084,12.4667391
41.8650731,12.4658352
41.865168,12.4654905
41.8622348,12.4700765
41.8616363,12.4707139
41.8652407,12.4649789
41.8626395,12.4694818
41.8626448,12.4711713
41.8734165,12.4572475
41.8800493,12.4607864
41.8749909,12.4674469
41.8763214,12.4672155
41.876841400000004,12.4739457
41.879458,12.4765506
41.8790085,12.4768617
41.879888,12.4754436
41.8935986,12.4350634
41.898903,12.4288159
41.9011443,12.438068
41.8885436,12.4742391
41.9053134,12.457906
41.9025724,12.4616523
41.9069303,12.4615204
41.8977058,12.4700008
41.8993035,12.4669878
41.8991809,12.4671575
41.896057,12.4762071
41.8990749,12.4764481
41.8947706,12.4761062
41.8962129,12.4771312
41.8970418,12.4724673
41.8939363,12.4760816
41.8964823,12.4734336
41.8966516,12.4738297
41.8995601,12.4764493
41.9049211,12.4685826
41.9010798,12.4769732
41.905005,12.4724972
41.9029452,12.4777579
41.9019531,12.477495
41.9099431,12.3986412
41.9363408,12.4215096
41.9391762,12.4248579
41.9400602,12.4239801
41.9427887,12.4238819
41.9108768,12.4453792
41.9096249,12.45097
41.9141153,12.4433465
41.9192886,12.4411712
41.9170881,12.4407223
41.9165165,12.4395739
41.9154614,12.4387655
41.9299957,12.4261428
41.9231923,12.4390518
41.9204216,12.4421694
41.9094826,12.4518507
41.9097126,12.4601908
41.9089995,12.4594922
41.9077456,12.4648372
41.9156374,12.4529491
41.9186224,12.4568566
41.9138462,12.4552892
41.9166998,12.4634761
41.9084286,12.4664725
41.910295,12.4656578
41.9099142,12.4660276
41.9090421,12.4769819
41.91026,12.4740628
41.9101737,12.4736948
41.9119493,12.4750529
41.9124327,12.4745339
41.9321616,12.4660557
41.9328365,12.4671471
41.9318779,12.4675214
41.9370949,12.4312072
41.9345874,12.4393984
41.9341554,12.4407865
41.9345291,12.4434452
41.9394516,12.4659612
41.9379062,12.4671514
41.9466451,12.4669532
41.8546429,12.4807477
41.8606248,12.486507
41.8660857,12.4857606
41.8669674,12.4857752
41.8669921,12.4849651
41.8662971,12.4857351
41.8572687,12.4957505
41.8609368,12.4993196
41.8657935,12.4988137
41.8707546,12.4801873
41.8786926,12.4788514
41.8748303,12.4803003
41.8753441,12.480361
41.8681509,12.494654
41.8733827,12.513952
41.8739233,12.5109582
41.8721773,12.5149781
41.8800544,12.5063896
41.8742535,12.5118166
41.8742121,12.5189694
41.8732407,12.5251329
41.8716814,12.5270834
41.8709675,12.52716
41.8713177,12.5275704
41.8695256,12.5302267
41.8714719,12.5291491
41.8764634,12.5202322
41.8770518,12.5205173
41.8751568,12.5227993
41.8785048,12.5184867
41.8756139,12.5272183
41.8769461,12.5258786
41.8745584,12.5293072
41.8811195,12.4838479
41.8818053,12.4862769
41.8916031,12.5033379
41.888952,12.4983068
41.8894903,12.5030972
41.8971196,12.4831461
41.8967018,12.4833179
41.8985745,12.481315
41.8975941,12.4817088
41.8978289,12.4885843
41.9022307,12.4827104
41.9008881,12.4822164
41.9030366,12.483307
41.9060704,12.4781076
41.9004936,12.4808185
41.9014725,12.4825948
41.9020085,12.482616
41.9038209,12.4835227
41.903949,12.4844072
41.9039625,12.4844616
41.9046461,12.4828652
41.9026085,12.4853015
41.9067954,12.4881441
41.9057017,12.4909942
41.9037732,12.4854174
41.9048385,12.4857857
41.9041249,12.489034
41.9036998,12.4894291
41.9034898,12.4887455
41.9043559,12.4888128
41.9004483,12.4936151
41.8997745,12.4966133
41.89652,12.5011439
41.8970747,12.5001362
41.8986707,12.4977616
41.8981243,12.500071
41.8972058,12.5015625
41.8948352,12.5013607
41.9044294,12.4963003
41.9049353,12.4930147
41.9065843,12.497231
41.9020377,12.4950133
41.9069576,12.496811
41.9048848,12.4924352
41.9043506,12.4961796
41.9040586,12.4957243
41.9061251,12.4965612
41.9032157,12.4954921
41.9033966,12.5011854
41.9036315,12.5022269
41.9039242,12.5014886
41.9042041,12.5015021
41.8848286,12.5096897
41.8871751,12.5086039
41.8810651,12.5092997
41.8847763,12.5148236
41.8811584,12.5145859
41.8828152,12.513345
41.8935366,12.5043754
41.8842638,12.5187377
41.8896685,12.5227807
41.8953148,12.5048294
41.8989166,12.5168175
41.898672500000004,12.5151339
41.9038612,12.5174259
41.867495,12.5305896
41.8639991,12.5498254
41.8638653,12.5486741
41.8612049,12.5547715
41.8614989,12.5554221
41.8616317,12.5555648
41.8644334,12.5505437
41.8679797,12.5333706
41.8797918,12.5427223
41.8577514,12.5602484
41.8568979,12.5625348
41.8555697,12.562005
41.8598831,12.5634646
41.857685,12.5633366
41.8595207,12.5654398
41.8548176,12.5655
41.8620287,12.5587305
41.8618853,12.5650275
41.8791667,12.5666096
41.8765117,12.5785671
41.8808206,12.5424572
41.8872331,12.539285
41.8868695,12.5408607
41.8809501,12.540603
41.8869429,12.5395336
41.8907385,12.5400591
41.8917351,12.5413626
41.8985816,12.5321754
41.8975341,12.5357224
41.8986358,12.5368964
41.8979348,12.5391065
41.8841931,12.5611614
41.8808253,12.5681914
41.8919034,12.5616009
41.8913066,12.5624012
41.8935263,12.5592318
41.8951086,12.5577272
41.8951898,12.5652894
41.9079706,12.4882906
41.9071966,12.48972
41.9115845,12.4920957
41.9082091,12.4925058
41.9079358,12.4926166
41.9085102,12.4945308
41.9098561,12.5011812
41.9075452,12.4979357
41.9108316,12.5007575
41.9180757,12.4973148
41.9147911,12.5040688
41.9190355,12.4981118
41.9243177,12.4901053
41.928121,12.4866858
41.9283412,12.4865925
41.9287359,12.4863454
41.9229809,12.4936958
41.9228929,12.4915614
41.9224604,12.4919726
41.9129165,12.5070048
41.9131855,12.5060539
41.9097782,12.5213377
41.9131828,12.521068
41.9093595,12.5219403
41.9076074,12.5181352
41.9140689,12.5210716
41.9245235,12.5155771
41.9227855,12.5114997
41.9228375,12.5119946
41.9225955,12.5112903
41.9294977,12.516173
41.9288818,12.5163078
41.9294482,12.5157521
41.9212438,12.5221406
41.9207313,12.5178698
41.9304547,12.5180012
41.9299698,12.5184411
41.9289932,12.5248069
41.9562737,12.4841571
41.9355274,12.5106103
41.9393554,12.5272496
41.9395882,12.5295835
41.9459841,12.5195837
41.946149,12.5176851
41.9459844,12.5290657
41.9534097,12.5230082
41.9545513,12.5227185
41.9083942,12.5348817
41.908551,12.5364206
41.9086064,12.5379438
41.9086551,12.5395589
41.9154507,12.5476313
41.9153675,12.5478799
41.9123488,12.5745253
41.9133388,12.5748536
41.9121158,12.57574
41.9130412,12.571354
41.9124786,12.5708517
41.9348527,12.5320387
41.9343912,12.5309569
41.9366102,12.5340359
41.9350383,12.5320916
41.9359041,12.5373685
41.940087,12.5362575
41.944159,12.5379509
41.9454531,12.5484736
41.9446296,12.5512369
41.9448914,12.5519514
41.9439579,12.5503847
41.9411819,12.5522204
41.9498339,12.5382327
41.9371474,12.5589717
41.941317,12.5754508
41.9417753,12.57441
42.038088,11.8749901
42.0226547,11.9517953
42.0903402,11.794268
42.0937475,11.796403
42.0936475,11.7961782
42.0917262,11.7920483
42.0916824,11.7925096
42.0922878,11.7949448
42.0909113,11.8069349
42.0915781,11.8047462
42.1501626,11.938211
41.9852193,12.0844719
41.9905659,12.088394
41.9906567,12.0885397
41.9947456,12.0923499
41.9967884,12.0967629
41.9957749,12.0955463
42.0983216,12.1629613
42.1374659,12.102447
42.1571721,12.13894
42.246243,11.7504015
42.2505088,11.7582733
42.2725316,12.0279911
42.3181122,12.0602098
42.3176348,12.0627905
42.3697123,12.1251398
42.3686718,12.1257714
42.0982158,12.1690287
42.1006991,12.1762701
42.1025331,12.1761559
42.1020144,12.1754611
42.1023261,12.1764646
42.1014052,12.1752677
42.0762532,12.2903021
42.078897,12.2878946
42.0789298,12.2870364
42.0906489,12.2718067
41.9832604,12.4080126
41.9709315,12.4341534
41.9699898,12.4354926
42.0126415,12.3768818
42.0631104,12.3735643
41.9645524,12.5153732
41.9646296,12.5154337
41.9649741,12.5136686
41.971733,12.5164715
41.9722917,12.5161627
41.9653036,12.5192772
41.9920625,12.4877138
41.9952205,12.4815884
42.0050949,12.4804371
42.0009582,12.4940398
42.0032775,12.5177687
42.0802147,12.3994325
42.0807506,12.4002819
42.1382927,12.3802358
42.1002281,12.5043828
42.0909164,12.5220232
42.1020321,12.5821211
42.144242,12.5085177
42.2205685,12.1897609
42.2583869,12.1738469
42.2582561,12.1736091
42.2420422,12.2246855
42.1955727,12.30947
42.2423187,12.3462595
42.2421403,12.3476507
42.2924112,12.2154726
42.2902108,12.2172629
42.2902591,12.2167896
42.2896268,12.2178504
42.3218282,12.2329315
42.3260288,12.2407573
42.3278325,12.2376734
42.3418437,12.3583237
42.3453644,12.3562655
42.2853155,12.4035197
42.2918619,12.4139686
42.3732983,12.4025894
42.3608868,12.4812801
41.5903122,12.6500336
41.5754827,12.6686244
41.5958307,12.644545
41.5941801,12.6478457
41.6965075,12.5909443
41.6966133,12.6495196
41.7256566,12.6173548
41.7068039,12.685402
41.7279754,12.659734
41.7284427,12.6565503
41.7275067,12.6598222
41.7293901,12.6577878
41.7259653,12.6555206
41.724794,12.6560677
41.7283618,12.6600725
41.7308579,12.6570196
41.7476879,12.6481789
41.7250047,12.6624592
41.7245722,12.6638003
41.6816825,12.7763347
41.6815924,12.776067
41.681306,12.7763861
41.680899,12.7764674
41.6823017,12.7759414
41.6807314,12.7772931
41.6891383,12.7876526
41.6933273,12.7798993
41.6915671,12.7808996
41.7030428,12.6921245
41.5885787,12.8299147
41.5912244,12.8297521
41.5931556,12.8272093
41.6429367,12.909171
41.6434033,12.9179541
41.7266405,12.8339304
41.7268088,12.8332118
41.7403681,12.9131082
41.7421046,12.912608
41.8020147,12.600106
41.7972696,12.6079475
41.7967385,12.608556
41.7703757,12.6596
41.7692465,12.6632385
41.7701805,12.6663906
41.7869616,12.6729306
41.7861575,12.6706189
41.7865898,12.6725478
41.7842576,12.6759139
41.7826415,12.6823619
41.7826271,12.6821359
41.7897734,12.6689582
41.8029555,12.5998154
41.8068217,12.6002175
41.8041939,12.6023733
41.8090817,12.5963038
41.8131596,12.6107083
41.8113961,12.625999
41.8195545,12.6114215
41.8336708,12.6005968
41.8544919,12.5905853
41.8536746,12.590642
41.8535202,12.5906741
41.8495571,12.5915786
41.8541135,12.5905761
41.846855,12.5970772
41.8307724,12.6175258
41.8420551,12.6228329
41.8522492,12.6297653
41.8224684,12.6381685
41.8237255,12.6441482
41.8084974,12.6796139
41.8081227,12.6794305
41.8080287,12.6793381
41.8079153,12.6806235
41.8084864,12.68056
41.8076512,12.6790272
41.8076782,12.6791606
41.8056695,12.6779093
41.8094333,12.6784429
41.8125532,12.6809496
41.8113586,12.6805966
41.8456219,12.6540013
41.7622932,12.7059306
41.7742779,12.6952182
41.7919867,12.7567658
41.818279,12.6878822
41.850431,12.7318693
41.8203667,12.778171
41.8668358,12.5927639
41.8649204,12.6045334
41.8620979,12.6325747
41.8726626,12.618188
41.8725178,12.6210033
41.8738941,12.6292326
41.8938245,12.5882024
41.8928672,12.6292514
41.8677822,12.6749264
41.9055351,12.6622432
41.9125209,12.6080511
41.9133062,12.6084838
41.9470822,12.5879152
41.9467199,12.6004641
41.9106616,12.6531906
41.9110545,12.6528961
41.9120277,12.6527853
41.9091685,12.6555219
41.9415894,12.6476335
41.9430788,12.649731
41.8631173,12.6899268
41.8628977,12.6892362
41.8633665,12.6895139
41.8644418,12.6991558
41.9075821,12.6907868
41.9522595,12.7310112
41.9571127,12.757616
41.9575543,12.7581576
41.956909,12.7747149
41.7971989,12.8069647
41.8339377,12.8349997
41.8292356,12.8389779
41.8322399,12.8833304
41.833717300000004,12.8883556
41.8353449,12.887877
41.8375456,12.8883831
41.8351911,12.8881344
41.8388367,12.894453
41.7746684,12.9182047
41.7716572,12.9218263
41.7767794,12.9145521
41.7779994,12.9167456
41.7779817,12.9276251
41.8190127,12.9343961
41.8188362,12.9338252
41.8187815,12.9730944
41.827979,12.9720905
41.8288206,12.9713614
41.8674759,12.8264833
41.6046759,13.0855249
41.7261101,13.0035552
41.7261381,13.0031835
41.7257831,13.0057877
41.7262332,13.0045603
41.7249706,13.0090074
41.7312071,13.0064432
41.7451696,13.1523081
41.7432109,13.1569426
41.5759327,13.320309
41.5693928,13.3368602
41.6374837,13.3413691
41.6368622,13.3405456
41.6377179,13.3414398
41.6394918,13.3431108
41.6442869,13.3452473
41.643765,13.3470347
41.6404121,13.3438162
41.6943384,13.2551244
41.6864757,13.2667546
41.6874573,13.2651564
41.6571309,13.3218552
41.6489197,13.3408666
41.6482702,13.3412953
41.6485746,13.3418106
41.6461337,13.3427236
41.6472562,13.3489037
41.6488459,13.3506434
41.6471352,13.3498302
41.6465369,13.3501022
41.6455883,13.352425
41.6939766,13.4217475
41.7252499,13.335605
41.7278389,13.3429793
41.7280401,13.3434963
41.7286751,13.3442272
41.9243098,13.0953007
41.8635488,13.2477891
41.9973011,12.6205869
41.9981443,12.6224484
41.9752417,12.6491398
41.9900406,12.6609499
41.9895501,12.6606676
42.0591349,12.584857
42.0621717,12.58933
42.0635456,12.590797
42.0625489,12.5902058
42.0502389,12.6233061
42.0502443,12.6226266
42.0527739,12.6158955
42.0522275,12.6189771
42.0376352,12.6394657
42.0369622,12.6378942
42.0348772,12.6418689
42.0339449,12.6453032
42.0349521,12.6431857
41.9766747,12.7080995
41.9941912,12.7245955
41.9931649,12.723348
41.9957913,12.7263761
41.9646554,12.7557707
41.9603536,12.7579524
42.0643905,12.5917949
42.1577876,12.5894003
42.1689625,12.5881455
42.1655091,12.5885042
42.1531876,12.653717
42.1533535,12.6502017
42.0701775,12.7663645
42.0668121,12.7695861
42.1318752,12.7368365
42.1340838,12.7419853
41.9617946,12.7979528
41.9601052,12.7955693
42.0098141,12.8411957
42.0229913,12.8077753
42.0221486,12.8079339
42.171612,12.5910467
42.229836,12.5962817
42.2402901,12.6341766
42.2649789,12.6860792
42.2651677,12.6865499
42.2662766,12.6854271
42.2737601,12.9258667
41.9820728,13.0343687
42.264386,13.1635621
42.357023,13.2835096
42.3493857,13.3482766
42.3591121,13.3637668
42.3482564,13.3927869
42.3471138,13.3978911
42.3503149,13.3999677
42.3482149,13.3985022
42.3462012,13.3978481
42.348672,13.3990726
42.3496794,13.3991204
42.3505241,13.4002385
42.3481319,13.3987417
42.3498334,13.4029301
42.3597324,13.3794924
42.3577299,13.3840771
42.3565192,13.3865995
42.3536868,13.3902401
42.3596457,13.3869851
42.3570145,13.4070629
42.3539886,13.4080972
42.354183,13.4154583
42.4181154,11.8660024
42.4178755,11.8644588
42.4183369,11.8672592
42.5670827,11.8182044
42.5662649,11.8204266
42.411236100000004,12.0992284
42.4245674,12.1058249
42.4208524,12.1107614
42.42126,12.1105887
42.4285616,12.1007514
42.4282389,12.1006441
42.4279043,12.1009231
42.4275084,12.1016124
42.4269216,12.1020333
42.4255357,12.1031612
42.4293489,12.1058367
42.4285153,12.1078344
42.4149963,12.114477
42.4148437,12.1132534
42.413107,12.1163362
42.4167356,12.1158396
42.4315362,12.1051329
42.5405603,12.0334647
42.6733633,11.8704793
42.7434868,11.8651375
42.7427481,11.8694476
42.7420546,11.876464
42.6440944,11.9861733
42.6413767,11.9903349
42.6266949,12.0912337
42.6267223,12.0946623
42.6283454,12.0862715
42.7185699,12.107951
42.7183915,12.1108814
42.7221904,12.1332815
42.7305743,12.1344905
42.7319782,12.1369963
42.3822638,12.2308484
42.3814357,12.2314775
42.4678432,12.1726089
42.4646126,12.1735264
42.4166832,12.3469539
42.5144614,12.1716079
42.4346782,12.4078784
42.4386412,12.4083022
42.4389836,12.4078677
42.4677088,12.3942576
42.4237725,12.4790361
42.554443,12.4182235
42.5545475,12.4169619
42.5550796,12.4157608
42.5533664,12.4158459
42.5179141,12.5167225
42.5190111,12.5153293
42.5315467,12.5171269
42.538008,12.522018
42.6133483,12.5465203
42.6905178,12.5448305
42.7785145,12.4107525
42.7785205,12.4105838
42.7813828,12.4064604
42.7818344,12.406847
42.7786304,12.4147221
42.8965976,11.7675213
42.8963038,11.7687462
42.8623214,11.8217612
42.8668388,11.8755881
42.9073441,11.9154491
42.964058,11.9006318
42.9886484,11.8671625
42.837614,12.065565
42.9528198,12.0044883
42.9529321,12.0047923
43.0026877,11.9569764
43.0043487,11.9567552
43.0034477,11.9551676
43.0043279,11.9560568
43.0452211,11.8139233
43.043933,11.8143567
43.0579936,11.8304995
43.0949635,11.782497
43.0981601,11.7849284
43.0957376,11.7839758
43.0964752,11.7852489
43.0947028,11.7833932
43.1011003,11.7860908
43.0709507,11.8064151
43.0158818,11.947583
43.1463008,11.8240243
43.1689068,11.7759589
43.1706405,11.7821005
43.1702383,11.7810467
43.2149338,11.7483644
43.2158505,11.7442684
43.2089367,11.8012225
43.2061407,11.8047601
43.1362527,11.8551717
43.1345981,11.8554706
43.0753516,12.0555802
43.1213546,11.9566795
43.1215403,11.9562571
43.1267061,12.0481889
43.2111074,12.0092949
43.2107975,12.0088452
43.2116269,12.0081189
43.209803,12.0718436
43.1845058,12.136531
43.1850942,12.1357945
43.1860716,12.1354004
43.1854805,12.1366048
42.8684862,12.2662199
42.9000487,12.3510207
42.9075392,12.3354724
42.9098696,12.3373819
42.9855128,12.2803928
42.8011755,12.4092391
42.8021164,12.4083552
42.8704887,12.3945164
42.8720082,12.3937129
42.9000623,12.4359407
42.8678082,12.5543108
42.8704149,12.5586619
42.8711511,12.5597918
42.9790528,12.4143053
42.9797583,12.4147918
42.9823635,12.417110600000001
42.9948536,12.5827627
43.0546664,12.2207717
43.0606248,12.3073985
43.065925,12.3119967
43.0717984,12.3172759
43.089296,12.3092194
43.0986747,12.3127937
43.0967424,12.3177148
43.1040751,12.3182943
43.0785809,12.3356992
43.0747054,12.341245
43.0860829,12.3677465
43.0856442,12.3669232
43.092134,12.3664042
43.0916656,12.3688303
43.0908194,12.3691119
43.0879714,12.3676501
43.0937989,12.3694963
43.0933462,12.3694365
43.1038205,12.3483607
43.0997986,12.363022
43.1015296,12.3730181
43.1065362,12.3624448
43.1065396,12.3697895
43.1075667,12.3692536
43.1176224,12.1669148
43.1421141,12.2056571
43.138818,12.2390961
43.1596988,12.2859886
43.160222,12.2866701
43.0382508,12.4026408
43.0256968,12.4342416
43.096548,12.3862966
43.0996746,12.3823954
43.1015851,12.3758714
43.1019081,12.3761806
43.1053678,12.3783315
43.1012277,12.3733628
43.1046811,12.3775994
43.1053689,12.3784824
43.1026023,12.3760955
43.1004977,12.3745564
43.1048146,12.3817976
43.1080915,12.3779842
43.108595,12.3875262
43.1113005,12.3891268
43.1091666,12.3877412
43.1121096,12.3894806
43.1108501,12.3883941
43.1089024,12.3876463
43.0849187,12.444949
43.0907703,12.4352276
43.0905064,12.4388437
43.0909287,12.4420838
43.0902232,12.4392307
43.0902367,12.4460203
43.1112739,12.4478829
43.0215268,12.5055625
43.0589272,12.545831
43.058217,12.5752502
43.0580766,12.5787514
43.0591104,12.5781482
43.0556054,12.5782544
43.0790814,12.5020231
43.1042299,12.4912604
43.0668312,12.5424813
43.0626684,12.5500697
43.0661192,12.5497465
43.0628487,12.550692
43.0666332,12.5505987
43.0664385,12.5556352
43.067684,12.5498059
43.0671605,12.5520654
43.0650619,12.5599139
43.0630671,12.5650513
43.062065,12.5681388
43.1162671,12.38757
43.1186701,12.3985857
43.1249972,12.4469324
43.132107,12.4395687
43.1311583,12.4483542
43.1742295,12.4296429
43.1800247,12.4270873
43.121026,12.5362492
42.4120374,12.769366
42.5810172,12.6211526
42.581042,12.6224028
42.5436642,12.6449585
42.5590014,12.6459494
42.5593152,12.6466395
42.559619,12.6467008
42.5580333,12.6458362
42.5608388,12.6473347
42.5651323,12.6415513
42.5659608,12.642748
42.5640133,12.648283
42.5658804,12.6520318
42.5663734,12.6486154
42.5658922,12.6490083
42.5681227,12.6500778
42.5847768,12.7673726
42.3975641,12.8579997
42.4016138,12.8527642
42.402782,12.8630776
42.4082864,12.8564151
42.4093604,12.856347
42.4053507,12.8734818
42.3868127,12.9480413
42.4138182,12.8979334
42.4218022,12.9068119
42.3881899,12.9514914
42.6204007,12.7907168
42.7310727,12.6786429
42.7356015,12.7367147
42.7399622,12.736677
42.7419679,12.7380296
42.7401602,12.7371441
42.7394931,12.7374512
42.7426609,12.7381784
42.7407066,12.7378678
42.7443334,12.7373174
42.7413958,12.7388716
42.7736978,12.7214209
42.7951658,12.7500993
42.7127695,12.8301447
42.4169454,13.0790889
42.4172135,13.0794561
42.4363265,13.3017428
42.5252709,13.2437181
42.5250746,13.2442885
42.7938756,13.0924017
42.7935766,13.0923564
42.7927752,13.0927532
42.7918276,13.0949797
42.6251388,13.2998401
42.7746793,13.3111177
42.7703138,13.4107999
42.8936564,12.6492508
42.83765,12.7600748
42.8697469,12.714507
42.874907,12.7379647
42.8748917,12.7380709
42.876967,12.7374538
42.8782842,12.7497462
42.9343526,12.6098069
42.9880562,12.6727029
42.9862566,12.673283
42.9861657,12.6739111
42.9549565,12.7049062
42.9537703,12.7077869
42.9552673,12.7086162
42.9548298,12.7082248
42.9558377,12.7042073
42.955634,12.7044432
42.8167605,12.9166862
42.8862014,12.9221866
43.0438377,12.6177497
43.0663913,12.6211425
43.1137145,12.7884852
43.1136313,12.7888175
43.0277894,12.8898999
43.0722649,12.9526173
43.1785527,12.9855604
42.8806931,13.0395647
42.9310838,13.0861113
43.143759,13.0715111
43.1440312,13.0719362
43.1439,13.0709343
43.2080124,13.0573072
43.0352809,13.2989276
43.0667302,13.3385371
43.1650073,13.2422258
43.1653352,13.2425522
43.2111398,13.2860181
43.2112507,13.287544
43.1963855,13.3767389
37.3073864,13.4619773
37.2895142,13.5289861
37.2888457,13.5281731
37.2644105,13.5800387
37.2708054,13.6234064
37.3038617,13.5900012
37.302471,13.5949027
37.310119,13.5849035
37.3093285,13.5858439
37.3110325,13.5870762
37.3091913,13.5857268
37.3194118,13.5818737
37.1921486,13.7617201
37.3074528,13.6553901
37.3108978,13.6575951
37.3138281,13.6595427
37.1074838,13.9323753
37.1011316,13.9379167
37.102925,13.9402644
37.1058313,13.9455678
37.0742117,14.2292207
37.0674821,14.2524768
37.066646,14.2493293
37.0686901,14.2579714
37.0709541,14.2369663
37.3335342,13.9918667
37.283131,14.0823618
36.8910702,14.4294584
36.7836947,14.5543661
36.7836092,14.5535698
36.7626043,14.6378808
36.8276002,14.5250006
36.8276799,14.5252387
36.7138727,15.0837712
36.7158824,15.0910911
36.7150657,15.0920659
36.7152947,15.0903694
36.7145593,15.0923723
36.7831017,14.6916078
36.7837051,14.692279
36.7948738,14.7028533
36.7915585,14.7030665
36.7919605,14.7069959
36.7939921,14.7070684
36.7264993,14.8457331
36.7283308,14.848611
36.7271503,14.8468628
36.7278486,14.8474426
36.727153,14.8476256
36.8330338,14.7736454
36.8329676,14.7731607
36.8396933,14.7642039
36.8376488,14.760733
36.8391644,14.7634138
36.8396246,14.7681704
36.8439544,14.7660277
36.8438428,14.7677
36.8443808,14.7656693
36.8400131,14.7791447
36.8555551,14.7593473
36.8580296,14.7607863
36.8713512,14.7594696
36.9248292,14.7078553
36.9255675,14.7133246
36.9156264,14.7251625
36.9189385,14.7237745
36.9144448,14.7256038
36.9185589,14.7241607
36.915725,14.725931
36.9168026,14.7267491
36.922696,14.720035
36.9237235,14.7197954
36.921977,14.7202836
36.9260818,14.7289987
36.9259042,14.7297478
36.9226428,14.7271594
36.9244362,14.8307025
36.7862316,14.9106718
36.7865661,14.9096934
36.7855858,14.9100716
36.7850155,14.9098353
36.7863678,14.9103838
36.8170698,14.95083
36.8204866,14.9530222
36.8190046,14.9504386
36.719468,15.0969382
36.8905145,15.0726476
36.8912411,15.0698419
36.8909566,15.0673735
36.8901338,15.0736268
36.9495145,14.5207286
36.949658,14.5373333
36.9485156,14.5359997
36.9482391,14.5360172
36.9493195,14.5367537
36.9494127,14.5371357
36.9493505,14.5362076
36.9532163,14.5304811
36.9546374,14.5303845
37.0241782,14.4942015
37.0228113,14.4948052
37.0247352,14.4940444
36.9458276,14.6053389
36.95115,14.6029909
36.9504966,14.6023659
36.9528985,14.6028994
36.9531434,14.6029021
37.023866,14.5848974
37.0849746,14.5595621
37.0939026,14.5657521
37.1455468,14.3844481
37.1451643,14.3850974
37.1454802,14.3856685
37.2890782,14.3678025
37.3244005,14.4462369
37.2251689,14.5201204
37.2265554,14.5211767
37.2273498,14.5209634
37.2200628,14.5249115
37.2300619,14.5235774
37.2303327,14.5253205
37.2142217,14.6361284
37.2151658,14.6366674
36.9300775,14.6939416
36.9278871,14.6997354
36.9287388,14.7175518
36.926473,14.7437357
37.0315621,14.7024469
37.0316092,14.7008832
37.0888769,14.763447
37.0892716,14.7639553
37.0484319,14.7971423
37.0616932,14.9024606
37.0621714,14.9039089
37.0601901,14.908855
37.1192905,14.9397138
37.0319143,15.0655147
37.1566548,14.7046244
37.1612742,14.7495599
37.1614324,14.7506341
37.227079,14.8798616
37.229929,14.8821589
37.2647496,14.6899339
37.3278803,14.7456399
37.3274079,14.7460717
37.3260663,14.7463225
37.2752827,14.7950723
37.2904419,14.8416026
37.2952696,14.8453805
37.2956825,14.8455723
37.1585027,15.0279816
37.1562443,15.0279759
37.2751712,15.014412
37.292644,15.0007743
37.2887902,14.9982168
37.289058,14.9986848
37.294605,15.0004122
37.2953763,14.9994821
37.2937188,15.0059248
37.3983651,13.5325693
37.4044831,13.6182106
37.4051784,13.6179676
37.4067019,13.6179201
37.5213572,13.4342104
37.5210163,13.4327818
37.5407577,13.6411987
37.6817454,13.8310134
37.3526519,13.8437889
37.3570358,13.8491178
37.3559102,13.8481539
37.3581639,13.8496036
37.4832561,13.988230099999999
37.4916321,14.04075
37.597468,13.9146341
37.6542623,13.8430901
37.5904524,14.0322433
37.5855937,14.1735743
37.6936794,14.1146739
37.9654534,13.4575928
37.89637,13.5634373
37.7788125,13.7133307
37.7811032,13.7139872
38.0772083,13.4442664
38.0779867,13.4464316
38.0753741,13.4498723
38.0756683,13.4491754
38.0796766,13.5023184
38.0785593,13.5078654
38.0786838,13.509087
38.0825459,13.5018917
38.0838419,13.5027184
38.0857513,13.5056789
38.085211,13.5093983
38.0844354,13.5100803
38.0885972,13.5047992
38.0836654,13.5161054
37.9834004,13.7013487
37.9830452,13.6992344
37.8127757,13.9982448
37.943726,14.0060608
37.807749,14.0921491
37.9285854,14.0900301
37.93097,14.0888165
37.9317584,14.0887486
37.9924458,13.8858903
38.0326558,14.0146168
38.0334916,14.0170712
38.0368858,14.0221234
38.0342558,14.0195308
38.034594,14.020294
38.0200828,14.1594526
38.0203249,14.1599164
37.3777009,14.3689596
37.3882069,14.3715757
37.3903877,14.3717787
37.3888121,14.3717316
37.3895549,14.3721317
37.5623043,14.2717579
37.5632269,14.2719001
37.5678551,14.27762
37.5675946,14.2774414
37.5675025,14.2776856
37.5690576,14.2755452
37.5696614,14.2744294
37.5568593,14.2891718
37.5598357,14.2949443
37.5610415,14.2953791
37.3859456,14.6939751
37.3870922,14.6942518
37.409797,14.9086374
37.4107557,14.9171454
37.4436572,15.0653216
37.4627028,14.957706
37.5118569,14.9656343
37.5019725,15.0851787
37.5209474,15.0007367
37.5190126,15.0020444
37.5184254,15.0050516
37.5182674,15.0065444
37.5205059,15.0075535
37.518737,15.0055875
37.517568,15.0070171
37.5118301,15.030992
37.5085946,15.0570371
37.5089642,15.0593149
37.5094939,15.0625509
37.511505,15.072552
37.5107301,15.0700101
37.5076492,15.0853108
37.5089209,15.084684
37.5146439,15.0748026
37.5136162,15.0756749
37.513647,15.0833986
37.5131849,15.0860494
37.5035664,15.0876152
37.5073015,15.0872264
37.5078065,15.0884636
37.5078283,15.0889422
37.5073489,15.0884593
37.5049331,15.0895017
37.5078595,15.0893543
37.5080513,15.0898646
37.513649,15.0926996
37.5143124,15.0902469
37.5142988,15.090141
37.5143021,15.0892105
37.5151121,15.0919085
37.5144141,15.0909177
37.5118492,15.0917353
37.5153743,15.0962253
37.5153363,15.0959957
37.5149745,15.0964699
37.5205526,15.0831109
37.5260065,15.0852203
37.5224435,15.0881811
37.5169167,15.0884449
37.5200555,15.0906571
37.519848,15.090906499999999
37.5217988,15.0959255
37.5207187,15.0967276
37.5166771,15.0973479
37.5214749,15.095994
37.5245945,15.0865718
37.551503,15.0646152
37.5546698,15.0659372
37.5391648,15.0935626
37.542541,15.0758846
37.5550862,15.0808447
37.6488068,14.8542318
37.6449554,14.8638703
37.6446649,14.8637073
37.6444042,14.8640433
37.6609286,14.8355579
37.6616678,14.8365211
37.663789,14.8350124
37.6610988,14.8356977
37.6633176,14.8308107
37.5673373,14.896038
37.5672569,14.9014065
37.5680818,14.9009049
37.5665511,14.897638
37.569630600000004,14.9011785
37.5710507,14.8976152
37.5688312,14.910652
37.5769587,14.9031967
37.5842198,14.9775703
37.5863158,14.9774005
37.5881283,14.9772084
37.5889125,14.9771373
37.5894546,14.977081
37.571659,15.0454661
37.5603832,15.0624356
37.5591867,15.0668937
37.5745121,15.0573186
37.5744842,15.0548841
37.5778406,15.0561391
37.5591244,15.0823832
37.5763727,15.0884315
37.5830771,15.0924441
37.6150552,15.0249459
37.6147953,15.0258704
37.6175034,15.0599599
37.6165863,15.0786666
37.6146808,15.0785744
37.6101625,15.0988358
38.0140349,14.3498571
38.0141208,14.3515745
38.0158717,14.3512756
38.014184,14.3499561
38.0554814,14.582608
37.8446892,14.7104696
37.7872337,14.8336944
37.7874266,14.8338104
37.7885541,14.8335734
37.7889929,14.834075
37.8640739,15.0743714
37.8776258,14.9468766
37.8787384,14.9487059
38.0322244,14.7718819
38.1614408,14.7453029
38.160125,14.7455952
38.1592493,14.7430574
38.1597588,14.7432776
38.1608035,14.7444537
38.1622544,14.746751099999999
38.1604395,14.7460181
38.0809655,14.8498961
38.0836166,14.8484929
38.1562561,14.8286279
37.9874879,14.9096229
38.1743501,14.8973815
38.138685,14.9674277
38.1411138,14.9658612
38.1395998,14.968943
38.1173815,15.0808898
36.6826648,15.1343711
36.9099698,15.1350026
36.9108299,15.1344149
36.9101561,15.1341967
36.9103043,15.1401171
36.9771946,15.1988436
37.0815227,15.1516324
37.0787816,15.1573589
37.0853873,15.1605146
37.0757646,15.2817843
37.0794068,15.2817037
37.0795188,15.2816885
37.0785929,15.2817911
37.0634688,15.2919898
37.0631769,15.2921122
37.0615582,15.2938347
37.0660367,15.286819
37.0652498,15.2886553
37.0689516,15.2846117
37.0689161,15.2835128
37.0654937,15.2857398
37.0648102,15.2898942
37.0769412,15.2833233
37.0762219,15.28397
37.0781245,15.2838664
37.0877257,15.2723821
37.089412,15.2780046
37.0842527,15.2801901
37.0933402,15.2702492
37.0860833,15.2890167
37.1788621,15.1256927
37.1580133,15.1883572
37.1583243,15.1885322
37.2310417,15.2204452
37.2317646,15.2204043
37.2302937,15.2204137
37.2320828,15.2201025
37.2400221,15.220673
37.2381101,15.2217132
37.2409949,15.2203109
37.5154726,15.1002745
37.512424,15.1028959
37.5141411,15.1039957
37.5147847,15.1043236
37.5117077,15.1025024
37.5189524,15.1033748
37.5172742,15.1053038
37.5181403,15.1023348
37.5168076,15.1048583
37.5189503,15.1019036
37.5187648,15.1006428
37.5212462,15.1126961
37.5254008,15.1159088
37.5231931,15.1158832
37.5420262,15.1194568
37.5541023,15.1461066
37.5539677,15.1458359
37.5687074,15.1076873
37.6019115,15.14166
37.5638783,15.1617805
37.6053285,15.1637265
37.6070702,15.16122
37.6093921,15.0996585
37.6226723,15.1449417
37.6130836,15.1629144
37.6120535,15.1656141
37.6127526,15.1653519
37.6123064,15.1656832
37.6136416,15.1655954
37.620043,15.167648
37.6190702,15.1662076
37.6195793,15.1674841
37.6199428,15.1670677
37.6175621,15.1676498
37.6860977,15.1351148
37.6919949,15.1065855
37.694086,15.1068771
37.6941416,15.1063898
37.6890656,15.14236
37.6646846,15.1664203
37.7051896,15.1736909
37.7256086,15.1905325
37.7270364,15.1834193
37.729686,15.184299
37.7266381,15.1843696
37.7260996,15.184098
37.7268411,15.1829419
37.7315337,15.2041275
37.730876,15.2013633
37.73084,15.1980253
37.7572704,15.1954812
37.7321022,15.2044505
37.8410571,15.1436274
37.8390356,15.1460254
37.8239338,15.2297062
37.8238008,15.2710345
37.8525971,15.2870521
37.8513686,15.2846772
37.8511696,15.2842408
37.8540959,15.2886459
37.8534868,15.2883445
37.8541168,15.2914193
37.8552454,15.2996917
37.8807715,15.3067485
37.9176983,15.3389483
37.9242542,15.3487907
37.9398439,15.3629058
37.9435153,15.3660021
38.0150923,15.1311416
38.0896969,15.1333494
38.1368496,15.1632237
38.1354087,15.1687186
38.1451916,15.2154239
38.1466285,15.2145822
38.148758,15.2142966
38.1452539,15.2147012
38.1476349,15.2135897
38.1487157,15.2130429
38.1500783,15.2237504
38.1737271,15.266433
38.180442,15.3064683
37.9755016,15.3950272
38.0036026,15.4224806
38.1588856,15.3514429
38.0239221,15.6494108
38.0234209,15.6514791
38.1364147,15.5221278
38.1387832,15.522868
38.1605348,15.5373067
38.1663263,15.5359246
38.1723508,15.5440097
38.1791081,15.549157
38.1807635,15.5557755
38.1839607,15.5539449
38.1842399,15.5524685
38.1829332,15.5530117
38.1830521,15.5527949
38.1828,15.5535829
38.0889314,15.6415367
38.0973232,15.6431462
38.1030361,15.6541575
38.1086751,15.6432714
38.1067603,15.6423144
38.1111046,15.6496782
38.1657896,15.6536347
38.0883803,16.1514822
38.5595113,14.8723502
38.5596315,14.8718375
38.4667135,14.9551394
38.4933309,14.9614015
38.1937792,15.2434267
38.2173044,15.2405107
38.2155728,15.2414659
38.2185214,15.2400207
38.2188337,15.2397434
38.2194751,15.2403696
38.2204989,15.2410749
38.2219552,15.2406594
38.2195266,15.2397281
38.2194438,15.2381752
38.2217986,15.2393013
38.2190353,15.2387037
38.2199368,15.2391198
38.2018385,15.3141907
38.2021934,15.3162494
38.2095441,15.3443612
38.2200311,15.3711759
38.2360728,15.432049
38.2412526,15.4322832
38.1850892,15.5502368
38.1897337,15.5518164
38.1855419,15.5550892
38.1880752,15.5579315
38.1878406,15.5545682
38.1899038,15.556685
38.1851405,15.5571396
38.1885392,15.5558614
38.19607,15.556842
38.1917844,15.5551395
38.1847538,15.5586568
38.1986884,15.5491926
38.211652,15.5612198
38.257174,15.6056365
38.211921,15.7343534
38.2857976,15.8019845
38.2628172,15.8553128
38.3576701,15.847966
38.3577866,15.8475915
38.3564895,15.8475011
38.3563744,15.8476039
38.3579081,15.8487484
38.4268926,15.8984292
38.4283745,15.8983017
38.4212049,15.9016105
38.6369845,15.8476029
38.6627891,15.8624277
38.6717392,15.8899885
38.6757324,15.8973235
38.3530201,16.0141518
38.2344189,16.2623969
38.2341093,16.2643893
38.2685038,16.2976684
38.2687633,16.2983895
38.2691723,16.2978242
38.2680437,16.2975586
38.2705496,16.2979621
38.2698337,16.2975361
38.2714334,16.3011142
38.4121792,15.9576126
38.4059487,16.0797901
38.4064365,16.0769947
38.4896205,16.0805132
38.5545511,15.9388864
38.5985468,16.2263272
38.5771421,16.3296563
38.5771649,16.3292207
38.322994,16.4064328
38.3447916,16.466938
38.4384543,16.5756553
38.6081376,16.0664189
38.6738538,16.1041612
38.7150922,16.1237338
38.7362765,16.1612055
38.7364216,16.1706347
38.7366282,16.1696615
38.7362516,16.1702902
38.9216536,16.2531078
38.9618499,16.284333
38.9665239,16.2831043
38.9546344,16.3062842
38.9663863,16.3238671
38.968254,16.3230344
38.7079308,16.4071988
38.6864906,16.5491385
38.6867841,16.5493344
38.6858305,16.549367
38.6860471,16.5498622
38.6905495,16.5469733
38.7784721,16.5696534
38.8586423,16.3657615
38.8201063,16.6130716
38.8199955,16.6127095
38.8202095,16.6109455
38.9084249,16.5756753
38.9065398,16.5916194
38.9126658,16.5862899
38.9122254,16.5870788
38.9037482,16.598922
39.0088593,16.7294353
39.0100108,16.727269
39.6260679,15.8467989
39.6243058,15.8484976
39.6761748,15.8205686
39.7653782,15.8226523
39.8028209,15.7913011
39.8096235,15.7898816
39.8144594,15.7913352
39.8140782,15.792065
39.7587796,15.9125179
39.1340032,16.0759055
39.1294136,16.0707618
39.1359461,16.0701281
39.035193,16.1606046
39.0354409,16.1604237
39.0604226,16.1956882
39.1671396,16.1482813
39.3578616,16.0415251
39.3595,16.0409302
39.2376899,16.252314
39.3063556,16.223797
39.30659,16.2221843
39.3040284,16.2511915
39.2999087,16.2528391
39.2987201,16.2527974
39.3112634,16.2522686
39.310798,16.2521455
39.3215525,16.2451935
39.3312092,16.2438757
39.3286482,16.24378
39.3253638,16.2425839
39.3342352,16.2419257
39.3336826,16.2423728
39.3352091,16.2418939
39.2600016,16.3416802
39.2975346,16.2540617
39.2954127,16.2549511
39.2960824,16.2549688
39.2944013,16.2554484
39.2932364,16.2550295
39.2977735,16.2542192
39.3001706,16.2563515
39.3097652,16.2529856
39.3470677,16.2054947
39.3491248,16.2428518
39.35389,16.2395366
39.0821016,16.3726355
39.0816902,16.3725463
39.4628479,15.9809634
39.555921,16.1187706
39.5563915,16.1190857
39.5563292,16.1215724
39.5110779,16.2127911
39.4478134,16.2881559
39.5145299,16.2860316
39.7401248,16.1228273
39.815088,16.1996997
39.8156314,16.1993288
39.8175077,16.1981263
39.8131636,16.2014459
39.8130283,16.2039474
39.8155456,16.2069396
39.8199426,16.2078503
39.8197754,16.2076044
39.7807342,16.3382774
39.4887386,16.3831105
39.4942442,16.3848369
39.4913467,16.3852038
39.5999748,16.6393938
39.5989503,16.6350405
39.6012785,16.6372194
39.6018431,16.6401001
39.6052084,16.773229
39.8116215,16.4904532
39.811519,16.4903185
39.132226,16.8684051
39.0595701,17.1147922
39.064649,17.105572
39.0723766,17.1295553
39.0816359,17.1236122
39.0806469,17.1193684
39.080214,17.124266
39.080089,17.1263553
39.0761298,17.1299569
39.0805259,17.1247084
39.4122988,16.8222604
39.3678684,17.1246291
39.4925658,16.9546753
39.4495358,17.0400782
39.8598048,18.2960989
39.8438593,18.3740116
40.5501749,14.2416473
40.5506037,14.2427746
40.5504525,14.2437656
40.5517059,14.243644
40.6114806,14.3444241
40.6072256,14.3746707
40.6235604,14.3750686
40.6274097,14.3739136
40.6235794,14.3740667
40.6270294,14.3798073
40.6273658,14.3791124
40.6269557,14.3835291
40.627343,14.3840989
40.6306525,14.3995303
40.6323256,14.4109453
40.6316952,14.4097431
40.6327623,14.4120801
40.6627986,14.4257611
40.6625865,14.4260576
40.6294471,14.482269
40.6296544,14.4863219
40.6297742,14.4861963
40.6390247,14.5439139
40.6944425,14.4799452
40.6958243,14.4832699
40.7008034,14.4826435
40.6981233,14.4826542
40.7000602,14.4826941
40.7010502,14.4826504
40.6962434,14.4822309
40.63444,14.6025512
40.6339499,14.603216
40.6366324,14.6018683
40.2860862,14.9478031
40.2872843,14.9478755
40.3511019,14.9921463
40.35074,14.9898997
40.3485387,14.9916014
40.3493187,14.9905926
40.3443563,14.9969885
40.4250487,15.0063172
40.4533524,15.0107954
40.4743122,15.0145642
40.7001269,14.7060779
40.6999478,14.7077066
40.6998604,14.7075269
40.6747227,14.7711297
40.6747682,14.7709832
40.6725731,14.778047
40.6737977,14.7733541
40.6766914,14.7646425
40.6783631,14.762479
40.6772226,14.7622068
40.6768371,14.7628992
40.6769232,14.7626279
40.6749585,14.7681641
40.6757346,14.7678156
40.6766941,14.7669968
40.6763542,14.7680399
40.6750365,14.76933
40.6751555,14.7696868
40.6749677,14.769536
40.6844154,14.7715926
40.6642465,14.7966318
40.669666,14.7889538
40.6513297,14.8205795
40.6510141,14.8219037
40.65534,14.812304900000001
40.5749487,14.9861629
40.5932684,14.982956
40.5240004,15.0012199
40.5248596,15.000787
40.6367318,14.8924904
40.6058361,14.9874707
40.6089501,14.983605
40.6075202,14.9828889
40.605623,14.9932514
40.606844,14.989163
40.6940552,14.9776796
40.6131421,15.0505641
40.6180496,15.055291
40.6161154,15.0540974
40.7960458,13.432481
40.7367821,13.8595705
40.7380613,13.8607818
40.7363208,13.8602011
40.7377649,13.8579261
40.735801,13.8612453
40.7364566,13.8629408
40.7489666,13.9053471
40.7306171,13.9443736
40.7415697,13.9446206
40.741505,13.9452487
40.7402507,13.9472531
40.735343,13.9523558
40.74148,13.9475798
40.7655315,14.0273478
40.7621745,14.0261113
40.803603,14.2008215
40.8187639,14.0604965
40.8333766,14.1013813
40.8343846,14.0975419
40.8341488,14.0980042
40.8397266,14.093926
40.8229706,14.1199022
40.8221744,14.1228652
40.8226436,14.1212175
40.825442,14.1264906
40.8297151,14.1211418
40.8299982,14.1213393
40.8259937,14.1222141
40.8306326,14.1202383
40.8305108,14.1204297
40.8700718,14.0860683
40.8770062,14.1215651
40.8780757,14.1375656
40.8780963,14.137186
40.8783379,14.141314
40.813975,14.1664817
40.8148974,14.2058445
40.8205774,14.1860554
40.8254583,14.2047475
40.8443101,14.2074031
40.8444757,14.2064725
40.8455606,14.1995364
40.8197453,14.2102599
40.8256268,14.2124628
40.8304455,14.2195458
40.8259656,14.219489
40.8266851,14.2170426
40.8293798,14.2220148
40.830765,14.222201
40.829538,14.2218883
40.8357964,14.2212418
40.8430099,14.2202158
40.8405625,14.2174029
40.8372755,14.233268
40.8334546,14.2294788
40.8433786,14.2270871
40.843065,14.2231006
40.8425858,14.2322678
40.8427339,14.2314978
40.8432657,14.2338067
40.8440691,14.2326557
40.8438763,14.2332175
40.8435068,14.2319986
40.8430064,14.233021
40.8485452,14.2202633
40.8506384,14.2300575
40.8475959,14.2291114
40.8505097,14.2315599
40.8511423,14.2308679
40.8535581,14.2314187
40.8532945,14.2305442
40.8367191,14.2371579
40.8366937,14.2389374
40.836433,14.2405327
40.8366956,14.2384556
40.8366703,14.2395112
40.8334407,14.2427976
40.8357199,14.2440334
40.8360832,14.2410922
40.8323193,14.241844
40.8326715,14.2418591
40.8381984,14.2501041
40.8383234,14.2504463
40.8385819,14.2511719
40.8410203,14.2539228
40.840558,14.2488138
40.8388432,14.2512993
40.8387968,14.2504778
40.839369,14.250584
40.8397347,14.250368
40.8396117,14.251296
40.8408229,14.2510588
40.8408257,14.2508301
40.8414506,14.2499429
40.8406864,14.2520025
40.8411819,14.2511341
40.8420105,14.251123
40.8427084,14.2491163
40.8408446,14.2538489
40.8440374,14.2497435
40.8418858,14.2503087
40.839185,14.2502145
40.8436825,14.2562388
40.8435159,14.2559876
40.8416946,14.2542934
40.8431623,14.2550525
40.8420424,14.2549077
40.8420438,14.2544494
40.8422445,14.2550505
40.8443108,14.2589386
40.8547407,14.235338
40.8548979,14.2443256
40.8464941,14.2491912
40.8516145,14.2501338
40.8467733,14.2600265
40.8558762,14.2575336
40.8559193,14.2576121
40.8555765,14.2572585
40.8550605,14.255553
40.8551794,14.2557598
40.8589041,14.16977
40.8980987,14.1944412
40.859814,14.2189121
40.8610098,14.221781
40.8601869,14.2216202
40.8688444,14.2242564
40.8639328,14.2482159
40.8955135,14.2582329
40.9175325,14.0311192
41.1144054,13.8869328
41.0754768,14.0248108
40.9173817,14.1511153
40.9186223,14.1542321
40.9269914,14.1800813
40.9267937,14.1804547
40.9187541,14.1861668
40.9176253,14.1955912
40.9287263,14.1925968
40.9287458,14.1971389
40.9259172,14.1982386
40.9265558,14.2023177
40.9264635,14.2262949
40.9367391,14.2558545
40.9589232,14.2098445
40.9625035,14.2109757
40.9383057,14.2590498
40.9731263,14.201492
40.9802309,14.2075728
40.996944,14.2078358
40.9988085,14.208126
40.9727026,14.2096185
41.1106277,14.205659
41.0783321,14.2562496
41.0792683,14.2560952
41.0807709,14.2562946
41.0797893,14.2566655
41.0788646,14.2556553
41.0810595,14.2592134
41.0819063,14.256095
41.0897102,14.2533854
41.089769,14.2544561
41.0892946,14.255867
41.1062902,14.2135839
41.1048382,14.2142359
41.1009332,14.2156635
41.2178343,13.5701261
41.2149068,13.5690396
41.2147677,13.5703336
41.2144394,13.5687381
41.2570454,13.4343321
41.2584686,13.433144800000001
41.2531543,13.6010375
41.2544863,13.6035347
41.2568978,13.6091632
41.2566418,13.6092734
41.2565237,13.6087802
41.2591011,13.612248
41.260838,13.6150487
41.2919953,13.5322094
41.2913048,13.5306649
41.2560198,13.7092868
41.2548373,13.7144047
41.2487898,13.7416393
41.3564676,13.4278241
41.3535505,13.4261969
41.352247,13.4269372
41.355652,13.4296023
41.357321,13.4252246
41.3566889,13.4266128
41.3576472,13.4281316
41.357524,13.4286128
41.3575398,13.4312053
41.4085218,13.462244
41.45132,13.5582283
41.5018946,13.5575695
41.3855284,13.6841858
41.3558454,13.7492231
41.4576402,13.666184
41.4607593,13.6699599
41.4614607,13.6682624
41.533317,13.6505666
41.4908125,13.8321333
41.1210289,14.2507081
41.3124297,14.1105341
41.2715186,14.1899241
41.3269787,14.1677601
41.5125371,14.0597254
40.7905871,14.3628916
40.748375,14.4646305
40.770363,14.4053208
40.7919094,14.3706033
40.7649992,14.4181843
40.7609104,14.4295373
40.7600677,14.4331808
40.7569715,14.4428114
40.7573357,14.4413679
40.7576554,14.4395417
40.7571168,14.4397678
40.7718042,14.4337777
40.7551546,14.4478167
40.848508,14.2627328
40.8487446,14.2644385
40.8487402,14.2644776
40.8464851,14.2625799
40.851508,14.2688291
40.8517121,14.2709043
40.8467765,14.2691944
40.8516163,14.2674557
40.8465309,14.2696068
40.8465682,14.2700922
40.8527786,14.2630738
40.8549592,14.2711457
40.8456444,14.2767631
40.8564488,14.2802614
40.8581556,14.2777872
40.8550561,14.2743446
40.8570389,14.2781519
40.8574867,14.2834623
40.8564901,14.2810344
40.8574271,14.28303
40.8377366,14.3023975
40.8386133,14.3020145
40.8362533,14.3025485
40.8060173,14.3494609
40.8072461,14.3516696
40.8512413,14.3318179
40.8583956,14.3297824
40.8372674,14.3428085
40.8570817,14.3520538
40.8625588,14.2698465
40.8667345,14.2648808
40.8895754,14.2640411
40.8901877,14.2637889
40.9064547,14.2652556
40.9093822,14.2654451
40.901586,14.2772523
40.902397,14.2777565
40.9021626,14.2855622
40.9003546,14.286234
40.8983104,14.2854444
40.9038313,14.2853741
40.8984974,14.2853501
40.9015709,14.2857256
40.9036489,14.2854735
40.9099392,14.2759894
40.9051455,14.2850008
40.9000591,14.2913546
40.8702198,14.3898435
40.8703233,14.3910236
40.8688105,14.4031602
40.8693739,14.4001295
40.9073922,14.3943502
40.906773,14.3978055
40.9107564,14.3947186
40.9100558,14.392763800000001
40.9099845,14.3923305
40.9075076,14.3935286
40.8729619,14.4409145
40.7033492,14.4825201
40.7039837,14.4827025
40.7028246,14.4889199
40.7017917,14.4890701
40.702056,14.4864308
40.748743,14.494169
40.7486278,14.5008373
40.7494791,14.5025236
40.7499849,14.5254189
40.7490669,14.5487075
40.7490659,14.548831
40.7489983,14.5508341
40.7750369,14.4743412
40.7622459,14.5366974
40.7393816,14.5904736
40.7350022,14.597731
40.7480146,14.6088033
40.7409872,14.616347
40.7418944,14.62679
40.7401304,14.639257
40.7424849,14.6281137
40.7438723,14.6394897
40.7445708,14.6370419
40.7416237,14.6395239
40.7435984,14.639721
40.744382,14.6363487
40.7445396,14.6387454
40.7459072,14.646199
40.743828,14.6424025
40.7426162,14.6414867
40.7424288,14.6421026
40.7408875,14.6718099
40.74235,14.6714133
40.8516598,14.4791788
40.849105,14.4834691
40.8345992,14.5046919
40.860684,14.5281799
40.8139246,14.6179937
40.9176148,14.3047877
40.9176675,14.3046267
40.9190052,14.3064372
40.9227524,14.3047874
40.9188973,14.3062786
40.920002,14.3105623
40.9393413,14.2650746
40.9371256,14.2725903
40.9409113,14.2720073
40.9413612,14.2719196
40.9397615,14.2718315
40.9393697,14.2719937
40.9402646,14.2678561
40.9386308,14.2672966
40.9419266,14.2749858
40.9417925,14.2747719
40.9575783,14.3007562
40.9144736,14.3486765
40.9657294,14.2669753
40.9116283,14.3952321
40.911861,14.395465
40.9131714,14.3975115
40.9476556,14.3699923
40.9199261,14.4216211
40.9219046,14.4270259
40.9244251,14.4590135
41.0348959,14.2938563
41.040744,14.3244932
41.0204589,14.3461626
41.0476667,14.3243951
41.0506073,14.3280994
41.0811884,14.271266
41.0807901,14.270216
41.0784639,14.2780572
41.0730045,14.3129565
41.081023,14.3101172
41.0723349,14.3186489
41.0724872,14.3171392
41.072842,14.3312741
41.0720871,14.3323792
41.0710642,14.3373048
41.0717249,14.3363621
41.071702,14.3370957
41.071416,14.3371174
41.0712162,14.3377788
41.0716552,14.3382675
41.075455,14.3331058
41.0805897,14.3354713
41.0804318,14.3345761
41.080082,14.3344028
41.0696257,14.3410502
41.0726374,14.3596106
41.0371213,14.3799572
41.0377296,14.3814659
41.0375493,14.3828912
41.0384396,14.3825736
41.0384056,14.3830197
41.0381293,14.3829525
41.0360185,14.3839752
40.9228299,14.4805797
40.9399669,14.521267
40.9245526,14.5242612
40.9278602,14.5268391
40.9308494,14.5272656
40.960474,14.5991728
40.9542263,14.6127254
40.9523832,14.6180783
41.0609658,14.5563595
41.0613854,14.5560724
41.0908016,14.5000066
41.0896859,14.5003778
41.0887357,14.5044987
41.0281094,14.6160144
41.0620512,14.6357224
41.0651822,14.6362469
41.0651732,14.6399644
41.0618149,14.641426
41.0619478,14.6418536
40.7049371,14.7029757
40.707091,14.7039596
40.7060009,14.7036552
40.7049285,14.7047369
40.7051201,14.7043478
40.7017691,14.7068756
40.7314334,14.7011546
40.7417676,14.6804113
40.781194,14.7490697
40.7847982,14.7605323
40.7838675,14.760016
40.7693108,14.7896284
40.8216578,14.7601016
40.9088619,14.8000708
40.8398915,15.0176487
40.8403157,15.0255133
40.9136034,14.7833524
41.0043544,14.7769063
40.9138565,14.7888417
40.9137584,14.786081
40.9130679,14.7895327
40.9150147,14.7911206
40.9139587,14.7924374
40.9156208,14.8217747
41.0640456,14.8561111
41.0696761,14.8643352
41.1354699,14.4043905
41.1325787,14.451383
41.328608,14.3309187
41.2168577,14.5227665
41.1935871,14.5518573
41.2155765,14.5265524
41.2203287,14.5269947
41.1606284,14.6718197
41.2355417,14.499033
41.2838133,14.5582109
41.4843528,14.4727822
41.4856342,14.4734143
41.5273842,14.5556492
41.5157873,14.6744085
41.1223942,14.7753472
41.1313029,14.778012
41.1311033,14.778021
41.1329789,14.7758731
41.1317414,14.7770952
41.1325098,14.7755871
41.1328609,14.7757838
41.1295698,14.7847168
41.2137119,14.6981083
41.1240806,14.7895088
41.1255906,14.7970321
41.1236685,14.7957731
41.1969753,14.8445653
41.2461743,14.760163
41.2463863,14.7608604
41.2915718,14.8229188
41.3093459,14.8795465
41.3087462,14.879294
41.1528419,15.0885087
41.1527263,15.0888788
41.2931663,14.9089621
41.3885712,14.7320545
41.4834188,14.8332627
41.4871042,14.8340353
41.485117700000004,14.8357149
40.038811,15.28923
40.0331268,15.28691
40.0003703,15.3710707
40.0000957,15.3732191
40.0013315,15.3765144
40.1418871,15.1701654
40.1536638,15.1631716
40.1780965,15.1237333
40.2290198,15.2632717
40.2467804,15.2692362
40.105283,15.4378059
40.210468,15.4269633
39.911574,15.7713752
40.02579,15.7779145
40.0509259,15.8384566
40.0719177,15.8585588
40.0735875,15.6296365
40.0771592,15.6281429
40.0739729,15.6294652
40.074375,15.6302262
40.3728943,15.2451433
40.4263663,15.192433
40.4428007,15.2530969
40.3361259,15.3376316
40.3459274,15.3784215
40.5828256,15.187043
40.5599327,15.3064132
40.5774314,15.2655181
40.6355316,15.1048191
40.6372445,15.1062295
40.6378152,15.1073912
40.6654717,15.1069113
40.6501466,15.2375905
40.63781,15.3826949
40.3612617,15.5898969
40.3647517,15.6169798
40.2845616,15.6560068
40.4229485,15.7334288
40.4242287,15.7335897
40.5855721,15.6748784
40.5867733,15.6771344
40.5997734,15.6917707
40.6034786,15.6955633
40.5744895,15.7830165
40.632836,15.7877933
40.6292263,15.8043479
40.6329756,15.8040933
40.6330941,15.8019893
40.6369109,15.7999901
40.6359406,15.799906
40.6389262,15.8050482
40.637831,15.805431
40.6376411,15.8052874
40.646036,15.799713
39.9546623,15.9763444
40.0055011,15.9719029
40.0803444,16.2032
40.1501541,16.2846836
40.1451017,16.2869315
39.8683325,16.5325969
39.8705744,16.5349573
39.8716822,16.5359996
40.0541297,16.4467668
40.207485,16.6746828
40.2127375,16.6782359
40.2124281,16.6780616
40.4019189,16.2319109
40.4860217,16.2523058
40.6959819,16.0196164
40.6241953,16.1437612
40.6188582,16.149212
40.3905356,16.5580742
40.3903337,16.55857
40.3624567,16.6863048
40.6721843,16.5847269
40.6704673,16.5835735
40.6716566,16.5837385
40.6714928,16.5845137
40.6639889,16.598127
40.668257,16.6000231
40.667115,16.6013707
40.6670696,16.6037252
40.6706469,16.5963665
40.6689086,16.5996511
40.6710048,16.6055791
40.6726935,16.6014291
40.6721465,16.6034189
40.66515,16.608892
40.6783927,16.5874244
40.7252342,15.2933342
40.8792175,15.1802288
40.9038986,15.4282969
40.9009264,15.4353087
40.9047118,15.4274731
40.9273073,15.179791
41.0628974,15.2525927
41.0071694,15.3596109
40.7295659,15.719401
40.9422221,15.673016
40.9463944,15.6714308
40.9768083,15.6736828
40.9909051,15.6488138
40.9932743,15.6540183
40.9926295,15.6538154
40.9913699,15.6534236
40.9912149,15.6533268
41.0439898,15.7869891
41.0469637,15.7927826
41.0456106,15.7930108
41.0454423,15.7935713
41.0482055,15.7939951
41.0446007,15.7898323
41.045329,15.7908623
41.2794792,15.2649768
41.2808441,15.2665086
41.1585815,15.3341148
41.2214785,15.3848388
41.1364616,15.515238
41.3954804,15.1915658
41.2074451,15.5606825
41.2060752,15.5618209
41.3278502,15.7060315
41.327177,15.7075647
41.2559128,15.7297523
41.2643882,15.9028819
41.2645444,15.9017669
41.2609933,15.905012
41.2636932,15.902707
41.2619167,15.903824
41.2633641,15.9094787
41.2646634,15.9090595
41.2614309,15.9064589
41.2651826,15.8990249
41.2653421,15.8981377
41.2650668,15.8981825
41.4580323,15.5374985
41.4418157,15.563105
41.4528069,15.5555463
41.4512991,15.5530371
41.4557767,15.5500837
41.4569036,15.5514081
41.4577558,15.555468
41.4573344,15.5567405
41.4657483,15.5449025
41.4630018,15.5456452
41.4617215,15.5491785
41.4618213,15.5489309
41.4629824,15.5459062
41.4658718,15.5481048
41.4634721,15.546384
41.4635625,15.5511486
41.463718,15.5541698
41.4634203,15.5525735
41.4628379,15.5518922
40.9312655,15.9788178
40.9309181,15.984394
40.9687229,16.0884981
40.9687896,16.088974
40.9683961,16.0901481
41.0290427,15.9689066
40.8236517,16.4184926
40.8223086,16.4180169
40.8214573,16.4175026
40.8237872,16.418622
40.8292671,16.5512075
40.8326805,16.5577003
40.8888658,16.7687848
41.1138259,16.4818455
41.1146181,16.4861209
41.1146492,16.4862193
41.114321,16.4853095
41.0573445,16.7061626
41.1070419,16.6928226
41.106730399999996,16.6926515
41.1097486,16.6885555
41.1080776,16.6916905
41.1078809,16.6919534
41.1135084,16.6910507
41.1075028,16.6917018
41.1139994,16.6919798
41.1102659,16.6933286
41.220533,16.0682893
41.2203859,16.0687615
41.2204622,16.0674968
41.2247615,16.063046
41.218515,16.0774064
41.226299,16.2972944
41.2261696,16.2987602
41.2266257,16.2983138
41.2296998,16.3025029
41.2300952,16.3005886
41.2291763,16.3015574
41.2303357,16.3007656
41.3117583,16.276461
41.3203399,16.2694559
41.3101783,16.2844548
41.3166384,16.2795775
41.3198269,16.2831649
41.3184239,16.2811081
41.3185788,16.2802992
41.3181808,16.2806626
41.3177993,16.2796034
41.3570547,16.0899258
41.3566384,16.0931405
41.3755193,16.1502233
41.1459018,16.4095294
41.151106,16.4075611
41.152628,16.4074556
41.1530103,16.407198
41.1496409,16.4086611
41.1539583,16.410032
41.1540632,16.4074174
41.1453887,16.4166621
41.1521475,16.4133437
41.1510524,16.4127538
41.1528701,16.4168111
41.1540673,16.412441
41.1536314,16.4144954
41.1291477,16.5405708
41.1308742,16.545393
41.1288586,16.5423753
41.1332424,16.5464701
41.1299325,16.5523908
41.2753196,16.4217427
41.2739851,16.4215847
41.2744636,16.42053
41.2678889,16.4315638
41.2446352,16.4877507
41.2361885,16.4998689
41.2359385,16.5017678
41.2338316,16.4993181
41.2363484,16.5015228
41.2361993,16.5019221
41.2371193,16.4991233
41.2366615,16.5001171
41.2371288,16.5007256
41.2378858,16.5001251
41.2420638,16.4907843
41.2388507,16.5007496
41.2386188,16.5016325
41.2005002,16.6001003
41.2000763,16.5975121
41.2023122,16.5984432
41.2025833,16.6028645
41.2042026,16.6007898
41.2026695,16.6007298
41.18778,16.6712708
41.1623902,16.7502657
41.1527559,16.7692285
41.1836814,16.6773246
41.1867676,16.6746856
41.1868643,16.6737798
41.5457424,13.5150053
41.5463999,13.5167216
41.6127286,13.4241535
41.6430517,13.4709784
41.6008501,13.4925613
41.6393836,13.5158076
41.6775832,13.5532189
41.6795853,13.5716363
41.6483349,13.6099706
41.7135342,13.6048299
41.7178345,13.6113537
41.7196703,13.6101377
41.7178903,13.612057
41.7207774,13.61762
41.7206682,13.614251
41.7183876,13.6141857
41.7179782,13.613786
41.6334805,13.7886977
41.6190285,13.8014364
41.6200363,13.835276
41.7090161,13.8126273
41.9570172,13.5367699
41.8075071,13.7904799
41.9350972,13.8384929
41.5979642,14.2393001
41.5988232,14.2469453
41.754577,13.9922153
41.9022798,13.8810245
41.785588,14.1054371
41.8483206,14.0792181
41.8892855,14.0649047
41.8891766,14.0640531
42.1372583,13.515904
42.1309017,13.7298018
42.1686867,13.8337725
42.2045892,13.5193311
42.3571544,13.472317
42.3566926,13.4729469
42.3604835,13.4686689
42.2878621,13.5570807
42.3263456,13.5905418
42.1729973,13.8324911
42.2665839,13.769180800000001
42.3281253,13.7585404
42.0442615,13.9268751
42.0471177,13.9248589
42.0492547,13.9245514
42.1573876,14.0032257
42.1575237,14.0032131
41.9833144,14.1378237
42.2424322,13.9308159
42.2339936,13.9882413
42.2673624,14.0015683
42.2676405,14.0031186
42.2943296,13.969584
42.2155829,14.1883289
42.1904871,14.2219187
42.1921277,14.221433
42.1920291,14.2215029
42.1905998,14.2213666
42.2484512,14.1857013
42.3081055,14.0624523
42.3073481,14.060495
42.3518372,14.137623
42.3565921,14.1399671
42.3561018,14.140477
42.3562418,14.1384818
42.3566289,14.141527
42.3568408,14.1436209
42.3569616,14.1449355
42.347268,14.1651686
42.3491314,14.1667844
42.351053,14.1673971
42.3503285,14.1665719
42.351726,14.1705191
42.3528738,14.1724636
42.356778,14.2316243
41.5999989,14.4471966
41.7135769,14.296498
41.5526286,14.6597188
41.5510209,14.6646219
41.5595482,14.6601554
41.5565878,14.6593267
41.5594486,14.6588192
41.5587878,14.66285
41.5608264,14.6651974
41.5611534,14.663022
41.5607687,14.6657568
41.5623352,14.6656779
41.5604144,14.6621984
41.5632609,14.6672846
41.5649267,14.671679
41.5609719,14.6684776
41.5637369,14.6710643
41.5643164,14.6713314
41.5597189,14.6698058
41.5690887,14.6729549
41.5693696,14.6737057
41.5693552,14.6742877
41.8355837,14.2672694
41.9520961,14.351162
41.9529112,14.3519563
41.8670028,14.4520434
41.7781097,14.5514152
41.8128971,14.4866822
41.9386905,14.5806064
41.5804106,14.874095
41.7124865,14.9922906
41.8891738,14.7846409
41.8052491,14.9186111
41.9141161,14.9137255
42.2189484,14.2822299
42.1939826,14.3610005
42.2280449,14.3932222
42.2295923,14.3919092
42.2285667,14.3930411
42.2284225,14.3958195
42.2284465,14.3943848
42.2314665,14.4061882
42.2314473,14.4061771
42.2954822,14.2746513
42.2953563,14.3034855
42.2970221,14.3266368
42.3573812,14.2909984
42.3554349,14.2895094
42.3392993,14.3175716
42.3410902,14.3163354
42.3015798,14.4451203
42.3523225,14.4025843
42.2463114,14.481607
42.047179,14.7305702
42.1240756,14.7103013
41.9936941,14.9860557
41.9980868,14.9943904
42.0005341,14.9944047
42.0026013,14.9932046
41.9891055,15.000981
41.9984319,14.9963335
41.9990453,14.9949409
41.9997324,14.9954471
42.0004594,14.9960686
42.0001023,14.9961027
41.9992313,14.9951197
42.0018547,14.9968643
41.999641,14.9960036
42.5232824,13.5538467
42.5136541,13.657443
42.4884494,13.7107379
42.5458566,13.6484782
42.5028204,13.7854772
42.5292785,13.7969675
42.6751229,13.6757434
42.6569567,13.6860507
42.6602761,13.7002986
42.6593037,13.7023138
42.6591967,13.7038763
42.6599586,13.7036791
42.659963,13.7142293
42.666993,13.7242588
42.6735869,13.736687
42.6922202,13.7836799
42.7269404,13.6872472
42.7948736,13.642754
42.6935056,13.7863407
42.6971795,13.7940747
42.4573342,13.9263524
42.4574993,13.9269442
42.4576092,13.9264595
42.4583462,13.927276
42.3982059,14.0441966
42.43505,13.9842021
42.5335647,13.8850974
42.5864573,13.8619164
42.5800938,13.9782596
42.5800697,13.9798225
42.580115,13.9792915
42.4134239,14.1695719
42.4246909,14.15872
42.4242001,14.1860907
42.4247825,14.1898178
42.4438332,14.1990976
42.457506,14.1882774
42.4728172,14.1762305
42.4667335,14.1835613
42.469544,14.2068879
42.4804143,14.1940429
42.4813663,14.192218
42.4796456,14.1943541
42.4739519,14.2012729
42.4736773,14.2015653
42.4761745,14.1985681
42.4768551,14.1981031
42.4729374,14.2024604
42.4749778,14.2030569
42.4713816,14.2078653
42.471434,14.2046453
42.4763499,14.2043743
42.4752933,14.206885
42.4789752,14.1951891
42.4505259,14.2166627
42.4561494,14.21479
42.4565242,14.2226062
42.4559854,14.2228371
42.4522685,14.2261346
42.4425955,14.2500206
42.4402246,14.2536383
42.4637432,14.2096533
42.4594412,14.2127588
42.462177,14.2142009
42.4611129,14.2152816
42.4600283,14.2179849
42.4609951,14.2167686
42.4621931,14.2157845
42.4635069,14.2191618
42.4632728,14.2187278
42.4646891,14.210208
42.4677921,14.209022
42.4666476,14.2103854
42.4655178,14.2113188
42.4669677,14.2145071
42.4673959,14.2146064
42.466998,14.2095162
42.4721124,14.2097529
42.4720263,14.2097124
42.518866,14.0606106
42.5212274,14.1387344
42.5220639,14.1393789
42.511992,14.1453293
42.5145795,14.1491501
42.512632,14.1547676
42.5124025,14.1509629
42.5136226,14.1536738
42.5159445,14.1503527
42.5490257,14.1178852
42.5538646,14.1167125
42.5526989,14.1178784
42.5028135,14.1670277
42.5067971,14.1619573
42.5093817,14.1588004
42.4970711,14.169506
42.5102052,14.157862
42.5113873,14.1564516
42.6570715,13.8935094
42.6638212,13.9196469
42.6169128,13.9765051
42.6444552,13.9553934
42.6605043,14.0125434
42.673749,14.0170582
42.6677135,14.0216602
42.6721462,14.018251
42.6778767,14.0142008
42.6753203,14.0161683
42.6738037,14.0172758
42.6763395,14.0150522
42.6804012,14.0119776
42.7108196,13.9082319
42.7494463,13.8897401
42.7251916,13.9808652
42.7522359,13.9570082
42.7512742,13.9647064
42.7560756,13.9625504
42.7529594,13.9653656
42.7537519,13.9664097
42.6069826,14.0683158
42.6072291,14.0662496
42.6109236,14.0650418
42.6093696,14.0665138
42.6083769,14.0655791
42.850238,13.5873138
42.850328,13.5897778
42.8506307,13.5879964
42.8505574,13.5959689
42.8502077,13.613545
42.8505589,13.6185875
42.8551744,13.5764187
42.8539002,13.5764509
42.8552732,13.577673
42.8598275,13.578926
42.8539148,13.5814458
42.8541254,13.5841562
42.8536708,13.5866345
42.8542111,13.5869614
42.8543247,13.5877004
42.8539485,13.5876606
42.8590794,13.5794352
42.8512485,13.5946903
42.8545245,13.5923998
42.9391218,13.6246637
42.8238812,13.7170315
42.8229519,13.7179405
42.859837,13.710114
42.860242,13.7116135
42.8611631,13.7102818
42.8688539,13.7128139
42.8690184,13.7492587
42.8694884,13.7497102
42.8557355,13.8190512
42.9348605,13.6908638
42.9345643,13.6909735
42.920185,13.8371607
43.0567139,13.4259418
43.0236922,13.6167284
43.0626781,13.5842781
43.0477586,13.6766568
43.0488829,13.678235
43.0671853,13.6551819
43.1065701,13.8352225
43.1618161,13.7156242
43.1639271,13.7214064
43.2027572,13.6719523
43.1681543,13.7290042
43.204978,13.7856365
43.1709967,13.7988459
43.1793937,13.7957256
43.1792149,13.7964493
42.8343292,13.9197118
42.8331497,13.9279474
42.8962263,13.8459303
42.8986883,13.8527509
42.8972629,13.8494936
42.9096849,13.8921761
42.9137068,13.8905748
42.9186937,13.8894728
42.9182908,13.8897594
42.9495698,13.8776774
42.9498967,13.8778908
42.9913751,13.868088
42.9903869,13.8702463
42.422314,14.2817358
42.4221939,14.2832013
42.4284755,14.2756076
42.4173918,14.2947104
42.4214024,14.289207
42.4340893,14.2659994
41.6891313,15.2918893
41.6889928,15.292173
41.6884519,15.2919342
41.6908206,15.2965605
41.6839102,15.379911
41.6894093,15.3718446
41.6887283,15.3733215
41.6867453,15.3772173
41.6856489,15.3794604
41.687019,15.3763061
41.6842948,15.3852861
41.6867226,15.3818744
41.6877241,15.381692
41.6844551,15.3842716
41.6849776,15.3876594
41.6848637,15.3895455
41.8076542,15.1592353
41.8117933,15.1604622
41.677685,15.5885202
41.711073,15.633961
41.7107082,15.6399837
41.7123754,15.6385005
41.7060836,15.7197356
41.7071437,15.7216363
41.7074333,15.7247467
41.7069933,15.7225029
41.706944,15.7251959
41.6264005,15.9124608
41.6264377,15.9144285
41.6265742,15.9131049
41.62886,15.9184819
41.6263166,15.9123045
41.6354844,15.924863
41.827616,15.7736471
41.8253852,15.7773182
41.8265206,15.7769756
41.7054401,15.9631061
41.7062978,15.9600423
41.7063289,15.9599473
41.9460153,16.0139145
41.947326,16.0135418
41.882062,16.1751326
41.8817844,16.1747584
40.4248265,16.8846728
40.6319876,16.9312011
40.5877895,17.1156367
40.5869296,17.1159545
40.5867935,17.1149429
40.5877052,17.1147442
40.5945895,17.1113211
40.5844727,17.1233024
40.5852316,17.1235249
40.4010026,17.2793268
40.4058151,17.2858501
40.4079473,17.2814351
40.4713444,17.2393685
40.4717052,17.2400603
40.4707258,17.2455152
40.4715154,17.2426199
40.4709626,17.2429574
40.4702896,17.2430172
40.4722526,17.2368826
40.4733696,17.237264
40.4731929,17.2424951
40.4730552,17.2401906
40.4721592,17.2411776
40.4721934,17.2373709
40.4722548,17.244811
40.4720351,17.2449893
40.4594696,17.2677388
40.4663972,17.2640126
40.3559245,17.5011789
40.3229063,17.5723253
40.4522004,17.5087737
40.4524098,17.5083512
40.4062238,17.5547556
40.4045667,17.5580776
40.6054346,17.231787
40.6050042,17.2343361
40.6973032,17.3399393
40.7003581,17.3385043
40.7000628,17.3362757
40.6986712,17.3374771
40.7011438,17.3404153
40.7002357,17.3366376
40.5342768,17.4311143
40.5353041,17.4324538
40.53709,17.4351507
40.5317394,17.4361513
40.5386285,17.4370423
40.5381924,17.4332867
40.5827758,17.4773062
40.5857654,17.4752784
40.5296233,17.5824757
40.5280421,17.5873391
40.5269367,17.5837082
40.5253225,17.5880058
40.5322305,17.5802506
40.532126,17.5815731
40.5316209,17.5843594
40.641332,17.5140551
40.6480637,17.5126335
40.6452934,17.5183973
40.6448243,17.5178754
40.0559797,17.9821212
40.0559805,17.9824672
40.055932,17.9878817
40.0561589,17.9875958
40.0560879,17.9916044
40.0547159,17.9926548
40.0543213,17.9931469
40.2619581,17.8899472
40.1806849,18.0322129
40.1794492,18.0340453
40.1779238,18.0351567
39.9286335,18.1602173
39.9765097,18.086342
39.9698934,18.1255711
40.0651553,18.0565479
40.0706811,18.1006475
40.0465476,18.1247781
40.0122236,18.1612617
40.0112262,18.1617733
40.0116983,18.1615788
40.0171615,18.2406722
39.9078619,18.2507318
39.9059378,18.2544134
39.9022716,18.2612126
39.8873283,18.3315231
39.8914987,18.3293032
39.9405709,18.2998949
39.9325471,18.3588553
39.9328519,18.3585783
39.9300643,18.3598124
39.9352664,18.3541064
39.9366776,18.3548473
39.9821097,18.2464839
39.9827698,18.3808636
40.0164946,18.3640108
39.9974469,18.3985854
40.0731493,18.1618486
40.1746398,18.1633253
40.17385,18.1685928
40.1721361,18.1727557
40.1790512,18.0358366
40.2717347,18.0481551
40.2741708,18.0471898
40.2717203,18.0492831
40.2722834,18.0488906
40.2683822,18.1808669
40.123407,18.3013698
40.1210053,18.3014504
40.1184034,18.2996668
40.1009658,18.4439625
40.1979376,18.3390014
40.263284,18.247014
40.2721163,18.3385265
40.2381674,18.3735985
40.398159,17.6384902
40.3971909,17.6366592
40.3978304,17.6366911
40.3973074,17.6375319
40.3992657,17.6361386
40.4640183,17.7383991
40.2878544,17.9946908
40.2895025,17.9945755
40.3374569,17.9619934
40.3352278,17.9666729
40.3842488,17.9661758
40.4163326,17.839871
40.4181628,17.8401621
40.4470863,17.9211721
40.4470155,17.9232068
40.3995556,17.9527223
40.3984288,18.0153553
40.3971537,18.0175359
40.471115,17.964961
40.488289,17.9979713
40.4888716,17.9967661
40.5001294,17.6442005
40.5559881,17.7176844
40.5531996,17.7182442
40.5540307,17.7160904
40.559837,17.8057882
40.5612975,17.7999987
40.561785,17.8050513
40.557385,17.8096788
40.5604875,17.808115
40.6305084,17.6323046
40.6309731,17.6324102
40.6568132,17.7003545
40.6564097,17.7044145
40.6558578,17.7020172
40.6601087,17.7048138
40.5798364,17.8379866
40.5444008,17.9464594
40.6290138,17.9250681
40.6267485,17.9277989
40.6320183,17.9304533
40.6309227,17.9284409
40.6271843,17.9336596
40.6286311,17.9365285
40.6335236,17.9330721
40.6293723,17.9327131
40.6327784,17.9387004
40.6319318,17.9377261
40.6292976,17.9378323
40.6352163,17.9425405
40.63593,17.9364528
40.6379499,17.9377647
40.6484169,17.9432006
40.63696,17.945902
40.6363901,17.944495
40.6373457,17.9459581
40.6393189,17.9480982
40.6383357,17.9448693
40.6358466,17.9448663
40.3271704,18.0991058
40.345128,18.0460055
40.3463686,18.0461552
40.3773814,18.0502246
40.3008172,18.1599897
40.3008985,18.1596534
40.3466313,18.1590294
40.3365678,18.1778914
40.3349629,18.1787344
40.3453066,18.1719062
40.3522413,18.1715359
40.3521582,18.1726287
40.3531902,18.1731193
40.3534539,18.1730592
40.3522044,18.1738805
40.3530379,18.1783859
40.3527257,18.1763353
40.3526013,18.1790249
40.352534,18.1787026
40.3496332,18.1734489
40.3510809,18.1785978
40.350992,18.1763969
40.3508302,18.1766912
40.3556403,18.1796425
40.3531025,18.1822503
40.3533947,18.1820093
40.351332,18.186078
40.3529378,18.1817231
40.3520725,18.1807329
40.3536684,18.185363
40.3578785,18.1837267
40.3601877,18.1817136
40.3578696,18.1809877
40.3564643,18.1873878
40.3619532,18.1697318
40.3620339,18.1766724
40.3563094,18.196299
40.4057535,18.0731482
40.4031739,18.0748031
40.4352021,18.0406083
40.4370078,18.0450131
40.4367713,18.0445504
40.3012036,18.4041974
40.7977629,16.9204165
40.7966153,16.9186452
40.7965863,16.9210038
40.7956302,16.9190539
40.7984266,16.922835
40.7986999,16.9237803
40.888815,16.9494601
40.8852915,16.9481241
40.7964152,17.1215561
40.7962268,17.1215334
40.8498689,17.1192242
40.8511133,17.120362
40.8521345,17.1199161
40.8522045,17.1195489
40.8780748,17.1690114
40.8855025,17.1676987
40.8850345,17.1670852
40.8869789,17.1663854
40.885736,17.1678722
41.0035634,16.8737269
41.0834902,16.7788414
41.0814256,16.778904
41.08484,16.7899102
41.0736156,16.8712055
41.0753081,16.8702015
41.0971066,16.8552091
41.1070121,16.8532276
41.0948226,16.8623414
41.0981315,16.8676445
41.1029601,16.8596845
41.102489,16.8596546
41.1068634,16.8618518
41.1065751,16.8734488
41.107267,16.8736491
41.1058403,16.8734028
41.1052994,16.8752702
41.1040582,16.8791363
41.1126574,16.8635255
41.1090123,16.8737908
41.1082871,16.8744099
41.1128015,16.8730326
41.1137748,16.8737095
41.1089125,16.8742901
41.1101436,16.8742018
41.1122473,16.8765127
41.1168647,16.869552
41.116992,16.87347
41.1200703,16.8718361
41.1193339,16.8709989
41.1195906,16.870705
41.1192305,16.8690916
41.1205683,16.8793455
41.0999,16.8858061
41.1028729,16.8862275
41.1044425,16.8864308
41.101912,16.8881789
41.1104835,16.8861439
41.1127223,16.8821439
41.1126407,16.8944536
41.1136951,16.892750499999998
41.118092,16.8856473
41.1159289,16.891196
41.1177224,16.8897137
41.0107755,17.0062854
41.0104716,17.0082153
41.0103062,17.0067622
41.0622886,17.090614
41.0619877,17.0911783
41.0621734,17.0906874
41.0856671,16.9967508
40.7834282,17.2364211
40.7860094,17.2363972
40.7840548,17.2383569
40.7045857,17.3399995
40.7039553,17.3413908
40.7565384,17.3261471
40.8318305,17.3584595
40.8348563,17.3598983
40.8352421,17.3595147
40.8359315,17.36155
40.7409399,17.428902
40.7263083,17.5767135
40.7223817,17.5772726
40.7226759,17.5778067
40.7255481,17.5831925
40.7267893,17.5788241
40.7266393,17.5793539
40.7257989,17.5835545
40.7277485,17.5688556
40.7283444,17.5790474
40.7292865,17.5841591
40.7895821,17.5878376
40.9533585,17.2944898
40.9533586,17.298807
40.9513268,17.2995069
40.9529946,17.3000206
40.992371,17.2220942
40.9944327,17.2205838
40.9942866,17.2183138
40.994748800000004,17.218574
40.9907115,17.2203405
40.9914166,17.2240208
40.9493176,17.302653
41.1271102,16.8478357
41.1258946,16.8645898
41.1231591,16.8680794
41.1260617,16.8629564
41.1257276,16.8667273
41.1257976,16.8629941
41.1218864,16.8685676
41.1220783,16.8682254
41.1240671,16.8686259
41.1250325,16.8628415
41.1248694,16.8631745
41.1232118,16.8689072
41.1245243,16.8685339
41.124639,16.8672998
41.1256243,16.8718408
41.12263,16.8728109
41.1223845,16.8728355
41.1213383,16.872671
41.1238501,16.8702725
41.1220027,16.8707744
41.1216453,16.8713866
41.1228764,16.8715701
41.1254958,16.8704698
41.1246368,16.8705965
41.1267622,16.8693466
41.1334473,16.8695257
40.7052671,17.6601572
40.705929,17.6600907
40.7081949,17.6625817
40.0381044,18.4640445
40.1482133,18.4867216
40.146177,18.4897396
40.146848,18.4880591
45.0784975,6.7054027
45.0789527,6.7036006
43.7909394,7.607996
43.790892,7.6086326
43.7906375,7.6080895
43.7921465,7.6082526
43.792163,7.6094122
43.7914733,7.609191
43.7919654,7.6098268
43.7898328,7.6103307
43.7909156,7.6096153
43.7883782,7.6204323
43.7860614,7.6398883
43.7870474,7.6380126
43.7889857,7.6370645
43.7789073,7.6642576
43.7805297,7.6646094
43.780772,7.6650649
43.778882,7.6637208
43.7787098,7.6642085
43.8019225,7.7181255
43.8010348,7.7202643
43.8155243,7.776593
43.815125,7.7764254
43.8157043,7.7764336
43.8149316,7.7766293
43.8158264,7.7755801
43.8151961,7.7734339
43.8161818,7.7752765
43.8175621,7.7773282
43.8171281,7.7756193
43.8191612,7.779709
43.8217936,7.795249
43.8323116,7.8523429
43.8325235,7.8533317
43.83958,7.881373
43.8378666,7.8957201
43.8480072,7.6240191
43.8490227,7.6237811
43.8607961,7.8531378
43.8604831,7.8535387
43.9146494,7.8477701
43.8764147,8.014757
43.8764319,8.0139721
43.8777186,8.0157383
43.877588,8.0160681
43.8769919,8.0153752
43.8903201,8.0346134
43.8887796,8.0328094
43.8889061,8.0329501
43.8896181,8.0390127
43.8904877,8.0364222
43.8905706,8.0394143
43.8901887,8.0406624
43.8899046,8.0403624
43.8887668,8.0385716
43.8902861,8.0372265
43.8891674,8.0398204
43.8885252,8.0394473
43.8910807,8.0392275
43.8894114,8.0404409
43.888329,8.0395078
43.8906603,8.0393814
43.9100918,8.0819189
43.910898,8.0833275
43.910886,8.0833274
43.9101341,8.0822211
43.9101382,8.0811418
43.920286,8.0978174
43.9246233,8.1123706
43.9786233,8.1581168
44.0060506,8.1704028
44.0063419,8.170844
44.0483544,8.2153863
44.0473474,8.2181647
44.0480741,8.2165822
44.0488535,8.2156638
44.0470518,8.2178258
44.0500912,8.2154497
44.0464775,8.2204588
44.3065285,7.173607
44.3065173,7.1735626
44.3153276,7.2966334
44.3153003,7.295889
44.4194225,7.2787702
44.4083961,7.3227721
44.275646,7.3972039
44.3349367,7.4084995
44.3154471,7.4824339
44.3146832,7.4812381
44.2940069,7.5111411
44.334520500000004,7.4588269
44.3289581,7.487583
44.3299206,7.4890782
44.3316663,7.4874384
44.3316973,7.4879342
44.3312762,7.4873393
44.3324492,7.4895343
44.3318929,7.4908969
44.3381566,7.4949274
44.3610773,7.4757166
44.3666834,7.5240631
44.3849405,7.4360381
44.418306,7.4303977
44.4179129,7.4309158
44.4179564,7.4308204
44.4193402,7.4322362
44.4674508,7.3586064
44.4679972,7.3609652
44.4680604,7.3609424
44.4676085,7.3599215
44.4627726,7.3682279
44.3957868,7.4909957
44.375828,7.5197728
44.3936255,7.5226073
44.3771481,7.5345591
44.3785008,7.5362479
44.378455,7.5356851
44.3836807,7.5402029
44.3841323,7.5428058
44.3828905,7.5415852
44.3813856,7.5398359
44.3798764,7.5377492
44.3821854,7.540057
44.3833912,7.5409733
44.3839067,7.5440747
44.3846227,7.5416866
44.3848109,7.542778
44.3849691,7.5421624
44.3865735,7.5379407
44.3882506,7.5388804
44.3879654,7.5383926
44.3898686,7.5473406
44.3867557,7.5452833
44.3875559,7.5461684
44.3877878,7.545823
44.3884543,7.5475375
44.3889713,7.5464685
44.3900216,7.5493236
44.3902451,7.548769
44.388936,7.5482076
44.390299,7.5469305
44.3892266,7.5452593
44.3873221,7.5437734
44.388634,7.5432158
44.4125459,7.548035
44.4428656,7.5264523
44.8077538,7.1170078
44.579483,7.1868905
44.5791324,7.1874818
44.5696173,7.3619444
44.515826,7.4775578
44.5160212,7.4777603
44.4792734,7.5055226
44.4929393,7.544923
44.4942984,7.5446244
44.5675097,7.4554334
44.5658893,7.4834212
44.5454109,7.5398444
44.5443109,7.5383181
44.5450754,7.540944
44.6004768,7.4829839
44.6462117,7.4904858
44.6460545,7.4948937
44.6453447,7.4947957
44.6990294,7.1574053
44.7250037,7.3234809
44.7254568,7.3231471
44.7265661,7.322625
44.7596786,7.3133925
44.760631,7.3148682
44.7608721,7.3143325
44.7606348,7.3152579
44.8077198,7.1565898
44.8204934,7.2229293
44.821036,7.2248718
44.8204907,7.2222935
44.8141023,7.2464078
44.7967217,7.2884722
44.7978336,7.2903947
44.8672608,7.299307
44.8663125,7.2986201
44.8863736,7.3323875
44.8876531,7.333408
44.8861422,7.3323263
44.8859583,7.3379782
44.8836238,7.3354658
44.8854383,7.3345283
44.8854563,7.3347693
44.7839142,7.3748283
44.7846954,7.3718906
44.7851543,7.374758
44.784301,7.3762979
44.7627725,7.5395857
44.7628645,7.536829
44.8868662,7.3421287
44.8437203,7.4958288
44.8439676,7.4959227
44.8439902,7.4974662
44.8598575,7.5037326
44.2005299,7.5758741
44.2020614,7.5769213
44.1481196,7.9107021
44.1492779,7.912097
44.2534164,7.7794851
44.3287798,7.551264
44.3297243,7.6198693
44.3292974,7.6176748
44.3300534,7.6179921
44.3640478,7.6466648
44.3660052,7.6459393
44.3183805,7.7440891
44.3249923,7.6781737
44.3249616,7.6784634
44.3886525,7.5500511
44.3933649,7.5520228
44.3935781,7.5522879
44.3910961,7.5630383
44.4091013,7.5499878
44.3983435,7.5713637
44.4126436,7.5510049
44.4601681,7.5933904
44.4437071,7.6399954
44.4027732,7.6840541
44.4232366,7.7097825
44.4225017,7.7081363
44.4231257,7.7100355
44.4305378,7.7453588
44.2873032,7.8066497
44.3022124,7.7977764
44.3025638,7.8000024
44.3449253,7.7649215
44.3455355,7.7630254
44.3454238,7.765988
44.3480765,7.7720111
44.3458671,7.766058
44.3483231,7.771513
44.362163,7.8625371
44.2757406,7.9141928
44.2949821,7.8741645
44.3831054,7.8141765
44.390191,7.8190893
44.3907396,7.8208255
44.390118,7.8208383
44.3886313,7.8202931
44.388267,7.8207244
44.3910384,7.817009
44.3916073,7.8207739
44.3952442,7.8202263
44.3915109,7.8211136
44.3920922,7.8207238
44.3908814,7.8210672
44.3888341,7.8299802
44.396808299999996,7.8313549
44.4530856,7.7818865
44.3739363,7.8724271
44.0616823,8.1734729
44.0864571,8.1467214
44.2041904,8.0142237
44.0911889,8.2293648
44.1121423,8.2440877
44.1103012,8.2424084
44.1096625,8.2421061
44.1270874,8.2569248
44.1269336,8.2562341
44.1251517,8.2550112
44.1286699,8.2572686
44.1273551,8.2592718
44.1274756,8.2590833
44.1275797,8.2592726
44.1277317,8.2591455
44.1447314,8.27001
44.1488169,8.2825813
44.1487962,8.2841223
44.1594005,8.3066074
44.1583587,8.3097627
44.1763927,8.2684584
44.1746864,8.3296928
44.1681857,8.341279
44.1697715,8.3458243
44.1697011,8.3455621
44.1683332,8.343094
44.1687062,8.3441744
44.1710644,8.3527336
44.1727105,8.353929
44.303215,8.0437493
44.4135509,8.167575
44.3653002,8.2054136
44.3600129,8.2881529
44.3599029,8.2899086
44.3664142,8.2896259
44.3357206,8.3391967
44.3971332,8.2771796
44.3973455,8.2774951
44.3989112,8.2737771
44.4492889,8.3140267
44.5004372,7.584618
44.5002112,7.586262
44.5013801,7.5862394
44.4989212,7.5868546
44.4830559,7.6511018
44.5559845,7.6220316
44.5107368,7.7217177
44.5094878,7.7210119
44.5076609,7.7565142
44.5455915,7.721404
44.5489569,7.7251315
44.5497287,7.7241117
44.5495501,7.7255221
44.5519048,7.7260119
44.55557,7.7306684
44.5579582,7.7336528
44.6244913,7.5551149
44.6265723,7.5565525
44.6818398,7.5666748
44.6475479,7.6541077
44.6481281,7.6557859
44.6475208,7.6548956
44.5790026,7.7923168
44.5438958,7.8293206
44.4793363,7.8752158
44.4775262,7.8791048
44.5307799,7.9449273
44.5303362,7.9475212
44.5728751,7.9172736
44.6361424,7.7899058
44.6493627,7.8574847
44.6504445,7.8583138
44.6522971,7.8578838
44.6505509,7.8580479
44.6670108,7.8324253
44.5937897,7.8688087
44.5969975,7.869392
44.5829405,7.9673256
44.6103268,7.9408413
44.6102863,7.9421849
44.6383986,7.9327105
44.6386049,7.9344149
44.7520995,7.6006037
44.7060314,7.6866106
44.7058836,7.6872445
44.7074969,7.6871172
44.7082992,7.6867461
44.7669375,7.6753407
44.7672982,7.6753532
44.8307771,7.5880605
44.8306656,7.5897962
44.8198541,7.6269257
44.8501883,7.7186608
44.6959205,7.8507128
44.6972753,7.8504087
44.6951169,7.8507665
44.6957827,7.8511794
44.6943191,7.8493039
44.6986617,7.8509923
44.6965683,7.8560067
44.6954584,7.8524676
44.6948691,7.85287
44.6978635,7.8513225
44.6942596,7.8522238
44.6957729,7.8577762
44.702215,7.842089
44.7003906,7.8484668
44.7001415,7.8483086
44.6993929,7.8494962
44.7701588,7.7825494
44.6980739,7.8832382
44.6985312,7.8834932
44.6929524,7.9219464
44.7152503,7.9521417
44.7160162,7.9521443
44.7358429,7.9570933
44.7354542,7.9618901
44.7353971,7.9626447
44.7443886,7.9022203
44.8134928,7.9575433
44.8627464,7.8979685
44.5293677,8.0509146
44.6553899,7.9804575
44.6505503,8.0286971
44.6535789,8.0498672
44.6848514,8.1504985
44.6844357,8.1499868
44.5801459,8.1919378
44.5791166,8.1953105999999991
44.5794991,8.1934062
44.6185563,8.182529
44.6178537,8.1822999
44.6005716,8.3531689
44.6489853,8.3257343
44.7143873,8.0162379
44.728616100000004,8.0070386
44.697005,8.0346046
44.6962715,8.034321
44.6954025,8.034198
44.6974738,8.0318529
44.6965144,8.0336371
44.6967518,8.0337565
44.6960631,8.0338751
44.6972349,8.0344847
44.6943069,8.0332026
44.694734,8.0326714
44.6970115,8.0337907
44.6964107,8.0349892
44.7018941,8.0330631
44.7020123,8.032716
44.7027861,8.0318795
44.7007827,8.0354193
44.7029526,8.0355702
44.7008746,8.0397683
44.7460567,8.0611143
44.758938,8.0723266
44.6891121,8.0883807
44.6894386,8.0874163
44.7252644,8.0810611
44.7212831,8.1193044
44.7503097,8.1514254
44.7496923,8.1504723
44.7954869,7.9915751
44.7962011,7.9897792
44.7967832,7.9936403
44.7972976,7.9962667
44.8254322,8.0049495
44.8067457,8.1482959
44.8288961,8.1777532
44.8869478,8.0748655
44.8450952,8.1340947
44.8586437,8.1590054
44.7080412,8.2310597
44.7079462,8.2293993
44.7885142,8.179884
44.788411,8.180262
44.7177409,8.2843543
44.7184715,8.2884778
44.7194007,8.2871651
44.7188697,8.2866556
44.7363843,8.333374
44.7746139,8.3558207
44.7736271,8.3545674
44.827623,8.219169
44.7907621,8.2495899
44.8491873,8.2197903
44.8940529,8.1984543
44.8894855,8.1944957
44.8877939,8.21171
44.8895376,8.2112728
44.872835,8.2855624
44.0519661,9.8349308
44.0380295,10.0389378
44.0385491,10.038212
44.038619,10.0380096
44.0417642,10.0350008
44.0490233,10.0162771
44.038149,10.0438404
44.0377375,10.0416524
44.0379699,10.0418766
44.0371693,10.0462555
44.0409913,10.041386
44.0556573,10.0446675
44.052697,10.0504018
44.0492097,10.0568759
44.0495896,10.0566662
44.0489688,10.0593875
44.0509333,10.0587395
44.0511154,10.0589182
44.0513825,10.059233
44.0532382,10.060376
44.0534002,10.0606001
44.1818883,8.3979651
44.2065273,8.4166953
44.2717061,8.4385128
44.2713348,8.4380233
44.2704354,8.4379506
44.2919144,8.4149808
44.2956,8.4543905
44.2962603,8.4558769
44.2985111,8.4694308
44.3091288,8.4730332
44.310557,8.4792182
44.3090272,8.4787446
44.3106592,8.4749505
44.3088651,8.4794356
44.3107335,8.4780951
44.3098417,8.4789381
44.3100941,8.4796489
44.3090666,8.4784915
44.3098294,8.4791956
44.3100922,8.4780542
44.3102887,8.4798
44.315571,8.4741927
44.3097963,8.4810841
44.309479,8.4806909
44.3102737,8.4809071
44.3074229,8.4867606
44.3072529,8.4817963
44.3270587,8.5009542
44.3278015,8.5046112
44.3310641,8.5129538
44.3306337,8.5128782
44.3417335,8.5437616
44.3427054,8.5459193
44.3599084,8.5764735
44.3593509,8.5767594
44.3596976,8.5777814
44.3602434,8.5820127
44.3598257,8.57917
44.3872207,8.6411194
44.3893443,8.6461732
44.3891794,8.6449326
44.403303,8.6843442
44.4032238,8.684772
44.4035177,8.6849335
44.4048525,8.6864061
44.428437,8.7512494
44.4288616,8.7540912
44.4280323,8.7522688
44.4285148,8.7559113
44.4274053,8.7821788
44.4270691,8.7868476
44.4269889,8.7895427
44.4235661,8.8488028
44.4159138,8.87095
44.4158021,8.8739727
44.411415,8.8849204
44.416907,8.8866725
44.4122371,8.8826928
44.4117141,8.887377
44.4115328,8.8885429
44.4124083,8.8885984
44.4148779,8.8879081
44.4157099,8.8873327
44.4117407,8.8926496
44.4117082,8.894676
44.4121795,8.8975983
44.4111316,8.9072113
44.4140597,8.9120154
44.4268809,8.8145909
44.4248349,8.8123316
44.4264451,8.8166162
44.4249596,8.8160609
44.4256281,8.8169322
44.4257974,8.8159078
44.425608,8.8156018
44.4255824,8.815059
44.4270608,8.8208856
44.4272319,8.8392635
44.4259644,8.8461497
44.4255455,8.8472309
44.4246793,8.8467684
44.4266518,8.8412952
44.4249407,8.8489903
44.4244621,8.850467
44.4241883,8.8514451
44.4252872,8.8473601
44.4253602,8.8477887
44.4272048,8.853549
44.4291511,8.8930874
44.430749,8.8918509
44.4357435,8.8924181
44.4319948,8.8930156
44.4302977,8.8922957
44.4329327,8.8923421
44.4334021,8.892428
44.436873,8.8944396
44.4601812,8.9019922
44.4587312,8.9006486
44.4597537,8.9017354
44.4596963,8.9019763
44.4608004,8.9012519
44.4591608,8.9021666
44.4586945,8.9004740000000009
44.3966477,8.944969
44.3969242,8.9486277
44.3954909,8.9481435
44.3961521,8.9508744
44.4019126,8.9377323
44.4012698,8.9370467
44.4102219,8.9292434
44.4069084,8.9323299
44.409232,8.9299897
44.4094196,8.9298604
44.4092897,8.9297137
44.4054807,8.9368855
44.4102877,8.9347935
44.4069442,8.9370738
44.409021,8.9345539
44.4082353,8.9340935
44.4080429,8.9339167
44.407803,8.935933
44.4074622,8.9360291
44.406186,8.9359976
44.4060478,8.9370195
44.4060214,8.9372998
44.4065919,8.937728
44.4089318,8.9372489
44.4085093,8.9350278
44.4090674,8.933768
44.4091738,8.9334556
44.4090661,8.9335525
44.4064864,8.9343427
44.4099911,8.9353938
44.4042111,8.9357863
44.4057089,8.9356838
44.4083182,8.934213
44.4088022,8.9347347
44.4054389,8.9362137
44.4066383,8.9370789
44.4082252,8.9377622
44.407937,8.93377
44.4092889,8.9349649
44.4094001,8.9373651
44.4076233,8.9336582
44.4049177,8.9352432
44.4058376,8.9372638
44.4143623,8.9185727
44.4188075,8.9151462
44.4190291,8.9152127
44.4217476,8.9203105
44.4233408,8.9203498
44.4134637,8.9279182
44.41146,8.932499
44.4145582,8.9327681
44.4109826,8.9337154
44.4158791,8.9327389
44.4108123,8.9344816
44.4106702,8.9381541
44.4105692,8.9382649
44.4195777,8.9311942
44.3989538,8.9451635
44.4038531,8.9441144
44.403696,8.9422471
44.402591,8.9435078
44.4021548,8.9432028
44.399862,8.9456328
44.4009791,8.9416569
44.4032353,8.943762
44.3997336,8.9455798
44.3984649,8.9449573
44.4021817,8.9458676
44.4002716,8.9495984
44.3979458,8.9489929
44.3979153,8.9472544
44.4033184,8.9501103
44.4020957,8.9466497
44.4013737,8.9463191
44.4000593,8.9457255
44.4046196,8.9440863
44.4047781,8.9416146
44.4058884,8.9418365
44.4063995,8.9442461
44.4044762,8.9429837
44.4070573,8.9432783
44.4056245,8.9397284
44.4041424,8.9480076
44.4097043,8.9511851
44.4015616,8.9541406
44.4023679,8.9546345
44.402087,8.9535135
44.3994919,8.961009
44.399301,8.9610492
44.4001805,8.9593
44.4076044,8.9574382
44.4081308,8.9531724
44.4088153,8.9535951
44.407497,8.9592127
44.4073945,8.9608025
44.4043996,8.9649526
44.4082651,8.9648558
44.4128932,8.944497
44.4132122,8.9518198
44.4141958,8.9464677
44.4231147,8.944601
44.4226936,8.9485283
44.4224739,8.9468652
44.4186286,8.9521392
44.4148097,8.9554664
44.415396,8.955014
44.411972,8.9551538
44.4152155,8.957186
44.4154191,8.9566499
44.4114465,8.956519
44.4135224,8.9542364
44.416136,8.9562762
44.39415,8.9656875
44.3943246,8.9668405
44.3950094,8.9765227
44.3946905,8.9756615
44.3929051,8.9747385
44.3911267,8.9743366000000009
44.3959499,8.9735862
44.3955156,8.97433
44.3928149,8.9840786
44.3950208,8.9806878
44.3916011,8.9884539
44.3879589,8.9978071
44.3936893,9.0007904
44.3855517,9.0138115
44.3856588,9.0134657
44.3855726,9.0121643
44.4075019,8.9704913
44.4059106,8.9761039
44.4071798,8.9769775
44.4032433,8.9837945
44.4008505,8.9881411
44.4017007,8.9874712
44.4040903,8.9847143
44.4202634,8.9674175
44.4390204,8.9645186
44.4403404,8.9628424
44.4438826,8.9643493
44.4453407,8.9656873
44.4480438,9.005711
44.449312,9.0121214
44.4535336,8.9780524
44.4532751,8.9776605
44.4540288,8.9785146
44.4550105,8.9830474
44.3036047,9.2081804
44.362825,9.1417915
44.3618616,9.1447699
44.3633957,9.1433966
44.3617745,9.1438182
44.3633135,9.1456599
44.3617146,9.1423979
44.3488356,9.1548828
44.3483855,9.1555307
44.3473117,9.1569166
44.3350796,9.2130982
44.3350755,9.2085233
44.3331598,9.2127948
44.3344696,9.2100116
44.334351,9.2129039
44.3523929,9.2194549
44.3831681,9.0245497
44.38297,9.0260694
44.3830873,9.0297471
44.3837028,9.037501
44.3838372,9.0378418
44.3836354,9.0403359
44.3845609,9.0198466
44.3849304,9.0345098
44.3790443,9.0690965
44.380048,9.0681589
44.3808781,9.0683963
44.378571,9.0668264
44.3791034,9.069066
44.3722035,9.1022233
44.3730606,9.1039271
44.4486104,9.0868865
44.4116167,9.1655697
44.4796709,8.4911262
44.5514062,8.4944165
44.5879627,8.4586279
44.6763521,8.4662076
44.6752733,8.4665123
44.6725905,8.4685717
44.6718227,8.4685397
44.6762608,8.469812
44.675544,8.4691258
44.6728203,8.4692637
44.6786793,8.4673405
44.6744558,8.4687857
44.6746991,8.4683891
44.6767273,8.4708287
44.5376099,8.6988116
44.5363692,8.6996886
44.503828,8.7135281
44.6324393,8.6397012
44.6388262,8.643863
44.6384017,8.6431692000000009
44.6374499,8.6445287
44.6389197,8.6446597
44.7101702,8.549717
44.751083,8.5260128
44.8614441,8.4866104
44.8449234,8.5759004
44.8445531,8.575569
44.8929414,8.5914651
44.7301281,8.6890859
44.7526833,8.6581023
44.6888626,8.8065787
44.7612008,8.7812438
44.7617298,8.7864385
44.7617342,8.7861691
44.7617274,8.7857454
44.7625182,8.7862298
44.7637556,8.7871026
44.7599345,8.7856319
44.7612438,8.7858294
44.7619739,8.7839089
44.7621261,8.7847463
44.7623612,8.7853911
44.7623982,8.7836291
44.7616013,8.7873922
44.7622696,8.7850883
44.7592824,8.7923453
44.7677423,8.7882808
44.8836629,8.6830612
44.8848867,8.6815942
44.8839761,8.6830944
44.7926264,8.7831096
44.7936006,8.784189
44.8888134,8.7609501
44.4993976,8.9035471
44.4999004,8.9036475
44.4979769,8.9039762
44.5068823,8.8921522
44.5086619,8.8876369
44.5042634,8.8940979
44.4765534,8.9180734
44.4776613,8.9225174
44.5076812,8.9350216
44.5304659,8.9174886
44.572447,8.9447768
44.5711829,8.9452434
44.5716518,8.9449586
44.5726019,8.9520682
44.5744974,8.9435366
44.5704297,8.9542634
44.5354332,8.9975453
44.5356649,8.9966837
44.587985,8.8801284
44.5916263,8.9082562
44.6856973,8.8896944
44.6462441,8.9568224
44.5205017,9.1588971
44.6740183,9.0947646
44.7258567,8.8557619
44.7277445,8.8682348
44.7806809,8.9968648
44.8952804,8.8634873
44.8951815,8.8627911
44.8948985,8.8624742
44.8949925,8.8626569
44.7080143,9.0509425
44.8234307,9.198289
44.2588485,9.4255559
44.2405293,9.4895735
44.2388527,9.4901437
44.216035,9.5181932
44.1698316,9.6117005
44.1691897,9.610256
44.1700069,9.6126788
44.3178484,9.3178
44.3177298,9.3179872
44.3177742,9.3180233
44.316321,9.325466
44.3171403,9.3256459
44.3168852,9.3231912
44.3164998,9.3242653
44.3175395,9.3247077
44.3143365,9.3254642
44.3145533,9.3316849
44.3150363,9.3305699
44.3150758,9.3302993
44.31585,9.3269777
44.3150606,9.3266754
44.314962,9.3297335
44.3152082,9.3289618
44.3154395,9.3299006
44.3156681,9.3289982
44.3372194,9.2673893
44.337523,9.2675864
44.3493141,9.2293995
44.3460446,9.227899
44.3479966,9.2275715
44.3478321,9.2278025
44.3487124,9.2289499
44.3483021,9.2276173
44.3503361,9.2280966
44.3289935,9.3221381
44.2723146,9.3965411
44.2722139,9.3975592
44.2725164,9.3975272
44.2745621,9.3962707
44.2735166,9.3967027
44.2754837,9.3978339
44.2728713,9.3972855
44.2727779,9.3981302
44.2720871,9.4109599
44.3501768,9.3445592
44.4099722,9.2360052
44.4096802,9.2370634
44.4215562,9.3876069
44.422062,9.3872422
44.421624,9.387481
44.2742523,9.5139753
44.4328186,9.4924884
44.3768038,9.5931298
44.0993992,9.7386577
44.1347601,9.6839562
44.1488341,9.654917
44.1484717,9.6549516
44.1361109,9.685099
44.0646238,9.8365567
44.1087542,9.8165808
44.1065893,9.8163549
44.1041672,9.8197809
44.103625,9.822489
44.103934,9.8217095
44.105041,9.823117
44.105417,9.8262242
44.1054381,9.825364
44.1041289,9.8244448
44.1055262,9.8248433
44.1048801,9.8239926
44.1119993,9.8024254
44.1143746,9.8089899
44.1111946,9.8327349
44.1125038,9.8346153
44.1127407,9.8357802
44.1127242,9.8358059
44.1113756,9.8414595
44.1129959,9.8373845
44.1128869,9.8371676
44.1180072,9.8428118
44.1113138,9.8526394
44.1230706,9.8460791
44.1232531,9.8442173
44.2364148,9.7248899
44.1958568,9.7680373
44.0759656,9.9107384
44.1160678,9.9133698
44.1134843,9.9478509
44.111248,9.9575666
44.1103399,9.9559568
44.1112421,9.9610877
44.1101447,9.9561888
44.1097458,9.9559691
44.1107747,9.9571539
44.1490993,9.9226162
44.0684673,9.9663669
44.1050151,9.9629723
44.1098233,9.9651864
44.1332747,10.0179114
44.1627182,9.8630515
44.1628486,9.9154817
44.2109524,9.9682981
44.2088365,9.9695414
44.208929500000004,9.9691854
44.2061522,10.0069262
44.2139347,9.9675391
44.216065,9.9661975
44.3311536,9.9329153
44.3136596,9.9928774
44.3761732,9.8818576
44.3747504,9.8784309
44.5760881,9.279111
44.5260742,9.3861032
44.5257473,9.385126
44.5467276,9.4516232
44.503522,9.6285392
44.5027209,9.6286831
44.5032915,9.6308157
44.7690571,9.3859686
44.8685054,9.2649274
44.868096,9.2660604
44.870851,9.6432994
44.8707188,9.6432696
44.4872348,9.7651491
44.4875977,9.7661753
44.4880074,9.7673216
44.4888193,9.7660007
44.4913597,9.7800999
44.6317893,9.7310641
44.6319889,9.7307008
44.6622085,9.8448443
44.5106886,9.9907023
44.7230511,9.7023264
44.799602899999996,9.8300896
44.8218749,9.8275999
44.6871833,10.013482
44.6868912,10.0131444
44.8521498,9.870369
44.8537584,9.87134
44.8167959,9.9796293
44.8173732,9.9806907
44.8232,10.0008683
44.8608554,10.0636093
44.8650379,10.060373
44.8674606,10.0610179
44.8646405,10.0619726
44.9538027,6.7934959
44.9584503,6.8820941
45.0323249,6.8333052
45.033507,6.8336311
45.0132769,6.9411901
45.0349604,7.0512555
45.1377186,7.0492125
45.138281,7.0501214
45.1385281,7.0485332
44.9417968,7.2287392
44.9570989,7.1922826
44.9572469,7.191258
44.8991591,7.2390926
45.0523838,7.2967128
45.1014843,7.3263748
44.9821511,7.3749391
44.9813358,7.3758377
44.9342444,7.5424156
44.9332084,7.5392442
44.9341236,7.5405103
44.9868466,7.4611645
44.9856733,7.4598568
44.9905541,7.463456
45.0423902,7.3525757
45.0418323,7.3521024
45.0413209,7.3494218
45.0420782,7.3532208
45.0855871,7.4017979
45.0862859,7.4003146
45.0206992,7.468039
45.028292,7.4513177
45.0070201,7.5359228
45.0323019,7.5251015
45.0321199,7.5251015
45.0697272,7.5194017
45.068995,7.5212015
45.0687135,7.5210725
45.0706875,7.5186143
45.0701852,7.5192385
45.0721497,7.5204113
45.0706974,7.5202684
45.070715,7.5208361
45.0695772,7.5180094
45.0689417,7.5206099
45.0728876,7.5195875
45.0750843,7.5200049
45.0752633,7.5200041
45.0733945,7.5180738
45.0713472,7.5383614
45.0973501,7.523151
45.1003776,7.5264861
45.1012629,7.5354881
45.1005979,7.5471048
45.1029669,7.5479586
45.1369929,7.1502777
45.1397392,7.1476249
45.1219627,7.2377882
45.1070242,7.2699975
45.1070034,7.2702308
45.1349816,7.3868037
45.2387118,7.376511
45.3136415,7.3890924
45.2448216,7.5175895
45.2578857,7.542117
45.257886,7.5426471
45.2735886,7.4779263
45.2743628,7.4787408
45.2730454,7.4792377
45.312181,7.5336283
45.3129373,7.5314597
45.4977343,7.5452648
45.7025623,7.2078344
45.7087128,7.2256556
45.7342812,7.3096968
45.6090254,7.3552011
45.609459,7.3550353
44.9054781,7.6737725
44.9049036,7.673777
44.9034225,7.6731453
44.907439,7.674584
44.9076851,7.6746261
44.9217771,7.7448657
44.9990622,7.67811
45.0000459,7.6810073
44.9961921,7.6846906
45.0001625,7.6955331
44.9757316,7.7144181
44.9943031,7.7104126
44.9839131,7.742173
44.9841793,7.741885
45.029065,7.5588578
45.0276463,7.5982958
45.0273382,7.596779
45.0057179,7.6023637
45.0194372,7.6321115
45.0237585,7.6370261
45.0255978,7.6408252
45.0228556,7.6469849
45.0233143,7.6473069
45.0231407,7.6477999
45.0224273,7.6422205
45.0376668,7.6279487
45.0401977,7.6178994
45.0387401,7.6420479
45.0342329,7.6537065
45.0472994,7.6297979
45.0520869,7.6342598
45.0473744,7.6393847
45.0511234,7.6351107
45.0459879,7.6451343
45.0425438,7.6439605
45.0438344,7.641913
45.0446197,7.647471
45.047008,7.6460315
45.0520546,7.6543043
45.0718825,7.5514947
45.0718917,7.5517426
45.0723892,7.5599651
45.0635429,7.5767447
45.0630434,7.576518
45.0738635,7.6077567
45.0737368,7.6058517
45.0731872,7.6111074
45.0740884,7.6141542
45.0740718,7.6149526
45.0701121,7.6182742
45.0681781,7.6199446
45.0741274,7.6204322
45.0748638,7.6214319
45.0733655,7.6230262
45.0749781,7.6246272
45.0751105,7.6276273
45.0750425,7.6257541
45.0645186,7.6321721
45.0602117,7.6451575
45.0644205,7.6462225
45.0641722,7.6491464
45.0636927,7.6513499
45.0647417,7.6499805
45.0641695,7.6514811
45.064727,7.6483269
45.0688103,7.6381209
45.0694167,7.6365543
45.0695375,7.6360352
45.0699204,7.6396896
45.0751837,7.6287554
45.0751114,7.6379754
45.075465,7.6360558
45.0704188,7.6428556
45.0707512,7.653955
45.0752929,7.6448506
45.073583,7.6480416
45.0735629,7.6474716
45.0731748,7.6491647
45.0754304,7.6481734
45.0801471,7.6413167
45.0801053,7.6425841
45.0999595,7.6460955
45.0059049,7.6573303
45.0106648,7.6587876
45.0100136,7.6584745
45.0024746,7.6709744
45.017188,7.6624508
45.015952,7.6624807
45.0208387,7.6623829
45.0202,7.6661123
45.000759,7.6841706
45.032164,7.6559972
45.0304702,7.6668303
45.0411791,7.6562825
45.0524413,7.6547443
45.0512822,7.6668051
45.0507559,7.6669934
45.0510509,7.6673357
45.0423143,7.6717376
45.0429721,7.6718914
45.0424496,7.6704532
45.0477305,7.6730317
45.0475275,7.6733695
45.0472248,7.6734423
45.0506641,7.674072
45.0517554,7.675314
45.0494816,7.6772498
45.0558789,7.659502
45.0560589,7.659144
45.0550233,7.6551129
45.0579805,7.6622506
45.0597761,7.6664647
45.0619851,7.6613081
45.0590125,7.6704161
45.0580478,7.6689715
45.055615,7.6705334
45.0571055,7.6681989
45.0538301,7.6799659
45.0573527,7.6784518
45.0548701,7.676171
45.0556729,7.6788713
45.0549925,7.6786283
45.0632204,7.6683473
45.0637295,7.6730242
45.06194,7.6727421
45.0608114,7.680789
45.0641351,7.6782607
45.066224,7.6630071
45.0682194,7.6644502
45.077322,7.6666039
45.0766437,7.665143
45.0779151,7.6657667
45.0783787,7.6650191
45.0779199,7.6670055
45.0729388,7.6648002
45.0738714,7.6629096
45.0667716,7.671331
45.0689639,7.6678933
45.0723729,7.6722307
45.070235,7.678768
45.0718566,7.6801532
45.0714361,7.6798993
45.0659976,7.6754509
45.0661669,7.6756172
45.0692033,7.6803682
45.0693947,7.6799057
45.0722175,7.6775533
45.0659601,7.679607
45.0716054,7.6751814
45.0664478,7.6799758
45.0713666,7.6801016
45.0704832,7.676737
45.0756846,7.6710773
45.0763014,7.6677671
45.0729413,7.6804721
45.0582422,7.6838002
45.0549749,7.6811311
45.05923,7.6809975
45.0564134,7.6818402
45.0618283,7.6821394
45.0607957,7.6835177
45.0597559,7.6879173
45.0617304,7.6997368
45.0682769,7.6823079
45.0710499,7.684238
45.0674531,7.6809185
45.0702217,7.6834554
45.0667641,7.6832499
45.0679391,7.6810531
45.0673628,7.6816677
45.0670574,7.6827614
45.0686294,7.6825537
45.0676411,7.6818595
45.0695767,7.6823618
45.0673341,7.6917794
45.066842,7.6891629
45.0766882,7.6818008
45.0770066,7.681997
45.0759086,7.6826182
45.0708062,7.6939835
45.0668184,7.6970594
45.0688714,7.6996478
45.0695534,7.6951679
45.0799963,7.6653983
45.081007,7.6627326
45.082437,7.6655187
45.0999667,7.6636083
45.096649,7.6723654
45.0979029,7.6773208
45.0963917,7.6794976
45.0996412,7.6717978
45.1047242,7.6690576
45.0818717,7.6905616
45.082443,7.6928679
45.0898107,7.6884328
45.091547,7.6894027
45.0809608,7.698012
45.079999,7.6972346
45.092618,7.6934334
45.0935338,7.7025882
45.0925384,7.7039425
45.1015127,7.7005434
45.0666917,7.7083361
45.0732009,7.7155147
45.0730782,7.7147376
45.0914732,7.7120758
45.0797344,7.7317282
45.0941404,7.7150315
45.103286,7.7554482
44.9204781,7.8441843
44.9199909,7.8459463
44.9203176,7.8468766
44.9488867,7.7708119
44.9493825,7.7713708
44.9494466,7.7726914
44.9645618,7.7756984
44.971142,7.7770009
44.9728583,7.7779918
44.8980828,7.9636961
44.9421128,7.9392819
44.9420084,7.9388126
44.9423746,7.9368002
45.0429422,7.7741371
45.0437552,7.7730888
45.0113609,7.8242707
45.0113455,7.8246642
45.0090064,7.8205278
45.0120636,7.8244105
45.0051221,7.8363726
45.0073751,7.827307
45.0139992,7.8204786
45.0145025,7.8223493
45.1028584,7.7607138
45.1038196,7.7597268
45.1013885,7.7649522
45.1003472,7.764
45.0684741,7.8175573
45.0351846,7.8667152
45.0349976,7.8660437
45.0214167,7.9504065
45.0397973,7.9642905
45.0410749,7.9640854
45.1287711,7.5822824
45.1353394,7.5765947
45.1322211,7.5777964
45.1276257,7.635542
45.1282048,7.6411481
45.1281898,7.6359675
45.1321622,7.6320141
45.1317198,7.632136
45.1531981,7.6543857
45.1999715,7.5708123
45.1914734,7.6438709
45.1058913,7.662713
45.1128149,7.6592912
45.151479,7.6584825
45.1520756,7.6592143
45.1505276,7.7079325
45.1513362,7.707842
45.1802424,7.7152469
45.1811889,7.71533
45.1805716,7.7153259
45.1847155,7.7177306
45.2329239,7.6005507
45.2329086,7.5991125
45.2434352,7.5534127
45.2355248,7.6026068
45.2415131,7.6080688
45.3054483,7.7465882
45.1383962,7.7712445
45.1299628,7.9408888
45.1904431,7.8880056
45.190773,7.8882457
45.1914877,7.8913038
45.1690917,7.9547946
45.2725823,7.8231414
45.2472374,7.9657078
45.3070001,7.8890346
44.9129447,8.0353694
44.9355003,8.0717155
44.9655699,8.1292137
45.0075096,8.1131125
45.0071438,8.1133222
45.0642364,8.0991089
45.0927272,8.0906707
44.9034756,8.1894594
44.9023045,8.19046
44.8991963,8.1940615
44.9001315,8.2046415
44.9015425,8.2043148
44.8998443,8.2028502
44.9009665,8.2045656
44.8979036,8.205037
44.8981387,8.2046878
44.8989508,8.2036551
44.8982486,8.2039994
44.8996207,8.2022474
44.9054561,8.2019848
44.9121093,8.1941811
44.9097061,8.1992682
44.9016637,8.2087718
44.9011399,8.2074491
44.9008295,8.2065116
44.9005769,8.2075044
44.9009564,8.207375
44.9006126,8.205992
44.9008705,8.2061456
44.9014123,8.2060114
44.8992178,8.2060114
44.8992275,8.206192
44.8989798,8.2062974
44.9008795,8.2065041
44.9014179,8.213942
44.9025714,8.2137736
44.9033347,8.2141016
44.9058198,8.2240644
44.909523,8.219618
44.9151537,8.2213276
44.9072511,8.2829432
44.957408,8.2237414
44.981573,8.2087812
44.9855606,8.2244258
44.9578482,8.2578067
44.9364378,8.3392508
45.0093838,8.2559331
45.0513801,8.2640006
45.0508656,8.2658862
45.0392085,8.3139195
45.1524123,8.0513057
45.1537075,8.0554793
45.1921638,8.1021447
45.1919228,8.1032489
45.1918186,8.1032853
45.2155038,7.9722666
45.2355885,8.0110728
45.2352708,8.0113459
45.2358044,8.0121219
45.3110333,7.9769749
45.3095546,8.0191333
45.3095956,8.0242753
45.3090724,8.0233546
45.3092849,8.0225877
45.3093018,8.0221894
45.2817903,8.0800898
45.281955,8.0803056
45.2809648,8.0800254
45.3080559,8.1215854
45.1131608,8.2112873
45.1152893,8.2133986
45.1191027,8.2453073
45.1845603,8.2314186
45.1429347,8.3329122
45.1946458,8.2934846
45.1643385,8.3660357
45.2529919,8.2778398
45.2694628,8.3585029
45.3910269,7.6506821
45.3910821,7.6505799
45.3917004,7.6504557
45.391109,7.6498241
45.3303065,7.7243339
45.3322169,7.7228695
45.3308415,7.7239339
45.3306661,7.7240787
45.3318517,7.7227191
45.3303915,7.724138
45.3309408,7.7226409
45.33399,7.7242507
45.337218,7.7201993
45.3722668,7.6574503
45.3342967,7.7945124
45.3356149,7.7952343
45.3632846,7.7683716
45.3862286,7.8689573
45.3827717,7.8819063
45.4404776,7.7685902
45.4526455,7.860398
45.4773593,7.815427
45.4919749,7.8605522
45.5104194,7.8565948
45.5119587,7.8561419
45.4577515,7.869995
45.4633611,7.8736663
45.462109,7.8747079
45.4634478,7.8725182
45.4645513,7.872585
45.4660514,7.8746752
45.4676188,7.8798192
45.4674497,7.8816584
45.4673833,7.8804557
45.4684675,7.8799727
45.4681614,7.8899492
45.4683245,7.8862813
45.4697495,7.9049702
45.6119616,7.7358797
45.6153546,7.7395227
45.6104524,7.7383564
45.6539356,7.6846975
45.6686979,7.6905321
45.6658275,7.6925382
45.6689872,7.6896743
45.668851600000004,7.6894475
45.6483656,7.7145868
45.5484878,7.8299112
45.6030559,7.768119
45.6007505,7.796135
45.6001584,7.7971451
45.599816,7.797904
45.6490303,7.8609247
45.3652208,8.0745193
45.3670089,8.171371
45.36685,8.1717507
45.3653639,8.1779704
45.3662678,8.1738939
45.3658829,8.1753361
45.4065411,8.0941032
45.4066495,8.0941453
45.4249927,7.9958944
45.4221769,8.0530995
45.5206467,8.0076022
45.5188714,8.0074558
45.5063223,8.0388207
45.4449738,8.1125016
45.4806567,8.2654716
45.4796788,8.2653357
45.5579138,7.9817789
45.555879,8.0195365
45.5557416,8.0233371000000009
45.561233,8.0543636
45.5629302,8.0540571
45.5624203,8.0581183
45.5614878,8.055221
45.5617359,8.0552614
45.5580391,8.0614986
45.5657017,8.0550883
45.5657532,8.0553042
45.5649546,8.0554867
45.5689841,8.0544147
45.5647432,8.0545943
45.5660299,8.0567988
45.5650645,8.0543856
45.5642521,8.0573323
45.5698046,8.0702068
45.5833405,8.0011681
45.5915458,8.0522688
45.6153856,8.0497003
45.6113191,8.0533241
45.5478893,8.0764191
45.5465655,8.1121377
45.5455434,8.1107388
45.5638784,8.1010332
45.5632161,8.1065087
45.5677493,8.1782185
45.6349139,8.1434943
45.6467096,8.1352396
45.6073101,8.2890701
45.6152481,8.3710463
45.6140986,8.3715381
45.6170795,8.3666356
45.6180809,8.371135
45.6528436,8.1845894
45.6546887,8.1879321
45.6752544,8.2112763
45.6856587,8.1816161
45.6859904,8.1809241
45.6851251,8.2455036
45.7146356,8.2781083
45.7144808,8.2780177
45.7201737,8.271577
45.7149405,8.2788722
45.7165359,8.2799863
45.6332315,8.383289
45.6449217,8.3734396
45.7263413,8.328055
45.7924616,6.9718028
45.7914959,6.97154
45.7566178,7.0375089
45.7564955,7.0368096
45.7570972,7.0362275
45.7440815,7.0617509
45.7343349,7.3101448
45.7369752,7.3201844
45.7363511,7.3211082
45.7364477,7.3208945
45.7370862,7.3206557
45.7372302,7.3208031
45.7365745,7.3210429
45.7380429,7.3209866
45.7366918,7.3239058
45.7377114,7.321147
45.7393935,7.3501063
45.7410383,7.348538
45.739802,7.4674553
45.7484986,7.6114545
45.7484228,7.6112399
45.7499697,7.6211533
45.8056101,7.587762
45.7586781,7.7282187
45.758273,7.7328193
45.8131222,7.6895821
45.8321998,7.7257996
45.8311136,7.7256795
45.9362795,7.6299001
45.933857,7.6303741
45.7781254,7.8263111
45.8531608,7.9378643
45.7745131,8.0953514
45.8143956,8.2546043
45.8141122,8.2541544
45.814241,8.2543485
45.814748,8.2539783
45.9069474,8.3405796
46.0064579,8.2693223
46.0259883,8.2588705
46.0651422,8.2615114
46.0650278,8.2615379
46.0669377,8.2591129
46.115539,8.2928731
46.1473004,8.296301
46.2062956,8.2508444
46.2067673,8.2464773
46.259478,8.3194041
44.8984072,8.4059907
44.8982102,8.5978307
45.0106184,8.3967068
45.081448,8.3978579
45.0354142,8.5223758
45.0961745,8.5548192
44.9018001,8.6018025
44.9015938,8.6013567
44.896658,8.6040471
44.899799,8.5997411
44.9030174,8.6034977
44.8993846,8.6213544
44.9083082,8.6142057
44.9028369,8.6165234
44.9078467,8.6169742
44.9041342,8.6186789
44.9096638,8.6108772
44.9121078,8.6103205
44.9095195,8.6118121
44.9087006,8.6117249
44.909978,8.6135874
44.9099463,8.6132559
44.9119782,8.612877
44.9098767,8.613547
44.9144715,8.6157519
44.9142782,8.6153746
44.9136655,8.6136469
44.912068,8.6119563
44.9090718,8.6144431
44.9136789,8.6146438
44.9134968,8.6135565
44.9142536,8.6131984
44.9136627,8.6174094
44.9096806,8.6234137
44.9157222,8.6164027
44.9165748,8.6242426
44.9115517,8.6249493
44.9101404,8.6301522
44.9239503,8.6222515
44.9179898,8.6909771
45.0123507,8.6435235
45.0114282,8.6438123
45.0117266,8.6439813
45.0121909,8.6423411
45.0500232,8.8038672
45.0974096,8.7385294
45.0957356,8.7375586
45.0971808,8.7369377
45.0962371,8.7366241
45.1255291,8.4510351
45.132194,8.4506426
45.1362864,8.4522918
45.1369662,8.450997
45.1374865,8.449505
45.1317878,8.4512128
45.1341227,8.4492866
45.1345519,8.4505839
45.134915,8.4504877
45.1379912,8.4534529
45.1382205,8.4510344
45.1355411,8.4549662
45.1338734,8.4665534
45.1604064,8.4259901
45.180245,8.4802201
45.2604231,8.4084555
45.2309712,8.4560084
45.2617555,8.484076
45.3147524,8.4087064
45.3059584,8.4440989
45.2216608,8.504765
45.3043239,8.5332108
45.2886405,8.5939406
45.2881253,8.596085
45.2902908,8.5933332
45.2902129,8.5940509
45.2901857,8.5945933
45.1493639,8.6641846
45.150605,8.6656808
45.1736374,8.7904842
45.1775123,8.7900505
45.2519497,8.7354617
45.2513168,8.7383501
45.252006,8.7376447
45.2529539,8.7383394
45.2525649,8.7362929
44.8972848,8.8658577
44.896025,8.8640138
44.8972098,8.8666462
44.8992186,8.8691475
44.9063151,8.8794473
44.9604293,8.9325557
44.9604141,8.9332058
44.9611166,8.9335037
44.9925551,9.0017827
44.9934318,9.0076597
44.9928005,9.0081819
44.9920878,9.0097325
44.9916842,9.0094883
44.9899066,9.008553
44.9929912,9.0076406
44.9934971,9.0079328
44.9933722,9.0126899
44.9942147,9.0069486
44.9938029,9.0089031
44.9938144,9.0086685
44.9955415,9.0121579
44.9940776,9.0127758
45.0289688,8.8503066
45.0059633,8.9272751
44.8959144,9.0562855
44.8961386,9.0562747
44.9487925,9.0382847
44.9667931,9.1486397
45.0037959,9.1013006
45.043296,9.0816419
45.015055,9.1254877
45.0147907,9.1258418
45.0156474,9.1244601
45.0156791,9.1253283
45.0162665,9.1254971
45.0153888,9.1268893
45.0151141,9.1264103
45.0160934,9.1255334
45.0157283,9.1259203
45.0159079,9.1278512
45.0352492,9.1814429
45.0789019,9.1306979
45.1952006,8.9251032
45.1953924,8.9244909
45.1960985,8.9213653999999991
45.1963019,8.9222634
45.1971133,8.9241069
45.3029761,8.8530697
45.309751,8.8527395
45.3146164,8.8523577
45.3124235,8.8596537
45.2873811,8.9942055
45.3130656,8.9686092
45.1508791,9.160803
45.1638405,9.1371193
45.1581298,9.1360723
45.1824398,9.1458058
45.1873308,9.1475631
45.1882017,9.1474467
45.1857604,9.1463965
45.1862724,9.1464349
45.2038237,9.135952
45.1859055,9.1531578
45.1860865,9.1533705
45.1853194,9.1552601
45.1856786,9.1533314
45.1859221,9.1568103
45.1890495,9.1559451
45.1890911,9.1571623
45.188144200000004,9.1561661
45.1883484,9.1563192
45.1890983,9.1563381
45.1891265,9.1558379
45.185709,9.1554563
45.1859058,9.1555631
45.1947073,9.1583502
45.1931575,9.1560426
45.2567354,9.0279888
45.3103232,9.039462
45.2143127,9.1646166
45.2534175,9.1318227
45.2360324,9.1762769
45.2342777,9.1782846
45.3236697,8.4145456
45.3248711,8.420483
45.3249697,8.420048
45.3246531,8.4207641
45.3258794,8.4195041
45.3236678,8.4149428
45.3222923,8.4150092
45.323019,8.4178545
45.3267158,8.417341
45.3252377,8.4202497
45.3257026,8.4225464
45.3246227,8.4217643
45.3253041,8.4216504
45.3225066,8.4238046
45.3534418,8.3909505
45.3566103,8.4656435
45.3582539,8.4656713
45.38655,8.4324146
45.3995764,8.4641294
45.4080693,8.5887639
45.4363689,8.4679989
45.4544246,8.4625429
45.4956222,8.3886448
45.4981825,8.3895743
45.4380925,8.6033945
45.4379732,8.6086154
45.4393855,8.6145282
45.4390101,8.6129969
45.4453637,8.6168008
45.4446428,8.6124285
45.4438376,8.6134832
45.4447127,8.6209647
45.4438699,8.6225253
45.4454123,8.6218041
45.4340609,8.633205
45.4347032,8.6325842
45.4488947,8.606315
45.4470036,8.610371
45.4469675,8.6121934
45.4469568,8.6135018
45.4467111,8.6120909
45.446715,8.6119443
45.4472117,8.6139781
45.4460388,8.6170984
45.4490529,8.6222281
45.4473571,8.6187771
45.4465351,8.6219299
45.4503504,8.6230786
45.4496718,8.6225947
45.4476592,8.6222365
45.4515912,8.6210176
45.45237,8.622036
45.4499544,8.6220116
45.448669,8.6228652
45.4503698,8.6238228
45.459399,8.6167464
45.4469198,8.6263481
45.44683,8.6252848
45.4483527,8.6363649
45.4583141,8.6756513
45.4769648,8.6956819
45.478716,8.6988565
45.4760829,8.6970544
45.4800818,8.6981148
45.5010672,8.6617398
45.4322226,8.7353165
45.4321707,8.7347801
45.4321757,8.7355668
45.4300064,8.7368834
45.4326779,8.7373005
45.4357202,8.7398308
45.4623925,8.7206501
45.5344295,8.418417
45.5338178,8.4168068
45.5538406,8.4601646
45.5552039,8.4590325
45.5969495,8.4217864
45.5986654,8.4216969
45.5728837,8.5532831
45.6638538,8.397402
45.6423804,8.4820345
45.699788,8.4638717
45.699955,8.4657419
45.6990024,8.4649588
45.6976571,8.4631955
45.727176300000004,8.4446094
45.7299656,8.4439297
45.6430239,8.4991945
45.6331755,8.5401766
45.6761551,8.5523057
45.7294795,8.5776115
45.5940312,8.6376159
45.5997637,8.6362188
45.597338,8.6361881
45.5993278,8.6354188
45.5975781,8.6377048
45.5297024,8.7391745
45.5321256,8.7654098
45.5788956,8.7853739
45.5795189,8.7824986
45.6666636,8.6333294
45.6672042,8.6319813
45.687146,8.6039344
45.70805,8.629835
45.7126543,8.638446
45.7142961,8.6431297
45.7251268,8.6349813
45.7241281,8.6316818
45.7239072,8.6330544
45.724065,8.6339333
45.7220648,8.6948603
45.7220547,8.691406
45.6475572,8.7223734
45.6803618,8.7069066
45.6788188,8.7101554
45.6546362,8.7823918
45.6546925,8.7928488
45.6541333,8.7927149
45.6524145,8.7932682
45.6534766,8.7962947
45.6521764,8.7983
45.6514621,8.7950304
45.6620783,8.7860498
45.6578796,8.7854227
45.6579246,8.7831509
45.662172,8.7922667
45.6610515,8.7941064
45.6611139,8.7915476
45.6605562,8.7946215
45.65904,8.7893146
45.662877,8.7913631
45.6622883,8.7917598
45.6629484,8.7923666
45.6574604,8.7968784
45.6591805,8.7951251
45.6588863,8.7955219
45.6583829,8.796338
45.6657878,8.7959772
45.6738817,8.7963366
45.6838396,8.7070155
45.6833973,8.7078703
45.6828955,8.7105487
45.6982438,8.7642373
45.701321,8.7696545
45.7001207,8.7687513
45.7079062,8.7904805
45.6989656,8.8042840000000009
45.7248356,8.8024785
45.32076,8.8460847
45.3171939,8.85922
45.3174721,8.8588796
45.3183235,8.8589952
45.3653169,8.8095156
45.3650066,8.8099356
45.3212063,8.8633812
45.3180641,8.8610061000000009
45.3199091,8.8607383
45.3664007,8.9221427
45.3505397,9.0149751
45.3976933,8.916891
45.3980825,8.9174272
45.39519,8.9137977
45.3956958,8.9172217
45.3985999,8.918362
45.3981789,8.9188438
45.3972583,8.9140631
45.4008264,8.9164402
45.4024594,8.9145223
45.4019435,8.9155311
45.3737503,9.0007123
45.3966859,8.9778923
45.4673841,8.8298757
45.4369094,8.8873453
45.435971,8.8876551
45.4652619,8.8813993
45.4640387,8.8841253
45.4655083,8.8839773
45.4653807,8.8848826
45.463537,8.8840267
45.4658261,8.8836418
45.4656902,8.8865652
45.4677449,8.8842743
45.505023,8.8163909
45.4842242,8.8712505
45.4832862,8.8715251
45.505833,8.9015732
45.5238495,8.9022987
45.5234219,8.9015705
45.4202403,8.935624
45.444555,8.9871743
45.4848764,8.9588973
45.4876781,8.9532729
45.5052768,8.9439575
45.4875514,8.9698694
45.4763075,8.9955104
45.4858288,8.9998655
45.4858521,8.9992549
45.4870776,9.0008852
45.4854508,9.0076679
45.4866277,9.0118916
45.333524,9.0202278
45.3521561,9.0188733
45.3512966,9.0186408
45.3195449,9.1014015
45.332569,9.0989164
45.3319694,9.0990881
45.331188,9.0991511
45.4066252,9.037198
45.4194708,9.0693872
45.4177181,9.1220335
45.3548893,9.1484207
45.3556657,9.1489227
45.3587237,9.1571903
45.3184327,9.2011967
45.3196642,9.2000003
45.3577207,9.2222703
45.3567956,9.2232301
45.4060734,9.1292323
45.4050612,9.1304745
45.4032742,9.1319303
45.4169837,9.1226141
45.3758586,9.2107109
45.4102291,9.1750783
45.4186197,9.1765344
45.4215588,9.0608977
45.4210908,9.0590879
45.4236074,9.0642977
45.4199509,9.0699618
45.4223541,9.0655525
45.4228449,9.0637911
45.4488841,9.0367703
45.4478106,9.034081
45.4260238,9.0703394
45.4327468,9.1092686
45.4208291,9.1202215
45.420547,9.1204184
45.4263618,9.1161546
45.4376976,9.1001563
45.4413532,9.096447
45.4411427,9.0966467
45.4420147,9.0976481
45.4430942,9.100603
45.4352694,9.1124413
45.4408705,9.1104494
45.4472102,9.090927
45.4461371,9.094564
45.4603955,9.0897091
45.4631134,9.087158
45.4605622,9.0958143
45.4604816,9.0946058
45.4607785,9.0944946
45.4603697,9.0974169
45.4601391,9.1066309
45.4878182,9.0181393
45.479565,9.0546922
45.4865367,9.0519079
45.4888685,9.0560708
45.4864299,9.0538367
45.4884998,9.0582379
45.4990932,9.0256992
45.5010358,9.0252346
45.4725714,9.1189825
45.4909502,9.1009674
45.5085072,9.0859804
45.5102336,9.0875235
45.5112679,9.0857658
45.5216931,9.1167113
45.4432888,9.147903
45.4388202,9.1522623
45.4372775,9.1509172
45.4374327,9.1561406
45.4410454,9.1512301
45.4404375,9.1546528
45.4545027,9.1347861
45.4512275,9.1420639
45.4517271,9.1414756
45.4499748,9.1371024
45.4505251,9.1487839
45.4527433,9.1421771
45.4629775,9.1341748
45.4684527,9.12912
45.4675283,9.1300408
45.4681527,9.1317827
45.4619365,9.137923
45.4645487,9.136387
45.4651935,9.1426103
45.4683155,9.137527
45.4675422,9.1367434
45.4657225,9.1373787
45.4662604,9.1487787
45.4663019,9.1482968
45.4668663,9.1484174
45.4669373,9.1450575
45.4662951,9.1484636
45.4522227,9.1540376
45.4530191,9.1553623
45.4533126,9.1551731
45.4535179,9.15217
45.4540379,9.1529905
45.4564364,9.1543646
45.4535541,9.155007
45.4559904,9.1656692
45.4570137,9.1623732
45.4548642,9.1633194
45.4559538,9.1655708
45.4587472,9.1643214
45.4560191,9.1739707
45.4552466,9.1720287
45.457504,9.1690502
45.4561773,9.1737349
45.456523,9.1728739
45.4590914,9.1550339
45.4638818,9.1530141
45.4596985,9.1565282
45.4617051,9.1554728
45.4680694,9.1549916
45.4658749,9.1510471
45.4661562,9.1498525
45.4667509,9.1504388
45.4693427,9.154256
45.4690455,9.1501468
45.4691245,9.155015
45.467298,9.1496855
45.4668983,9.1496265
45.466249500000004,9.149026
45.4677939,9.1555431
45.4696832,9.1556235
45.4661704,9.1594596
45.4663123,9.1613585
45.4687615,9.1556105
45.4667372,9.1586666
45.4646055,9.1701323
45.4651732,9.173446
45.4605505,9.1746832
45.4690943,9.1626019
45.4717486,9.1683081
45.4660496,9.1646401
45.4670485,9.1649589
45.4674479,9.1733361
45.4708604,9.1689333
45.4669791,9.1691374
45.4678719,9.1699905
45.4693574,9.17094
45.4693517,9.1714977
45.4689178,9.1711325
45.468136,9.1746934
45.4380564,9.178195
45.4372828,9.1780326
45.4372444,9.1812466
45.4389367,9.1786145
45.4349665,9.1838433
45.4355586,9.1834445
45.4440574,9.1758425
45.4349207,9.2006762
45.4393858,9.199829
45.4298757,9.2035404
45.4330496,9.2015738
45.4344691,9.2012764
45.4370134,9.2136475
45.4367383,9.215235
45.4417643,9.2192915
45.4433678,9.21776
45.4401432,9.223454
45.4413117,9.2210805
45.4523725,9.1811993
45.4519144,9.1802645
45.4519031,9.1799627
45.4516203,9.1799291
45.447543,9.1794109
45.4517874,9.1873689
45.45182,9.1855161
45.4529775,9.1813171
45.459055,9.1777183
45.4528089,9.1834746
45.4526796,9.1849335
45.4575665,9.1874224
45.4513842,9.1900979
45.4502038,9.190149
45.4521907,9.1893064
45.4589231,9.18943
45.4577953,9.1932629
45.4572212,9.1904498
45.4568259,9.1947818
45.4537141,9.1994917
45.4565755,9.1952
45.4628719,9.176772
45.4642269,9.1843035
45.4654961,9.1868968
45.4651327,9.1836481
45.4644748,9.1833451
45.464435,9.1877487
45.4645859,9.1828825
45.4642402,9.186434
45.4653137,9.1872201
45.4651226,9.1824232
45.4650037,9.1826669
45.4638132,9.1842552
45.4635705,9.1836731
45.4632675,9.1831148
45.461389,9.1879578
45.4652602,9.1873487
45.4646536,9.1856147
45.4649686,9.1881415
45.4653956,9.1880359
45.4655273,9.1878218
45.4643936,9.1853817
45.4664656,9.1757653
45.4660328,9.1753318
45.4662561,9.1756468
45.468227,9.1757215
45.4677444,9.1757341
45.4661623,9.1768751
45.4658414,9.1818896
45.4667628,9.1839498
45.4676676,9.1824075
45.466156,9.1860778
45.4667588,9.1833984
45.4689514,9.1832226
45.4665208,9.1877891
45.4719785,9.1841449
45.4680034,9.1854367
45.4680721,9.1830643
45.4670346,9.1875181
45.4673471,9.1819307
45.468321,9.1853621
45.463163,9.19406
45.4603059,9.1884443
45.4649528,9.1886543
45.4616539,9.1904243
45.4618316,9.1935822
45.4602291,9.1909667
45.460162,9.1901086
45.4628385,9.1888435
45.4629512,9.1897428
45.4626122,9.1886764
45.4625076,9.1883854
45.4616996,9.1895136
45.4632117,9.1969733
45.4624813,9.1982993
45.4631376,9.1997585
45.4637645,9.1973078
45.4651859,9.1975337
45.4652887,9.197629
45.4633267,9.1998965
45.4608935,9.2007145
45.4655658,9.1972486
45.4653353,9.2004402
45.4642335,9.1956146
45.4630165,9.1991923
45.4664516,9.1890467
45.4657216,9.1891246
45.4663628,9.1913393
45.4672919,9.1939859
45.4684665,9.191227
45.4667817,9.1926771
45.4684833,9.1884621
45.466493,9.1887513
45.4666388,9.1888604
45.4661964,9.1884651
45.4658645,9.1907338
45.4664322,9.1928242
45.4671922,9.1917486
45.4667169,9.1935303
45.4685825,9.1909707
45.4692705,9.191196
45.4661004,9.1887053
45.4688771,9.188601
45.4676681,9.1882965
45.4656595,9.1989575
45.4666038,9.1992347
45.452443,9.2015216
45.4497598,9.2066884
45.4522145,9.2029962
45.4491572,9.2065422
45.4507433,9.2027159
45.4494315,9.2072439
45.4523998,9.2023385
45.4481745,9.2091846
45.4502591,9.2102442
45.4535758,9.2031812
45.4497746,9.2206042
45.4538761,9.2157834
45.455228,9.2160181
45.4531836,9.2151997
45.4570301,9.2174534
45.4536994,9.2198481
45.4548567,9.2267044
45.462102,9.2025249
45.4604488,9.2069373
45.4621099,9.2064682
45.460793,9.2074477
45.4605892,9.207503
45.4623506,9.2136105
45.4617125,9.2115439
45.4606393,9.2079877
45.4713845,9.2016806
45.4686011,9.2067138
45.4683199,9.2067472
45.4676089,9.2051765
45.4720679,9.2068369
45.4690934,9.2071489
45.4672392,9.2028783
45.4674789,9.2073149
45.4672283,9.2061732
45.4666572,9.2074181
45.4676695,9.2085182
45.4683413,9.2134648
45.4709055,9.2113913
45.46202,9.2144105
45.4624149,9.227407
45.4683495,9.2155
45.4667521,9.2144794
45.4710139,9.2241355
45.4719093,9.2241647
45.4682261,9.2212812
45.46842,9.2227561
45.4756572,9.1436542
45.4943389,9.1253304
45.4958983,9.1346237
45.4977196,9.1351584
45.4916832,9.1474727
45.4917316,9.1483833
45.498355,9.1412958
45.4961256,9.1467323
45.4731714,9.1593431
45.4780097,9.160527
45.4803857,9.1513526
45.4816221,9.1491879
45.4843151,9.160163
45.4849061,9.161129
45.4778559,9.1687478
45.4774634,9.1685709
45.483605,9.1628469
45.4832679,9.1632832
45.4822081,9.1646846
45.480653,9.165047
45.4847968,9.1622007
45.4817033,9.1679513
45.4816902,9.1662347
45.4814664,9.1656929
45.4807465,9.1665836
45.4801411,9.1673941
45.4811488,9.1719898
45.4810643,9.1700715
45.4787768,9.1691921
45.4812656,9.1696525
45.4903517,9.1514471
45.4881521,9.154957
45.4884422,9.1546156
45.4873868,9.1604998
45.4870352,9.1570862
45.4856111,9.1585105
45.4857154,9.1600228
45.4928318,9.1507638
45.4877546,9.1683716
45.4872453,9.1663628
45.4878932,9.1630698
45.4891227,9.1639603
45.4878023,9.1670375
45.4872621,9.1719555
45.4976318,9.1676888
45.5017707,9.1262228
45.5160692,9.1417437
45.514139900000004,9.1366471
45.514816,9.1396456
45.5012516,9.1627761
45.5026316,9.1652048
45.5018384,9.1661288
45.5011524,9.1652421
45.5021078,9.1645584
45.5165006,9.1720093
45.5138342,9.1735166
45.519944,9.1694653
45.5200671,9.1698719
45.5205483,9.1695286
45.5182163,9.1709133
45.4778306,9.1763774
45.4778365,9.1815102
45.4774015,9.1846816
45.4779218,9.1839707
45.4780089,9.1822833
45.4765418,9.1838838
45.4733403,9.1829242
45.4772356,9.1847135
45.4838645,9.176476
45.4803018,9.1816993
45.483149,9.1870322
45.4807714,9.1829621
45.4734597,9.1898335
45.4770536,9.188736
45.4747912,9.1945376
45.4769031,9.1883208
45.4726006,9.1948031
45.4758837,9.1949048
45.4776135,9.1972167
45.4773153,9.1957051
45.4772174,9.2001035
45.4767325,9.1951617
45.4723295,9.1957374
45.4725161,9.1966696
45.472772,9.1948769
45.4797514,9.1944548
45.4839179,9.1896257
45.4802892,9.1992911
45.4841287,9.1969993
45.4840995,9.197162
45.4833523,9.2012172
45.483593,9.1995574
45.4791308,9.1957425
45.4837982,9.1985156
45.4838398,9.1988576
45.4810626,9.1963626
45.4829247,9.2007652
45.4913943,9.1837689
45.4891379,9.1859321
45.494443,9.1851065
45.4960782,9.1855974
45.4959358,9.1861037
45.4965093,9.1860022
45.4971093,9.1849561
45.4938657,9.1872392
45.492575,9.1846489
45.4901965,9.1938586
45.4900661,9.1901608
45.4885508,9.1941718
45.4901385,9.1909103
45.4913249,9.1916827
45.4915361,9.1908708
45.4890313,9.1927828
45.4875815,9.1983633
45.4859917,9.1990451
45.4877502,9.1950703
45.4884093,9.1955276
45.4897904,9.1949791
45.4890024,9.200039
45.4925172,9.1945664
45.4919686,9.1957846
45.4921463,9.1951929
45.4722079,9.2031106
45.4750531,9.2052844
45.4742361,9.2067331
45.4736645,9.2062723
45.4746683,9.2117263
45.4761246,9.2085545
45.4727928,9.2133278
45.4767506,9.2081772
45.4766311,9.2080592
45.4812365,9.2037873
45.4842612,9.2064157
45.479792,9.203668
45.4837183,9.203994
45.4837319,9.2027472
45.4787593,9.2030706
45.4838487,9.2138277
45.4852296,9.2104334
45.48374,9.2134164
45.4799443,9.2108636
45.4743945,9.2190137
45.4739007,9.2175453
45.4728804,9.2156698
45.4780631,9.2151386
45.4817466,9.2205032
45.4814767,9.221041
45.4842701,9.2258191
45.4887519,9.2042201
45.4898714,9.2017857
45.4917874,9.2041004
45.49239,9.2040155
45.4958766,9.2037718
45.4982301,9.2085688
45.4858287,9.2160774
45.4856539,9.2164221
45.4866176,9.2175753
45.4868187,9.2172366
45.486143,9.2183364
45.4866784,9.2163318
45.4856933,9.2174748
45.4863896,9.2149788
45.4861941,9.2149225
45.4885887,9.2197314
45.4893648,9.2173865
45.486455,9.2178159
45.4883111,9.2197428
45.4859352,9.2266287
45.4962433,9.2200003
45.4962444,9.2195296
45.4940443,9.2193183
45.5034022,9.1768831
45.5022833,9.189862
45.502398,9.1978174
45.5090157,9.1884813
45.5067954,9.2004583
45.5175274,9.1916647
45.5083298,9.2022157
45.5025726,9.2214388
45.5029083,9.2220414
45.5063978,9.2230558
45.5116636,9.2043377
45.5149011,9.2126032
45.5231055,9.2078886
45.5212951,9.2105345
45.5115881,9.2240658
45.5124481,9.2248336
45.5158772,9.2261664
45.5199973,9.2266368
45.5656482,8.8869621
45.5981883,8.8431927
45.6129515,8.8450513
45.6118731,8.8458328
45.609157,8.8530966
45.6072315,8.8504471
45.6140649,8.8493231
45.6101006,8.8501286
45.6121591,8.8517441
45.6108097,8.8537409
45.6105032,8.8537603
45.609813,8.8510219
45.6144726,8.8524461
45.6131854,8.8521301
45.6120052,8.8561753
45.6121177,8.8573601
45.612689,8.8545101
45.613245,8.8547232
45.611851,8.8544112
45.6116062,8.8547986
45.6145814,8.8541286
45.6146265,8.8547965
45.6116763,8.8551184
45.6114972,8.8559892
45.6123368,8.8584117
45.6100584,8.8552806
45.6099857,8.8569051
45.6001848,8.8610334
45.5928365,8.9066879
45.5932936,8.9082672
45.6001085,8.9085836
45.6044816,8.8607379
45.6149483,8.884142
45.6260532,8.8797174
45.6256855,8.8798998
45.6131655,8.8991074
45.6135459,8.8983973
45.6128972,8.8994373
45.6139629,8.8983269
45.6139779,8.8975034
45.5389527,8.9535895
45.5736331,8.9186022
45.57043,8.9290361
45.5706169,8.928517
45.5587248,8.9473322
45.558263,8.9476855
45.5591437,8.9467429
45.5575724,8.9486502
45.5674629,8.9604423
45.5274304,8.9949703
45.5266636,8.9954961
45.5562729,8.9977132
45.5958708,8.9136771
45.5944864,8.9183812
45.5947698,8.9165949
45.5952498,8.9177298
45.5955097,8.9150144
45.5954337,8.9149487
45.5954858,8.9159595
45.5963517,8.915357
45.5961917,8.9163662
45.5964718,8.9165211
45.5959857,8.9143538
45.5967888,8.9180038
45.6017636,8.9158326
45.6015179,8.9160688
45.6019738,8.915653
45.5992558,8.9150244
45.5967517,8.9151643
45.5970893,8.9154281
45.5992628,8.9221154
45.5929914,8.9331416
45.5939044,8.9502759
45.6006937,9.0170942
45.6109146,9.0036659
45.6154134,9.006336
45.6303741,8.8267542
45.6734267,8.8245182
45.6737215,8.8269135
45.6512989,8.8864183
45.6305225,8.8880542
45.6433423,8.8986587
45.6430547,8.8991403
45.6690504,8.8738748
45.6653355,8.8925691
45.6635447,8.8900959
45.7191175,8.8138641
45.7219294,8.8357368
45.690839,8.8713188
45.7137942,8.9047733
45.710933,8.9080185
45.6324791,8.9410166
45.6760493,8.9495761
45.6752526,8.9546599
45.6738497,8.9556722
45.6756121,8.9555904
45.6393773,9.0057295
45.6426325,9.0007885
45.6594269,8.9713788
45.6602121,8.9706352
45.6606553,8.9741203
45.6558539,9.0019296
45.6922576,8.9286973
45.7031376,8.919575
45.73388,8.979405
45.7241609,9.0107873
45.723659,9.0126756
45.7259724,9.0127153
45.528346,9.0409952
45.5276871,9.0411299
45.5257503,9.0426144
45.5248916,9.042719
45.5290389,9.0432701
45.5290876,9.0424991
45.5272906,9.0410307
45.5284355,9.0389425
45.5283134,9.040077
45.5294127,9.041802
45.5299424,9.0414861
45.532867,9.036239
45.5283965,9.0529705
45.5703901,9.0268751
45.5705141,9.0271916
45.572268,9.0274692
45.5273711,9.1115907
45.5429948,9.1221634
45.5445435,9.1193332
45.5448751,9.1185519
45.544607,9.1188619
45.5513164,9.0780412
45.5525226,9.0786246
45.5535313,9.0770757
45.5509511,9.0779955
45.5510305,9.0796128
45.5769521,9.1183732
45.5993951,9.0182848
45.5970547,9.0453896
45.5975113,9.057116
45.6282114,9.0299736
45.6250846,9.025612
45.6264786,9.0356162
45.6284318,9.0347858
45.6252624,9.0369145
45.627672,9.0335671
45.6261789,9.0354949
45.6269286,9.0334163
45.6265303,9.035245
45.6234784,9.0351378
45.5781274,9.0802532
45.5957839,9.0777515
45.5782291,9.1195935
45.5780077,9.1205117
45.6021735,9.1219975
45.5980467,9.1204441
45.616741,9.0817395
45.6165046,9.0803314
45.5303442,9.1305248
45.5325799,9.1347409
45.5307227,9.1417289
45.530985,9.1417693
45.5300735,9.1427927
45.5332066,9.1409058
45.5320298,9.1405963
45.5316828,9.1372127
45.5272154,9.1740995
45.548509,9.1560121
45.5417111,9.1729103
45.5438861,9.1720976
45.5445749,9.171914
45.5619735,9.1680429
45.5677001,9.160415
45.5676529,9.1618937
45.5680866,9.164067
45.5686874,9.1672165
45.5678752,9.1637591
45.568676,9.1657028
45.5369919,9.1921655
45.5345248,9.1934731
45.533404,9.1934317
45.5361537,9.1926745
45.5355086,9.1956963
45.5500908,9.1784744
45.549877,9.1789831
45.5499452,9.1798711
45.5506643,9.1825641
45.543077,9.1883797
45.5408983,9.1890516
45.5397237,9.1898148
45.5295916,9.2181092
45.5354387,9.2256125
45.5694901,9.1822274
45.5559301,9.2056954
45.5595752,9.2115387
45.5568501,9.214905
45.5537753,9.2225532
45.5581168,9.2150637
45.5635111,9.2158488
45.5627362,9.215319
45.5586125,9.227175
45.6023913,9.1235685
45.6018418,9.12312
45.5968981,9.1477286
45.5817146,9.1562241
45.5966587,9.1514729
45.5982849,9.1614997
45.6037095,9.1247572
45.6091826,9.1468182
45.610087,9.1477771
45.6232544,9.1364104
45.6280519,9.1452022
45.5834104,9.1959986
45.5890101,9.2002324
45.5898871,9.1999223
45.5928298,9.1920475
45.5949756,9.1992649
45.591835,9.1997157
45.5920319,9.1969569
45.6122875,9.2014025
45.6163998,9.2064649
45.6195983,9.2078237
45.6231475,9.2127868
45.6295675,9.0295793
45.6305259,9.0319772
45.6514657,9.0384835
45.6736048,9.0394013
45.6676149,9.0520569
45.6696089,9.0534792
45.6474691,9.0813276
45.6455673,9.081864
45.6620557,9.0819061
45.6733408,9.085737
45.6778561,9.119899
45.6777914,9.1208801
45.6789791,9.1217026
45.679347,9.1210517
45.6985725,9.0336398
45.6985127,9.036609
45.6984601,9.0387588
45.6983497,9.0603825
45.7017785,9.0815126
45.7182938,9.0751364
45.7179801,9.1171245
45.6460709,9.1405201
45.6479061,9.1395113
45.6428594,9.1398174
45.6445624,9.1386677
45.6399054,9.1635509
45.6685727,9.1289039
45.6613691,9.1599196
45.6608193,9.1595873
45.6612515,9.1601612
45.6602293,9.1609229
45.6623895,9.1574301
45.6623054,9.1570697
45.662922,9.1562194
45.6570177,9.1666584
45.6719701,9.1721867
45.6531062,9.1954414
45.6499434,9.1999447
45.6512671,9.1948193
45.6386895,9.2052543
45.6470453,9.2047436
45.6478118,9.2050221
45.6470375,9.2043667
45.6469868,9.2039709
45.6475344,9.2032963
45.6485596,9.2037132
45.6480719,9.2097464
45.6494034,9.2063364
45.6497709,9.2035148
45.6497984,9.2099006
45.6496965,9.2079923
45.6501708,9.2149201
45.6497327,9.2206176
45.6502211,9.2146652
45.6680836,9.1788298
45.6741578,9.2033439
45.670411,9.2024469
45.695814,9.1270432
45.7342502,9.1299437
45.7324147,9.1324547
45.6886262,9.1821457
45.7002632,9.1765827
45.6953463,9.1849377
45.7078476,9.1965084
45.6978632,9.2122326
45.6982516,9.2086468
45.6992648,9.2104431
45.7085315,9.192025
45.7086103,9.1954605
45.7180282,9.2072779
45.7174787,9.207398
45.7157007,9.2057865
45.7190548,9.2081344
44.9046473,9.329081
44.9859992,9.3004744
45.0383043,9.3128266
45.063078,9.2603361
45.0625462,9.2620201
45.0622094,9.2619145
45.0675199,9.2662677
45.0764695,9.2971665
45.0761259,9.2973203
45.0760635,9.3021299
45.076152,9.3005628
45.0758779,9.3041472
45.0759202,9.3039115
45.0580591,9.4343802
45.0587379,9.4345631
45.0569425,9.4363987
45.0590092,9.4349559
45.0587845,9.4371576
45.0587406,9.4366819
44.9468876,9.5196621
45.0173844,9.4467574
45.0169741,9.4467916
45.0166064,9.4469893
45.0194795,9.4464832
45.0570427,9.4402921
45.0592693,9.4933554
45.059678,9.4918034
45.0003495,9.615034
45.0022081,9.6195508
45.0577079,9.5515888
45.0559255,9.6029154
45.055968,9.6072132
45.1599718,9.2286496
45.1860136,9.2751552
45.1596676,9.3137219000000009
45.1605004,9.3142788
45.1569436,9.3703212
45.1569243,9.369632
45.1096484,9.4370116
45.2113684,9.3068227
45.2205544,9.32278
45.2925665,9.2341813
45.2918055,9.234662
45.3110288,9.2595414
45.31133,9.2595439
45.283729,9.2961223
45.2166845,9.3627077
45.2176449,9.3608263
45.2376813,9.4094012
45.2788828,9.3580484
45.3005521,9.4177601
45.3007676,9.4175481
45.1516232,9.4893216
45.1115995,9.5155643
45.1526365,9.490858
45.1572609,9.5270558
45.1719166,9.4438703
45.1810479,9.4890993
45.1800501,9.4899316
45.1813137,9.4900312
45.1480379,9.63691
45.1586328,9.5549143
45.1578403,9.5559689
45.1669202,9.5803552
45.1666988,9.5808596
45.1930094,9.5460149
45.1919821,9.5489692
45.1784048,9.6463222
45.1786831,9.6468737
45.2133542,9.4993454
45.2437518,9.5372216
45.2631486,9.4911059
45.2710739,9.5282177
45.2704156,9.5276608
45.3015164,9.4979482
45.3001533,9.5138547
45.3050694,9.4908148
45.3056674,9.4927424
45.3102738,9.5008849
45.3092425,9.4994882
45.3123789,9.4998655
45.3143326,9.5023328
45.3146841,9.5021227
45.3128202,9.5026165
45.3133779,9.5022926
45.3130831,9.5024005
45.3110322,9.5007027
45.3119141,9.5011018
45.3123446,9.5017591
45.3116719,9.4994297
45.3133904,9.4977813
45.3148132,9.5047274
45.3120199,9.5043828
45.3140582,9.5045964
45.3126006,9.5040071
45.3131288,9.5030917
45.3090857,9.5061073
45.3142651,9.5069218
45.2144302,9.5720487
45.2141214,9.5733607
45.2314636,9.5929494
45.2490854,9.6213889
45.2840782,9.6002358
45.2850865,9.6017965
44.9983968,9.7917434
45.047946,9.6860932
45.0422261,9.6901397
45.0493084,9.6892092
45.0485928,9.6882596
45.0486431,9.6882392
45.0526503,9.6919872
45.05167,9.6929978
45.0490742,9.6932166
45.0459572,9.7085682
45.0461153,9.7073149
45.0499145,9.7011256
45.0471698,9.7048663
45.0416941,9.7163927
45.0541185,9.6741872
45.0544197,9.6760741
45.0544482,9.6770969
45.05326,9.6911079
45.0532328,9.6911504999999991
45.0541962,9.6901091
45.0528967,9.6926685
45.0534579,9.6920732
45.0531695,9.6926592
45.0566889,9.6991956
45.0553833,9.6974624
45.0531334,9.6941518
45.0528095,9.6940859
45.0005097,9.7865293
45.1008016,9.7931051
44.9276401,9.9130329
44.9279687,9.9123344
44.9277482,9.9131477
44.9269191,9.9141708
44.9271224,9.9142599
44.9283287,9.9118942
44.9966885,9.9314078
44.8979158,9.9651212
44.982154800000004,10.0430601
44.9813103,10.04282
45.0488581,9.874603
45.0894432,9.9311028
45.0893304,9.9322353
45.1203747,9.7373603
45.180232,9.6495923
45.1789109,9.6483376
45.1779166,9.6473479
45.1797065,9.6482294
45.1790849,9.6491251
45.1593795,9.7070083
45.1325109,9.7594645
45.1190781,9.8374132
45.167885,9.7628616
45.1676463,9.7650559
45.188822,9.7923652
45.2345564,9.6689926
45.2208983,9.6926294
45.2173796,9.6949359
45.3021327,9.6534069
45.3024598,9.6552031
45.2861694,9.7112665
45.2242138,9.7701692
45.2434417,9.8079961
45.2951793,9.7648526
45.2950532,9.7659051
45.1491769,9.928386
45.1664352,9.8891281
45.1066316,9.9881575
45.1421381,10.011903
45.1424919,10.0116277
45.1323064,10.0170128
45.1343928,10.0220964
45.134751,10.0236474
45.1350791,10.0243841
45.134118,10.0236223
45.1332523,10.0233554
45.1421198,10.014881
45.140275,10.0238427
45.1402437,10.0251395
45.1338667,10.0340261
45.1385222,10.0325171
45.1394303,10.0277474
45.1393359,10.0286739
45.1872381,9.9964281
45.2733323,10.0072985
45.2939338,9.98673
45.3577585,9.3243493
45.3564791,9.323117
45.359392,9.3233399
45.3943669,9.244074
45.407498,9.2645377
45.419405,9.2576959
45.415601,9.261702
45.4158025,9.2611628
45.4150763,9.2639588
45.4154284,9.2638967
45.407699,9.2697974
45.3931128,9.2863722
45.3982349,9.2830649
45.3950893,9.2837409
45.3960702,9.281843
45.3966315,9.2826584
45.3957632,9.2831762
45.4002768,9.2838751
45.4010288,9.3252952
45.3279506,9.403359
45.3733631,9.362589
45.3966287,9.3324144
45.3918544,9.389451
45.4111919,9.4313333
45.4369821,9.2312329
45.4355759,9.234246
45.4359849,9.2401057
45.4456151,9.2457841
45.4456022,9.2445158
45.420706,9.2592338
45.4204148,9.261517
45.4205051,9.261659
45.4294104,9.264784
45.4268819,9.2650706
45.4306213,9.2650158
45.4509247,9.2511776
45.4500628,9.252344
45.4571654,9.2426606
45.4557425,9.2438206
45.4619637,9.2276161
45.4622359,9.2339977
45.4623167,9.2354523
45.4656881,9.2304286
45.4685592,9.2303688
45.4708293,9.232168
45.4708333,9.2287004
45.4258346,9.2987205
45.4262323,9.2970616
45.4444948,9.29232
45.4286147,9.3077339
45.4280821,9.314601
45.4641681,9.3133484
45.4791284,9.2278897
45.4821167,9.2297707
45.4829851,9.2308849
45.4762371,9.2475898
45.4810131,9.2417208
45.4862498,9.2337034
45.4865223,9.2373943
45.4908017,9.2365798
45.4910173,9.2364209
45.4937788,9.2302077
45.5035522,9.2399845
45.5018068,9.2372814
45.5007953,9.2416089
45.5063049,9.2435768
45.5093249,9.2476006
45.5167851,9.244583
45.5013905,9.2652769
45.502762,9.2693906
45.473872,9.3056436
45.4961386,9.2912791
45.486553,9.299279
45.4893945,9.2967403
45.4887869,9.2960427
45.4965296,9.2941785
45.4965318,9.2996344
45.5133303,9.2823612
45.5010347,9.3252464
45.5026701,9.3270437
45.5027302,9.3293502
45.5040837,9.328969
45.5169939,9.3259714
45.5160446,9.3308217
45.5244589,9.3304629
45.5214309,9.3306359
45.5185821,9.3306877
45.5204811,9.3306462
45.4318001,9.3528558
45.4278405,9.3636861
45.4345807,9.3801704
45.4374939,9.3830498
45.495373,9.3772602
45.4964251,9.376894
45.4953574,9.3747143
45.5178279,9.3643716
45.5197152,9.3637636
45.5182069,9.3633898
45.4806636,9.4102081
45.4974918,9.4214116
45.4992332,9.422268
45.3170224,9.4907583
45.3188169,9.4949323
45.3179056,9.4998662
45.3162963,9.5065586
45.3175449,9.5068978
45.3207658,9.5102447
45.3239412,9.5130717
45.3635457,9.541043
45.4025421,9.5283874
45.3631881,9.5505085
45.3381497,9.6450493
45.3599374,9.6099199
45.3613603,9.6117277
45.4054704,9.5518941
45.4065118,9.5515566
45.4046009,9.5524
45.4051647,9.5508786
45.4414626,9.4641863
45.4441857,9.5562908
45.4255542,9.6084952
45.4444023,9.6431041
45.4614977,9.6041524
45.4616877,9.6038815
45.521067,9.5821545
45.5202281,9.5893126
45.5218416,9.594389
45.5232802,9.5935989
45.521505,9.5888702
45.5240144,9.5942646
45.5215964,9.5915845
45.5209033,9.5918673
45.5217693,9.5886671
45.5211047,9.5927666
45.4947271,9.6422769
45.4974756,9.6437591
45.4973496,9.6436049
45.4969825,9.6436492
45.4972875,9.6451887
45.4972391,9.6404142
45.4952304,9.6464617
45.5100695,9.6105489
45.5194098,9.5958018
45.5238746,9.5946413
45.5203736,9.5950338
45.4991233,9.6393053
45.5273322,9.2298444
45.5299165,9.2301551
45.524993,9.2281844
45.5327237,9.2301125
45.5359679,9.2327413
45.5351847,9.2320805
45.5347954,9.2317434
45.5345907,9.2319489
45.5349703,9.2318964
45.5345109,9.2307615
45.5356434,9.2319721
45.5362517,9.229863
45.5326514,9.2296816
45.5350929,9.2317186
45.5342786,9.2307055
45.5333756,9.2328317
45.5313253,9.2351403
45.5373915,9.2379168
45.5346827,9.2379762
45.534502,9.2361379
45.5314457,9.2359346
45.5298523,9.2533455
45.544198,9.2313835
45.5405649,9.234031
45.5276071,9.2718953
45.5287797,9.2722909
45.5285316,9.2784433
45.5286716,9.2779366
45.5279865,9.2781499
45.5287456,9.2771602
45.5286817,9.2777543
45.5298861,9.2769939
45.5288499,9.2758212
45.5472636,9.2696392
45.5730526,9.2520081
45.5611218,9.2636422
45.5737533,9.2545156
45.5768319,9.2711362
45.5769571,9.2708438
45.5741414,9.2691352
45.573811,9.268902
45.5731632,9.2683575
45.5721858,9.2669812
45.5741437,9.2687971
45.5488825,9.2989203
45.5486798,9.2989147
45.5502961,9.3011432
45.5483531,9.3059477
45.548594,9.3019909
45.5493247,9.3017646
45.5503012,9.3015273
45.5503284,9.3011996
45.5253599,9.3283385
45.5247081,9.3306784
45.5516769,9.2966649
45.5519578,9.2963798
45.5562411,9.3002319
45.5514788,9.3008413
45.5514574,9.3003902
45.5734684,9.2833236
45.5935907,9.2328276
45.5936735,9.2306104
45.5787181,9.2569591
45.5788894,9.256025
45.5835542,9.2652144
45.5819663,9.273203
45.5829533,9.2733223
45.583061,9.272682
45.5798437,9.2731587
45.5821423,9.271624
45.5778612,9.271803
45.5782882,9.2715868
45.5820049,9.2711698
45.5820081,9.2707795
45.5823728,9.2711055000000009
45.5829593,9.2712008
45.5833139,9.2711965
45.5823314,9.2781237
45.5832817,9.2750235
45.5860454,9.2714717
45.5851014,9.2729012
45.5859103,9.2731129
45.5867579,9.2695373
45.583969,9.2709069
45.583845,9.2715603
45.585086,9.2739416
45.584724,9.2742846
45.5848986,9.277797
45.5861024,9.2757644
45.5855852,9.2740523
45.5859384,9.2741435
45.5839387,9.2780839
45.584323500000004,9.2798271
45.5866007,9.274127
45.6010849,9.2589213
45.5969472,9.2566114
45.6019044,9.264975
45.6023228,9.2611509
45.6018047,9.2648803
45.6078103,9.2356224
45.6092229,9.2358745
45.6097907,9.2364787
45.6101132,9.2374697
45.6100157,9.2390655
45.610072,9.2387664
45.6111361,9.2392641
45.6105949,9.2350315
45.6090602,9.2495198
45.6105761,9.2407785
45.6110892,9.2412348
45.6283564,9.2415217
45.6100469,9.2712586
45.6099391,9.2719124
45.6108005,9.271222
45.6265013,9.275729
45.6289665,9.2742991
45.627186,9.2754838
45.5771536,9.2853137
45.5812493,9.2905343
45.5824336,9.2898616
45.5811443,9.2899067
45.5809065,9.2925857
45.5853713,9.2811993
45.5891547,9.2839889
45.5845024,9.2801042
45.5876374,9.2871494
45.5794845,9.3002571
45.5905677,9.3021521
45.5924578,9.3014739
45.6048512,9.3006999
45.6058449,9.3014955
45.6058625,9.3032708
45.6059505,9.3106663
45.6272995,9.3238307
45.6257607,9.3222485
45.6251938,9.3235613
45.6257623,9.3245441
45.5250439,9.3328805
45.5325657,9.3729099
45.5532101,9.3369569
45.5732404,9.3488903
45.5735916,9.3496527
45.5734825,9.3500061
45.5770214,9.3503389
45.5668603,9.3771848
45.5667832,9.3765169
45.5305724,9.4058865
45.5327659,9.4026441
45.5313883,9.4073226
45.531875,9.4089607
45.5334763,9.4084527
45.5327311,9.4089593
45.549815099999996,9.4334417
45.556458,9.4328116
45.5733071,9.4244198
45.591048,9.3366916
45.6017665,9.361064
45.5970264,9.382962
45.6133332,9.3630112
45.6136947,9.3622992
45.6140038,9.3697874
45.6136229,9.3702943
45.6159846,9.3711481
45.6159958,9.3713868
45.6109546,9.3700341
45.6140843,9.3712078
45.6159088,9.3695173
45.6138069,9.3712869
45.6160864,9.3716214
45.6185674,9.3603995
45.6166223,9.371461
45.5991412,9.4208398
45.5981823,9.4209149
45.6169129,9.4168465
45.618155,9.4181666
45.6316254,9.2495786
45.6351493,9.2715854
45.6766471,9.233111
45.6758255,9.2333685
45.6756696,9.233523
45.6766644,9.234287
45.6776497,9.2350573
45.6778357,9.2357421
45.677482500000004,9.2354533
45.6762558,9.2371205
45.6773289,9.2357945
45.659008,9.2555083
45.6560836,9.2548737
45.6609647,9.2636574
45.6602692,9.2661666
45.6660169,9.2573593
45.6480893,9.3077379
45.6486547,9.3077395
45.6873093,9.2283113
45.6867696,9.2277021
45.6946964,9.2917744
45.701059,9.2904611
45.7021089,9.2827298
45.701844,9.2868109
45.6996505,9.3122554
45.6991386,9.3123276
45.7039295,9.3115396
45.719102,9.3173499
45.6478922,9.3804088
45.648379,9.4062978
45.6342174,9.4206988
45.6389386,9.4149522
45.6641303,9.4363574
45.708038,9.3341172
45.7079408,9.3390776
45.6951673,9.3781585
45.7090118,9.3372318
45.7084352,9.335339
45.6939142,9.4155625
45.6886225,9.4219779
45.6991658,9.417365
45.6965478,9.4135726
45.6979778,9.4175093
45.6986884,9.4145805
45.7002029,9.418072
45.6980053,9.4177416
45.7282374,9.4017652
45.7289662,9.4008603
45.7243277,9.4154109
45.7246602,9.4163794
45.5372128,9.4812101
45.5404517,9.4802402
45.5737114,9.4672143
45.5280608,9.5154624
45.5269302,9.5212017
45.5765134,9.539707
45.6015971,9.4578233
45.5835382,9.4880133
45.5826916,9.4870444
45.5833833,9.4834527
45.5832589,9.4833096
45.5983954,9.5181715
45.6102974,9.5132313
45.6078583,9.5214483
45.6064421,9.5217194
45.6068504,9.5206208
45.607267,9.5200985
45.6093995,9.5166806
45.6067976,9.5209105
45.6089554,9.5224249
45.6091668,9.5337416
45.609779,9.5315698
45.5285284,9.5902335
45.5697654,9.567918
45.6170078,9.5932963
45.5877531,9.6029856
45.5873251,9.6031331
45.5854462,9.6029872
45.6056311,9.6141071
45.6033449,9.614967
45.6046591,9.6149057
45.6067149,9.6275749
45.6246644,9.6244118
45.6874974,9.4730533
45.6903631,9.4740369
45.7040702,9.4797582
45.6950156,9.5153768
45.732772,9.500097
45.6490016,9.5504783
45.6505668,9.5504359
45.6680315,9.5597151
45.6782408,9.5667511
45.6481492,9.5973392
45.6486017,9.5997899
45.6691436,9.60671
45.6712372,9.611959
45.6716083,9.6120207
45.6625523,9.6311248
45.6664004,9.6334713
45.7043998,9.5654108
45.697261,9.5914423
45.7205946,9.5847174
45.6931598,9.611598
45.7014251,9.6062299
45.7017548,9.6068844
45.7017023,9.6077427
45.6935552,9.628931
45.6941856,9.6312101
45.6938637,9.6468744
45.6935095,9.646892
45.7129938,9.6081045
45.7272012,9.6075759
45.7270739,9.6084074
45.7326656,9.6393554
45.3328861,9.69376
45.3559814,9.6522977
45.3543199,9.6535537
45.3564293,9.6536635
45.3617524,9.6692354
45.3526382,9.6903275
45.3590284,9.6751536
45.3554925,9.6790682
45.360019,9.6825719
45.3592247,9.6808467
45.3590504,9.6802478
45.3601443,9.6828116
45.3602491,9.6826887
45.3645888,9.6790955
45.3643834,9.6795479
45.3612148,9.6832683
45.3630463,9.6861182
45.3608002,9.6825352
45.3641066,9.6849237
45.3624759,9.6885575
45.3623312,9.6885989
45.3624808,9.688353
45.3634998,9.6925519
45.3634014,9.6909872
45.3631665,9.6889984
45.3627874,9.6873819
45.3638565,9.692347
45.3629564,9.6918554
45.3618397,9.6885269
45.3623967,9.6883705
45.3628179,9.6889567
45.3628953,9.6935118
45.344075,9.7253585
45.3454237,9.7251073
45.360031,9.6999498
45.3567452,9.7478424
45.3720438,9.6857934
45.3728472,9.6967626
45.379277,9.7418651
45.3793895,9.7411467
45.3774286,9.7852805
45.3780578,9.7848138
45.4256839,9.7035991
45.427659,9.7035357
45.4974944,9.6779352
45.5117334,9.7049997
45.5125085,9.7044187
45.5196953,9.7538316
45.5074408,9.8492499
45.5073013,9.8481369
45.5075856,9.8521681
45.4012173,9.9239676
45.4016709,9.9244248
45.4039025,9.9255715
45.4037637,9.9248882
45.4041197,9.9260189
45.400201,9.9237572
45.3269348,10.0627189
45.4045395,10.0560798
45.4468375,9.9351079
45.4644945,9.9121906
45.4714954,9.9519169
45.4815344,9.8675285
45.5160303,9.8686666
45.5140718,9.8682562
45.4198905,9.9617189
45.5322311,9.6730475
45.5445146,9.6494712
45.5453115,9.6481712
45.5816285,9.6713971
45.58292,9.6698844
45.6209701,9.6573959
45.6213669,9.6608387
45.5554411,9.8325948
45.5848509,9.8351337
45.5851233,9.8382107
45.6536503,9.6507656
45.6510614,9.6532598
45.6512543,9.6535689
45.652117,9.6537016
45.6399181,9.6846793
45.6398619,9.6863574
45.6725316,9.6634324
45.6735811,9.6620641
45.6611812,9.67531
45.6612079,9.6739656
45.6627036,9.6773175
45.6812589,9.6755994
45.6933933,9.6493646
45.6927329,9.6573799
45.6920826,9.6593387
45.6934424,9.6543519
45.6880718,9.6632726
45.6822266,9.6623784
45.6875915,9.6631012
45.6861317,9.6730357
45.6928015,9.663034
45.6904053,9.6608018
45.6925704,9.6646267
45.6894127,9.6609743
45.6931229,9.6634427
45.6925022,9.6643115
45.6906807,9.6659501
45.6946659,9.6685541
45.6934454,9.6712925
45.6929671,9.6709901
45.6924602,9.6708946
45.6939831,9.6713906
45.6932019,9.6721165
45.6947617,9.6716463
45.6919673,9.6721543
45.690268,9.6721823
45.6949336,9.671964
45.6921662,9.6670808
45.6938717,9.6730218
45.6942384,9.6714126
45.68927,9.6666632
45.6947645,9.6722081
45.6920266,9.6726737
45.6984336,9.6550819
45.6983647,9.6665101
45.6964186,9.6679267
45.6965194,9.668442
45.6971675,9.6698943
45.6975807,9.6678629
45.6968306,9.6671487
45.695299,9.6689919
45.6950478,9.6682025
45.6956185,9.6694873
45.7040812,9.6634402
45.7041014,9.6632395
45.6946369,9.678089
45.6934398,9.6752332
45.6927658,9.6785216
45.6942024,9.6770861
45.686261,9.6916043
45.6938569,9.6900089
45.6964513,9.6749701
45.6967763,9.6756742
45.6962293,9.6749557
45.6995998,9.673996
45.6954809,9.6739623
45.6953705,9.6760829
45.6956871,9.6738802
45.6995613,9.6736391
45.6980532,9.6785595
45.6974215,9.6762848
45.6976385,9.676958
45.6971584,9.6838881
45.6971889,9.683784
45.6967229,9.6823521
45.696258,9.682746
45.695196,9.685882
45.7040949,9.6778998
45.7041903,9.6782759
45.7052949,9.6855258
45.7158356,9.6643081
45.7220928,9.657604
45.7099486,9.6956436
45.6892793,9.7087866
45.6900346,9.7066252
45.7001629,9.7346581
45.6999737,9.7346098
45.7272332,9.7144173
45.7106222,9.7382385
45.7107812,9.7397185
45.7231812,9.7350749
45.7334267,9.7303961
45.6708079,9.7622782
45.6708249,9.7623881
45.6508047,9.8511018
45.5362521,9.9286552
45.5359366,9.9286496
45.5372093,9.9282795
45.5347506,9.9263176
45.5344538,9.9268719
45.5349569,9.9309631
45.5369017,9.9293637
45.5367566,9.9292566
45.5378565,9.9257392
45.5377964,9.9324402
45.5977531,9.8822552
45.5979339,9.8826257
45.6009392,9.8773319999999991
45.5891624,9.8931856
45.5932554,9.8944047
45.5986504,9.8839245
45.5984204,9.8840745
45.5982155,9.883743
45.5982863,9.8832055
45.5982211,9.8830783
45.5979344,9.8831855
45.6102926,9.8933549
45.6203985,9.9570279
45.5798112,10.0258023
45.5987573,10.0650764
45.6410631,9.9350541
45.638634,9.9354321
45.6660437,9.9575606
45.6657184,9.959608
45.6662959,9.9572521
45.6354855,10.0465572
45.6339118,10.0433332
45.6576005,10.044445
45.6591783,10.0475234
45.7078991,10.0468346
45.7093988,10.0467992
45.7472729,8.4350957
45.7489585,8.434148
45.7733356,8.3918192
45.7988117,8.4058214
45.7996825,8.406833
45.7502794,8.5138667
45.7585564,8.5580932
45.7601198,8.5615577
45.7581047,8.5600867
45.7583267,8.5590724
45.7580085,8.5594129
45.7589403,8.5593516
45.7731203,8.5759305
45.7735094,8.5776686
45.7736583,8.5783465
45.8223581,8.5397913
45.8307672,8.5647304
45.876993,8.4088943
45.8775491,8.4089656
45.8773951,8.4094382
45.927299,8.4318198
45.9288151,8.4318079
45.9287363,8.4322007
45.9292311,8.4313655
45.8834063,8.5393264
45.8828145,8.5396633
45.90932,8.5054169
45.9088057,8.5049672
45.9222565,8.5513473
45.9223285,8.552116
45.9230956,8.548593
45.923291,8.5484989
45.9206576,8.5547289
45.9255458,8.5519827
45.9279263,8.5561457
45.9348901,8.5712311
45.9356561,8.5704141
45.9358653,8.5740393
45.9345047,8.5730316
45.9346426,8.5731686
45.9334005,8.5725712
45.9377376,8.5729385
45.7645478,8.6154707
45.7499738,8.6696469
45.781796,8.690562
45.8037774,8.630152
45.8146643,8.6123963
45.8269198,8.6501954
45.8046492,8.6713013
45.7464588,8.7541484
45.7749575,8.7039852
45.7684349,8.7375846
45.7385172,8.7810882
45.7384223,8.7799378
45.7776955,8.7973383
45.7773446,8.7955242
45.7916795,8.7452391
45.8215884,8.7130062
45.8375115,8.7802394
45.8581175,8.6317681
45.8440106,8.6636684
45.8446398,8.6646705999999991
45.845729,8.6662798
45.8766664,8.6737923
45.9088108,8.6221295
45.9089952,8.6211595
45.894618,8.6710736
45.8429614,8.7130055
45.8419,8.7138816
45.8447259,8.7146035
45.9044258,8.7348877
45.9696276,8.4150146
45.9606996,8.4493521
46.1280219,8.4978559
45.9571021,8.6181866
46.0225638,8.6817006
45.9940975,8.7290646
46.0017026,8.7416485
46.0383057,8.7412074
46.0615847,8.6994186
46.0616423,8.6990194
46.0614614,8.6983196
46.061367,8.6982315
46.0621713,8.6978064
45.755635,8.811003
45.7646424,8.8281959
45.7810331,8.8096947
45.7793167,8.8242155
45.7778744,8.8231105
45.7565523,8.8725033
45.7379528,8.8997224
45.7570828,8.8920031
45.7764634,8.8867102
45.7979608,8.8439416
45.8106026,8.8354708
45.8167395,8.8274252
45.8181021,8.827237
45.8183731,8.8268977
45.8173011,8.8256156
45.818606,8.8251068
45.8160866,8.8284352
45.8171661,8.8282634
45.81743,8.8292256
45.814131,8.8315197
45.8155339,8.8292266
45.8186738,8.8293082
45.8163561,8.8288611
45.8181628,8.8278137
45.8146493,8.8305804
45.8215347,8.8273144
45.8215453,8.8332153
45.8147844,8.8359648
45.816683,8.8468261
45.823069,8.8352514
45.8199632,8.8371361
45.799371,8.8807558
45.7843499,8.9235147
45.7840627,8.9642694
45.7562205,8.976979
45.7504877,9.0097795
45.7504531,9.0100375
45.7501299,9.0095909
45.7839704,8.9661292
45.7832546,8.9663333
45.7827099,8.9679331
45.7835198,8.9686935
45.7836661,8.9678988
45.7829984,8.9723464
45.7658137,8.998781
45.7707341,8.9957258
45.7705137,9.0048176
45.7714755,9.0091084
45.8236803,8.9598194
45.8417907,8.80845
45.840074,8.8102966
45.8594072,8.8578102
45.8894527,8.8898566
45.9020621,8.9035248
45.744649,9.0494985
45.7435436,9.0505521
45.7477601,9.0498614
45.7540774,9.0451776
45.772901,9.0222374
45.7764405,9.0285138
45.7660003,9.0588789
45.7863574,9.0470535
45.7557972,9.0726944
45.7389401,9.0995695
45.8095773,9.0466325
45.811971,9.0699349
45.8319404,9.0366904
45.8316745,9.036424
45.8316559,9.0352806
45.8314695,9.0356718
45.8261097,9.0493864
45.8329618,9.06825
45.7893961,9.0806849
45.7909883,9.079932
45.7900825,9.083976
45.7901288,9.0846354
45.8060958,9.0791805
45.8103556,9.0764973
45.8085174,9.0763862
45.8127829,9.0782859
45.8080574,9.0794807
45.8092073,9.0783338
45.8125425,9.0828596
45.8127557,9.0804377
45.8124212,9.0809398
45.8123237,9.079558
45.8109275,9.0781757
45.8087834,9.0788216
45.811606,9.081911
45.8035449,9.085285
45.801824,9.086155
45.8022831,9.086147
45.8056874,9.0853347
45.8019783,9.0878238
45.8056529,9.084411
45.8011981,9.0904579
45.8080826,9.0852811
45.8103926,9.0848514
45.7952808,9.1068534
45.7973684,9.113686
45.8131364,9.0817363
45.8153265,9.0850048
45.8195271,9.097195
45.7393877,9.1285669
45.7382844,9.1308964
45.7428625,9.1325695
45.7673016,9.1287126
45.7837459,9.1505443
45.7381539,9.2069494
45.7344478,9.2163652
45.7355155,9.2172832
45.7410618,9.2234583
45.7512331,9.2218879
45.7522447,9.2222258
45.7518301,9.2226233
45.800764,9.1520243
45.8019857,9.1879902
45.8260284,9.223182
45.8306364,9.2248846
45.8429737,9.0455915
45.8411547,9.0763522
45.8412834,9.0747028
45.8571218,9.1158619
45.8727513,9.1264672
45.9428574,9.1283872
45.9455955,8.8346126
45.9671877,8.8570594
45.9677606,8.856038
45.9689294,8.9707434
45.9690467,8.9707115
46.0246864,9.0535227
46.0248247,9.0536981
46.0349612,9.1183125
45.9447065,9.1284853
45.9465416,9.1955856
45.9831586,9.2255704
45.7353399,9.2679235
45.7478484,9.270181
45.7815752,9.2457192
45.7681071,9.2776192
45.7386522,9.2924302
45.7367594,9.3312106
45.7767502,9.3063976
45.810494,9.2302342
45.8118708,9.2298625
45.8119724,9.230421
45.8190679,9.2689892
45.8022569,9.288893
45.8020973,9.288499
45.816314,9.3029658
45.7374563,9.3705057
45.7711585,9.3393397
45.7899878,9.347956
45.8173434,9.375225
45.7948179,9.4365152
45.8010578,9.4131435
45.8018484,9.4127275
45.8312126,9.3949325
45.8296117,9.4160757
45.8546097,9.2706051
45.8639156,9.2700216
45.8635242,9.2689768
45.9015745,9.3319691
45.9169338,9.3194894
45.9170964,9.3198355
45.849856,9.3740788
45.8486501,9.3756014
45.8487534,9.3939358
45.8505724,9.3934542
45.8520753,9.3924858
45.8497218,9.3951712
45.8518371,9.3939382
45.8547505,9.3897191
45.8535091,9.3904915
45.8535997,9.3899564
45.8522817,9.3907973
45.852491,9.3904164
45.8549937,9.3919064
45.8552153,9.3918775
45.8552247,9.3924263
45.8559106,9.3927835
45.8536586,9.3931684
45.8602119,9.3897332
45.8616371,9.3928191
45.8954832,9.3340237
45.8936529,9.4229437
45.8964298,9.4247313
45.7401582,9.4743656
45.7396117,9.4797395
45.7395857,9.4775428
45.7520773,9.5348614
45.8027188,9.4630289
45.8206411,9.4515002
45.8149839,9.5315938
45.7465508,9.6154348
45.7450749,9.6154587
45.7478236,9.6152578
45.8206817,9.5964176
45.9807546,9.2615109
45.9770779,9.262116
45.9858648,9.2609049
45.9868526,9.2608089
45.9870538,9.2621128
46.0195774,9.2378826
46.0221232,9.239055
46.0201939,9.2397629
46.0189438,9.2366977
46.0140476,9.2839651
46.0444676,9.3038855
46.0449068,9.3044569
45.9937081,9.3325052
45.9853464,9.4327807
46.0359637,9.3853002
46.0398012,9.3882707
46.0639062,9.2689518
46.0768179,9.3043765
46.1338656,9.2521475
46.1343405,9.2506369
46.1274115,9.282998
46.1507649,9.3249118
46.0546402,9.4167623
46.1361496,9.3721065
46.1360588,9.3725969
46.1379356,9.4251105
45.9520078,9.4445917
46.1380508,9.4644604
46.1380223,9.4644148
46.1337828,9.5302425
46.146946,9.5257548
46.1310489,9.5518806
46.1327434,9.5668092
46.1326348,9.5664146
46.1397547,9.5663066
46.1330998,9.5686538
46.1321747,9.5689241
46.1355343,9.6102157
45.7378477,9.7377053
45.7933555,9.6576797
45.7938291,9.6652823
45.7941115,9.6660869
45.8323804,9.6665058
45.8376318,9.6638226
45.7431634,9.758802
45.743685,9.7589487
45.7458376,9.7621591
45.7582385,9.797142
45.75713,9.7914705
45.7570502,9.7916558
45.759756,9.7978706
45.7594845,9.7992087
45.7810847,9.7518304
45.7806609,9.8259929
45.7975055,9.8382831
45.7993475,9.843249
45.8096369,9.8530667
45.8703095,9.7288948
45.8743,9.7306925
45.8609331,9.8407186
45.7513509,9.9068473
45.751683,9.9092158
45.7892771,9.9354129
45.7904303,9.9792424
45.8190251,10.0243836
45.827449,10.0456231
45.8653187,9.8831244
45.8670746,9.8836829
45.8887665,9.9455501
45.8887817,9.9435473
45.9093116,10.0377612
46.0033393,9.759499
46.1503681,9.7335026
46.1484936,9.7666112
45.9900551,9.9459016
46.0344259,10.0049025
46.1594833,9.3317729
46.1702876,9.3712104
46.169587,9.4294091
46.2455165,9.3959192
46.2915645,9.3692754
46.2615992,9.3882546
46.2748738,9.3968662
46.3206223,9.401763
46.321086,9.4031429
46.3231035,9.405913
46.3243529,9.4064938
46.2003187,9.4529005
46.2203855,9.4464321000000009
46.2209262,9.4483136
46.1542913,9.5474642
46.3302886,9.4891033
46.4061728,9.3519498
46.4360443,9.3583276
46.1687641,9.6501851
46.183018,9.6767281
46.1614301,9.7422696
46.2641353,9.849891
46.1580636,9.8678808
46.1668296,9.8762877
46.1714119,9.8716232
46.1709447,9.876225
46.1699755,9.8697701
46.1687796,9.8718106
46.1681671,9.8727649
46.1710419,9.8699321
46.1719709,9.870386
46.1709226,9.8725903
46.1709404,9.8799288
46.1697579,9.9023164
46.175938,9.8989944
46.1592006,9.9411533
46.1760676,9.9438653
46.1756526,9.9808596
46.1653039,9.9906405
46.1590282,10.0369549
46.263986,9.8628983
46.2645109,9.8644744
46.2690508,9.8683941
46.2687851,9.8724697
43.3512667,10.4566003
43.3524489,10.4589372
43.3525951,10.4587462
43.3498788,10.4621965
43.391812,10.4316493
43.3935025,10.4332308
43.3942803,10.4326889
43.3994566,10.427291
43.3980846,10.4293617
43.3966762,10.4311404
43.4050748,10.4103944
43.4056634,10.4095396
43.3933876,10.4334131
43.405588,10.4740951
43.517254200000004,10.3250402
43.517111,10.324278
43.5172452,10.3241242
43.5184626,10.3242523
43.5314425,10.3058833
43.5262171,10.3227179
43.5279514,10.3465173
43.4431167,10.4498075
43.538715,10.3131708
43.5385157,10.3136275
43.5439069,10.3138313
43.5443362,10.3140794
43.539019,10.3169233
43.5414015,10.3244552
43.5492901,10.3056417
43.5508554,10.3048405
43.5490363,10.3103576
43.5499165,10.311078
43.5498004,10.3091413
43.5477028,10.3101644
43.5471228,10.3111367
43.548656,10.3113453
43.5492399,10.3115092
43.5478474,10.3113474
43.548631,10.3102924
43.5487234,10.3105838
43.5485734,10.3098417
43.549717,10.3091978
43.5483489,10.3108151
43.5481194,10.309879
43.5537655,10.3077979
43.5527194,10.3072532
43.5531312,10.3099244
43.5526147,10.3092186
43.5487413,10.3279263
43.547028,10.3280796
43.5569277,10.3271668
43.5606752,10.315947
43.56253,10.3268625
43.5602049,10.327102
43.548724,10.3286799
43.5502674,10.3399009
43.5493452,10.3380248
43.554552,10.3332505
43.5669022,10.3413241
43.5661606,10.3417949
43.5774679,10.3397616
43.5916999,10.3487048
43.5970498,10.4063733
43.5888274,10.4713576
43.5944009,10.4716704
43.5889666,10.473846
43.6147809,10.4646344
43.2700867,10.5427592
43.3057761,10.5194358
43.3086309,10.5189855
43.308959,10.5187904
43.3140302,10.5144386
43.3112052,10.5175815
43.3114443,10.5170046
43.3099806,10.5175692
43.2709216,10.5429257
43.2692911,10.5975638
43.3131818,10.6329678
43.3981138,10.4970651
43.4126574,10.5763415
43.3641243,10.5975691
43.217779,10.8130016
43.335555,10.7424644
43.3929475,10.7501332
43.4085662,10.8515194
43.4020014,10.8615748
43.4013845,10.8599007
43.4015679,10.8598531
43.4729566,10.5655129
43.494929,10.5094565
43.4858101,10.6424142
43.5271758,10.6174433
43.5249738,10.6761575
43.5242829,10.6765818
43.5358839,10.5346266
43.5660901,10.5161704
43.5742444,10.564244
43.6064961,10.5395949
43.5652671,10.5919471
43.6234159,10.629936
43.6209471,10.6305887
43.6264606,10.6293452
43.5910713,10.6711762
43.5914149,10.6702374
43.4752742,10.7282712
43.5069553,10.7592537
43.5486737,10.7202785
43.5497256,10.7208342
43.545709,10.7195661
43.6040421,10.7042305
43.6035971,10.7064373
43.6044937,10.769653
43.621276,10.8675139
43.6720029,10.2731611
43.6709118,10.2733567
43.7127602,10.374763
43.6862479,10.4248219
43.6877819,10.4321321
43.6864998,10.4316563
43.668846,10.435642
43.6873,10.4848044
43.7021015,10.3997201
43.7082177,10.3848973
43.7074252,10.3827371
43.707594,10.3832727
43.7087062,10.4000194
43.7033591,10.4010469
43.7098257,10.3997063
43.7157657,10.3951078
43.7113617,10.3977892
43.7116275,10.3997228
43.712648,10.3999098
43.71057,10.4050144
43.714956,10.4014482
43.7147203,10.4009686
43.7149153,10.4011232
43.7095696,10.4047676
43.7096651,10.4061027
43.712175,10.4109015
43.7102025,10.4180784
43.7079872,10.430014
43.7107666,10.4204148
43.7145712,10.4217984
43.7112147,10.420955
43.7114155,10.4223412
43.7140233,10.4217423
43.7106329,10.4303561
43.7175544,10.3821181
43.7235085,10.3920808
43.7231892,10.3922319
43.7197281,10.4021294
43.7162983,10.4024123
43.7193979,10.4027788
43.7165022,10.4015861
43.7234727,10.4024012
43.7192344,10.424019
43.7276278,10.4209907
43.6949297,10.4461369
43.6948402,10.4464612
43.7091355,10.4347603
43.7085868,10.4407101
43.7658637,10.3430383
43.772927,10.3690665
43.8270597,10.2876816
43.8282028,10.2910807
43.7812322,10.3828773
43.7810822,10.3888403
43.775008,10.3998137
43.7630481,10.4406541
43.7476583,10.4638003
43.8464197,10.4774279
43.8663347,10.2468968
43.8656909,10.2472029
43.8722771,10.2407923
43.866693,10.2474733
43.8666345,10.2472722
43.8697789,10.2474281
43.8730669,10.2448883
43.8536409,10.2619983
43.8660145,10.2560339
43.8909259,10.2288745
43.9127883,10.2116446
43.9274845,10.2004494
43.9275345,10.1996783
43.9028229,10.2293762
43.9055408,10.2617874
43.9263878,10.2643355
43.9258391,10.2639278
43.9586149,10.1699502
43.9871539,10.1485668
44.0094853,10.1008293
44.0263303,10.1095246
44.0523147,10.0696281
44.0389823,10.1186562
44.0258237,10.1364168
44.0251923,10.1366802
44.0337615,10.1378065
44.0363735,10.1383011
44.0359455,10.1405903
44.0362451,10.1402272
43.9552751,10.1732758
43.9698695,10.2094755
43.9563735,10.2310753
43.9574572,10.2318969
43.9572245,10.2314956
43.9564905,10.2307025
43.9585191,10.230145
43.9593195,10.2297621
43.9947071,10.2254669
43.9940898,10.2274257
43.8839789,10.2978787
43.8959777,10.3185837
43.8571757,10.3516153
43.867658,10.3412251
43.8708393,10.3401765
43.8684669,10.3426695
43.9388227,10.3008283
43.9039462,10.4140532
43.9970557,10.2940746
44.0469287,10.4767106
44.0454286,10.4792677
43.686698,10.4863585
43.684176,10.5051018
43.6818935,10.5185033
43.6763415,10.5470483
43.6760108,10.5528056
43.6768091,10.5443857
43.6867821,10.5462446
43.6707567,10.5799875
43.6852568,10.5777783
43.7261684,10.5137553
43.7257755,10.51489
43.6994419,10.5829293
43.7269835,10.5876572
43.6558921,10.6313435
43.6632969,10.6326927
43.6625132,10.6391589
43.6695946,10.5915735
43.6688859,10.6148988
43.6830196,10.6157635
43.6836555,10.6148328
43.66404,10.6293904
43.6637251,10.6355603
43.6634307,10.6332425
43.6638686,10.6363099
43.6638209,10.6339207
43.6649754,10.6369299
43.6634363,10.639237
43.665577999999996,10.6372735
43.6640008,10.6419538
43.6700967,10.6427959
43.6588542,10.6756254
43.6670268,10.6445068
43.665442,10.6504787
43.7095714,10.6194509
43.7152626,10.6222092
43.7109701,10.6208815
43.7110671,10.6197528
43.7184948,10.6186427
43.7267352,10.6169932
43.6987195,10.6917218
43.8140971,10.4977399
43.8308644,10.4976795
43.8306948,10.4975751
43.8437285,10.4873373
43.8426007,10.493714
43.8426538,10.4935212
43.8349895,10.4996636
43.8347802,10.4995669
43.8355463,10.4994331
43.8388139,10.5092796
43.8386716,10.5088804
43.8446341,10.5042902
43.8426677,10.5025516
43.8433818,10.5022038
43.8416569,10.5037097
43.8422132,10.5022553
43.8430006,10.5021534
43.8406037,10.5051479
43.8416667,10.5053061
43.8422926,10.5057646
43.8445804,10.5180544
43.8444203,10.5178245
43.8407204,10.5153599
43.8433236,10.5160645
43.8452654,10.5185393
43.8009385,10.5663204
43.8419718,10.573269
43.8421917,10.5737292
43.8385781,10.6184194
43.841579,10.6175803
43.813651900000004,10.6765913
43.8136647,10.6761603
43.8129484,10.6766336
43.8134196,10.6770105
43.8155962,10.6775114
43.6763648,10.7375217
43.6875446,10.7660046
43.6853772,10.7967444
43.6987576,10.7447267
43.6983684,10.7439934
43.7089436,10.7795085
43.7109755,10.7797338
43.7106653,10.7788004
43.7129686,10.7798518
43.7104404,10.7842613
43.7105853,10.7812502
43.7271808,10.8085143
43.7230312,10.8725857
43.7534363,10.7024319
43.836933,10.7177114
43.8382512,10.7208269
43.8446441,10.7469626
43.7583463,10.8821781
43.8164897,10.8966107
43.8158751,10.8959043
43.8159585,10.8954132
43.8144875,10.8938843
43.8290914,10.8616219
43.8246796,10.8761514
43.8499721,10.5025215
43.8517129,10.5087845
43.850034,10.5091493
43.8506399,10.5072357
43.8507332,10.5070102
43.8506401,10.5086663
43.8492204,10.5070983
43.8549623,10.5101471
43.8545315,10.5592018
43.8557091,10.5675802
43.8597207,10.5830577
43.869942,10.575367
43.9096734,10.5296416
43.9096677,10.5291581
43.8816203,10.5965241
43.8502133,10.6688709
43.8963913,10.6884987
43.8972526,10.6922689
43.9027972,10.6883572
43.9023302,10.6882599
43.9033506,10.6888446
43.901992,10.6880051
43.9032405,10.6888071
43.9296619,10.6485337
43.929932,10.6486459
43.9602806,10.5067911
43.9784139,10.5425946
44.0279912,10.5133418
44.0060735,10.559949
44.0103228,10.590031
44.0101025,10.5906218
44.0109234,10.5914857
43.8777327,10.7312712
43.8797786,10.7282438
43.8707794,10.7571177
43.8856574,10.7530152
43.8860205,10.7600044
43.8828211,10.7649303
43.8844723,10.7683481
43.8835726,10.7699557
43.8836365,10.7714198
43.8825548,10.7718148
43.8825664,10.7722332
43.8822712,10.7706429
43.8816559,10.7698918
43.8874003,10.7560784
43.8780948,10.7748391
43.8789113,10.7871668
43.8808228,10.7766354
43.8805501,10.7796537
43.8808966,10.776153
43.878851,10.7956987
43.8865691,10.7779183
43.9337886,10.7689112
43.8697987,10.8144939
43.8702953,10.8136453
43.8708402,10.8141255
43.8704419,10.8144862
43.8742098,10.801739
43.8835364,10.8088543
43.9165912,10.8745062
43.9357523,10.9007675
43.9359676,10.9007675
43.9378545,10.9003208
43.9335386,10.9002604
44.0039778,10.8357503
44.0081756,10.8027808
44.0516872,10.8501316
43.3403561,11.0425885
43.2471505,11.2231406
43.2567635,11.2852731
43.257907,11.2851763
43.2574139,11.2849681
43.2772623,11.227323
43.3068779,11.3165616
43.304795,11.3196987
43.3032937,11.322416
43.3106945,11.3163782
43.3224415,11.3213169
43.4207888,11.1260199
43.4223583,11.1262414
43.4242266,11.1258686
43.4175658,11.1311741
43.4216992,11.1833425
43.4051743,11.2108504
43.4077253,11.2108583
43.4063657,11.2114686
43.3353104,11.3077149
43.3283882,11.3212802
43.3287832,11.3222968
43.3317315,11.3159951
43.331112,11.3171702
43.3310861,11.3172307
43.3424754,11.3055673
43.3423784,11.3055786
43.3785954,11.2748899
43.4672623,11.0433258
43.4676192,11.0435622
43.4669693,11.0430965
43.511767999999996,11.1024858
43.511718,11.1026632
43.5529526,10.9125943
43.5531431,10.914281
43.5367391,10.9516297
43.5386726,10.9530943
43.6039298,10.9706571
43.6056171,10.9692839
43.6048059,10.9688986
43.6064211,10.9681397
43.6081642,10.9677762
43.6044222,10.9704757
43.6044761,10.968872
43.5482488,11.0411167
43.5477652,11.0398872
43.4667375,11.1523036
43.4715914,11.1464627
43.4680929,11.1437838
43.472022,11.1473027
43.4711394,11.1467666
43.4721913,11.146526
43.4725986,11.1441828
43.4701612,11.1460737
43.4715603,11.147928
43.4689599,11.1545161
43.4712516,11.2855752
43.4698832,11.2869714
43.4702464,11.2867159
43.5741934,11.1406126
43.5614564,11.1732796
43.5634155,11.1735585
43.5354986,11.235355
43.5426148,11.316637
43.5448385,11.3154758
43.583645,11.3157802
43.5827919,11.316654
43.582845,11.3176019
43.6349276,11.2318402
43.2224043,11.3314199
43.230305799999996,11.4219712
43.2291437,11.4230124
43.3224049,11.3284765
43.3225202,11.3287546
43.3189316,11.3310687
43.3218062,11.328935
43.3209673,11.3307725
43.3199634,11.3311606
43.3218827,11.3294665
43.3181464,11.3307075
43.3201026,11.3307817
43.318175,11.3350937
43.3185545,11.3325169
43.3198949,11.3314028
43.3191673,11.3319453
43.3191253,11.3314521
43.3191269,11.3324211
43.3185603,11.3325207
43.3202108,11.3314962
43.3171318,11.3440809
43.3128139,11.358082
43.3186272,11.351704
43.2932819,11.391587
43.2935503,11.4111073
43.3227789,11.328698
43.323071,11.3282079
43.326774,11.333118
43.3273543,11.3312842
43.323667,11.3451802
43.3433208,11.3292489
43.3480756,11.5044734
43.3459879,11.5020606
43.234371,11.5600082
43.2340735,11.5604756
43.2563772,11.6120499
43.2595307,11.6211407
43.2867559,11.604208
43.2857498,11.6046547
43.288753,11.6020925
43.4136194,11.6016049
43.3316594,11.7234142
43.3308206,11.7258145
43.3363031,11.7255993
43.3360387,11.7254388
43.4863718,11.3735146
43.4869793,11.3753942
43.4870303,11.3771777
43.4679677,11.4344201
43.4685263,11.4337581
43.4682582,11.433786
43.524051,11.488686
43.5438621,11.4525017
43.5634826,11.5314203
43.5638255,11.5313073
43.5651921,11.5306331
43.5669835,11.5285206
43.6146636,11.479467
43.6181502,11.4721757
43.6180686,11.4728647
43.6187105,11.4753014
43.6183471,11.4716021
43.6203371,11.4689878
43.6258557,11.4639008
43.6256476,11.4851318
43.6274205,11.5159203
43.479142,11.6167269
43.4800349,11.56241
43.480338,11.710554
43.5510468,11.5860467
43.5512508,11.5854863
43.5514854,11.5859285
43.5514825,11.5856975
43.5542982,11.5911516
43.6213268,11.5546656
43.5928659,11.630599
43.5532189,11.7080184
43.6747311,10.9899621
43.699566,10.9540095
43.7253699,10.9376715
43.7263024,10.9411873
43.7260583,10.941797
43.7273693,10.9396251
43.7252874,10.9384242
43.7202898,10.9486995
43.7193364,10.9483293
43.721715,10.9501851
43.7221901,10.9485595
43.7201312,10.9505944
43.7219278,10.9482098
43.7214017,10.948663
43.72223,10.9488347
43.7179198,10.9466683
43.7213831,10.9509073
43.7212848,10.9509025
43.7218149,10.9536859
43.7253198,10.9452326
43.7411893,10.9746853
43.643186,11.0748763
43.643056,11.0753135
43.6451003,11.0723299
43.6438425,11.0754116
43.7299162,11.0178765
43.7291933,11.0215476
43.7085358,11.0718471
43.7844459,10.9244559
43.7856701,10.9263118
43.8461509,10.977274
43.7930801,11.0602346
43.7458611,11.069029
43.7461918,11.0692953
43.7676751,11.1077069
43.7682077,11.1092524
43.7722173,11.0921601
43.770064,11.1116657
43.7696483,11.1095098
43.7692745,11.1088929
43.7683459,11.113561
43.812257,11.0547996
43.8141252,11.0579682
43.838465,11.1088512
43.6844739,11.1277544
43.684688,11.1284403
43.6566759,11.1858534
43.6567847,11.1850377
43.6562855,11.1843276
43.6554583,11.186288
43.6575612,11.1848565
43.6583888,11.1875661
43.6588043,11.1875194
43.7103236,11.219144
43.685129,11.2538082
43.6854303,11.2551112
43.6849239,11.2548172
43.6575098,11.3000446
43.6585893,11.2984403
43.7395021,11.2242032
43.7366471,11.2248434
43.7365457,11.2245824
43.723855,11.2933012
43.7414692,11.2886452
43.7260724,11.3220867
43.7679408,11.1424114
43.7944361,11.1294425
43.7545664,11.1831491
43.7541634,11.1887882
43.7534071,11.1897324
43.7534443,11.1904619
43.7606699,11.1781117
43.7653186,11.1685085
43.7575941,11.1808446
43.7588006,11.1836598
43.7582858,11.1833742
43.7569784,11.1861017
43.7551387,11.1979403
43.7814036,11.1691775
43.7711385,11.2121942
43.7708226,11.2125376
43.7738406,11.2131291
43.7712487,11.2169547
43.7700015,11.2160406
43.7733656,11.21673
43.774776,11.2139432
43.7935725,11.2191652
43.8038043,11.1335444
43.8203996,11.1407537
43.7953385,11.1510459
43.8178951,11.144513
43.8203802,11.1415744
43.8226384,11.1226699
43.8236442,11.1254267
43.8210267,11.1373587
43.8207755,11.1388734
43.8215594,11.1392129
43.8213153,11.138931
43.8333253,11.1322989
43.8117828,11.1719316
43.7983226,11.2182817
43.7974374,11.2182783
43.830777,11.18543
43.8313682,11.2034191
43.8332147,11.2022102
43.8326799,11.2002212
43.7608061,11.2412728
43.759449,11.2414879
43.7601776,11.2412987
43.7609636,11.2412361
43.7670805,11.2399149
43.7674859,11.2715195
43.7668632,11.2715497
43.7744479,11.2218484
43.7745128,11.2224305
43.7709781,11.2407392
43.780155,11.2412844
43.7771467,11.2404866
43.7775485,11.2400843
43.7794013,11.240821
43.7788273,11.2432102
43.7781848,11.2452608
43.7801878,11.2419796
43.7913582,11.2244488
43.7894088,11.2233932
43.7940312,11.2295983
43.7925968,11.2314284
43.789959,11.2268653
43.7903648,11.2266911
43.7877969,11.2351572
43.7873642,11.2362924
43.7819206,11.2358001
43.7861326,11.239381
43.7841244,11.2402119
43.792125,11.2441776
43.7901155,11.2445417
43.7731679,11.2519773
43.7710277,11.2475633
43.7730828,11.2523824
43.7734967,11.2552332
43.7710915,11.2536614
43.7711226,11.2529172
43.7700368,11.2556102
43.7737705,11.2583511
43.7700365,11.2556855
43.7735707,11.2535962
43.7708327,11.25366
43.772288,11.2526447
43.771703,11.2526716
43.7718037,11.2528942
43.7738392,11.258469
43.768518,11.2535632
43.772839,11.2529999
43.7762883,11.2489535
43.7772946,11.2521234
43.7772357,11.2493324
43.7767397,11.2574696
43.7715393,11.2620289
43.7700923,11.2616063
43.7714515,11.2635831
43.7734742,11.2591008
43.7704237,11.2716823
43.7703132,11.2703902
43.7731614,11.2715997
43.771066,11.2714957
43.7708617,11.2716982
43.7723671,11.2714337
43.7705366,11.270096
43.7760702,11.2718566
43.7823136,11.2558586
43.7831599,11.257315
43.7917963,11.2473896
43.7845261,11.2609217
43.7840058,11.2604838
43.7831203,11.2630074
43.7830759,11.2624292
43.7865027,11.262488
43.7817726,11.2677238
43.7843369,11.2721153
43.7860114,11.2690649
43.7866235,11.2701936
43.7866046,11.2691972
43.78658,11.2703437
43.7633536,11.2750676
43.7522047,11.3203517
43.7700496,11.2776613
43.7707193,11.2760137
43.7768839,11.2744969
43.7689537,11.288648
43.7688651,11.2867811
43.7767205,11.2876484
43.7791551,11.2933407
43.7828797,11.2755069
43.7830958,11.2752765
43.7831903,11.2749559
43.7830212,11.2752808
43.7832632,11.2748055
43.7833029,11.2842975
43.7839293,11.2789903
43.8005942,11.2213283
43.7960217,11.2238382
43.7966133,11.2413099
43.7967696,11.2450884
43.7973805,11.2424915
43.7967138,11.2418635
43.8166581,11.22515
43.8164161,11.2253846
43.8039264,11.2465751
43.8067519,11.294746
43.8313469,11.3082318
43.8699268,10.9187339
43.8692133,10.9185193
43.873979,10.9164782
43.8470956,10.9775332
43.9119724,10.9185654
43.9301512,10.9066094
43.93098,10.9170949
43.9305862,10.9170909
43.9298216,10.9147631
43.9312138,10.9152427
43.9290913,10.9140429
43.9310964,10.9137854
43.9291568,10.9150782
43.9298715,10.9150192
43.9310653,10.914397
43.936952,10.9104102
43.9320889,10.9172747
43.9357744,10.9156254
43.9338537,10.9158693
43.9325334,10.9118816
43.9325735,10.9178977
43.9331967,10.91538
43.9280922,10.9190035
43.9284661,10.9187771
43.9318929,10.9305908
43.9401661,10.9124867
43.9433,10.9170832
43.9321015,10.9326803
43.9324395,10.9319453
43.848958,11.0606704
43.8544959,11.0603731
43.8781628,11.0549334
43.8750934,11.0588281
43.8549333,11.0686043
43.8622393,11.0826128
43.8727838,11.0908762
43.8708904,11.0985222
43.8670549,11.0953526
43.8651198,11.1115663
43.8618038,11.1088834
43.8684529,11.112248
43.8683176,11.1096921
43.895601,11.066798
43.8802503,11.0947674
43.8762204,11.1018914
43.8754727,11.1024522
43.8748033,11.1038089
43.8768855,11.1057212
43.8814629,11.1080157
43.8922062,11.1004077
43.9057447,11.0123268
43.9246834,11.0399777
43.9340997,11.0156162
43.9265132,11.0374714
43.9006864,11.0766938
43.9043145,11.1077336
43.9056402,11.1122827
43.8659473,11.1151171
43.8548902,11.1559472
43.8593618,11.1588762
43.8482901,11.1738769
43.9088494,11.2807617
43.9682621,11.1241016
43.9681571,11.1248218
43.9847452,11.2333699
43.9996809,11.2386593
43.9614937,11.3236483
43.6774454,11.5301071
43.7220434,11.4535985
43.722626,11.4534973
43.732147,11.500744
43.7845171,11.3611825
43.7911541,11.3927375
43.7900131,11.3928305
43.8122874,11.4026735
43.7726237,11.4324132
43.7745067,11.4407707
43.7747045,11.4401124
43.7726132,11.43633
43.774246,11.4403732
43.7748457,11.441053
43.772516,11.503611
43.7716949,11.5046648
43.8234841,11.4834458
43.8269644,11.4874762
43.6434978,11.5489959
43.6821853,11.5364939
43.7400211,11.6200642
43.7413127,11.7049618
43.7880594,11.7211879
43.7881572,11.7213379
43.7998871,11.7062665
43.8011362,11.7067082
43.9334462,11.4593641
43.9331352,11.4654846
43.9330541,11.4652244
43.9625423,11.3252659
43.9933848,11.3551915
43.9546213,11.3870984
43.9553843,11.3887737
43.9994444,11.3947919
44.0656699,10.0746309
44.0581196,10.085848
44.0691891,10.0811684
44.0760604,10.0983754
44.0762052,10.0970314
44.0778281,10.0990268
44.077144,10.0973113
44.0765922,10.0970216
44.0772637,10.098551
44.0782877,10.0999314
44.238495,10.1250651
44.1998465,10.1753797
44.1618414,10.2422906
44.113261,10.2800987
44.1587665,10.3353888
44.0604502,10.4393147
44.0615581,10.4381009
44.0826068,10.4638738
44.0727493,10.484687600000001
44.0754957,10.4821594
44.0755188,10.4827154
44.1136579,10.403262
44.1091173,10.4097041
44.1094354,10.4098613
44.1323994,10.4137582
44.1485217,10.4099884
44.185095,10.2975708
44.1838467,10.3002655
44.4110634,10.2750407
44.3168948,10.3430977
44.3689396,10.3241169
44.3657224,10.4665621
44.3654014,10.4662935
44.4526396,10.4580841
44.1452663,10.6649243
44.2656575,10.5063267
44.179333,10.647725
44.0993879,10.7547896
44.2083215,10.7948324
44.1701663,10.8741941
44.1617427,10.8938533
44.3764708,10.5611863
44.4548955,10.5206652
44.4028424,10.6183876
44.4024477,10.6183715
44.307307,10.7311198
44.5205932,10.1979179
44.6109022,10.2658012
44.6100345,10.2643845
44.6088935,10.263981
44.6111979,10.2656562
44.6133993,10.2652613
44.483837,10.3377455
44.582337,10.3162293
44.5825205,10.3165267
44.6442874,10.3014494
44.6840097,10.2896386
44.639837,10.3818511
44.6388301,10.3828357
44.6380738,10.3840204
44.6393009,10.3818527
44.6445949,10.3816883
44.6416138,10.3811295
44.6628759,10.4718953
44.6624091,10.4714086
44.6906636,10.0987903
44.724919,10.1123357
44.7565073,10.1399465
44.7555034,10.1399847
44.6956867,10.2420369
44.7042944,10.239008
44.7513098,10.2145801
44.7519905,10.2174673
44.7527922,10.2194662
44.7546533,10.2202046
44.7543448,10.2238471
44.7549569,10.2285481
44.8594588,10.0847467
44.8092769,10.1778992
44.8251912,10.2126787
44.8824098,10.1720924
44.882915,10.1732701
44.8831347,10.1728921
44.6960624,10.353755
44.7779981,10.3224258
44.7849556,10.3246742
44.7871939,10.337095
44.7861285,10.3522781
44.7897498,10.3654852
44.7062113,10.4051051
44.761573,10.4490689
44.7603274,10.4488865
44.7614663,10.4499165
44.771066,10.4524422
44.807823,10.2975535
44.8067366,10.3008121
44.8068186,10.3003573
44.7952596,10.3054722
44.8019194,10.3065354
44.7960591,10.3170793
44.7958849,10.3161787
44.7958134,10.3271549
44.8027654,10.321193
44.803021,10.3206211
44.7991531,10.3274733
44.8011255,10.3272912
44.8009917,10.3272143
44.8027585,10.3278631
44.8026554,10.3282116
44.8009062,10.3272325
44.801822,10.3268441
44.8023629,10.3271084
44.8025,10.3222895
44.8018853,10.3275802
44.8070358,10.3028642
44.8041301,10.3132764
44.8046047,10.3120483
44.8091237,10.3207956
44.8082391,10.3188096
44.8081321,10.3280699
44.8085843,10.3279432
44.8086277,10.3276319
44.8003036,10.3341945
44.8029924,10.3286026
44.8018188,10.3291821
44.8020003,10.3287558
44.8012882,10.3290812
44.7984572,10.3400374
44.7975264,10.3374413
44.79901,10.3393379
44.7998543,10.3357206
44.7998874,10.3355726
44.7960255,10.3473134
44.7968409,10.3459284
44.7967845,10.3449061
44.7936108,10.3542176
44.7945966,10.3513002
44.7974988,10.3436487
44.8074097,10.3318225
44.8074794,10.3295731
44.8060233,10.3346972
44.8067077,10.3328674
44.8044502,10.3371302
44.8052076,10.3371731
44.8048754,10.3374425
44.8057875,10.3364102
44.8154201,10.3312897
44.814153,10.3312802
44.8130783,10.3311287
44.81119,10.3304527
44.8144913,10.330976
44.8142649,10.330968
44.8130541,10.3312109
44.8107968,10.3288166
44.8117608,10.3413175
44.7925821,10.3573837
44.7918814,10.3605148
44.7938992,10.3548067
44.7935895,10.3583278
44.7932503,10.3554829
44.8078791,10.3598457
44.8207745,10.3344842
44.850459,10.3083277
44.856455,10.309258
44.8901175,10.3543835
44.8892787,10.3546576
44.6202976,10.6022918
44.6228312,10.6046579
44.5996113,10.6878344
44.5999335,10.6871436
44.599428,10.6881136
44.5989163,10.6852273
44.5979423,10.683321
44.6815216,10.6352373
44.6806859,10.638127
44.6825638,10.6776253
44.5410109,10.7839386
44.5411488,10.7836507
44.541403,10.781392
44.5424009,10.7823824
44.5416578,10.7821326
44.5273233,10.8628602
44.5266237,10.8672406
44.5392094,10.8107299
44.5377502,10.8141495
44.5379688,10.8184703
44.5374375,10.8196076
44.5335707,10.840425
44.58047,10.826558
44.5738282,10.8470655
44.572699,10.8473862
44.5726655,10.848176
44.5714074,10.8480972
44.57603,10.8469427
44.574593,10.8469153
44.5759304,10.848179
44.5763778,10.8483
44.5510979,10.8976794
44.6199762,10.7214518
44.5979706,10.7691448
44.6516885,10.7808814
44.6532371,10.7834675
44.6537953,10.7818096
44.6290762,10.8985196
44.6340092,10.9030881
44.6408169,10.9046078
44.6596265,10.8938674
44.6962459,10.5264074
44.695243,10.5280489
44.7272581,10.5489574
44.7489923,10.4863389
44.7381828,10.5159061
44.781467,10.5294184
44.7076619,10.6062468
44.7054944,10.6101922
44.6932655,10.6291136
44.6924904,10.6291035
44.6973586,10.6286883
44.6932975,10.6290618
44.6951874,10.6247504
44.6950089,10.6248444
44.6975275,10.6236643
44.6924617,10.6296774
44.6918998,10.6372288
44.6968298,10.6317363
44.6982669,10.6337187
44.6983871,10.6337709
44.6986481,10.6338541
44.6981757,10.6326036
44.6988204,10.6300116
44.6978023,10.6301991
44.6944209,10.6407648
44.694009,10.639047
44.6943423,10.6397476
44.694697,10.6396057
44.6964445,10.6365775
44.694852,10.6401211
44.6964429,10.6408216
44.6949282,10.6417764
44.6947715,10.642372
44.6941428,10.6429816
44.7017888,10.6220077
44.7030027,10.6183509
44.7021888,10.6199265
44.7020141,10.6219837
44.6999926,10.6270853
44.7001267,10.626696
44.7085819,10.6285035
44.6993852,10.6326836
44.7038216,10.6330509
44.7044104,10.6337967
44.6997599,10.6306945
44.6999115,10.6302184
44.6994981,10.6318837
44.7119384,10.6324443
44.7082902,10.6332891
44.7082215,10.6391779
44.7096086,10.6367337
44.7086501,10.6407809
44.7091687,10.6415733
44.7175458,10.6212913
44.6868171,10.6469902
44.6905329,10.6545213
44.6919207,10.6508452
44.6940657,10.644236
44.6925656,10.6474607
44.7020655,10.6574897
44.7193202,10.6457842
44.7630717,10.5952024
44.7628433,10.5991988
44.7675714,10.6660521
44.735131,10.6985013
44.733974,10.7845426
44.7335663,10.7856369
44.7707974,10.7816779
44.772050900000004,10.7776687
44.7721432,10.7795308
44.7714242,10.7803264
44.771496,10.7798289
44.7718224,10.7825877
44.7713429,10.7824566
44.7711899,10.7817505
44.6921822,10.8422108
44.689055,10.8414973
44.6891797,10.8411597
44.6906361,10.8409669
44.7799013,10.8697193
44.780074,10.8706313
44.7824993,10.8841416
44.7827084,10.8844949
44.7838884,10.8851954
44.7792477,10.8856165
44.8104246,10.8026793
44.7956607,10.8952703
44.1302494,10.991582
44.1542836,10.9754366
44.1551254,10.976159000000001
44.160864,10.9729305
44.1555577,10.9759383
44.1549764,10.9760951
44.1803699,10.9801718
44.2308376,11.0552242
44.1426284,11.1582229
44.1292176,11.2005025
44.2001932,11.2599123
44.2155401,11.2335634
44.2193469,11.3186666
44.2200394,11.3192836
44.2188707,11.3189606
44.2688908,10.9393979
44.268954,10.939966
44.3462816,10.9946615
44.3299935,11.0594867
44.3297314,11.0595882
44.4249862,10.9626347
44.4410529,11.0659952
44.4415,11.0655352
44.4699842,11.1013895
44.4720714,11.0977848
44.2765855,11.1998676
44.3330481,11.1886255
44.3407641,11.2045473
44.2785,11.2707
44.3151437,11.2568274
44.3157255,11.2567963
44.2704213,11.3217708
44.2694565,11.3225794
44.4646836,11.198653
44.3960901,11.2455931
44.3951402,11.2454443
44.3936893,11.2458975
44.395028,11.24597
44.3940347,11.2446976
44.3974457,11.2465051
44.3988302,11.2486235
44.4431397,11.2714901
44.474503,11.2767477
44.4738062,11.2771694
44.1191648,11.378903
44.1181716,11.379245
44.2555402,11.3769795
44.2133781,11.4304729
44.2117045,11.5049319
44.2605129,11.482971
44.0753304,11.6119873
44.0754573,11.6128791
44.0753537,11.6130974
44.1125954,11.5481162
44.2236091,11.6243208
44.2233955,11.6242662
44.2231549,11.6247736
44.2231616,11.6251117
44.2044233,11.7331889
44.3260133,11.4049298
44.3714501,11.3414288
44.3854666,11.3430405
44.3853631,11.3420669
44.3850794,11.3416685
44.3866589,11.341107
44.3972617,11.3430365
44.4627921,11.3709948
44.4685724,11.3710704
44.4685366,11.3765221
44.4639763,11.3710929
44.472495,11.369772
44.4736971,11.3689711
44.4736992,11.3683756
44.4694715,11.3714193
44.4738958,11.3887565
44.4754913,11.3880859
44.4688273,11.4070198
44.4691966,11.411292
44.4691736,11.4117962
44.4689516,11.4123917
44.4707443,11.4086026
44.4710932,11.4110083
44.4703873,11.410673
44.4453638,11.4767617
44.4590845,11.4376787
44.4291224,11.5174968
44.2773962,11.5876124
44.2754115,11.7228278
44.2752808,11.7234174
44.2755396,11.7229585
44.2760813,11.7242826
44.2755706,11.7249877
44.3203389,11.6523652
44.3465276,11.68604
44.3457967,11.6867352
44.3458413,11.687937
44.3486149,11.7152668
44.3552679,11.7093921
44.3573266,11.705751
44.3521288,11.7106692
44.3571672,11.7050984
44.3531375,11.7067191
44.3540489,11.7145273
44.3539403,11.7146188
44.3574114,11.7170415
44.353112,11.7151672
44.3550691,11.7145312
44.3544958,11.7131059
44.3550471,11.7148345
44.3533577,11.7140265
44.3560658,11.7158492
44.3600037,11.6957093
44.3618695,11.7066927
44.3642218,11.7151199
44.3596343,11.7129503
44.3509481,11.7217944
44.3508693,11.7198945
44.3494535,11.7232828
44.3509514,11.7253563
44.3553381,11.7179563
44.3543991,11.7202239
44.3553923,11.7244801
44.3690859,11.7196745
44.3705592,11.7249888
44.3673147,11.7275269
44.3833832,11.6364285
44.3836915,11.6372173
44.399064,11.591048
44.3991843,11.5905923
44.399412,11.590916
44.3998573,11.5893781
44.3999284,11.5891671
44.4364305,11.6077664
44.4370108,11.6080722
44.4168693,11.7372048
44.4178994,11.7368465
44.4323369,11.6775787
44.4322861,11.6778508
44.4611233,11.7301771
44.4587436,11.7315181
44.482375,11.0046194
44.5496447,10.9386663
44.5490621,10.9389374
44.5743827,10.9076329
44.5575766,10.9754456
44.4817421,11.0339658
44.4925698,11.0458463
44.50481,11.0837315
44.5044408,11.0852023
44.5045484,11.0845124
44.5053915,11.0840914
44.5334434,11.0221214
44.5340656,11.0198472
44.632774,10.9156745
44.6283513,10.9152405
44.6252209,10.9273714
44.6237809,10.927349
44.6283528,10.9454636
44.6031225,10.970353
44.6018005,10.969332
44.6434157,10.9217882
44.6456808,10.925355
44.6446307,10.9283865
44.6519604,10.916416
44.6549926,10.9152569
44.6493763,10.9193842
44.6479903,10.9255784
44.6594865,10.9198413
44.6355009,10.943368
44.6456997,10.9336008
44.6457822,10.9362165
44.6435601,10.9318951
44.6450485,10.9355282
44.6440183,10.9322738
44.6423479,10.9363458
44.6428818,10.9335367
44.6478296,10.9376347
44.6473874,10.9376485
44.6516471,10.9344497
44.650488,10.9379523
44.6522354,10.9322508
44.6525759,10.9333282
44.6570241,10.9327511
44.6543051,10.9454382
44.5925793,11.0538636
44.5932473,11.0585341
44.5953446,11.0513024
44.594339,11.0549198
44.5951959,11.0525163
44.595665,11.0503461
44.5954101,11.0532426
44.5119547,11.129444
44.5141313,11.1291536
44.4911515,11.218953
44.4909745,11.2188993
44.5462876,11.1918804
44.5460042,11.1926077
44.5452642,11.1946507
44.546114,11.1953875
44.484405,11.2449416
44.4879331,11.2488981
44.4794363,11.2700686
44.4789138,11.2716779
44.47842,11.2700675
44.4790983,11.2708182
44.4794962,11.2695277
44.4891945,11.2483891
44.5206588,11.2646631
44.519176,11.2711032
44.4774921,11.2768546
44.4777931,11.2778843
44.4768664,11.2760939
44.4783048,11.2780907
44.4776047,11.2777567
44.4774332,11.2808434
44.4775668,11.2806967
44.4852672,11.2901363
44.4850393,11.2904454
44.4878162,11.2945565
44.4890075,11.2975431
44.4959695,11.2917554
44.4961709,11.2931651
44.4957544,11.294978
44.4902933,11.310326
44.4953197,11.3174834
44.495658,11.3148264
44.4919576,11.3123291
44.4951202,11.3181066
44.4954614,11.3223199
44.4954086,11.3226462
44.501148,11.32145
44.5084953,11.2979534
44.512253,11.2873446
44.5114221,11.2891313
44.5125482,11.286714
44.5119789,11.288473
44.5179947,11.2730281
44.5156826,11.2815722
44.506986,11.3041422
44.5085105,11.2994263
44.5075703,11.3025821
44.508664,11.2984396
44.5082317,11.3004675
44.5034153,11.2985968
44.5033812,11.314729699999999
44.5036864,11.314296
44.5226046,11.3197358
44.562109,11.2719551
44.563141,11.2708621
44.5631893,11.2712606
44.5652097,11.2718998
44.565363,11.271839
44.5294382,11.2925275
44.5350178,11.3023092
44.5621853,11.2724438
44.5710282,11.3056225
44.6309087,11.192882000000001
44.663561,11.133378
44.6632825,11.1324059
44.6378873,11.1838773
44.6379694,11.1865279
44.6375985,11.1863064
44.6388532,11.1874711
44.6355516,11.1882344
44.6367547,11.1885063
44.6366871,11.1895242
44.6409204,11.184598
44.6417361,11.1852904
44.6399693,11.1837786
44.6405912,11.1886964
44.5847759,11.2372071
44.6100531,11.2551492
44.7271707,11.0426314
44.7725448,11.0909086
44.890495,11.065522
44.7229926,11.1465205
44.7231613,11.1460603
44.7199705,11.14721
44.7223333,11.147763
44.7220929,11.1484787
44.7310747,11.2812536
44.7258298,11.2884737
44.7286231,11.2916646
44.7260371,11.2884151
44.7252678,11.287321
44.7270669,11.2897337
44.7273648,11.2906647
44.7280067,11.2906512
44.7277858,11.2897478
44.727796,11.289969
44.7379027,11.2933731
44.7135657,11.3066271
44.7127573,11.3060004
44.7910645,11.2897144
44.831655,11.2966956
44.8318869,11.296444
44.4887799,11.3429655
44.4861562,11.3429857
44.4866345,11.3402883
44.486739,11.3397413
44.4948785,11.3260513
44.4905495,11.3277142
44.4956394,11.3277153
44.4974663,11.3307799
44.4997709,11.3253632
44.5002813,11.3246925
44.4963145,11.3358209
44.4985526,11.3320008
44.4985194,11.331965
44.4967849,11.3376614
44.4970439,11.3374273
44.4984316,11.3330716
44.4990076,11.3354789
44.4982559,11.3354753
44.4986409,11.3339535
44.4986756,11.3337883
44.4988969,11.3324628
44.498579,11.3368978
44.4935003,11.3426567
44.493528,11.3425035
44.4951155,11.3425035
44.4909492,11.3435773
44.4948549,11.3433032
44.491941,11.3429219
44.4917785,11.3428717
44.4934906,11.3417949
44.4925005,11.3440037
44.4931382,11.340491
44.4955951,11.3413278
44.4950598,11.3422657
44.4950413,11.3408566
44.4951621,11.3479442
44.4940642,11.344677
44.4946182,11.3449934
44.4946555,11.3447332
44.4943049,11.3451714
44.4913748,11.3464256
44.4915621,11.346014
44.4901186,11.3500071
44.4899962,11.3505485
44.494538,11.3459014
44.4936589,11.3480516
44.4915279,11.3477035
44.4974359,11.3379728
44.4988527,11.3386273
44.5014719,11.3423986
44.500212,11.3388066
44.5001072,11.3391937
44.4984472,11.3423283
44.5004964,11.3477575
44.5002194,11.3488467
44.4995221,11.3469756
44.5002648,11.3443045
44.4990609,11.3452904
44.481403,11.3610011
44.4845457,11.3572433
44.4877648,11.3526463
44.4866369,11.3536948
44.4868548,11.354084
44.486799,11.3581318
44.4873951,11.3621698
44.4867952,11.361742
44.4865905,11.3616106
44.4864163,11.3614698
44.4832494,11.3585207
44.4834898,11.3582945
44.4813568,11.3703242
44.4815692,11.3698487
44.4768565,11.3663902
44.4856085,11.3694513
44.485357,11.3702185
44.4855449,11.3687912
44.4830262,11.3754617
44.4837021,11.3738175
44.4939288,11.3564779
44.4941383,11.3516539
44.4917406,11.3515979
44.4907485,11.3552014
44.4920801,11.3522603
44.4929089,11.361756
44.4925212,11.3637407
44.4894875,11.3584872
44.4971187,11.3638446
44.4929081,11.3657144
44.4926457,11.3697863
44.4931984,11.3735161
44.5015069,11.3651171
44.5047177,11.3387104
44.5047778,11.3386375
44.5054676,11.3403135
44.5046908,11.3409536
44.5044126,11.3407634
44.5071334,11.3452421
44.5071621,11.3450489
44.5046069,11.3469346
44.5097656,11.3400928
44.5152047,11.34205
44.5118777,11.3466701
44.5110779,11.3474665
44.5124751,11.3472137
44.5113154,11.3508166
44.5192062,11.3275596
44.5168142,11.3312198
44.5253075,11.3452487
44.508579,11.3555682
44.5069592,11.3610616
44.5060494,11.3619063
44.514242,11.3592694
44.5049342,11.3664614
44.5036631,11.3684219
44.5077126,11.3642084
44.5061477,11.3729223
44.5045983,11.3705298
44.4808372,11.3814249
44.4796398,11.3843625
44.4768589,11.3913875
44.493333,11.3832116
44.5020658,11.3958612
44.4979374,11.4236059
44.497886,11.4257644
44.5087613,11.37794
44.5039902,11.3966198
44.5118511,11.3906359
44.5349977,11.3551211
44.5298183,11.3666517
44.5458358,11.356573
44.5436054,11.3548774
44.573294,11.3620459
44.5755671,11.3636305
44.5752435,11.3633513
44.5752529,11.3639766
44.5760898,11.364261
44.5763259,11.3644642
44.5753467,11.3640497
44.5306077,11.4216064
44.5014924,11.4346967
44.525703,11.4536897
44.5057669,11.4712323
44.5066435,11.4705371
44.5932285,11.3692487
44.5929296,11.3691212
44.5901252,11.3683092
44.5940884,11.3697379
44.5954484,11.3708548
44.6038615,11.421464
44.6429816,11.3477784
44.6451574,11.3749316
44.6463413,11.3757321
44.6466897,11.3749317
44.6473144,11.3755404
44.6356445,11.4184013
44.6464133,11.5330109
44.665819,11.4876667
44.6654259,11.4873956
44.6648746,11.4865533
44.6666709,11.4881177
44.4959901,11.6114271
44.477449,11.6382661
44.4772942,11.6385968
44.4772013,11.6389054
44.4769866,11.6382855
44.4762246,11.6378844
44.4771831,11.6389498
44.5377614,11.535197
44.5381017,11.5354978
44.4779032,11.6392654
44.589889,11.5646721
44.6473533,11.5348672
44.6210897,11.6690254
44.6206766,11.6692227
44.664316,11.6471368
44.6992458,11.4032535
44.7002089,11.4042008
44.7010454,11.4043263
44.7003877,11.4038006
44.7032988,11.4060831
44.7651344,11.4842264
44.7927553,11.3848024
44.7933777,11.3854971
44.8862229,11.4158343
44.7188396,11.5343436
44.7322238,11.6372154
44.8116789,11.5948622
44.8163132,11.6060455
44.828417,11.6128261
44.8285032,11.6118133
44.8274033,11.6108632
44.8252175,11.6093519
44.8258224,11.6093412
44.8277776,11.6120858
44.8288749,11.6123918
44.8429666,11.6101218
44.8422038,11.6107306
44.8367701,11.6095665
44.8287822,11.6131238
44.8199229,11.6285194
44.8247048,11.629208
44.8250192,11.6296991
44.8345653,11.6182436
44.8310878,11.6149825
44.8319552,11.616616
44.8315317,11.6156707
44.8310003,11.6148297
44.8322431,11.6161165
44.8351229,11.6190675
44.8332764,11.6226603
44.8395242,11.6163123
44.8397373,11.6158724
44.8411231,11.6139636
44.8372793,11.6170231
44.8412434,11.6137146
44.8369181,11.620086
44.8376478,11.6210977
44.8365588,11.6207154
44.8374392,11.6215626
44.8372309,11.621598
44.8373957,11.6218187
44.8412674,11.6324184
44.8409803,11.6337646
44.8520824,11.5555495
44.8476917,11.5870987
44.8465549,11.5970532
44.8434588,11.609614
44.8452676,11.6077759
44.8781929,11.6081345
44.8198371,11.6460935
44.8280279,11.6425391
44.8426462,11.6392109
44.8377671,11.6621869
44.8452233,11.6487516
43.2498261,11.8180506
43.4105897,11.7991376
43.4084872,11.7984939
43.4252152,11.8452435
43.3431422,11.9219468
43.3757237,11.8679865
43.2614652,11.9757983
43.2612463,11.9766202
43.2620532,11.9761486
43.2600088,11.9778467
43.2578738,11.9804827
43.471159,11.8487988
43.4736254,11.8465056
43.4512193,11.8661997
43.4525551,11.8680764
43.4503028,11.865053
43.4573746,11.8738611
43.4548606,11.8708569
43.4718125,11.8570995
43.4719737,11.8580496
43.4674828,11.8732404
43.459082,11.8841416
43.4621491,11.877079
43.4616809,11.8790452
43.4623756,11.8798548
43.4602344,11.8780805
43.4607569,11.8793418
43.4617461,11.8787735
43.463599,11.8772829
43.4626658,11.8791527
43.4636296,11.8776089
43.462116,11.8812674
43.461832,11.8804697
43.4566198,11.889048
43.601172,11.7875814
43.5635467,11.8607605
43.5721343,11.869195
43.5749169,11.8705901
43.5718434,11.8708524
43.4876611,12.10934
43.4876035,12.1071243
43.5095114,12.1483163
43.5108873,12.1491878
43.5408229,12.0541115
43.5415832,12.0545019
43.5416809,12.054855
43.5410421,12.0543301
43.5714627,12.1325526
43.5717416,12.1326094
43.5717482,12.1360013
43.5701053,12.1408275
43.5706001,12.1409795
43.5712183,12.1403364
43.5714394,12.1442443
43.5719525,12.1445179
43.3061683,12.3270907
43.3071516,12.3327037
43.3016704,12.338266
43.3011431,12.3391082
43.3009382,12.3408436
43.3015515,12.3410561
43.3037002,12.3386657
43.3603751,12.2379608
43.3670386,12.2368598
43.366218,12.2370455
43.3638943,12.3267564
43.2616796,12.3925057
43.3469382,12.5754972
43.3617251,12.5548245
43.3546628,12.5649855
43.3566976,12.5625682
43.3520022,12.5775447
43.3520714,12.5784971
43.3496948,12.5780244
43.4576683,12.2402536
43.458482,12.2412243
43.4579544,12.2399701
43.4574703,12.241613
43.4627223,12.237045
43.4651683,12.2358812
43.4712013,12.227111
43.471911,12.2286069
43.4797445,12.226951
43.4704227,12.2308768
43.455695,12.2432882
43.4554895,12.243385
43.4544482,12.2437627
43.4571598,12.2441784
43.4564673,12.2430296
43.4603441,12.243534
43.4980151,12.2037269
43.5051496,12.2075751
43.5191891,12.215406
43.5492819,12.1754897
43.5480177,12.1777802
43.5467379,12.1781418
43.4429401,12.4375208
43.5590973,12.4194813
43.5590913,12.4215973
43.651606,11.8361875
43.6518162,11.8361963
43.7231156,11.7659373
43.6938779,11.8100821
43.6942979,11.8174398
43.7365584,11.8105522
43.6433998,11.9856601
43.6408357,11.9874466
43.668678,12.0416189
43.6690097,12.0417932
43.6696374,12.0416022
43.7928436,12.003585
43.8337655,11.9597097
43.8461425,12.0581174
43.9469616,11.9080376
43.9473725,11.9084845
43.9772883,11.7767335
43.9965187,11.9119447
43.9964465,11.9130894
43.8584377,11.9772798
43.9187611,12.1422339
43.7078173,12.184677
43.6475946,12.3386665
43.6462001,12.3357054
43.7083848,12.2964411
43.818178,12.2664937
43.7812827,12.336131
43.7802447,12.3340577
43.6671194,12.4124293
43.6650531,12.410183
43.7233998,12.4099226
43.6686828,12.5210267
43.6676676,12.5221902
43.8644504,12.2079575
43.864741,12.2076362
44.0311878,12.3532198
43.9834044,12.4213978
44.0019465,12.4310605
44.0036485,12.4351274
44.0051079,12.4361572
44.0045215,12.4358127
44.0064664,12.4378209
44.0067859,12.4377644
44.0070098,12.4384939
44.0198306,12.452029
43.9905955,12.5328849
44.0565494,12.5381633
44.0554193,12.5441157
44.0533747,12.5542054
44.0364906,12.5805172
44.0467068,12.5641213
44.0553905,12.5720342
44.054355,12.5737258
43.2303583,12.7860773
43.2925863,12.7531481
43.2911671,12.7484675
43.3481879,12.584374
43.4030078,12.6684284
43.3591948,12.711536
43.3316364,12.7405783
43.3317592,12.7402799
43.3204827,12.9847954
43.3203538,12.9853777
43.3293732,12.8979124
43.334424,12.9063945
43.3392385,12.9098068
43.3373262,12.9085822
43.3368778,12.9090682
43.3393187,12.9103732
43.3511654,12.9237301
43.4917533,12.7727335
43.5466391,12.6485197
43.5467367,12.6586141
43.6192561,12.6730033
43.6266394,12.6803096
43.4321223,12.856476
43.4319523,12.8573943
43.4318551,12.8589784
43.4292535,12.9354214
43.4995439,12.9398061
43.5000425,12.939953
43.561802,12.8364548
43.6046865,12.9467058
43.2577539,13.0089901
43.2318306,13.181757
43.3915285,13.1325401
43.3128536,13.3097304
43.2671661,13.3482429
43.2841438,13.3321997
43.344607,13.2740883
43.3382123,13.3236582
43.4816883,13.0826548
43.4458279,13.1154478
43.4450333,13.1155096
43.4771695,13.1187668
43.5016095,13.1263933
43.501895,13.1472821
43.548821,13.0238391
43.5416387,13.037276
43.6032573,13.0593806
43.6039474,13.058961
43.5206381,13.2383049
43.520498,13.2478465
43.5278142,13.2469572
43.526907,13.2453044
43.5327248,13.2555397
43.5324272,13.2551735
43.5971691,13.3265819
43.6008919,13.3255359
43.5992179,13.325301
43.5988711,13.3252153
43.5996719,13.3244899
43.6046958,13.3643856
43.6069341,13.3653409
43.6213319,13.4121192
43.6300116,13.3960077
43.629611,13.3956964
43.6302723,13.3959933
43.6300103,13.3957215
43.6267717,13.4030834
43.6760684,12.6448187
43.6768635,12.6457545
43.6768295,12.6450276
43.6810768,12.6471761
43.7285265,12.6321333
43.7280198,12.632016
43.7337153,12.6317768
43.7331889,12.6318355
43.7293034,12.6322762
43.7358738,12.6312405
43.7251452,12.6371657
43.7253138,12.6373411
43.7255397,12.6401821
43.6948045,12.6979802
43.6888987,12.8086588
43.7351931,12.8343522
43.733576,12.9684473
43.7986982,12.8658687
43.7560765,12.9234134
43.7721291,12.9361573
43.7737995,12.9358802
43.7759501,12.9377656
43.8014535,12.9712238
43.7966158,12.9955697
43.8960959,12.6817404
43.8505272,12.7873383
43.8493258,12.7895938
43.8993176,12.7458565
44.0020165,12.6320608
44.0018282,12.6346633
43.9966404,12.6512776
43.996113,12.6527577
43.9960571,12.648663
43.9951282,12.6526102
43.9949212,12.6532222
43.9974329,12.6538548
43.994131,12.6554174
43.9964585,12.6553501
44.004037,12.6564399
44.0019892,12.6588365
44.0020432,12.659046
44.0021619,12.6568639
43.9889655,12.6717633
43.9920333,12.6639946
44.0404984,12.6015553
44.0444849,12.5948343
44.0543653,12.5889789
44.0506616,12.5863487
44.0362147,12.6154051
44.0313872,12.618895
44.0317033,12.6209073
44.037472,12.6116233
44.0380633,12.6109141
44.0082589,12.6417476
44.0086178,12.6424544
44.0120028,12.6473286
44.0060313,12.6531882
43.9790027,12.6977713
43.9787581,12.6978875
43.978335,12.6987184
43.9628419,12.7457363
43.9631054,12.7452399
43.9669036,12.7555727
43.8856441,12.872644
43.9023316,12.893972399999999
43.892068,12.8998875
43.8972267,12.9212235
43.9087935,12.9081097
43.9061176,12.9131064
43.9147793,12.9067858
43.9189782,12.9024668
43.6490391,13.046975399999999
43.648948,13.0463045
43.6979993,13.059301
43.6584959,13.1527618
43.7068305,13.210886
43.7063495,13.2103212
43.7374587,13.1875957
43.7930503,13.0024528
43.7635748,13.069234
43.7508138,13.0966132
43.7509553,13.0969959
43.8259626,13.011258
43.8361684,13.0057945
43.8341205,13.0040232
43.8376845,13.0082755
43.8382097,13.0109246
43.8406118,13.011287
43.8410387,13.0117292
43.842191,13.0137404
43.8400247,13.0202781
43.8435995,13.0174147
43.8408347,13.019596
43.8430533,13.017733
43.8438639,13.0180761
43.8440404,13.0170501
43.826678,13.041816
43.7670055,13.1412513
43.7713964,13.1335327
43.6400203,13.3102071
43.6770742,13.2872302
43.7157227,13.2179368
43.7149006,13.2181664
43.7149718,13.212261700000001
43.7141783,13.2167035
43.7123798,13.2191216
43.7136065,13.220982
43.7082555,13.2258698
43.7161991,13.2131663
43.7182002,13.2151148
43.7164392,13.2176455
43.7178051,13.2149985
43.6508622,13.3444469
43.8502321,13.0074495
44.0603557,11.8422327
44.0598893,11.8424902
44.156964,11.7930938
44.1574277,11.7931447
44.15602,11.792239
44.122332,11.8873561
44.2219039,11.7692726
44.2225539,11.7716691
44.222739,11.7717874
44.172287,11.9478835
44.171399,11.9473037
44.1069479,11.9813297
44.1043536,11.981443
44.1447526,11.9869753
44.1270063,12.0613487
44.1272193,12.060908
44.1276225,12.0625334
44.1275335,12.0620158
44.1465645,12.1350801
44.1853869,12.0359507
44.1854764,12.0355976
44.1975948,12.0192046
44.1983524,12.0210389
44.210656,12.0108672
44.2260468,12.0294724
44.2202395,12.0452171
44.2209114,12.0431493
44.2211434,12.0429489
44.2213569,12.0420983
44.2216666,12.041362
44.2239888,12.0422182
44.2227068,12.0434059
44.2222642,12.041376
44.22163,12.0425095
44.22221,12.0402518
44.2236983,12.0399692
44.2222733,12.0498679
44.2240592,12.0491688
44.2291612,12.0410821
44.2279783,12.0433646
44.2284574,12.0526593
44.2278372,12.0533434
44.176986,12.0690328
44.2128193,12.063503
44.2089675,12.0588406
44.2068439,12.0767829
44.2089179,12.0720419
44.1874059,12.1255144
44.1869878,12.1256149
44.1875238,12.1262124
44.1845818,12.1312144
44.214556,12.0592106
44.2252576,12.0636735
44.2227621,12.0759585
44.2274988,12.0804504
44.2407762,12.0769199
44.2438408,12.0787178
44.2486265,12.0819823
44.3185105,11.8015421
44.3185561,11.7995592
44.3184746,11.7987398
44.316749,11.8057643
44.3188539,11.8019125
44.3192468,11.8001057
44.3597974,11.8442367
44.3603337,11.8443288
44.3598035,11.8442235
44.3596334,11.8453728
44.3599424,11.8431586
44.3598117,11.8442026
44.2811886,11.8683441
44.2898382,11.8736173
44.2907985,11.8706799
44.2848957,11.8834245
44.2852513,11.8826306
44.2843151,11.8874506
44.2859284,11.8820344
44.2858635,11.8830717
44.2893922,11.8841029
44.2821508,11.892223
44.2812345,11.8948806
44.2810964,11.8961448
44.2929306,11.8649841
44.2939709,11.876611
44.2943881,11.8753124
44.2960621,11.8898627
44.410826,11.7815641
44.3969452,11.811259
44.3972104,11.811484
44.3971596,11.8122033
44.3890042,11.8266207
44.3993639,11.7985126
44.4467549,11.8267839
44.3846918,11.9420964
44.4214213,11.9133282
44.4231736,11.9117729
44.4198673,11.9118
44.4203265,11.9121666
44.4210252,11.9128075
44.3026824,11.9695381
44.294184,12.0162363
44.2941384,12.0164665
44.2956324,12.0181932
44.3005002,12.1457547
44.415594,11.9769428
44.4166018,11.9805097
44.4128701,12.0250102
44.4674284,11.9612364
44.4483404,12.0542957
44.4197563,12.1467088
44.4664509,12.0871603
44.4664899,12.0867205
44.1291567,12.2422482
44.1403787,12.2322016
44.1408382,12.2300801
44.1399619,12.2329089
44.139912699999996,12.233293
44.1389056,12.2394225
44.1382178,12.2453962
44.1415688,12.2445991
44.1378745,12.2523787
44.1378313,12.2524764
44.1427703,12.2443554
44.1418091,12.2447816
44.1434587,12.2463823
44.1060829,12.3312056
44.1089502,12.3390473
44.1079053,12.3351706
44.118334,12.3387642
44.1181171,12.3359389
44.1177884,12.3381248
44.1205742,12.3426069
44.1555518,12.3306078
44.1978095,12.1867702
44.200506,12.1883685
44.25929,12.2620265
44.1739346,12.3665361
44.2652213,12.3462594
44.2515979,12.3500739
44.2419406,12.3646339
44.2429015,12.3667568
44.2596882,12.3504628
44.2548045,12.3520995
44.2563948,12.3585835
44.2605861,12.3495362
44.2606403,12.3497725
44.2642007,12.3505854
44.2642696,12.3523427
44.2623945,12.3494442
44.264044,12.347125
44.2639402,12.3476071
44.2623178,12.3527971
44.0910477,12.3889368
44.0923442,12.3988342
44.1072789,12.3849931
44.0919318,12.3997298
44.1067132,12.4151283
44.1069596,12.4165628
44.1062606,12.4140093
44.1068874,12.4148918
44.0613292,12.4448641
44.0628261,12.4464327
44.062916800000004,12.4479842
44.0633465,12.4461323
44.0647249,12.4463362
44.0640929,12.4464825
44.0849474,12.4584542
44.1095021,12.3868663
44.1511592,12.3842598
44.1460424,12.4637417
44.1472927,12.4631958
44.1459939,12.4633125
44.1461194,12.4632488
44.1413875,12.4731633
44.1539103,12.4572703
44.0683591,12.4830713
44.0685758,12.4803295
44.1063984,12.5137152
44.0971023,12.5252891
44.056787,12.5338239
44.0568065,12.5468189
44.0603227,12.5673225
44.0573943,12.5651207
44.0623063,12.5684701
44.0588335,12.5679336
44.0621606,12.5687558
44.0610715,12.5667104
44.0628783,12.5696734
44.0598257,12.5679808
44.0619949,12.5673495
44.058438,12.569296
44.0613024,12.5674018
44.0602558,12.5672903
44.0597472,12.5650856
44.0606577,12.5661767
44.0656043,12.5614704
44.065567,12.5664763
44.0632148,12.5695542
44.0604238,12.5715101
44.0609707,12.5717916
44.0620673,12.5737362
44.0586231,12.5729439
44.064081,12.5704591
44.0676041,12.5814481
44.0666564,12.5816992
44.0701855,12.5653273
44.0710901,12.5772826
44.0865339,12.5404372
44.0868272,12.5403496
44.0898144,12.5353308
44.0842019,12.5439306
44.1312918,12.480664
44.1977664,12.3983469
44.2017809,12.3981851
44.199335,12.4021824
44.1958729,12.4052605
44.200016,12.403854
44.1987735,12.4010313
44.1983826,12.4003398
44.1729149,12.4366619
44.161853,12.443574
44.2880114,12.178375
44.2771233,12.346313
44.2778325,12.3479704
44.277331,12.3488019
44.2758127,12.3515575
44.4026367,12.1837357
44.4020561,12.1843412
44.4028387,12.1957062
44.4160359,12.1981004
44.4167462,12.1993745
44.4165065,12.1991466
44.4150293,12.1983996
44.415423,12.1991989
44.4179313,12.200567
44.417429,12.1986715
44.4175826,12.1990569
44.4179665,12.199857
44.4192537,12.2047086
44.4204135,12.2203441
44.4172884,12.2200068
44.423361,12.2293891
44.4236801,12.2023901
44.4492502,12.2156695
44.512367,11.8287567
44.5134997,11.829207
44.5135919,11.8296898
44.6148477,11.8355063
44.614675,11.836039
44.6148779,11.8365458
44.6146993,11.8358722
44.6149862,11.8375975
44.6545022,11.7764189
44.5057531,12.0431606
44.5058555,12.0415663
44.5059437,12.0406273
44.6976808,11.8052846
44.6978067,11.8062365
44.6980906,11.8062215
44.893777,11.8288053
44.8941502,11.8283356
44.7650574,12.1410135
44.7644021,12.1415109
44.4876963,12.2823595
44.4882678,12.2822918
44.493608,12.2770712
44.4892816,12.2821462
44.5537721,12.2800663
44.6766364,12.2339826
44.6778956,12.2390585
44.6778442,12.2410459
44.6758713,12.242011
44.6608888,12.2440175
44.6955728,12.1815347
44.6960568,12.1824264
44.8370121,12.3800306
44.8927859,12.4585808
44.064103,12.5851655
44.0633378,12.5859878
44.063996,12.5857148
44.9710033,10.2127442
45.0184155,10.088178
45.018244,10.1272436
45.0731906,10.087492
45.0086604,10.2184327
45.0655214,10.1790699
44.9278434,10.3743464
44.9120624,10.4615414
44.9109804,10.4644357
44.9871865,10.4177544
44.9861643,10.415555
45.0778175,10.373051
45.1043775,10.4829489
45.113212,10.0788953
45.1543266,10.0990088
45.1532821,10.1034299
45.1678589,10.0774771
45.201635,10.1511933
45.1294053,10.1877108
45.1648139,10.1958978
45.220097,10.0978473
45.2216916,10.1581056
45.266976,10.1489982
45.267048,10.2172725
45.307439,10.193349
45.2920962,10.2711461
45.2912122,10.2702081
45.1418645,10.2870286
45.1433082,10.2865914
45.1284235,10.4413606
45.1623774,10.4305232
45.1625601,10.4312878
45.2546925,10.3002165
45.2550749,10.2969936
45.3090336,10.3215806
45.3093095,10.3227234
45.3097605,10.3270639
45.2787349,10.3694442
45.2210189,10.4140811
45.2208578,10.4154541
45.2241021,10.4127218
44.9007203,10.5162021
44.9260658,10.5210962
44.9259743,10.5207307
44.9994,10.490164
44.9988508,10.489738
44.9976547,10.4913948
44.9054714,10.6296758
44.9052656,10.6296341
44.9049517,10.6291454
44.9274828,10.5925669
44.921406,10.6544065
44.9184012,10.6539061
44.9202309,10.6544311
44.9212166,10.6542245
44.920934,10.6542122
44.9219889,10.6542119
44.9226893,10.652989
44.9527722,10.6417984
44.9535808,10.6405188
44.9798125,10.6431344
45.0957043,10.5164173
44.9176405,10.8027071
44.9178734,10.8044769
44.9178086,10.8064037
44.9174971,10.8069906
44.9171622,10.8089978
45.0961068,10.8476549
45.1184447,10.5335777
45.167023,10.5133518
45.1975803,10.5783689
45.1115198,10.6472665
45.1689861,10.6775009
45.1802562,10.6772812
45.2548744,10.673435
45.25524,10.6744973
45.2558299,10.6747903
45.1212707,10.7864698
45.1458543,10.7721678
45.1508189,10.7784765
45.1509216,10.7770233
45.1509755,10.7827854
45.1523037,10.7819714
45.1573663,10.7856549
45.1573625,10.7850046
45.1500731,10.7875689
45.14847,10.7933175
45.1471538,10.7960295
45.1575101,10.7887849
45.1573019,10.7882693
45.1564683,10.7909993
45.1574932,10.7901208
45.1551661,10.7918711
45.1561028,10.791589
45.1534228,10.7935869
45.1518187,10.7988206
45.1581879,10.7933436
45.1582089,10.7916026
45.1580671,10.7939968
45.1588713,10.7957834
45.1618195,10.8230447
45.1756338,10.8374195
45.2666093,10.7671678
45.2676958,10.7715718
45.2638451,10.7735817
45.3007957,10.7891522
45.2155595,10.8923042
45.30498,10.8141832
45.3091124,10.8175871
45.2815367,10.873434
45.2833899,10.8710931
45.3270322,10.1249726
45.3538719,10.1411811
45.3562282,10.1425675
45.355835,10.1420662
45.37664,10.106399
45.3870386,10.1164802
45.4182098,10.0743909
45.3662975,10.2170044
45.3661299,10.2186482
45.3661189,10.2180664
45.3298748,10.2328566
45.3692543,10.2159492
45.3687609,10.217753
45.4056903,10.2746061
45.4605486,10.0880833
45.4548218,10.1164817
45.4555722,10.1256009
45.5238214,10.080413
45.5235501,10.0828701
45.5244322,10.0804453
45.5209923,10.0869692
45.5078624,10.108116
45.5087872,10.1075611
45.523978,10.1536258
45.4302921,10.1815059
45.4617183,10.1741716
45.4430848,10.2299845
45.4450014,10.2269764
45.4845298,10.1747493
45.4825345,10.1765022
45.4955962,10.2037253
45.4915639,10.2181786
45.4937941,10.2184501
45.5162481,10.1912433
45.4999116,10.2235764
45.5239884,10.2170464
45.4746456,10.2421569
45.4789113,10.240298
45.4812723,10.2401268
45.4969282,10.2746418
45.5213343,10.2245007
45.5234878,10.2437688
45.5236569,10.2529421
45.5216698,10.2727817
45.5223913,10.2707858
45.4019179,10.2783703
45.4030492,10.2777172
45.4034394,10.2774892
45.4014737,10.2794552
45.3579546,10.4317998
45.4124556,10.3912193
45.4135042,10.3913201
45.4138918,10.3937428
45.4147881,10.3921684
45.4153017,10.3921133
45.4108943,10.3945876
45.4140317,10.3990313
45.4707251,10.2998978
45.4204016,10.3760617
45.5101965,10.3213536
45.5121509,10.3135813
45.5127686,10.3142021
45.5122135,10.3249499
45.5012593,10.3519134
45.5181497,10.3538844
45.5049947,10.3611268
45.5052761,10.365345
45.4596546,10.4848138
45.4746052,10.4089122
45.5293659,10.0784248
45.5554373,10.0777828
45.5549372,10.0801029
45.5551701,10.09007
45.5270294,10.1450137
45.5258563,10.1582679
45.5265323,10.1582797
45.5441532,10.1681357
45.5903746,10.0773367
45.5963916,10.10906
45.5975609,10.109702
45.5974107,10.1104557
45.6155916,10.0730624
45.5889896,10.1532581
45.5292371,10.1884242
45.5268944,10.1963644
45.5476229,10.1818096
45.5260185,10.2042736
45.5375114,10.2096033
45.537068,10.2094638
45.5360758,10.2095632
45.5368514,10.214912
45.5364157,10.215866
45.5339046,10.2117231
45.5356811,10.2131421
45.535371,10.2126292
45.5374357,10.2160515
45.5330577,10.2166442
45.5315294,10.2232561
45.5361534,10.2186525
45.5345396,10.218383
45.5354941,10.2190433
45.5369598,10.2197625
45.5376158,10.2197025
45.5332881,10.2221847
45.5334332,10.2203053
45.5351257,10.2191967
45.5364265,10.2188945
45.5374843,10.2199012
45.5423598,10.2104197
45.5414346,10.2102541
45.539314,10.2100392
45.5429313,10.21121
45.5427627,10.2110587
45.541510100000004,10.2123749
45.5386442,10.2182079
45.5388402,10.2180556
45.5501387,10.2147336
45.5504097,10.2221984
45.5611393,10.2049684
45.5528723,10.2157436
45.527991,10.2238655
45.5310963,10.2351815
45.5320539,10.2254372
45.5363377,10.2291094
45.535815,10.2333432
45.5344512,10.2328366
45.5360245,10.231835
45.5358906,10.2335497
45.5331915,10.234452
45.5307203,10.2384638
45.5309806,10.2411017
45.5340114,10.2384282
45.5312032,10.2394318
45.5300821,10.2519739
45.5546527,10.2246597
45.5554079,10.226865
45.5698803,10.2316722
45.5726649,10.2310347
45.5690251,10.241466
45.5832947,10.2156818
45.5851789,10.2155785
45.5847528,10.2160667
45.5783443,10.2289729
45.5789602,10.2287687
45.5898807,10.2369041
45.5836703,10.2739278
45.6307494,10.0978002
45.6313913,10.099312
45.6312099,10.0991303
45.6936342,10.0923687
45.6897697,10.0998
45.7134359,10.1104476
45.6323458,10.194709
45.6313781,10.1959079
45.6536204,10.2024736
45.6495283,10.2013344
45.6574941,10.1990029
45.68867,10.1849912
45.5350628,10.3037682
45.5434851,10.3228455
45.5845727,10.2773019
45.6130229,10.3167182
45.5472224,10.3927243
45.60998,10.3965551
45.5849588,10.4365986
45.5848758,10.4426452
45.5839427,10.4422558
45.5901249,10.44018
45.6008078,10.4523686
45.6022702,10.4554671
45.6108439,10.4826054
45.718611,10.277917
45.7032496,10.3878428
45.6869649,10.4368749
45.315836,10.5807708
45.3699654,10.5659142
45.3506214,10.5990139
45.3212094,10.6600031
45.3226879,10.6596891
45.3235286,10.6612132
45.3231933,10.6617517
45.4041272,10.6297532
45.4053555,10.631897499999999
45.4032049,10.6305122
45.3862403,10.6931673
45.3880673,10.6945168
45.4611727,10.4911353
45.4699526,10.5315457
45.4703312,10.5326472
45.470059,10.5325139
45.4677203,10.5440153
45.4690637,10.5418258
45.4689101,10.5407015
45.4554271,10.5664037
45.5084615,10.5070815
45.438427,10.5986224
45.464672,10.6056516
45.4655715,10.607029
45.4663138,10.6074291
45.4407977,10.6818531
45.4386858,10.6921017
45.4397106,10.6873686
45.4398957,10.6885982
45.4471836,10.6687942
45.3537491,10.7347075
45.3541695,10.7346055
45.3506623,10.7381645
45.3536748,10.7385543
45.3539078,10.7371787
45.3545553,10.7346748
45.3295747,10.7898779
45.375825,10.7946239
45.3524825,10.8451813
45.3513875,10.8456194
45.3519954,10.8438626
45.351511,10.8446203
45.3532338,10.8435233
45.3510901,10.8463618
45.3494938,10.8464574
45.3542422,10.8427439
45.3548207,10.8473361
45.3473014,10.8817837
45.3472578,10.8833781
45.3482522,10.8812371
45.4050205,10.8461455
45.4170651,10.8969618
45.4407234,10.6986586
45.441491,10.7017964
45.4376929,10.7261927
45.4395107,10.7651906
45.5053524,10.7325314
45.505408,10.7334702
45.5090678,10.7343252
45.5056804,10.7348782
45.4926264,10.7990804
45.4924875,10.7992614
45.4436184,10.8210034
45.4717663,10.8458186
45.4331499,10.8906604
45.4329838,10.8898236
45.4334566,10.8926636
45.447014,10.8981006
45.4743601,10.8479635
45.474952,10.8468759
45.4746868,10.8476724
45.5218723,10.8063092
45.5238331,10.8343806
45.5236351,10.8340093
45.4829304,10.867433
45.4835904,10.8685865
45.4848165,10.8664845
45.4838265,10.8698155
45.4806421,10.9039608
45.5197956,10.8876133
45.5212506,10.8859773
45.52047,10.8864658
45.5197947,10.8866303
45.5382339,10.5118883
45.5292425,10.5379009
45.5467061,10.5335277
45.5470096,10.5337523
45.5476762,10.5329309
45.5478293,10.533989
45.5523594,10.5069867
45.6253871,10.4988264
45.6249717,10.4968099
45.6064369,10.523013
45.5866293,10.5493109
45.618728,10.5604995
45.6079404,10.685512
45.6088383,10.6863512
45.6456567,10.4967889
45.6462971,10.5018202
45.6445388,10.5009785
45.6352102,10.6000909
45.6424959,10.6147997
45.6880165,10.6630285
45.548378,10.7204756
45.5436728,10.7235121
45.5478304,10.7238076
45.5481395,10.7240538
45.5768252,10.7066931
45.5760358,10.7120696
45.5419246,10.7757224
45.5732125,10.7555073
45.5731214,10.7554972
45.5772724,10.705829
45.5773443,10.7124276
45.6067393,10.7927643
45.6063483,10.7947384
45.6063624,10.7956821
45.5444257,10.8225417
45.5430581,10.8855259
45.63519,10.7308237
45.6330001,10.7300866
45.6572897,10.9021889
44.9318928,10.9137718
44.9329472,10.9131569
44.9314647,10.913737
45.0403598,10.9289507
45.0405364,10.9286866
45.0420185,10.926531
45.041116100000004,10.9281298
45.0085247,10.9805215
45.009139,10.9808805
45.0855041,10.9591977
45.0690951,11.020864
44.9264022,11.1808578
45.0666898,11.1323784
45.0666766,11.1328639
45.0663324,11.1335887
45.0672997,11.1338602
45.0672218,11.135952
45.0375767,11.2259877
45.0067023,11.2996631
45.1348827,10.9536585
45.1847529,11.0082119
45.1450805,11.0299119
45.2682393,10.9321488
45.2688883,10.9330072
45.1819306,11.1513559
45.1822567,11.1520786
45.1722842,11.1970407
45.1893885,11.201399199999999
45.1915047,11.2052615
45.1922978,11.2006111
45.1941426,11.2106533
45.1938091,11.2110383
45.1943949,11.2108474
45.1936627,11.2110816
45.1948884,11.2104241
45.1933707,11.2110952
45.1922978,11.21458
45.1860534,11.2799151
45.1991547,11.2899368
45.1932552,11.3075885
45.1929239,11.3077503
45.1933527,11.3093984
45.1920656,11.3100968
45.1927004,11.308653
45.1927407,11.3097241
45.194036,11.3078365
45.1929529,11.3056545
45.2571686,11.1213928
45.2573117,11.1207457
45.2577039,11.1208557
45.2121569,11.175452
45.2990374,11.1310869
45.3076462,11.178612
45.2577488,11.2787695
45.2719243,11.2472454
44.9814146,11.3546651
45.0316411,11.4605078
45.0310556,11.4602138
45.0665695,11.4504804
45.0949671,11.4904124
45.0963707,11.489137
44.9382802,11.5441208
44.9378473,11.5448584
44.9002525,11.6038404
44.9613496,11.6044821
44.9345425,11.6762001
45.0241867,11.5368379
45.0834245,11.5995505
45.0836342,11.6011485
45.0836362,11.6001271
45.0837295,11.6017648
45.0831462,11.6007236
45.0296501,11.6419064
45.0309712,11.6407478
45.1745389,11.3979815
45.1208271,11.4543042
45.1685341,11.4418177
45.189307,11.4676621
45.1964029,11.5244228
45.3083059,11.3857386
45.3094075,11.3857681
45.3087058,11.3854381
45.2347205,11.4614601
45.2323549,11.4670626
45.2323438,11.4665862
45.2329231,11.4656555
45.2333977,11.4669943
45.2178395,11.5163619
45.2918535,11.5012702
45.1917521,11.586526
45.1962767,11.6216896
45.1724607,11.6665082
45.1887773,11.7105018
45.289901,11.5381371
45.2902784,11.5383303
45.2888979,11.5366632
45.2887857,11.5372139
45.2896024,11.5372664
45.2910289,11.5405494
45.2909081,11.5410966
45.2945528,11.5538895
45.2247158,11.6426628
45.228806,11.6550078
45.2282797,11.6553783
45.2285254,11.65575
45.2288622,11.6566351
45.229156,11.6550465
45.2239816,11.6617336
45.2281213,11.662857
45.2292952,11.6603189
45.2701123,11.7163909
45.3087053,11.7284781
45.3086368,11.7292373
45.3180975,10.9442142
45.316278,10.9425641
45.3168589,10.9424258
45.356999,10.9352975
45.3957157,10.9132137
45.3964363,10.9141205
45.3965172,10.9147696
45.3860675,10.9946082
45.4182062,10.9806232
45.4170597,10.9800567
45.417538,10.9802981
45.4084861,11.0008234
45.379835,11.0504919
45.3840537,11.0422699
45.3813128,11.0470528
45.3810141,11.0432987
45.3814555,11.0466876
45.3689075,11.1099234
45.3689656,11.1107296
45.4221116,10.9559422
45.4206288,10.9534891
45.4392505,10.9410415
45.4387348,10.9465665
45.4394084,10.9482277
45.4416302,10.9475385
45.4463276,10.9518845
45.4199124,10.9578816
45.4197889,10.9739645
45.4322841,10.9723163
45.443061,10.9625669
45.4437156,10.967911
45.43741,10.9707506
45.4388678,10.9727178
45.4361875,10.9813668
45.436046,10.980984
45.4432079,10.973063
45.4432457,10.9725204
45.4417677,10.9784283
45.4327977,10.9844233
45.4323146,10.9881158
45.4331411,10.9847468
45.4331714,10.9843789
45.4336017,10.9843584
45.4332346,10.9854274
45.433541,10.9856895
45.43371,10.9854459
45.436119,10.9846249
45.4336535,10.988849
45.4346313,10.9900591
45.435015,10.990285
45.4385179,10.9914386
45.4366922,10.9938967
45.4345183,10.9966568
45.4381386,10.9945349
45.4380939,10.994545
45.4361335,10.990821
45.4378121,10.9911328
45.4378304,10.9916211
45.4434874,10.9897807
45.44501,10.9892579
45.4426294,10.9968493
45.4405946,10.990466
45.4433428,10.9963234
45.4405057,10.9962542
45.4402417,10.9969744
45.4424713,10.9979189
45.4420518,10.999566
45.4403901,10.9997868
45.4434092,11.0043295
45.443064,11.0038653
45.4429613,11.0067128
45.4523395,10.9594388
45.4475612,10.970168899999999
45.4571418,10.9796687
45.4564043,10.9810078
45.4618864,10.9702078
45.4474906,10.9883267
45.4481772,10.9871181
45.4474279,10.9879185
45.4459804,10.9891056
45.4492708,10.993485
45.4526371,10.9869087
45.4769818,10.9473662
45.4770738,10.9476729
45.4769066,10.9463489
45.4914513,10.9406955
45.5177315,10.9082168
45.5233214,10.9071151
45.4337635,11.0191981
45.4386284,11.0206083
45.4400809,11.012332
45.440922,11.0190181
45.4422099,11.0215387
45.4453964,11.0196089
45.4371905,11.033555
45.4398663,11.0296888
45.4399578,11.0269661
45.429855,11.0503633
45.4340028,11.0422548
45.4336939,11.0439082
45.4493445,11.0227937
45.4460755,11.0232848
45.4465882,11.0297834
45.4231715,11.0883208
45.4224892,11.0918941
45.4221428,11.0936241
45.4225021,11.0924309
45.4226687,11.0917631
45.4226499,11.0963936
45.4228344,11.0974924
45.4221665,11.1012326
45.4219142,11.1003823
45.425764,11.1001469
45.4217274,11.1021015
45.4586013,11.0643128
45.4609744,11.0666274
45.4610498,11.0655166
45.5012025,11.0170826
45.5215727,11.0186553
45.5220495,11.0190681
45.3731297,11.1282434
45.3722459,11.1338785
45.3747214,11.1351621
45.4194512,11.1361573
45.3793167,11.2087507
45.3818591,11.2091964
45.4162043,11.1713217
45.4170416,11.1748035
45.3177882,11.2711402
45.3179297,11.2718128
45.3402562,11.3201725
45.3959196,11.2696869
45.3951738,11.2715381
45.3983875,11.2719002
45.3972003,11.2707737
45.3964065,11.270543
45.3956371,11.2693669
45.3951069,11.2694862
45.3982558,11.2714924
45.4008145,11.2697209
45.3835079,11.3130409
45.4000612,11.2727424
45.400548,11.2726352
45.3983647,11.2985196
45.3983118,11.300016
45.4342783,11.1868219
45.4709387,11.2048142
45.4205981,11.2484973
45.4515265,11.3034201
45.485208,11.2556979
45.4848233,11.2542849
45.4840279,11.2526411
45.5231213,11.2359427
45.5239184,11.2351854
45.5237292,11.2347877
45.4792109,11.2906329
45.5320702,10.9099374
45.5310406,10.938265
45.5304044,10.9393601
45.5304581,10.9400985
45.5568225,10.9178889
45.5757007,10.9922231
45.627004,10.9508955
45.6283434,10.9534131
45.6273726,10.9519195
45.5743864,11.0410599
45.6222544,11.0293057
45.6228515,11.0300756
45.5935674,11.0657819
45.5933217,11.0653186
45.6052644,11.0957985
45.6399765,11.0018953
45.6983961,10.9269655
45.6146413,11.2508024
45.6468096,11.3004297
45.6452432,11.2995148
45.6442586,11.3001621
45.6476784,11.300966
45.7051745,11.2257668
45.7047763,11.2256788
45.3646936,11.4270674
45.3893491,11.380912
45.3507121,11.4657498
45.3188241,11.4950164
45.3570208,11.5068052
45.4630745,11.3394148
45.461774,11.340767
45.4338941,11.413502
45.5180404,11.3315435
45.5047801,11.4076961
45.4999707,11.4153088
45.5052803,11.4077254
45.4987763,11.4292896
45.4721804,11.4456088
45.494548,11.431804
45.4948081,11.4312387
45.4947704,11.4320062
45.4957182,11.431559
45.4928288,11.4349383
45.5245537,11.448391
45.5102746,11.5070446
45.3359452,11.5390989
45.324305,11.5831475
45.3582508,11.5824038
45.3581849,11.5814865
45.389848,11.5751692
45.4102989,11.5398449
45.3284801,11.640079
45.3285677,11.6395947
45.335458,11.7312612
45.3679248,11.7111337
45.3694266,11.7141854
45.3702708,11.7167711
45.4062963,11.7417246
45.4263412,11.5946654
45.4956932,11.5511269
45.4739656,11.6109123
45.5220116,11.6122521
45.5206305,11.6152646
45.4431996,11.6729863
45.4432517,11.6732716
45.5208727,11.6598496
45.5191382,11.6594787
45.4757862,11.7008907
45.519334,11.7102081
45.5199705,11.7110652
45.5233281,11.7143749
45.5226359,11.7136979
45.5335249,11.3648823
45.5322045,11.3645687
45.5639031,11.375194
45.5634127,11.3759394
45.5631868,11.3761988
45.5630237,11.3765331
45.6143163,11.3450844
45.5850693,11.3940024
45.5256265,11.4457929
45.5252854,11.4460949
45.5320058,11.480741
45.5321354,11.4782036
45.530963,11.5164123
45.5363022,11.5124899
45.5367277,11.5119632
45.5363187,11.5114034
45.5371517,11.5149164
45.5317317,11.5222363
45.5390433,11.5108786
45.5384322,11.516891
45.5426939,11.5225574
45.5422487,11.5266419
45.544002,11.5234252
45.5449363,11.5340354
45.5853892,11.4869336
45.6118824,11.5007632
45.6101822,11.500673
45.6156651,11.5071715
45.6153494,11.5061339
45.6815733,11.3766298
45.681491,11.3772531
45.6567336,11.4056773
45.6623471,11.40376
45.7065977,11.3582194
45.7051124,11.3608289
45.7067874,11.3710531
45.7148187,11.3452716
45.7128818,11.3549069
45.7143515,11.3580753
45.7134628,11.3584298
45.7124784,11.3580491
45.7125885,11.3576449
45.7207375,11.3613822
45.7172929,11.3609592
45.7157453,11.357873
45.7217119,11.3633865
45.6415964,11.4303303
45.6925301,11.4305889
45.7036868,11.4732018
45.7053445,11.4719854
45.7056554,11.4803457
45.7035537,11.4801581
45.7038151,11.4788966
45.7060136,11.4799349
45.7020792,11.4758006
45.7069588,11.476958
45.7075458,11.4795636
45.7068185,11.4769662
45.7060726,11.47956
45.7078782,11.4778507
45.7212648,11.4413765
45.7201369,11.4611827
45.709266,11.4806224
45.6960115,11.4837756
45.6969969,11.4819562
45.707116,11.4839276
45.6974387,11.531786
45.7315653,11.524277
45.5452817,11.5400164
45.5458233,11.5353817
45.5454176,11.5358162
45.5452567,11.5350356
45.547171,11.5343938
45.5455824,11.5355902
45.5469184,11.5440726
45.5478009,11.5461072
45.5468186,11.5428956
45.5465269,11.5418978
45.5475542,11.5443124
45.5470486,11.5432372
45.5460914,11.5413073
45.5415477,11.5530559
45.5410422,11.554343
45.5480889,11.5496427
45.5501052,11.550814
45.5482542,11.5494829
45.5495845,11.5491918
45.5493768,11.5501318
45.5488851,11.5558523
45.5473125,11.5596333
45.5405193,11.5835889
45.546492,11.5846413
45.555473,11.5462638
45.561441,11.5384709
45.5614845,11.5388684
45.5584451,11.5445924
45.5622795,11.5450636
45.5579316,11.5601049
45.5647732,11.5393532
45.5620143,11.5639635
45.5698352,11.5721949
45.5431786,11.6025025
45.5358886,11.6301649
45.5984498,11.6216948
45.6147354,11.6690656
45.6142382,11.6694306
45.6130487,11.6700931
45.5811756,11.7077762
45.5825445,11.7065431
45.6028323,11.7312701
45.6285731,11.6997636
45.6354435,11.5488967
45.6348596,11.5486403
45.6350265,11.5488468
45.6364792,11.5489023
45.6774103,11.5506102
45.6611002,11.6036995
45.6598601,11.6028818
45.6616442,11.6020539
45.6612544,11.6045297
45.662072,11.602907
45.662587,11.6034172
45.7078676,11.5644969
45.7078866,11.5649212
45.7299579,11.5835923
45.7315368,11.5825657
45.7172385,11.6070815
45.649214,11.6794808
45.6804513,11.6395684
45.677028,11.681629
45.7232832,11.6773881
45.724197,11.6778494
45.7255302,11.6801677
45.6879035,11.7043005
45.6838637,11.7037748
45.7153767,11.6945052
45.7624073,10.1170803
45.7618811,10.1159143
45.8037441,10.1066409
45.8153673,10.0736697
45.818577,10.0777547
45.8171765,10.0759221
45.8163618,10.0746246
45.8212954,10.0794284
45.8258344,10.0983363
45.8270715,10.0988438
45.8263635,10.094497
45.7478095,10.2403363
45.793473,10.2725823
45.9168634,10.2185631
45.9431709,10.2340437
45.8102492,10.3342567
45.7348695,10.45835
45.7345104,10.4583208
45.8235211,10.4622389
45.8233404,10.463564
45.8219932,10.4639302
45.9321461,10.2791832
45.9430463,10.2767604
45.9357706,10.2949106
45.9352116,10.2943096
45.9777731,10.1014932
45.9968292,10.091584
45.9973479,10.0920527
46.0096503,10.1522299
45.9474591,10.2061851
45.94871,10.2063943
45.9467963,10.204663
45.9462954,10.2066425
46.1536553,10.1516493
45.955291,10.2999362
45.977582,10.3366787
46.0290933,10.3452546
46.0864189,10.3397187
46.0809397,10.3674047
46.0805286,10.3710329
46.1228811,10.3204653
46.1219594,10.3181247
45.8242533,10.5293029
45.8298998,10.535986
45.8482365,10.5804686
45.8490501,10.5801334
45.8896408,10.6719479
45.9393102,10.6387012
45.9396945,10.6392738
45.771456,10.7601758
45.792233,10.7420021
45.815916,10.792811
45.813418,10.7916881
45.7659311,10.8113402
45.7624402,10.8089523
45.7633645,10.8072214
45.8909866,10.7276616
45.8719622,10.7711845
45.8958749,10.7184158
45.9045493,10.7297
45.8873001,10.8384792
45.884911,10.8413661
45.8850043,10.8413711
45.8866649,10.8422674
45.8863906,10.8438462
45.8866476,10.8458453
45.8871441,10.8424186
45.8853506,10.8428509
45.8873301,10.8462228
45.8725047,10.8742696
45.8779749,10.8901392
45.8946862,10.8490777
45.8938184,10.8481649
45.8937711,10.8487143
45.9080772,10.8409241
45.9198331,10.8322697
45.9152917,10.8782671
45.9162985,10.8794726
45.9166827,10.8857626
45.9123234,10.9024407
45.918528,10.8653297
45.9184066,10.8843816
45.9187706,10.8881161
45.9472492,10.6208259
45.9842802,10.668781
46.0033863,10.6952328
46.0317652,10.7237162
46.0346412,10.7268902
46.0362678,10.7262256
46.0045739,10.8426835
46.0247351,10.8374698
46.0366951,10.8750502
46.0283048,10.8802328
46.0680627,10.7113043
46.1013284,10.7370225
46.1202515,10.7517312
46.1478507,10.7685556
46.0517748,10.8535813
46.1723417,10.0668371
46.15386,10.1534796
46.2181693,10.1561279
46.2158783,10.1708638
46.2164544,10.1688714
46.2169586,10.1647811
46.1646269,10.2383604
46.2154253,10.1732406
46.2592644,10.2552557
46.2485708,10.4693358
46.5255178,10.1266266
46.5383579,10.135004
46.537464,10.1354381
46.5436858,10.1390375
46.5440612,10.1389878
46.5466587,10.1402616
46.554607,10.1440547
46.4853038,10.271616
46.466928,10.3729744
46.4670766,10.3732247
46.4663293,10.3713784
46.4668332,10.3719563
46.4671523,10.37442
46.4615131,10.4156929
46.4628803,10.4108323
46.4888148,10.2957511
46.4880729,10.2998336
46.5285494,10.4529051
46.2572828,10.5089625
46.2579736,10.5093981
46.2571876,10.5757121
46.2607376,10.5094915
46.2592161,10.5850566
46.351061,10.6941012
46.1591725,10.7648046
46.1695266,10.7636867
46.1899157,10.7856908
46.2321725,10.8259795
46.3107217,10.7304469
46.3110874,10.7555304
46.3158638,10.8011329
46.3263785,10.8731417
46.527985,10.5835676
46.530215,10.5819829
46.4014763,10.8441513
46.5660194,10.7825815
45.7590259,11.0030892
45.7592259,11.0039878
45.7577866,11.0041272
45.8173703,10.9551707
45.8687656,10.9384283
45.8913693,10.9524681
45.8854673,11.0090621
45.8671748,11.0321403
45.8863119,11.0302784
45.8827571,11.0406017
45.8879206,11.0385521
45.888122,11.0405662
45.8897463,11.0412277
45.8908217,11.0417645
45.8877501,11.0369198
45.8907891,11.0417848
45.8911853,11.0415337
45.889963,11.0438324
45.8906863,11.0438682
45.8674467,11.0746655
45.9147513,11.0336248
45.8954775,11.0405216
45.8916103,11.039973
45.8994551,11.0419411
45.9042949,11.042996
45.9265835,11.0420113
45.9164217,11.063158
45.9289401,11.0711145
45.9293148,11.0710297
45.9353638,11.0942349
45.7825758,11.1187582
45.7399198,11.2616983
45.740158,11.2616181
45.7903358,11.2609339
45.9168129,11.1694224
45.9141128,11.1767422
45.9343301,11.2263162
45.9409402,11.2508752
45.9407578,11.2703669
45.9405605,11.2719637
45.9078643,11.3108593
45.9604624,10.9124146
45.9937076,10.9752006
46.04388,10.983714
46.0390545,11.1099754
46.0765682,10.9096682
46.0757586,10.9968354
46.1397527,10.9631939
46.1428456,10.9646883
46.1429816,10.9659917
46.081933,11.0452681
46.0610591,11.1146663
46.0643137,11.0965914
46.0915377,11.1050738
46.1396838,11.1118191
46.1518529,11.0968353
46.142336,11.107467
46.1416072,11.1091545
46.1536481,11.1071087
46.0057345,11.1272435
46.006243,11.1283957
46.0476106,11.1260201
46.04064,11.1333729
46.0478711,11.1457287
46.0057105,11.2419328
46.008874,11.3063369
46.012303,11.2998432
46.011799,11.3003629
46.0115487,11.3007484
46.0498905,11.1241834
46.0566885,11.1201147
46.0599133,11.119264
46.0610908,11.1149201
46.0619448,11.1249113
46.0605363,11.1250596
46.0534822,11.1295088
46.0582332,11.1304557
46.0566272,11.1285739
46.0575615,11.1301979
46.0684041,11.1193181
46.068132,11.1212562
46.0682315,11.121445
46.0647175,11.1232132
46.0681496,11.1257241
46.0670372,11.127872
46.0677803,11.1223387
46.0638448,11.1236379
46.0678089,11.1226695
46.0680368,11.1240116
46.0682873,11.1254512
46.067807,11.1246263
46.0695602,11.1210933
46.0744905,11.1245527
46.0699111,11.1228894
46.0731534,11.1250526
46.0705317,11.1220171
46.073506,11.1222449
46.070514,11.1218931
46.0738872,11.1243735
46.0690051,11.124404
46.0713702,11.1238486
46.0724916,11.1236651
46.0666754,11.1294256
46.0624696,11.1319656
46.0625351,11.1305706
46.0656311,11.1549942
46.0766652,11.1194192
46.0768083,11.1187298
46.0769907,11.1235571
46.0754654,11.1240261
46.0830316,11.1205292
46.0877746,11.1179672
46.0895354,11.1169028
46.0885222,11.1211843
46.0902107,11.1168425
46.089406,11.1327069
46.076473,11.1419308
46.0888482,11.1837719
46.0854364,11.2150509
46.1227837,11.1168449
46.1322394,11.1349108
46.1452533,11.2190379
46.0613216,11.2384465
46.0600202,11.2387576
46.0585406,11.2370195
46.0612521,11.2382808
46.0698259,11.2221213
46.0628899,11.2428111
46.0676324,11.2394875
46.0996773,11.2360509
46.130743,11.2450236
46.1335919,11.2481673
46.1079262,11.3021339
46.1110315,11.3184274
45.7372606,11.3890916
45.7359127,11.3885498
45.7870172,11.4216833
45.7449704,11.4590213
45.762007,11.4316166
45.761434,11.4313097
45.7641905,11.4620019
45.750797,11.5226563
45.8389169,11.4318249
45.8747137,11.5078833
45.8758717,11.5078495
45.8751272,11.508825999999999
45.8754857,11.5094989
45.8747036,11.5094298
45.8747379,11.5081839
45.874335,11.51116
45.7401246,11.626627
45.7915342,11.5945837
45.7994127,11.6059356
45.746177,11.6549348
45.7457557,11.658421
45.7457104,11.6555906
45.7453217,11.6549565
45.7444299,11.6558057
45.745826,11.6547765
45.7486422,11.666426
45.7484358,11.6655695
45.7598195,11.7076064
45.753199,11.7409878
45.7536082,11.7414451
45.7533571,11.7402483
45.7654421,11.7271058
45.7664632,11.7333293
45.7646965,11.7331662
45.7630008,11.73224
45.7638421,11.7325005
45.7667234,11.7326016
45.7662155,11.7361839
45.7654013,11.7356619
45.7646834,11.7333532
45.7670204,11.7350816
45.7652627,11.7389243
45.7684886,11.7347698
45.7690744,11.7421832
45.7715462,11.7434309
45.7688514,11.740749
45.7833793,11.7215523
45.8173979,11.7174164
45.8963103,11.6309044
45.8603309,11.6581181
46.0404801,11.4648569
46.0537567,11.4552555
46.0533578,11.4543381
46.0728189,11.4499527
46.0519512,11.4562035
46.0535707,11.4577429
46.052916,11.4623698
46.0563643,11.4650711
46.0524149,11.4946095
46.0686486,11.5109055
46.0665578,11.5232899
46.0817092,11.5222402
46.0439735,11.5524397
46.0164399,11.6334645
46.06302,11.633625200000001
46.1659408,11.0029609
46.1842808,11.0294815
46.1775456,11.069003
46.1791179,11.0700636
46.1663303,11.1096179
46.2186318,11.0484653
46.2370836,11.0308332
46.2116981,11.0904741
46.2125285,11.0924114
46.2115437,11.0935443
46.212953,11.0908972
46.2128653,11.0890783
46.3502976,10.9103555
46.3531978,10.9128893
46.3521905,10.9134507
46.3529054,10.9137528
46.2746848,11.0482898
46.2748219,11.049164
46.2996385,11.0309058
46.2943525,11.0713792
46.2892011,11.0932271
46.3273617,11.0234969
46.3148874,11.0472661
46.3205954,11.0666178
46.3206716,11.065894
46.3210096,11.0953558
46.3490842,11.0906815
46.1564188,11.1531225
46.1605598,11.1879671
46.2154445,11.117601
46.2491058,11.1710146
46.2402938,11.2107064
46.174513,11.2201027
46.1751823,11.2217316
46.1750344,11.2213755
46.1872844,11.2584176
46.2215114,11.2939534
46.2869548,11.2091621
46.3367809,11.1155108
46.2716996,11.2397416
46.313189,11.2228702
46.3144917,11.2720459
46.3408712,11.2395006
46.3403093,11.2414425
46.3132009,11.2729099
46.3312262,11.3030017
46.3478885,11.2979338
46.3481864,11.29864
46.348618,11.2990026
46.4108022,10.9689232
46.3670264,11.0358297
46.3654307,11.0331903
46.3650172,11.0362253
46.3650099,11.0354125
46.365893,11.0336463
46.3646595,11.0347402
46.3649637,11.0349562
46.3640153,11.0339491
46.3648128,11.0335164
46.363977,11.0357217
46.3651031,11.0356492
46.5107449,10.9239892
46.4090705,11.1376544
46.4377176,11.1370785
46.4374327,11.1367799
46.4133667,11.2455054
46.4130625,11.2467228
46.4130838,11.2463569
46.415747,11.247589
46.4032416,11.3187372
46.4046153,11.3195317
46.4170992,11.2501089
46.4198548,11.2514669
46.4551055,11.2590667
46.4553382,11.2600443
46.4577531,11.2593688
46.4624783,11.2798248
46.4782932,11.1380175
46.5431754,11.2030096
46.5527118,11.1792347
46.5640599,11.1692116
46.4717722,11.2618753
46.5190327,11.2333565
46.4788152,11.2817005
46.4849122,11.3197946
46.4887646,11.3168728
46.5100874,11.2735805
46.5294893,11.2498219
46.5296111,11.2480955
46.5590519,11.2237229
46.2497764,11.3435251
46.2628415,11.3390191
46.277645,11.366089
46.2728226,11.4166247
46.3220909,11.3487562
46.3217768,11.3491895
46.3301346,11.3744026
46.29253,11.4401333
46.3009242,11.447823
46.2899012,11.4616854
46.2909943,11.4612602
46.2905135,11.4636299
46.2916986,11.4598866
46.2914803,11.4599515
46.2916986,11.4598866
46.2914603,11.4600141
46.2924884,11.4584296
46.3037098,11.4561894
46.2834875,11.4859968
46.2888363,11.5103635
46.1977111,11.6778142
46.1558023,11.7323794
46.2854007,11.5414204
46.3038032,11.5933531
46.3107787,11.6023108
46.3139814,11.599287
46.3682872,11.3539916
46.4134524,11.4270027
46.414291,11.4255675
46.4270848,11.3373949
46.4266038,11.336914
46.426151,11.336406
46.4228199,11.3322986
46.4386744,11.3448845
46.4617238,11.3336834
46.4134302,11.430062
46.4670378,11.5272804
46.4697353,11.3295126
46.4711626,11.3308176
46.4750227,11.3261911
46.480919,11.3270758
46.4810601,11.3406451
46.4920678,11.3263743
46.4932168,11.3263641
46.4927717,11.3330637
46.489781,11.3319361
46.492738,11.3326392
46.4842497,11.3439929
46.4873089,11.3460802
46.487854,11.3465019
46.4919907,11.3410713
46.491471,11.3418925
46.4925582,11.3415638
46.4952605,11.3322351
46.5020158,11.3353711
46.5022635,11.3374459
46.5030326,11.3340373
46.4986442,11.3380644
46.4955008,11.3394677
46.500523,11.341406
46.5001794,11.3491184
46.4993008,11.3490594
46.50148,11.3403712
46.4985128,11.3531841
46.4987057,11.3549066
46.4979706,11.3552821
46.4985201,11.3572991
46.4996604,11.3527243
46.4984354,11.3552201
46.4985276,11.3552223
46.4989879,11.3518078
46.4976202,11.3553722
46.499283,11.355433
46.4955896,11.3553134
46.4996019,11.359216
46.5002662,11.3605476
46.5054214,11.3541748
46.4970672,11.3673853
46.4920849,11.3994296
46.5356483,11.330842
46.5283765,11.4061883
46.4846672,11.4554035
46.4950528,11.4479449
46.5121735,11.4432033
46.5171062,11.5023332
46.5185376,11.5044696
46.5368067,11.4638819
46.5378622,11.4653569
46.5371386,11.4635832
46.3767754,11.6590596
46.3765897,11.6620696
46.3955827,11.6673039
46.4197493,11.6715905
46.4203995,11.6741016
46.4201207,11.6755237
46.4282253,11.6841825
46.4264456,11.6827962
46.430548,11.6866898
46.5443507,11.5604737
46.5448813,11.5620546
46.5443863,11.5605904
46.5672273,11.5603697
46.5668223,11.5604073
46.572691,11.6734813
46.5582632,11.720741
44.9615853,11.7542725
44.9831085,11.885848
45.0486699,11.7866283
45.0403672,11.821092
45.0639669,11.7943544
45.0743019,11.7772588
45.0713726,11.7877849
45.0712324,11.7872967
45.0701979,11.7898694
45.0721274,11.7866483
45.0686434,11.7901736
45.0700806,11.7900942
45.0678434,11.79262
45.070101,11.7899908
45.0704368,11.790268
45.0697582,11.7906126
45.0755276,11.7872653
45.0728766,11.785609
45.0768542,11.798293899999999
45.0213209,11.9136519
44.9925188,11.9675255
44.9882513,12.0314409
44.9456244,12.1218245
45.052906,12.0567987
45.0565955,12.0562124
45.0557742,12.0569707
45.0537183,12.0554794
45.1975712,11.7904918
45.2093926,11.8329616
45.2322889,11.7543313
45.2393081,11.7498018
45.2118876,11.832425
45.210168,11.8336342
45.2886545,11.7851186
45.2898038,11.7799834
45.2911762,11.8204581
45.2902853,11.8206936
45.2919567,11.8217769
45.2322293,11.8727627
45.2317459,11.8747116
45.2322403,11.8732314
45.2319162,11.8733636
45.2674801,11.8611512
45.2672188,11.8621881
45.270649,11.9353164
45.135669,12.0846961
45.136248,12.0835572
45.2474751,12.0251887
45.249288,12.0226166
45.2996288,11.99236
45.300069,11.9923124
45.2960969,12.0359681
44.9210212,12.2298353
44.922146,12.2289115
44.946308,12.3325255
45.0198861,12.2177217
45.0755747,12.247151
45.0740947,12.2465888
44.9660433,12.4819232
45.2020213,12.2774172
45.2040617,12.2943575
45.1981727,12.2983379
45.2165457,12.2761831
45.2209497,12.2796031
45.2174572,12.2776666
45.2188474,12.2782545
45.2150242,12.2932023
45.2150539,12.2917703
45.2151518,12.2920826
45.2179609,12.282204
45.2163729,12.2946
45.2722967,12.3018514
45.2759156,12.3012164
45.3103543,12.313852
45.3299004,11.7885596
45.3523102,11.7806113
45.3495434,11.7821416
45.3242614,11.8124884
45.3921312,11.7807903
45.3958599,11.7812885
45.3900858,11.8034272
45.3704523,11.8409508
45.3694386,11.8368555
45.4089453,11.8222592
45.3458449,11.8674186
45.3444876,11.8680489
45.3518614,11.8684787
45.3549889,11.8687405
45.3542034,11.8689817
45.3586878,11.8698315
45.3584788,11.8934857
45.3156764,11.9137359
45.361436,11.9390883
45.3635789,11.9370559
45.3903837,11.8696876
45.3803734,11.8847253
45.389700499999996,11.8800749
45.3878988,11.8804705
45.3910176,11.8931259
45.3953095,11.8630899
45.3958913,11.8621574
45.3976207,11.8726667
45.4065348,11.872671800000001
45.411878,11.8657552
45.4091368,11.8743781
45.409876,11.868843
45.4091681,11.8725595
45.4091183,11.8750479
45.4096563,11.871584
45.4096833,11.8704572
45.4095799,11.870683
45.4072078,11.872758
45.4091613,11.8734513
45.4091102,11.8747985
45.4096337,11.8692204
45.3993098,11.8866805
45.4055007,11.8763514
45.4045174,11.8769473
45.4048342,11.8767364
45.4021868,11.8819266
45.3944241,11.88976
45.3944793,11.8901934
45.4078556,11.8775461
45.4096989,11.8775378
45.4100643,11.8779415
45.4108882,11.8783996
45.4130577,11.8770666
45.4114277,11.876176
45.4121489,11.8772961
45.4117109,11.8765131
45.4097347,11.8758182
45.4105335,11.8782998
45.4123209,11.8774653
45.4080882,11.878171
45.41004,11.8755234
45.411632,11.8768041
45.4100956,11.8791121
45.4123754,11.8830367
45.4077026,11.8857079
45.4159531,11.8782438
45.4162849,11.87699
45.4163732,11.880961
45.4166279,11.8793306
45.4138519,11.884652
45.4140268,11.883236
45.4132061,11.8834618
45.4135863,11.8882142
45.414652,11.8863096
45.4131406,11.8890829
45.4122073,11.8932272
45.4106868,11.9010271
45.413517,11.892683
45.3782941,11.9036668
45.3700937,11.921232
45.3704886,11.9215164
45.3676322,11.9266495
45.3920502,11.9450941
45.4091281,11.9038665
45.4083745,11.911164
45.4096698,11.9156986
45.4122103,11.9154506
45.4105725,11.9269856
45.4164423,11.919547
45.4160539,11.9200024
45.4017684,11.9401498
45.4006408,11.9450254
45.4008486,11.946195
45.414463,11.951858
45.4434473,11.7529977
45.438823,11.7637939
45.440746,11.7623468
45.4420116,11.7597323
45.4269953,11.7872377
45.4217162,11.8115946
45.4214471,11.8115323
45.4236086,11.853232
45.4209618,11.8813834
45.4231508,11.8835704
45.4221201,11.8826172
45.4443358,11.8931818
45.4547988,11.8808365
45.4253503,11.9474494
45.5143353,11.8566164
45.4780259,11.9254373
45.4784987,11.9274348
45.500639,11.9069412
45.5029351,11.9072235
45.5015208,11.9067422
45.3218133,11.9989758
45.3294669,12.047187600000001
45.3450582,12.0084905
45.384508,11.9662179
45.3874256,12.005926
45.3857916,12.006669
45.3850373,12.049764
45.3536049,12.09664
45.3538739,12.0961606
45.3823823,12.0726033
45.3825522,12.0766414
45.3687919,12.0940519
45.4281364,11.9548698
45.4288918,11.9613358
45.4432154,11.981733
45.4587592,11.993805
45.4385137,12.0493365
45.4794249,12.0296511
45.5139025,12.055643
45.4226985,12.0748316
45.4250188,12.0762189
45.424836,12.0750853
45.4280416,12.0747483
45.4289072,12.0744587
45.4398269,12.0752874
45.4408122,12.0741893
45.4919744,12.1036906
45.4927239,12.1092553
45.521415,12.103909
45.5214106,12.1066207
45.5214021,12.1074517
45.4907485,12.1126692
45.4918537,12.1128733
45.4934025,12.1615138
45.4922976,12.1625888
45.492714,12.1624279
45.5235362,12.1552147
45.5413696,11.7868677
45.5416723,11.7862208
45.5420841,11.7864017
45.5423948,11.7865827
45.5471694,11.8117504
45.5492289,11.8413949
45.5877216,11.8063572
45.5424693,11.8755637
45.5407299,11.9095462
45.5412934,11.9123458
45.5618937,11.9069686
45.5686195,11.9322805
45.5712883,11.9326741
45.5709959,11.9328082
45.5714227,11.9322997
45.5713014,11.9317532
45.6156091,11.8530356
45.5942591,11.945541
45.6358987,11.7548678
45.6362156,11.7548279
45.6378482,11.7544966
45.6483702,11.7769144
45.6519939,11.7827135
45.6541773,11.7823957
45.6490505,11.7850519
45.6500895,11.7834664
45.6824103,11.7735082
45.6847287,11.7728572
45.7209215,11.7636817
45.722232,11.7633046
45.7267605,11.762384
45.7243051,11.7625664
45.7238969,11.7643493
45.7287739,11.7613868
45.7026063,11.8007916
45.7040599,11.7999173
45.7045549,11.8014651
45.7052821,11.8012865
45.705876,11.8072394
45.7327974,11.7979143
45.7332876,11.8353417
45.6500165,11.8542617
45.6509114,11.8571984
45.6490579,11.8981571
45.6696408,11.9199546
45.6744632,11.9264316
45.6723144,11.9230163
45.6714307,11.9231064
45.673386,11.9263483
45.6750016,11.9271157
45.6763501,11.9267227
45.6762128,11.9264284
45.6754434,11.92669
45.6759546,11.9265389
45.6719162,11.928374
45.6716637,11.9284897
45.6727262,11.9434407
45.6728349,11.9407359
45.672602500000004,11.9476084
45.6913916,11.8820606
45.6913685,11.8819017
45.7146492,11.868582
45.727126,11.8656633
45.7286716,11.8657214
45.7298203,11.8639623
45.7045468,11.9306335
45.7284407,11.9169743
45.7304167,11.9145258
45.7282568,11.9170184
45.7288838,11.9160336
45.6075117,11.9985388
45.6077172,11.9935702
45.5914791,12.0515256
45.5468987,12.1540954
45.5454617,12.1547487
45.5462127,12.162911
45.568398,12.1127072
45.5889649,12.1098689
45.6350268,11.9548559
45.7107039,11.9864773
45.6864679,12.0168244
45.6863526,12.0180222
45.6302666,12.0838641
45.6788903,12.1028726
45.6407163,12.1336335
45.6728531,12.1540772
45.6768044,12.1570331
45.6771211,12.1571969
45.6839797,12.1238825
45.7253666,12.1174432
45.3980286,12.3592
45.4166224,12.3682008
45.4159581,12.3705313
45.4166113,12.3705467
45.4513023,12.1702178
45.4850464,12.1834295
45.4909315,12.1662336
45.4898877,12.1699093
45.4906548,12.1676389
45.4900523,12.1684089
45.4899929,12.1681266
45.4898725,12.1693902
45.4846132,12.1969135
45.4850995,12.208516
45.4756189,12.2241864
45.4748583,12.2249945
45.4836935,12.2411634
45.4914279,12.2376418
45.4873317,12.2387274
45.4875912,12.2399326
45.4931739,12.236972
45.4931009,12.2373437
45.4918536,12.2420465
45.4817557,12.2475162
45.4880614,12.2428173
45.4883158,12.2434324
45.4908898,12.2464234
45.4912281,12.2431367
45.4936923,12.2424521
45.4948465,12.2424248
45.5035308,12.2568217
45.4393097,12.3181059
45.4388995,12.3184738
45.4260415,12.3278637
45.4296982,12.3258258
45.4297815,12.3254668
45.4310425,12.328732
45.4354517,12.3249224
45.4415517,12.3227412
45.4407242,12.3226884
45.4437885,12.3271499
45.4418832,12.3328462
45.4414619,12.333502
45.4374727,12.336781
45.4351747,12.3341842
45.4390108,12.3345948
45.4378712,12.3370636
45.4356649,12.3356949
45.4361721,12.3349883
45.4357497,12.3346048
45.4384201,12.3389216
45.4346269,12.3365334
45.440852,12.3347856
45.4407171,12.3363835
45.4317122,12.3517665
45.454678,12.3527608
45.5047051,12.2813485
45.5043914,12.2821532
45.4533302,12.4542945
45.4537846,12.4542394
45.453562,12.4563796
45.4847754,12.4179532
45.4707083,12.5422172
45.478143,12.5491862
45.4823747,12.5521535
45.5619034,12.1870506
45.5604604,12.2350739
45.5604386,12.2345339
45.5629602,12.2347993
45.562631,12.2347735
45.5607973,12.23516
45.5612425,12.2360179
45.5601431,12.2359694
45.5604425,12.2359949
45.5613092,12.2367519
45.5611879,12.2366849
45.5647697,12.2355713
45.5577463,12.2460455
45.6008019,12.1658693
45.6011599,12.1653201
45.601606,12.1648223
45.6012444,12.2352086
45.6037259,12.2352645
45.603429,12.2352031
45.6062248,12.2355442
45.6045999,12.2360221
45.6254797,12.2284506
45.5545248,12.2938356
45.5545291,12.2982494
45.5953456,12.3257161
45.5959855,12.3266041
45.5939831,12.327337
45.5975451,12.3250756
45.5971778,12.3257158
45.5808983,12.3705271
45.6442113,12.165568
45.6435306,12.1638554
45.6461778,12.1693576
45.6463792,12.169678
45.6719583,12.1666094
45.671531,12.1701928
45.6442413,12.2405559
45.6532365,12.2423625
45.6546985,12.2437897
45.6665158,12.2281299
45.6661048,12.2274865
45.6667254,12.2301688
45.6667649,12.2342971
45.6815086,12.2414101
45.6621799,12.2522322
45.6637947,12.2427732
45.665985,12.2479151
45.6656096,12.2437126
45.6653811,12.2458869
45.6672692,12.2426071
45.665891,12.2477744
45.6674388,12.242311
45.665227,12.2465807
45.6661419,12.2486052
45.6668846,12.2454509
45.665168,12.2469987
45.6653774,12.2455794
45.6657166,12.2473625
45.6661862,12.2457453
45.6665398,12.2454888
45.6643392,12.2457744
45.6643731,12.2479343
45.6640131,12.2452926
45.6675865,12.2425387
45.6687179,12.2508676
45.6660748,12.248764
45.6679176,12.2506962
45.6625966,12.2526762
45.665913,12.2563249
45.6638775,12.2634774
45.6702825,12.2480592
45.6691521,12.2487942
45.6689629,12.2547619
45.6806175,12.2520195
45.6771461,12.2505355
45.6855589,12.25486
45.683607,12.2532551
45.6849192,12.2531804
45.6823253,12.2524789
45.6955497,12.2496911
45.7046285,12.2600279
45.7104673,12.222638
45.7111427,12.259535
45.7116259,12.2577947
45.7138154,12.2580626
45.7335523,12.2652799
45.6530621,12.2943929
45.6531114,12.2952494
45.6537122,12.2983368
45.6534085,12.2969079
45.6610605,12.293518
45.6739223,12.3324008
45.6714724,12.3279183
45.7198074,12.3316663
45.5595301,12.4340048
45.6204646,12.4528096
45.6278781,12.5639012
45.6291081,12.565105
45.6284428,12.5644552
45.6281638,12.566327
45.6517701,12.4275246
45.6839149,12.3745778
45.7154346,12.4633104
45.7158031,12.4647719
45.7164816,12.463998
45.6461876,12.513333
45.6448343,12.51249
45.6784466,12.4929494
45.6613124,12.529156
45.6612876,12.5297931
45.6447546,12.5503113
45.6303266,12.5622594
45.6300599,12.565462
45.6331077,12.5655785
45.6304793,12.5681947
45.6296728,12.5676543
45.6304598,12.572231
45.6307402,12.5827556
45.7040379,12.4925876
45.7023747,12.4980345
45.4970935,12.618711
45.5015144,12.6331575
45.5017627,12.6332187
45.5029759,12.6345452
45.5022855,12.6328589
45.5033906,12.6348295
45.5041118,12.6372993
45.5038049,12.6359041
45.5054277,12.6406638
45.5050058,12.639685
45.5063736,12.6408154
45.5092692,12.6510621
45.5148959,12.671103
45.5154895,12.6765329
45.5364375,12.6406583
45.5366728,12.6400402
45.5363473,12.6425868
45.5753105,12.6737622
45.5750786,12.6727569
45.5751362,12.6733352
45.5950979,12.6072747
45.5269889,12.7143732
45.6399973,12.5905402
45.7283392,12.5841764
45.687533,12.6385002
45.6869265,12.6374849
45.7313114,12.6802182
45.7297181,12.681153
45.6905193,12.7101854
45.598016,12.8858259
45.6018797,12.8889666
45.599718,12.885596
45.5979518,12.8869499
45.6018925,12.8874487
45.6007179,12.8880266
45.602139,12.8887675
45.65271,12.7981713
45.7331859,12.9559316
45.6354366,13.06134
45.6355686,13.0677652
45.6419504,13.0609215
45.6371108,13.0607225
45.6410439,13.0608712
45.6388545,13.0610691
45.6366016,13.0600969
45.6401633,13.0615367
45.7180109,13.0131335
45.7218904,13.0420813
45.6675397,13.1074693
45.6666859,13.108376
45.6878048,13.1298002
45.6901968,13.1443307
45.689476,13.142797
45.6908813,13.1444143
45.6912984,13.1433591
45.6912338,13.1446793
45.6906353,13.1413843
45.6763046,13.3844683
45.6764177,13.388092
45.677467300000004,13.3831739
45.6780482,13.3859059
45.679567,13.3877338
45.6768751,13.3857277
45.7516434,11.7470006
45.7492435,11.7497941
45.7587825,11.7479074
45.7583608,11.7509385
45.7697288,11.7505281
45.7710417,11.7534803
45.7701403,11.7519142
45.7718146,11.7608701
45.7717936,11.7587207
45.7687298,11.7590334
45.7713925,11.7593867
45.7760268,11.750735
45.7687684,11.7728914
45.7734048,11.7721939
45.7744136,11.770427
45.7532264,11.8092314
45.7793822,11.8044248
45.7787023,11.8049775
45.7779212,11.8056088
45.7789255,11.8381787
45.7924491,11.7559691
45.8067883,11.775966
45.8209569,11.7990531
45.8289717,11.8401089
45.8268014,11.8393453
45.7840073,11.8684643
45.7845901,11.8695779
45.7542131,11.9105223
45.8280965,11.8583679
45.8321245,11.883478
45.7895733,11.9167291
45.7894735,11.9207717
45.7891251,11.9146447
45.7884046,11.9144852
45.802768,11.9131642
45.7961435,11.9431695
45.8304494,11.9209016
45.8534934,11.8789056
45.8529972,11.8779818
45.8608339,11.8969763
45.860147,11.8956543
45.7853225,12.0021341
45.7855828,12.0005598
45.7845968,12.0018385
45.7765024,12.0317666
45.7698381,12.0431839
45.7760898,12.0330867
45.7759785,12.0366753
45.7761811,12.0444534
45.7756502,12.0445207
45.7751889,12.0414219
45.7756832,12.0451819
45.775527,12.0447316
45.7771605,12.0454312
45.7749235,12.0422429
45.7764643,12.0456504
45.7756127,12.0464116
45.776199,12.0464277
45.775157,12.0473159
45.7771247,12.0487174
45.7771814,12.0457815
45.8034431,11.9613554
45.8092383,11.9751107
45.7877811,11.9961143
45.829702,12.0060859
45.8305347,12.0052754
45.8246743,12.0347553
45.829744,12.0340479
45.7370152,12.0673087
45.742574,12.0899443
45.7559178,12.0947926
45.7506812,12.1052675
45.7787641,12.1224022
45.7782969,12.1203313
45.8779922,11.9538642
45.8615754,12.0388048
45.8686093,12.0122824
45.9162828,11.9544372
45.8990734,11.9943836
45.9014902,11.995144
45.9010769,11.9952945
45.901918,11.9967573
45.898364,11.993868
45.872896,12.1319227
46.0465413,11.7489558
46.0173476,11.8004903
46.0173755,11.7988516
46.0175809,11.8000248
46.0080228,11.832176
46.0153082,11.9003644
46.0178573,11.8996109
46.0158173,11.9025204
46.015321900000004,11.9060222
46.0166249,11.9064149
46.016436,11.9049393
46.0187417,11.9044998
46.0580652,11.7873489
46.1509915,11.7969551
45.9519912,12.1190592
45.9661413,12.1420599
46.042814,12.0636982
46.0863906,11.9873126
46.0851157,12.0444618
46.0820988,12.040155
46.0976162,12.0867358
46.0742271,12.1337601
46.0755879,12.1341353
46.1046091,12.0932685
46.1109255,12.0977593
46.1113147,12.097613
46.1094256,12.0967355
45.7599154,12.2047933
45.7865331,12.1765329
45.7407731,12.2329772
45.7852704,12.2195797
45.7796741,12.2583103
45.7808422,12.2596559
45.8253858,12.254418
45.826079,12.2546787
45.7516099,12.3160462
45.7520204,12.3153385
45.78818,12.3615463
45.7877835,12.3624656
45.8605991,12.1680804
45.8606103,12.171291
45.8507825,12.2503944
45.8510524,12.2509891
45.8515654,12.2522334
45.9007249,12.1746156
45.9001702,12.1734804
45.8997556,12.172749
45.8999153,12.1730804
45.8993224,12.1724358
45.9251586,12.2074172
45.8435278,12.2864884
45.8501962,12.3099043
45.8694811,12.2712275
45.8798012,12.2939295
45.8826391,12.2931284
45.8844282,12.294171
45.8850419,12.2982958
45.8846775,12.2978177
45.8804596,12.2991953
45.8843423,12.3042675
45.8865756,12.2978307
45.8882086,12.299784
45.8876569,12.2994496
45.8858292,12.2970102
45.8872323,12.302027
45.8427144,12.3485446
45.8442536,12.3475356
45.8409425,12.3531242
45.8924842,12.3111677
45.8918877,12.3330131
45.8941573,12.3335595
45.8920154,12.3369028
45.780635,12.4931844
45.782439,12.4938984
45.736341,12.5490743
45.8202724,12.5347379
45.8196149,12.534309
45.8701838,12.3739663
45.8699234,12.4297799
45.9085463,12.3908106
45.9296213,12.3982758
45.9346547,12.4188287
45.9326173,12.4190546
45.9500154,12.2369801
45.9745664,12.2308198
45.9785713,12.2301757
45.9998073,12.2559229
45.9870014,12.2966159
45.963088,12.324164
45.9697197,12.3615879
46.0990227,12.1800428
46.099524,12.1856034
46.1386369,12.2150682
46.1398187,12.2158206
46.1383258,12.2155551
46.1406924,12.2137575
46.1259621,12.2314894
46.1397021,12.2160253
46.1390461,12.2164018
46.1405688,12.217531
46.1399749,12.2172627
46.1391018,12.2165505
46.1401485,12.216546
46.1465446,12.2236584
46.1466725,12.2238909
46.1484445,12.218045
46.1231056,12.3561864
46.1241856,12.354317
46.1414984,12.3612956
45.9682281,12.4484564
45.9685253,12.4499882
45.9491298,12.4995934
45.95376,12.4963
45.9530016,12.4952684
45.95427,12.50328
45.953,12.50079
45.95161,12.49875
45.9544061,12.5030783
45.9491721,12.5068701
45.9483756,12.5045753
45.9895222,12.54747
45.9740895,12.5673585
45.9716621,12.5718067
46.1545646,11.8064736
46.1762742,11.828655
46.1754257,11.8280206
46.1752557,11.8320173
46.182117,11.8411426
46.2623823,11.8023889
46.3586534,11.8730626
46.3577314,11.8725554
46.282578,12.0347873
46.2813067,12.0355439
46.3506408,11.9670506
46.4774729,11.7693431
46.4775365,11.7691294
46.4758438,11.7719235
46.4751004,11.7727079
46.5555398,11.7567908
46.5521727,11.7633119
46.554063,11.7598935
46.4986493,11.8758593
46.55283,11.8551149
46.5518856,11.8737557
46.5472871,11.8750356
46.5715903,11.9307636
46.4061001,12.0208407
46.3928025,12.1025963
46.3877976,12.1139445
46.5394634,12.1334491
46.5365867,12.1394653
46.5369032,12.1378962
46.5373654,12.1374101
46.1541505,12.2325842
46.1775118,12.2836049
46.180317,12.2789962
46.1804962,12.2775192
46.180498299999996,12.2810484
46.1800848,12.2823962
46.3462428,12.1751412
46.2675947,12.300232
46.2656028,12.3002814
46.2663059,12.2996558
46.2665938,12.3001358
46.2683277,12.3000189
46.2785032,12.3728401
46.2679509,12.5166026
46.4595384,12.2050231
46.4629803,12.204834
46.4241758,12.36071
46.4291261,12.3744826
46.4467327,12.387802
46.460294,12.4164501
46.4605743,12.416916
46.4999069,12.4712879
46.5502181,12.4446036
46.557539,12.5492861
46.5567855,12.5493491
45.7750176,12.5978006
45.7743825,12.6101882
45.7745382,12.6116349
45.7747727,12.6111098
45.7944065,12.6824981
45.7941716,12.6830649
45.7955245,12.683334
45.8173089,12.6925996
45.8492369,12.6261608
45.8500769,12.6272572
45.8508299,12.6291153
45.8752263,12.6129183
45.8911218,12.6716228
45.8914005,12.6753378
45.8937785,12.5973212
45.8940157,12.5977858
45.8954289,12.6003999
45.8812999,12.7113109
45.8808758,12.7116178
45.8803879,12.7133378
45.882575,12.7135128
45.8811283,12.714341
45.8819479,12.7140756
45.8610531,12.7513154
45.9303143,12.7296421
45.9281431,12.7317788
45.9276106,12.7322298
45.7568406,12.8430898
45.7553842,12.8441781
45.7550876,12.8443813
45.755862,12.8441458
45.7692168,12.8356199
45.772312,12.8381177
45.7725915,12.8391925
45.7732862,12.8404495
45.7750339,12.8376951
45.7754417,12.8370392
45.7768675,12.8382359
45.7759507,12.8382426
45.7740154,12.841959
45.773678,12.8411535
45.7742185,12.8392111
45.773893,12.8396585
45.7742285,12.8419978
45.7752599,12.8468119
45.7747853,12.8471301
45.829956,12.8380214
45.8150475,12.8822826
45.778887,12.9037167
45.7693072,12.994857
45.776918,12.9940885
45.777578,12.9940993
45.7781446,12.9953052
45.7776213,12.994924899999999
45.7769689,12.9978499
45.7786114,12.9962273
45.7783845,12.9958209
45.7810791,12.9945889
45.8446786,12.81448
45.8481969,12.8815465
45.847308,12.8805188
45.8483769,12.8819334
45.8681264,12.8603158
45.8676941,12.860125
45.9421239,12.8372779
45.895726,12.8518841
45.9150366,12.8564809
45.9152274,12.8564239
45.9149889,12.856831
45.9127739,12.8560837
45.91486,12.8541224
45.9177838,12.8582657
45.9177334,12.8656581
45.9157077,12.874893
45.9194408,12.8676483
45.9184156,12.8670058
45.8579194,12.9289871
45.8586891,12.9298167
45.8591606,12.9293273
45.8595373,12.9310766
45.8870436,12.9887025
45.9587482,12.6145483
45.9589505,12.6141621
45.9646274,12.6471032
45.9586296,12.6545998
45.9625743,12.6549521
45.9584748,12.6595389
45.9613114,12.6560939
45.9620404,12.6553961
45.9620472,12.6571593
45.9578593,12.6572871
45.9589209,12.6596167
45.9574792,12.6576441
45.9628342,12.6604387
45.9580502,12.6576327
45.9598894,12.6606435
45.9580074,12.6597809
45.964457,12.6538792
45.9568921,12.6622501
45.9615475,12.6618552
45.9586786,12.6630088
45.9609142,12.6627001
45.9691048,12.6807449
45.9715255,12.6502495
46.0090471,12.6203703
46.008677,12.6195177
46.0100433,12.6201069
46.036248,12.6786995
46.0362382,12.6790041
46.0363371,12.6793259
45.9892671,12.7070988
45.9873024,12.7055417
45.9887373,12.707968
45.9666155,12.7702297
45.9657476,12.7708748
46.0678096,12.5879746
46.0698635,12.5862879
46.07783,12.7754061
46.145448,12.7908942
45.955579,12.8444403
45.956427,12.842235
45.9559882,12.8424179
45.9551976,12.8422546
46.0401244,12.8294376
45.9979448,12.8548976
46.045679,12.8671593
45.9606062,12.9826235
45.9595145,12.9763209
45.9606667,12.9769032
45.9616054,12.977131
45.9616654,12.9767015
45.962458,12.9769489
46.0141757,12.9758931
46.0137435,12.9763623
46.0138998,12.9767015
46.0141176,12.9772159
46.058658,12.9834386
46.0852607,12.9891031
46.1114122,12.9015942
46.1112958,12.9019647
46.1095726,12.8999918
46.1121268,12.8996998
46.1109811,12.8986661
46.1162281,12.899395
46.1199736,12.9609722
45.8050071,13.0781428
45.7633062,13.166389
45.763271,13.1672528
45.8162827,13.1246843
45.8157152,13.1208575
45.8023645,13.1882612
45.8019427,13.1884234
45.83235,13.208752
45.8329645,13.2090589
45.8761391,13.0409781
45.87404,13.0414198
45.8733884,13.0418417
45.8549453,13.0565238
45.9345091,13.0940323
45.9083705,13.1832473
45.9439552,13.1721259
45.8241675,13.277498
45.8236881,13.2753085
45.7682208,13.3688874
45.8012296,13.3455094
45.8221218,13.3325208
45.8216523,13.3333667
45.8226663,13.3361165
45.8225344,13.3334158
45.823496,13.3337435
45.8236447,13.3351325
45.8222875,13.3330813
45.8221094,13.3335643
45.8202538,13.3350527
45.8217363,13.3348511
45.7886781,13.4090315
45.7909045,13.410083
45.8603881,13.216027
45.8971525,13.2318276
45.8966131,13.2356018
45.8968982,13.2321284
45.9038744,13.3099165
45.9030272,13.3096334
45.9034723,13.3096682
45.9060564,13.3101159
45.9051569,13.3089252
45.9070671,13.3063399
45.906053,13.3103954
45.9060878,13.3117501
45.9336878,13.2881527
45.9086222,13.337238
45.9823262,13.0927514
45.9466006,13.1787282
45.9864857,13.194854
45.9865341,13.1957833
45.9866597,13.1985311
46.0157889,13.1077631
46.017048,13.1075431
46.0336255,13.1432467
46.0279208,13.2056379
46.0486857,13.1884518
46.0481989,13.1996974
46.05077,13.0411223
46.0513559,13.04923
46.0936596,13.064187
46.1515511,13.008256
46.1484786,13.0043668
46.1101696,13.0885762
46.0921999,13.1296501
46.0970103,13.1347476
46.0985253,13.1400164
46.0696425,13.1906752
46.0737849,13.2099272
46.0836385,13.20316
46.1197849,13.1230476
46.1016657,13.2115802
46.1245613,13.1873843
45.9778918,13.2758992
46.0315177,13.2515496
46.0306147,13.2531135
46.0195602,13.2922145
46.0334546,13.3061159
45.9751405,13.327662
45.9891426,13.3773081
45.9889279,13.3777306
45.9903826,13.3791502
45.9899268,13.3807719
45.9912528,13.3812426
45.9774868,13.3983209
45.9790883,13.3984458
45.978103,13.3963724
46.0133484,13.3314651
46.0133793,13.3309998
46.0152562,13.3323926
46.0598932,13.2288871
46.06046,13.2278241
46.0607291,13.2289881
46.0576002,13.2288271
46.0606679,13.2294298
46.0602695,13.2293312
46.0619052,13.2377929
46.0610592,13.232942
46.0597696,13.2373045
46.0592475,13.2358917
46.0619073,13.232298
46.0615162,13.2355067
46.0730646,13.2124592
46.0647136,13.2271372
46.0637154,13.2258226
46.0631916,13.236696
46.0633929,13.2364842
46.0620362,13.2374662
46.0627439,13.2377535
46.062786,13.2376585
46.0630058,13.23676
46.0635241,13.235097
46.0637561,13.232256
46.062818300000004,13.2359575
46.0623042,13.2363869
46.063948,13.234589
46.0640392,13.2345645
46.0638192,13.2341054
46.0631119,13.2364364
46.0634551,13.2361933
46.070245,13.2357249
46.07126,13.235186
46.0696516,13.2354326
46.069910900000004,13.2344766
46.0705427,13.2349554
46.0692514,13.2333852
46.0706316,13.2357349
46.0694697,13.2342715
46.072341,13.234539
46.0524506,13.2385076
46.0615904,13.2388138
46.0603365,13.2397321
46.0611216,13.2401922
46.0584443,13.2421708
46.0557697,13.2388428
46.0595463,13.2403803
46.0600731,13.2435807
46.0612742,13.2474506
46.0622402,13.2391808
46.0689199,13.2458738
46.0690629,13.2465708
46.078219,13.2348823
46.0792238,13.2343411
46.0832421,13.2338001
46.0868469,13.2330818
46.1008078,13.2145916
46.0930676,13.2288378
46.09729,13.2313281
46.0990518,13.2299557
46.095316,13.2316364
46.0955474,13.2330429
46.0957198,13.2332095
46.0747698,13.2721697
46.1086178,13.2326031
46.1440656,13.2218344
46.1492101,13.244068
46.1179527,13.2992398
46.118025,13.2994051
46.1183835,13.2999862
46.0855202,13.3231757
46.0597644,13.3941629
46.0644277,13.3969313
46.0917364,13.3808006
46.0923492,13.3763145
46.1524835,13.3436733
46.1574298,12.6604468
46.1604955,12.6618958
46.1631246,12.7067319
46.1705371,12.7071351
46.1703991,12.7058862
46.1704251,12.706259
46.1712869,12.707957
46.1718071,12.7075311
46.1725684,12.7087434
46.2169941,12.7837776
46.1625956,12.8914846
46.1778543,12.9787462
46.465667,12.7099106
46.5670534,12.6930636
46.4162601,12.7941327
46.4162889,12.7941053
46.4834844,12.8651454
46.4838086,12.8653724
46.5138842,12.867602
46.513886,12.9898669
46.1849784,13.0671846
46.184461,13.0682563
46.184067,13.0685437
46.2569883,13.0846674
46.2562329,13.083668
46.2556261,13.0829065
46.1627396,13.1358164
46.205942,13.1242156
46.1618045,13.2114727
46.1740479,13.1879735
46.1933189,13.1944986
46.2068166,13.1240941
46.2070934,13.1252299
46.2068039,13.1243683
46.2412573,13.1547186
46.231159,13.176407
46.2310896,13.1768095
46.2818355,13.0780817
46.2678757,13.1201971
46.2751717,13.1313407
46.2742378,13.1288746
46.2746151,13.1296065
46.2732341,13.1289974
46.2749398,13.1308384
46.2747813,13.1295592
46.2736038,13.1293721
46.2734645,13.1290174
46.2783728,13.1400588
46.3338292,13.1394599
46.1588878,13.2146484
46.1587577,13.2157374
46.159211,13.2152063
46.1587659,13.2148094
46.1607865,13.2155389
46.2001952,13.2662009
46.1875848,13.3062824
46.4055305,13.0147876
46.4061741,13.014573
46.4061919,13.0153147
46.4062064,13.014745
46.4107367,13.1956254
46.4098203,13.1947113
46.529476,13.016276
46.529974,13.017072
46.53022,13.017337
46.529793,13.017131
46.5305305,13.1167339
46.3732784,13.3054656
46.4082402,13.3097733
46.5054261,13.3049567
46.5052809,13.3044069
46.6443664,10.4633285
46.670356,10.5525884
46.6641309,10.5845488
46.616985,10.5918454
46.6289502,10.6478965
46.6781552,10.5308009
46.709828,10.5272767
46.7098031,10.5271642
46.6174816,10.6987334
46.6169721,10.6993593
46.62751,10.7732926
46.6267399,10.7722533
46.6286465,10.7766906
46.6178562,10.8592809
46.6176352,10.8596271
46.6178721,10.8603472
46.6284221,10.9020559
46.7218438,10.8603931
46.8285747,10.5191798
46.649618,11.001615
46.6501252,11.005417
46.6703369,11.0618248
46.7052367,10.9097235
46.6851318,11.074689
46.5892349,11.1471133
46.6063227,11.1628045
46.6104905,11.1653067
46.6163836,11.1450665
46.6167002,11.1445132
46.6130206,11.1567896
46.5844578,11.2015338
46.6324157,11.1452574
46.6303036,11.1668835
46.6553549,11.1403866
46.6595281,11.1654021
46.6648428,11.1610364
46.6771383,11.1480513
46.6684466,11.1632055
46.6705174,11.1638196
46.6704639,11.1641068
46.6448482,11.1799699
46.6694138,11.1744453
46.5872051,11.255394
46.6052148,11.2264318
46.6445719,11.2251042
46.6793181,11.1262063
46.6829194,11.1234402
46.6890741,11.1565948
46.6892866,11.1556255
46.6901029,11.1876027
46.6898748,11.1874096
46.701628,11.180564
46.783607,11.2281773
46.7837689,11.2273485
46.8123079,11.2461452
46.6429075,11.3569682
46.6433781,11.3564549
46.6656591,11.3645649
46.5983561,11.5315448
46.604884,11.5204181
46.6318125,11.5402749
46.6398199,11.5661491
46.639158,11.5633975
46.6390638,11.5651701
46.6695616,11.5491446
46.6684513,11.599104
46.6693488,11.5989341
46.6524846,11.620404
46.5745909,11.6463604
46.5740431,11.6470331
46.5740709,11.672894
46.5736431,11.6741118
46.5741272,11.6741416
46.6417441,11.6817887
46.7397372,11.6364338
46.6982769,11.6473749
46.6988917,11.6759865
46.708765,11.6613916
46.7092033,11.6614831
46.7074329,11.6616883
46.7101793,11.6619762
46.7171996,11.6564028
46.7172423,11.6569009
46.7170842,11.6552771
46.717027,11.6563561
46.7171683,11.6562163
46.72117,11.6526875
46.7181983,11.6542129
46.7378288,11.64012
46.7525191,11.6810762
46.7701912,11.6658651
46.8715276,11.4843343
46.8979438,11.431737
46.897851,11.4314945
46.8982378,11.4316352
46.8996841,11.4612346
46.9377452,11.4435538
46.9383374,11.4449165
46.8398863,11.6268808
46.7955018,11.6671908
46.7962592,11.667554
46.6085153,11.8943682
46.6102922,11.8934177
46.5848644,11.9045024
46.6575475,11.9250656
46.7458315,11.7608591
46.6997182,11.9303554
46.6977409,11.9313002
46.7767567,11.9512362
46.761781,12.0316903
46.7608176,12.0302487
46.7801432,12.0493089
46.7189559,12.1296916
46.8287821,11.775483
46.7963258,11.8368661
46.8059393,11.8359294
46.8065018,11.8359905
46.783141,11.9013366
46.7830515,11.9017981
46.7966139,11.9269303
46.795629,11.9401377
46.796193,11.9379703
46.7966503,11.9385465
46.7967208,11.936118
46.7965435,11.9378316
46.796678,11.9373447
46.8121231,11.9340844
46.8135754,11.9349837
46.8354936,11.9475377
46.8666076,11.9490792
46.8989403,11.943325
46.9201816,11.9517929
46.9186815,11.9511651
46.9190142,11.952365
46.9186928,11.9516159
46.9494517,11.921963
46.9785907,11.9382654
46.9802768,11.9406327
46.7914641,11.9832155
46.8596231,12.0997831
46.7382997,12.1685279
46.7353845,12.2225643
46.7335348,12.2235398
46.7015904,12.3503861
46.7003908,12.3510392
46.7324596,12.2813898
46.7330196,12.2812368
46.7322842,12.2828472
46.6014763,12.4793972
46.6016905,12.4786925
46.5995512,12.4919825
46.810948,12.226598
46.994638,11.9782983
46.9958014,11.9821734
43.2208777,13.4649612
43.2681439,13.4847351
43.2623866,13.4929477
43.2660195,13.4878505
43.2499976,13.5084046
43.2463002,13.5088718
43.2505922,13.5123144
43.2880784,13.4344547
43.2930378,13.436997
43.2993175,13.4391841
43.3005226,13.4399754
43.3014501,13.4451629
43.3207721,13.4268889
43.3220654,13.4271759
43.2991665,13.4520362
43.2974603,13.4536639
43.2968201,13.4539241
43.2997013,13.4507755
43.3007611,13.4529369
43.2983875,13.4552147
43.2968667,13.4561614
43.3074557,13.4634586
43.2747058,13.4850996
43.2757328,13.4856788
43.2750489,13.4875828
43.2759974,13.4993447
43.2307455,13.6274374
43.2700611,13.5852735
43.2593138,13.592549
43.2716471,13.5918216
43.2742694,13.5898856
43.3151352,13.5827928
43.3565253,13.4832143
43.3649454,13.5108474
43.4115377,13.4385198
43.4122825,13.4399928
43.3438652,13.5673034
43.3662153,13.6209685
43.4002568,13.5525465
43.3973849,13.5548691
43.4025334,13.5342969
43.403678,13.5481508
43.4039187,13.5480671
43.4043613,13.5476459
43.4062168,13.5475668
43.4013396,13.5570813
43.2831873,13.6379465
43.3173352,13.6358803
43.3181767,13.6779889
43.2958544,13.706384
43.2975865,13.7225467
43.3043089,13.7201049
43.3029964,13.7191027
43.3044007,13.7191401
43.3003951,13.7246441
43.2996358,13.7253066
43.299892,13.7250636
43.3022879,13.7282336
43.3007092,13.7244182
43.3051655,13.724484
43.305344,13.7240108
43.3084449,13.7271398
43.3075775,13.7280634
43.3064105,13.7304011
43.306603,13.7306672
43.3081261,13.7305114
43.3070198,13.7318727
43.3100974,13.7291744
43.3111827,13.7236648
43.2582818,13.7571779
43.3549008,13.69902
43.3692332,13.6915357
43.4844791,13.4840212
43.5209162,13.4983247
43.5277154,13.5201382
43.4594786,13.5447532
43.4643477,13.5472786
43.4460715,13.5938162
43.4433661,13.5993635
43.438268,13.6082506
43.5307717,13.5509499
43.5137014,13.6224852
43.5251147,13.6165404
43.521714,13.6204512
43.563449,13.510228
43.56296,13.510308
43.56915,13.5087629
43.5750522,13.5200217
43.6080179,13.4549314
43.6112151,13.4489051
43.5961156,13.502557
43.6017527,13.5062969
43.6039541,13.5071747
43.6072656,13.5112362
43.6083526,13.5134852
43.6070277,13.5106169
43.6086363,13.5138185
43.6093576,13.5144703
43.6091614,13.5140529
43.6087663,13.5140529
43.609736,13.5160612
43.6191877,13.5094052
43.6180953,13.5101626
43.6179886,13.5104072
43.6175209,13.5125315
43.6177566,13.5111466
43.6181988,13.5097437
43.617519,13.5116483
43.6153322,13.5146213
43.615684,13.5148042
43.6166744,13.5151747
43.6146761,13.5261089
43.6176444,13.5144197
43.61571,13.5272082
43.6165384,13.5277619
43.4339274,13.6625903
43.4338974,13.663213
43.4300302,13.6639244
43.4307848,13.6645956
43.4301297,13.6651259
43.434035,13.6625248
45.6028391,13.7681517
45.6031711,13.7687129
45.6029091,13.7699885
45.6033417,13.7685959
45.6291916,13.786423
45.6255088,13.7956485
45.618562,13.8026217
45.6093772,13.8164615
45.6141322,13.8246181
45.6113223,13.8282015
45.6109522,13.8289489
45.6409013,13.7614179
45.6466771,13.7616071
45.6307488,13.7882505
45.6493847,13.7677905
45.6492527,13.7665393
45.653489,13.7752662
45.650617,13.7705692
45.6519864,13.771459
45.6506996,13.7742078
45.6495303,13.7743955
45.6512033,13.7729676
45.650148,13.7706264
45.6501895,13.7721423
45.6495506,13.7738242
45.6527077,13.7723798
45.6510492,13.7702402
45.6510213,13.7709247
45.6508108,13.7716652
45.6520589,13.7735905
45.6514398,13.7723197
45.6502416,13.7691859
45.654003,13.774522
45.6510379,13.7726073
45.6514855,13.7705047
45.643347,13.7787768
45.648845,13.7780625
45.6464125,13.7807939
45.6462109,13.7802715
45.6475941,13.7790193
45.6436222,13.7856192
45.6492539,13.7759532
45.65536,13.7815121
45.6537161,13.7763106
45.6529245,13.7761672
45.6513916,13.7773636
45.651872,13.7766493
45.6526805,13.7806859
45.6523076,13.7789762
45.6508302,13.7769719
45.6538875,13.7764664
45.6534109,13.7825074
45.6521392,13.7822471
45.6535781,13.7841407
45.6637788,13.7709374
45.6640525,13.7711661
45.6642835,13.7706328
45.639748,13.7898352
45.6397417,13.789838
45.6547715,13.7937531
45.6552847,13.7949715
45.6551887,13.7971351
45.6554549,13.8016948
45.6554413,13.7962686
45.6875144,13.7882602
45.6861811,13.7877216
45.6898808,13.7877376
45.6875394,13.7894282
45.6052201,13.8502806
45.6146992,13.8591044
45.6410818,13.8614327
45.8078076,13.5200453
45.814947,13.5122317
45.8225051,13.5101251
45.8284938,13.5017539
45.8298308,13.500729
45.7733709,13.6053601
45.7989816,13.5329404
45.8060799,13.5391246
45.8092627,13.5298012
45.8090208,13.5320649
45.8068616,13.5311723
45.8098305,13.5326442
45.8077105,13.535
45.8601224,13.4387869
45.8747003,13.4847071
45.8881129,13.5013959
45.887934,13.501136
45.8897816,13.5025574
45.8882515,13.5019507
45.9073458,13.5181162
45.9314645,13.5257651
45.8445219,13.5403295
45.9353225,13.5714931
45.9243744,13.6029715
45.9412663,13.5968256
45.935841,13.6132385
45.9396302,13.6149131
45.9410818,13.6180127
45.940848,13.616739
45.9376619,13.613299
45.9424216,13.6198357
45.9419653,13.6197008
45.9432226,13.6206586
45.9428204,13.6200639
45.9389126,13.6190815
45.9432609,13.6219189
45.9420424,13.62114
45.9375521,13.6264689
45.750152,13.6725916
45.7717805,13.6362886
45.7707987,13.6378317
45.7739676,13.6332773
45.9558729,13.46726
45.9585992,13.4719907
45.9576449,13.4708065
45.9580705,13.4712152
45.9583164,13.4715707
45.9580751,13.4709246
45.9889836,13.4457139
45.9926982,13.44416
45.9557674,13.6144788
45.9459475,13.6227322
45.9454556,13.6221197
45.9456835,13.6249881
46.0941834,13.4283218
46.0936483,13.4291861
46.093536,13.4316562
46.092724,13.4297764
46.0961861,13.4232569
46.0947599,13.4277013
46.0969664,13.4340332
46.1310328,13.4331594
46.1262584,13.4851933
46.1208186,13.5213281
46.5059655,13.5665269
46.504711,13.5738218
35.5017142,12.6099013
35.5045057,12.6117672
39.2096143,9.1215849
39.287057,9.0047846
39.2696946,9.0440456
39.7231333,8.6373901
39.7223681,8.6368514
39.7213189,8.6388991999999991
39.7684676,8.815333
39.808526,8.8525003
39.8540973,9.0513376
37.6507421,12.5912748
37.6506751,12.5922536
37.5071001,13.0805152
37.6010651,13.2871474
38.1252765,13.3030849
38.1063333,13.360587
38.1219289,13.359298
39.9531875,8.6705274
40.0206393,8.6722908
40.0801773,8.6119951
40.2676764,8.7750093
40.1747479,8.9199031
40.4844527,8.5870532999999991
40.6767944,8.5871275
40.5320816,8.7672869
40.5759445,8.7273688
40.5824331,9.1123131
40.6501213,9.3284363
40.8180656,8.8337369
40.8912562,9.0419313
40.9669935,8.8789251
41.2386379,9.1875224
40.7639263,9.5221732
41.0807574,9.3870707
41.0770879,9.3911181
41.4665499,12.9065904
41.4070366,13.0485955
41.4127934,13.0427467
41.3657633,13.1992664
41.3574589,13.4165669
42.7617715,10.8786134
42.9227078,10.7592139
43.0276669,10.5996048
43.0280149,10.6030621
42.7739481,11.1141717
42.6468721,11.7070591
42.8724469,11.0732095
42.8518206,11.6867054
41.8334777,12.5785721
41.8754546,12.4474046
41.8935773,12.49386
41.8818267,12.5574079
41.9147988,12.5201476
41.9210848,12.5107287
41.9289644,12.5685937
41.9460254,12.5654633
42.1181311,12.1260385
42.1643103,12.1379697
42.2541456,11.7573144
42.2534684,11.7579325
42.3094748,12.0746993
42.1564986,12.2455594
42.0912762,12.2705975
42.2054388,12.3976451
42.2889268,12.4135503
41.7254559,12.6131042
41.6816662,12.7782195
41.8507882,12.598918
41.8067735,12.6759803
41.7918483,12.7609948
41.8635988,12.6099759
41.8840167,12.9753183
41.6913804,13.0217859
41.5676104,13.3287427
41.5707478,13.3356313
41.8320652,13.0162498
41.9929987,12.6197928
42.4265763,12.0996455
42.7217965,12.1328324
42.5315684,12.5186759
42.9889301,11.8683064
43.0474047,11.8195139
43.0954462,11.7839503
43.0963284,11.7856419
43.0130603,12.0153811
42.9109537,12.556385
43.0983414,12.3659686
43.0370311,12.400208
43.1082586,12.3797946
43.1101798,12.3899701
43.1171329,12.3790039
43.1146349,12.3990237
42.5556034,12.6575735
42.4020822,12.8606046
42.7501311,12.7304334
42.9536815,12.7069938
37.073694,14.2319166
37.0796331,14.2335856
37.0653937,14.2523794
37.0716984,14.2354539
37.0598488,14.8975109
37.2958893,14.8468429
37.2855707,14.9974611
37.2901012,14.9993662
37.4706521,13.7353284
37.8643447,13.7808549
37.4945841,14.6472141
37.6541873,14.6360315
37.4441139,15.0653151
37.5120955,15.0793669
37.5822993,15.0909442
37.6138008,15.0248866
37.8781099,14.9503765
36.9099028,15.1354463
36.9116243,15.1360044
37.0931582,15.207419
37.7932696,15.2079409
37.8509662,15.2813848
37.8507182,15.2825805
38.1112249,15.6469939
38.1085569,15.644678
38.1087675,15.6431641
38.087164,15.6780767
38.3540799,16.0828072
38.7078769,16.184817
38.6834484,16.4152207
38.9515425,16.3877181
39.3394289,16.2468925
39.3417278,16.3140462
39.6164058,16.1628954
39.6251157,16.5158676
39.6257495,16.5158639
39.6258516,16.51631
38.9595523,17.0948922
39.0608049,17.117304
39.0802417,17.1260482
39.0814261,17.1253535
39.0814736,17.125612
39.0806016,17.12681
39.7964228,18.353723
40.5553582,14.2217358
40.4534714,15.0121391
40.4743216,15.0149687
40.6772029,14.7646682
40.6101881,14.9816086
40.6485578,15.0181725
40.7969597,14.0783485
40.7936184,14.0790397
40.8015054,14.0794688
40.8300143,14.1213118
40.8393712,14.2490824
40.966022,14.2027211
40.9763052,14.2063681
40.9731961,14.2014199
40.9722646,14.20296
40.9826681,14.2029375
41.4582963,13.6664022
41.4860491,13.8342054
41.4810425,13.9059981
41.5399652,13.8675829
40.7635003,14.4165901
40.7598518,14.433783
40.8105037,14.6210142
40.9413243,14.3691847
40.9400585,14.3685327
41.0704463,14.3315291
41.0757906,14.332726
41.0759045,14.3328812
40.8293403,14.8476255
40.829615,14.8483778
40.8301619,14.8486265
40.713028,14.938466
40.9136322,14.791885
41.1350103,14.7819837
41.127603,14.7957644
41.5086435,14.9148098
40.2291045,15.268113
40.1312167,15.760213
40.3998835,15.3456203
40.6875292,15.2314935
40.6307124,15.8068268
40.858015,15.336231
40.9212132,15.6762045
40.763143,15.9903095
40.9973587,16.6809994
40.9974047,16.6792639
41.7115858,13.5691526
41.5496909,13.6931892
41.9586225,13.537814
41.5958041,14.2325109
42.0349032,13.4283224
42.0331094,13.4260088
42.0358992,13.4258662
42.0337672,13.4262984
42.2366475,13.9286135
42.2448622,13.9279095
41.779024,14.5534677
42.2245163,14.3856325
42.0473514,14.7289216
42.5286308,13.8002747
42.6584286,13.6560636
42.6603991,13.6976492
42.4649893,14.1033121
42.4751577,14.1109229
42.4627854,14.1966849
42.6474492,14.034761
42.8123478,13.728693700000001
42.9443647,13.8139597
42.9442685,13.8164375
43.0320635,13.6853925
43.1562703,13.7259839
42.9530983,13.885086
41.8820571,16.1734982
40.4062252,17.5547583
40.5253331,17.5879762
40.6472718,17.5143852
39.9595171,18.0924614
39.9275062,18.1610292
39.9276797,18.1603271
40.0173547,18.1574257
40.1192481,18.2990065
40.1181823,18.2999111
40.3473523,17.7269564
40.4372829,17.7335041
40.4971031,17.6449134
40.6602879,17.704561000000002
41.0030103,16.871425
41.1135635,16.8965572
41.082555,16.946517
40.7407789,17.4318492
43.8154309,7.7754411
43.8172237,7.7758182
43.81702,7.775711
43.8153654,7.7746252
43.932408,7.6642734
44.0458327,8.1425785
44.0460486,8.1428658
44.4713888,7.3456758
44.4681185,7.3630904
44.5631199,7.3975962
44.5158942,7.4761663
44.5998253,7.4828998
44.5981176,7.4838825
44.6149397,7.4869455
44.8146955,7.2451275
44.8144884,7.2447305
44.8242428,7.3028223
44.369311,7.7114931
44.385535,8.0376582
44.5458486,7.8332657
44.5450849,7.8325991
44.7685578,7.6795304
44.7682404,7.6787956
44.8628152,7.7221222
44.761196,8.0102418
44.8788516,7.9936879
44.8786583,8.3141717
44.8589731,8.3444671
44.3315533,8.5155776
44.4419144,8.7467168
44.4098545,8.8991671
44.4063152,8.9340672
44.4088285,8.9337377
44.4053544,8.9487488
44.3553581,9.1492767
44.3586973,9.1496401
44.3360759,9.2017903
44.3575417,9.1965876
44.3567045,9.2040167
44.3533099,9.2167898
44.3534161,9.2156474
44.3596503,9.2136737
44.4481842,9.0867578000000009
44.4466344,9.0922821
44.4452301,9.0912725
44.4379033,9.1063736
44.4473065,9.0975931
44.4441573,9.1040903
44.4371831,9.1106321
44.3782439,9.1524974
44.378288,9.1526281
44.5611555,8.6711257
44.801255,8.4107733
44.5113678,8.856948
44.5114526,8.8569017
44.5111534,8.8706908
44.5123631,8.8708818
44.503879,8.8936013
44.5178578,8.9124854
44.5223981,8.9130491
44.5228119,8.9126335
44.5227999,8.9123961
44.5003008,8.9236873
44.4994338,8.9234344
44.5007791,8.9245323
44.4990665,8.9229952
44.5039594,8.9278801
44.5035752,8.9273995
44.7858294,9.0631537
44.3433183,9.2446472
44.350386,9.2288358
44.3449012,9.3999182
44.1145834,9.839615
44.1226901,9.8834186
44.2939247,9.6746735
44.293069,9.6744553
44.922569,7.2451863
44.9217878,7.2460213
45.100818,7.3593849
45.0060323,7.5388487
45.0341471,7.5241757
45.0952679,7.5228981
45.0993241,7.5231272
45.1021174,7.5477949
45.0999974,7.5476792
45.1166892,7.3091263
45.7212677,7.292332
45.7327049,7.3183096
45.0177705,7.650381
45.0207504,7.6527996
45.0377702,7.6304045
45.0453294,7.6436417
45.005454,7.6715624
45.0400677,7.6685125
45.0772322,7.6653982
45.0130598,7.8219129
45.0145666,7.8233354
45.0389888,7.9649031
45.1359031,7.7673456
45.1383916,7.7709765
45.1279316,7.8231662
44.9061781,8.0909929
44.9120642,8.2023787
44.9059367,8.224061
44.9061285,8.2322335
45.1927454,8.2971882
45.4664444,7.8817729
45.4051497,8.0943286
45.5713584,8.1808308
45.590097,8.1938696
45.7924282,8.3788669
46.1129335,8.3091919
46.1329566,8.2947174
44.9127031,8.6159347
44.9126505,8.6163673
44.9133763,8.6151304
44.9141963,8.615842
45.1243325,8.9092483
45.3215258,8.4148458
45.3248744,8.4191753
45.4471794,8.6192412
45.4495932,8.6217156
45.69907,8.46229
45.7095489,8.5188523
45.7101685,8.519043
45.650421,8.6330643
45.6831779,8.7091288
45.4706772,8.9202834
45.4189503,9.1218751
45.3484999,9.1973019
45.5104106,9.2095982
45.5958111,8.9179475
45.5969451,8.9172651
45.6325208,8.8890665
45.7089735,8.9028233
45.6012506,9.1236097
45.6276325,9.1429886
45.6278543,9.1449032
45.615694,9.1994137
45.6099964,9.2044785
45.6949845,9.0601062
45.7004312,9.0857255
45.7033572,9.085398
45.6375394,9.164136
45.6568173,9.1684177
45.6969416,9.1791599
45.3008247,9.4176949
44.9143333,9.7882972
45.0509616,9.661456
45.0425709,9.6853624
45.0527527,9.693658
45.0450888,9.7101365
45.0400086,9.7173091
45.0534558,9.6920606
45.1099627,9.6802539
45.1338331,10.0245429
45.1383749,10.0293354
45.3310689,9.4060712
45.4560146,9.3913875
45.3665371,9.541503
45.3606853,9.6106561
45.5401382,9.2373879
45.5418353,9.2365984
45.5672594,9.263063
45.5750225,9.2688636
45.5772544,9.2507631
45.5842175,9.2776522
45.5777964,9.2832889
45.582538,9.2961946
45.581776,9.2984585
45.5736416,9.426483
45.6108045,9.3696827
45.7008345,9.2879548
45.7252777,9.2810629
45.6955046,9.427006
45.5535769,9.5346561
45.6207227,9.4727613
45.6676766,9.4408368
45.6849212,9.4593276
45.6915159,9.5663
45.5008024,9.9446308
45.5841033,9.8364742
45.6442173,9.6829056
45.5356426,9.9249162
45.5381206,9.9321322
45.6206027,9.9580598
45.6189602,9.9589939
45.5639516,9.9999752
45.665988,9.9322635
45.6663623,9.9321313
45.667808,9.958905
45.6690967,9.9401723
45.7161717,9.87942
45.6995553,9.9469625
45.6610811,10.0009621
45.6337459,10.0441257
45.7747327,8.3903984
45.9383341,8.5750081
45.8146645,8.6123921
45.8589651,8.6869732
45.9102511,8.6197107
45.8441526,8.713646
45.8464663,8.7122798
45.8463747,8.7123114
45.7494929,8.8788815
45.8203733,8.8223104
45.8204245,8.8320293
45.7682612,9.0062534
45.8670072,8.8655983
45.8717746,8.9091221
45.8715734,8.9101118
45.8720288,8.9107012
45.9429794,8.8295362
45.7406955,9.1197133
45.8115643,9.0763694
45.8114171,9.0759084
45.8050954,9.0876876
45.8047636,9.0971192
45.7360135,9.1256636
45.7443761,9.186213
45.9097959,9.1556698
46.0355177,9.1179882
46.0354452,9.1183747
45.9674592,9.1811536
45.7378226,9.3732667
45.935057,9.2707849
45.8556699,9.4036327
45.8612171,9.3983142
45.8154674,9.5310451
45.741892,9.6151675
45.821562900000004,9.5950305
45.9346263,9.472354
45.9607079,9.3018536
45.9998906,9.3888081
46.1511674,9.3318101
46.136674,9.3740612
45.9726273,9.4524923
46.1329067,9.5525389
46.1337009,9.5691415
46.1323932,9.5692828
45.7967692,9.8360595
45.7979877,9.8400498
45.8912348,9.9892642
46.1511415,9.7323221
46.1725636,9.3815744
46.1709141,9.4331758
46.1692155,9.8610428
46.1700364,9.8708088
46.1705898,9.8721415
46.1703189,9.8707103
46.1706772,9.8781733
46.169233,9.883223
43.3909065,10.4365873
43.3980557,10.4432758
43.402373,10.8591815
43.6197776,10.6274647
43.7165973,10.4014102
43.7253678,10.402209
43.7206491,10.4210717
43.722532,10.4277636
43.77922,10.4002612
43.9588085,10.1697746
44.0089033,10.1008864
44.0354993,10.1403011
43.6758675,10.5464187
43.6783152,10.5441824
43.7110591,10.6203943
43.8428008,10.4913958
43.7120056,10.7799895
43.7117803,10.7784424
43.6919135,10.8640283
43.691901,10.8996014
43.8422342,10.7470491
43.8243966,10.8772909
43.8246437,10.8761589
43.8691656,10.56223
43.8814698,10.687432
43.8808755,10.6878816
43.8836198,10.703286
43.9225129,10.8883959
43.9374481,10.9002614
43.2447133,11.2216851
43.2761143,11.228695
43.4243754,11.1271556
43.4236135,11.1270719
43.3278192,11.3229351
43.3442879,11.3060575
43.5471528,11.0409525
43.5680356,11.2162739
43.5672002,11.2170265
43.3266685,11.3295764
43.3443631,11.5042548
43.7261381,10.9438829
43.7226922,10.9579427
43.8327296,11.1998062
43.7883695,11.2242427
43.8947855,10.9266002
43.9339029,10.9170484
43.9319536,10.927849
43.9319108,10.9373704
43.9032108,11.004558
43.9047959,11.0043944
43.8651607,11.1685009
43.9994791,11.3947332
44.1077628,10.4109849
44.3884711,10.3323335
44.4355313,10.4015796
44.434814,10.4008954
44.7834451,10.296547
44.7841165,10.2955909
44.7837673,10.2959714
44.8011535,10.3270821
44.8013448,10.3268277
44.8148719,10.3111941
44.8017182,10.3293101
44.8041598,10.4756485
44.8046364,10.4747236
44.5105371,10.4995033
44.6585985,10.5895784
44.6203838,10.6031952
44.5101023,10.7317691
44.5111689,10.731511
44.5103613,10.7310459
44.6494396,10.8534317
44.7082797,10.6247681
44.7097644,10.6400324
44.7727128,10.7801243
44.8220454,10.8896458
44.8935881,10.9009042
44.8931635,10.9007575
44.8928621,10.9017489
44.8930887,10.9010138
44.8927752,10.9005841
44.141139,11.1565614
44.4741235,11.3884854
44.3684468,11.7285651
44.6202174,10.9278207
44.62913,10.9456785
44.6448592,10.9275219
44.6455615,10.9266462
44.6547378,10.9082135
44.6353928,10.9532404
44.6448433,10.9560884
44.6550751,10.9353624
44.6586387,10.9616303
44.6578914,10.9622512
44.6762105,11.0432439
44.7292488,10.9952707
44.750901,11.0039967
44.8373715,11.0302277
44.755682,11.3080791
44.8395218,11.1433177
44.5003145,11.3508101
44.4831875,11.3721451
44.5041055,11.3462042
44.4774458,11.3845634
44.5304221,11.4242535
44.499307,11.4321855
43.5891105,12.5106406
43.9460278,11.9089029
43.7246068,12.4136072
43.8029688,12.4418776
43.340674,12.9126825
43.5547155,12.8345156
43.5262135,13.064068
43.6825469,12.6433855
43.8440448,12.5939355
43.8438115,12.7487614
43.6849779,12.8715331
43.68611,12.9621816
43.7679765,12.8813367
43.7753886,12.9388289
43.8902156,12.6101512
44.0011088,12.6580284
44.0099943,12.6482862
43.8834863,12.8714754
43.7681594,13.1388814
43.7146187,13.2203657
44.1863517,12.127555
44.3845349,11.942755
44.1479676,12.2569382
44.104208,12.3348107
44.1169568,12.3391657
44.2613934,12.2568565
44.1072655,12.3849888
44.0883416,12.4025726
44.1094744,12.386863
44.1092937,12.3868752
45.17628,10.1658123
45.1956053,10.1857806
45.1975281,10.5783921
45.1302946,10.740846
45.1657164,10.8364192
45.2133252,10.8908053
45.303454,10.8133377
45.2834696,10.8696493
45.3862298,10.1168476
45.3985656,10.1912206
45.4125107,10.3978908
45.4125473,10.3975892
45.5544522,10.1102449
45.5597264,10.2073379
45.5576839,10.2274161
45.5640477,10.2292027
45.584858,10.278225
45.541047,10.4475226
45.7096621,10.4048319
45.4689562,10.8526871
45.0649057,11.1923141
45.0644731,11.1925165
45.0647512,11.1926374
45.0643953,11.1922366
45.0649128,11.1926127
45.0646832,11.1918475
45.0625622,11.1979268
45.0169595,11.3107011
45.0173161,11.311564
45.1888664,10.9761756
45.1889819,10.9757818
45.1424239,11.1033962
45.2594359,11.1189625
45.0278813,11.5875262
45.0563052,11.6444268
45.1018629,11.6655064
45.1013139,11.6656729
45.1388818,11.3927172
45.1665186,11.4421473
45.2272907,11.5325094
45.1135137,11.6192956
45.1891019,11.5862849
45.1339953,11.7083657
45.1535511,11.7134132
45.155518,11.7135119
45.170906,11.6663308
45.2159019,11.5583798
45.214843,11.5563958
45.2218114,11.6098757
45.2904339,11.6314158
45.2187085,11.6732805
45.3706492,11.035507
45.4375074,10.9890046
45.4371328,10.9921322
45.5176644,11.016647
45.3381079,11.2424124
45.4129995,11.2473402
45.6983337,10.9268694
45.4347241,11.4143476
45.4559483,11.3844346
45.4755599,11.4417077
45.4727768,11.6106803
45.4244374,11.6875083
45.4745384,11.7021866
45.6126073,11.3456608
45.5428562,11.5281853
45.5890008,11.4401451
45.6291655,11.4418739
45.629002,11.4421733
45.6280101,11.4452249
45.6291128,11.4431626
45.7145001,11.3597726
45.6920956,11.4288265
45.6929507,11.4285036
45.7124572,11.4640589
45.6004907,11.6222387
45.6044004,11.6224932
45.6022248,11.7315374
45.6366357,11.5487686
45.6440239,11.6311987
45.8417013,10.550358
45.8417078,10.5502662
45.8483015,10.5797859
45.890419,10.6012166
46.0329818,10.725048
46.0354174,10.7263971
46.0423743,10.7675675
46.028584,10.8244251
46.03499,10.8705892
46.0535677,10.7781889
46.4357226,10.3579336
46.4414275,10.3595767
46.2983893,10.6910918
46.2239371,10.8278806
45.7354726,10.939431
45.7586005,11.0029826
45.8099795,11.0155884
45.8509049,10.9782386
45.8908113,11.0428681
45.8916634,11.0440359
45.8907849,11.0400193
45.8908189,11.0409543
45.8907879,11.0417593
45.8908077,11.0397564
45.9166487,11.0339206
45.8948198,11.0436183
45.9265926,11.0419067
45.9167753,11.0656782
45.9163796,11.0630758
45.9168057,11.0695122
45.9287997,11.0710064
45.9354084,11.0941418
45.9403547,11.1113309
45.914917,11.1741394
45.979364,10.9812269
46.0179227,10.9469559
46.0463966,10.9517846
46.0239554,10.9837739
45.9777625,11.0909244
46.0021459,11.085197
46.0706486,11.0586654
46.0968472,11.0459525
46.1076684,11.11142
46.1066331,11.1105682
46.1376188,11.1097302
46.1409444,11.1096936
46.0053567,11.1957356
45.9931517,11.2626109
46.0139114,11.2665059
46.0578802,11.1331785
46.0750662,11.1228364
46.0721512,11.1380791
46.0940415,11.1970489
46.1183259,11.2090275
46.0618307,11.2420092
46.0636435,11.2320602
45.7573916,11.4388774
45.7705615,11.4606172
45.9217652,11.3247715
46.022416,11.3675264
46.0528228,11.4118991
46.0707496,11.4796197
46.0642921,11.5070736
45.9909298,11.6686749
46.0690249,11.6103193
46.0629024,11.633655
46.2581248,11.0341091
46.2134593,11.0901865
46.3502082,10.9103904
46.2642474,11.0866322
46.3370271,11.0493683
46.1924361,11.1321361
46.1975231,11.1267343
46.2412121,11.2100947
46.1621515,11.3035183
46.3068559,11.1186698
46.365058,11.072714
46.4183687,11.0857367
46.4324644,11.106295
46.4540961,11.0628383
46.3933579,11.1192598
46.4401991,11.1363785
46.4403004,11.1370107
46.4548788,11.1167334
46.2798857,11.4345549
46.4148201,11.3295988
46.4920576,11.3939528
46.4298925,11.538865
46.4309307,11.5415686
45.0695702,11.8886509
45.1343837,11.7568347
45.1349463,11.7570083
45.1853912,11.881192
45.2166264,11.9252376
45.1715165,11.9618998
45.3192277,11.863607
45.3824598,11.8685186
45.411985,11.8855192
45.4165031,11.8787569
45.4144264,11.8860017
45.4123985,11.9498276
45.5015397,11.9100014
45.3438719,11.9662117
45.3460933,11.9637889
45.3442644,12.0091153
45.5046491,12.0364412
45.4711387,12.0824866
45.4948154,12.1017317
45.4939161,12.1073213
45.4916086,12.1112782
45.6827103,11.7539639
45.5495386,12.0752736
45.4765253,12.2232219
45.4779599,12.2264419
45.4782717,12.2296568
45.4373013,12.3196327
45.4878965,12.2946893
45.6436655,12.5518573
45.6632643,12.5308197
45.7304331,12.5822586
45.6866189,12.6381413
45.9095567,12.1530017
45.8854721,12.3069664
45.8686797,12.4316042
46.0426763,12.5316813
46.4773534,11.7688018
46.4171382,12.3327035
46.4230323,12.3594801
46.4286105,12.3757285
46.4283351,12.3751075
45.8817168,12.7118782
45.8819821,12.7122831
45.8150511,12.882269
45.7777279,12.9954938
46.0101137,12.6202111
45.9126824,13.182169
45.9333159,13.251825
45.8714223,13.3652289
46.0183291,13.1548133
46.0980133,13.1314775
46.080568,13.2185541
46.0958701,13.2339316
46.1531759,13.3465504
46.1577351,12.9997669
46.1566095,13.0000818
46.2852812,12.7956204
46.5708817,12.5866821
46.6175738,10.589429
46.6900135,10.5442621
46.6906462,10.5442892
46.6905155,10.5452478
46.6181931,10.8251421
46.6385133,10.9375336
46.6503354,11.0044676
46.5862603,11.0872503
46.6536008,11.1463551
46.6725661,11.1590905
46.6566278,11.1678789
46.8303278,11.1686219
46.812523,11.2459549
46.6091669,11.5638651
46.7168892,11.6569479
46.7771012,11.6903067
46.814436,11.6637932
46.8168443,11.7226551
46.8172925,11.7225504
46.654396,11.9097213
46.6818669,11.8980705
46.7680256,12.1150926
46.8112675,11.8830847
46.8135862,11.9350447
43.2638554,13.4537375
43.2368682,13.5916803
43.3066328,13.7297459
43.6187436,13.508928299999999
45.6258149,13.7947197
45.8176204,13.5128897
45.8646633,13.4289855
45.8646571,13.4822613
45.9035281,13.572421
45.9352669,13.5638205
46.0962731,13.4251981
46.5055168,13.5777236
46.5055549,13.5785638
46.5044078,13.5813357
40.7191991,8.5715891
41.8302374,12.4838348
41.9057983,12.4902135
41.9049098,12.4959045
42.4116198,12.1032911
42.4173877,12.1088451
43.1089417,12.387486000000001
37.4910226,14.0629851
42.3497481,14.1673131
40.4637519,17.2691596
40.4522089,17.5087721
40.0332554,18.1320796
41.1242161,16.8729725
44.7690799,7.6776715
45.3240688,8.4185467
45.4479741,8.6193433
45.0544378,9.6929536
45.5842347,9.274696
45.8117943,9.0808172
43.5515724,10.3074736
43.7174779,10.3982587
43.3493231,11.3241642
43.7726199,11.2524949
44.8012611,10.3265464
44.6454552,10.9253039
44.6420306,10.9254713
44.644898,10.9260348
44.6457614,10.926996
44.6507707,10.9375738
43.9119013,12.9146843
45.7048852,11.3606872
45.8908507,11.0440029
46.0671806,11.1239142
