"id","Country_ID","activity_id","Sector_ID","nace_id","lat","lon","NUTS3_ID","NUTS_ID","verified","allocatedFree"
"AT_118","AT",42,"C19-C20",20.16,48.1406756,16.5092545,"AT127","AT12",8700,41796
"AT_2","AT",24,"C24",24.1,47.5344342,15.502899,"AT223","AT22",23075,15148
"AT_1","AT",30,"C23",23.52,47.7143986,13.6372787,"AT315","AT31",33490,33216
"AT_65","AT",32,"C23",23.32,46.7505312,15.3507306,"AT225","AT22",11844,17309
"AT_11","AT",31,"C23",23.13,48.0562713,14.1409959,"AT314","AT31",72140,51602
"AT_110","AT",36,"C16-C18",17.12,47.1358109,15.3343377,"AT221","AT22",202975,276141
"AT_10","AT",31,"C23",23.13,48.2068461,15.2187024,"AT121","AT12",57344,40749
"AT_88","AT",32,"C23",23.32,48.2707034,13.4192527,"AT311","AT31",14362,12599
"AT_16","AT",24,"C24",24.1,48.2786073,14.3197919,"AT312","AT31",8668217,6864172
"AT_30","AT",32,"C23",23.32,47.7199138,16.2227947,"AT122","AT12",1649,2918
"AT_54","AT",32,"C23",23.32,48.1737089,13.692228,"AT311","AT31",2624,13333
"AT_22","AT",32,"C23",23.32,48.1938221,14.0299749,"AT312","AT31",10447,15703
"AT_52","AT",32,"C23",23.32,48.3247988,13.7729222,"AT311","AT31",3334,16668
"AT_159","AT",36,"C16-C18",17.12,48.2181257,14.2431622,"AT312","AT31",29127,26964
"AT_168","AT",36,"C16-C18",17.12,47.9794159,13.8164638,"AT315","AT31",1363,160033
"AT_157","AT",29,"C23",23.51,47.7271636,13.0418909,"AT323","AT32",297368,299806
"AT_163","AT",36,"C16-C18",17.12,48.0248513,14.7629704,"AT121","AT12",24192,20915
"AT_203","AT",30,"C23",23.52,47.5974332,13.1676579,"AT323","AT32",73161,95420
"AT_162","AT",36,"C16-C18",17.12,48.0732305,14.8091594,"AT121","AT12",34864,47930
"AT_164","AT",35,"C16-C18",17.11,48.0248513,14.7629704,"AT121","AT12",6797,3202
"AT_161","AT",35,"C16-C18",17.12,48.2988974,14.578785,"AT313","AT31",3368,3745
"AT_183","AT",31,"C23",23.19,47.0418609,15.1519998,"AT225","AT22",6854,5540
"AT_64","AT",31,"C23",23.19,47.2958386,11.5938274,"AT332","AT33",7933,5017
"AT_155","AT",24,"C24",24.1,47.0655462,15.4187129,"AT221","AT22",36747,33192
"AT_171","AT",36,"C16-C18",17.12,47.9915494,13.8000831,"AT315","AT31",15134,41430
"AT_209","AT",24,"C24",24.1,47.3797905,15.0597356,"AT223","AT22",0,0
"AT_201999","AT",34,"C23",23.62,47.5969576,13.7854285,"AT222","AT22",19933,6426
"AT_201868","AT",28,"C24",24.42,48.226968,13.0323229,"AT311","AT31",21221,17643
"AT_205426","AT",42,"C19-C20",20.14,48.1398596,16.4893959,"AT127","AT12",21704,19206
"BE_278","BE",32,"C23",23.32,50.7608206,3.2317138,"BE328","BE32",10005,6016
"BE_277","BE",36,"C16-C18",17.12,51.0140552,4.0685999,"BE232","BE23",175893,114899
"BE_281","BE",42,"C19-C20",20.16,51.0626789,5.1796353,"BE224","BE22",32713,33253
"BE_38","BE",31,"C23",23.19,51.0720558,5.1617764,"BE224","BE22",17863,17077
"BE_58","BE",38,"C19-C20",20.15,50.4797445,3.7971724,"BE323","BE32",400084,621641
"BE_118","BE",24,"C24",24.1,50.6742315,5.6432623,"BE332","BE33",0,0
"BE_117","BE",24,"C24",24.1,50.6039503,5.5422622,"BE332","BE33",0,0
"BE_115","BE",25,"C24",24.1,50.5937587,5.4636101,"BE332","BE33",188,6288
"BE_114","BE",24,"C24",19.1,50.6039503,5.5422622,"BE332","BE33",0,0
"BE_111","BE",24,"C24",7.1,50.6039503,5.5422622,"BE332","BE33",0,0
"BE_109","BE",25,"C24",24.1,50.5860208,5.4470021,"BE332","BE33",28184,16228
"BE_108","BE",25,"C24",24.1,50.6062922,5.537519,"BE332","BE33",26099,19698
"BE_110","BE",24,"C24",24.1,50.6742315,5.6432623,"BE332","BE33",0,0
"BE_177","BE",42,"C19-C20",20.16,51.1028323,5.060621,"BE213","BE21",26758,25875
"BE_175","BE",42,"C19-C20",20.16,51.2407449,4.3368138,"BE211","BE21",28185,17814
"BE_176","BE",21,"C19-C20",19.2,51.2569663,4.3448672,"BE211","BE21",2182916,1452174
"BE_173","BE",42,"C19-C20",20.14,51.0601159,5.0929428,"BE224","BE22",115471,77394
"BE_166","BE",31,"C23",23.11,50.4480631,4.6882422,"BE352","BE35",387286,308673
"BE_197","BE",25,"C24",24.1,50.5849529,5.4374918,"BE332","BE33",22421,17352
"BE_196","BE",32,"C23",23.2,50.4532298,3.815011,"BE323","BE32",0,0
"BE_218","BE",30,"C23",23.52,50.4972674,5.0769286,"BE352","BE35",13896,41733
"BE_216","BE",30,"C23",23.52,50.40339,4.63369,"BE352","BE35",379930,320134
"BE_217","BE",30,"C23",23.52,50.5573959,5.1771448,"BE331","BE33",208560,173452
"BE_211","BE",21,"C19-C20",19.2,51.2496837,4.367376,"BE211","BE21",0,0
"BE_213","BE",32,"C23",23.32,51.0174946,5.7124145,"BE225","BE22",23237,17610
"BE_214","BE",32,"C23",23.32,51.3253298,4.8134291,"BE213","BE21",39397,37145
"BE_209","BE",21,"C19-C20",19.2,51.2498291,4.368393,"BE211","BE21",10349,27613
"BE_207","BE",31,"C23",23.13,50.0273186,4.1521009,"BE32D","BE32",20783,17083
"BE_238","BE",24,"C24",24.1,50.4095263,4.4342085,"BE32B","BE32",35074,58852
"BE_253","BE",32,"C23",23.32,50.8407999,5.5518357,"BE223","BE22",34011,25739
"BE_275","BE",32,"C23",23.32,50.5091571,3.6170044,"BE328","BE32",16195,11403
"BE_274","BE",24,"C24",24.1,50.6149477,5.5245929,"BE332","BE33",0,0
"BE_276","BE",42,"C19-C20",20.14,51.2432295,4.3256702,"BE211","BE21",208046,194971
"BE_203011","BE",25,"C24",28.94,50.8469859,2.9005344,"BE253","BE25",0,13887
"BE_202970","BE",32,"C23",23.32,50.9112545,3.1411575,"BE256","BE25",18368,23471
"BE_205734","BE",42,"C19-C20",20.14,50.9333939,5.4776811,"BE224","BE22",5612,17397
"BE_205667","BE",42,"C19-C20",20.14,51.3639105,4.2529356,"BE211","BE21",9721,1582
"BE_205772","BE",42,"C19-C20",20.16,51.2432295,4.3256702,"BE211","BE21",0,0
"BE_211998","BE",42,"C19-C20",NA,50.4720207,3.7702557,"BE323","BE32",3050,8277
"BE_215220","BE",28,"C24",NA,51.0866561,4.4812079,"BE212","BE21",27056,22288
"BE_215200","BE",42,"C19-C20",NA,51.3639105,4.2529356,"BE211","BE21",2872903,3639645
"BE_215060","BE",24,"C24",NA,51.1836104,3.8313483,"BE234","BE23",3690181,7345389
"BE_214340","BE",43,"C19-C20",NA,51.289362,4.3256813,"BE211","BE21",197403,234084
"BG_18","BG",32,"C23",23.32,43.2369251,26.9305086,"BG333","BG33",0,0
"BG_16","BG",32,"C23",23.32,43.3178261,27.1541211,"BG333","BG33",0,5597
"BG_12","BG",29,"C23",23.51,43.2765252,23.4615466,"BG313","BG31",417848,408543
"BG_10","BG",21,"C19-C20",19.2,43.1442227,23.6942969,"BG313","BG31",3271,6663
"BG_58","BG",32,"C23",23.49,43.1543033,24.2929855,"BG315","BG31",0,0
"BG_57","BG",29,"C23",23.51,43.2217497,27.6540855,"BG331","BG33",696798,759448
"BG_54","BG",30,"C23",23.52,42.9344371,23.0034733,"BG412","BG41",101512,80086
"BG_49","BG",32,"C23",23.32,43.2804512,24.0828513,"BG314","BG31",0,0
"BG_53","BG",30,"C23",23.52,42.1496343,24.4149143,"BG423","BG42",0,0
"BG_47","BG",36,"C16-C18",17.12,42.216667,24,"BG423","BG42",0,2323
"BG_48","BG",32,"C23",23.32,43.4145467,23.23172,"BG312","BG31",0,0
"BG_44","BG",31,"C23",23.13,43.1442227,23.6942969,"BG313","BG31",57530,25824
"BG_130","BG",41,"C19-C20",20.15,42.0502021,25.6275248,"BG422","BG42",515627,489082
"BG_125","BG",32,"C23",23.32,42.6977106,26.2714521,"BG342","BG34",0,1412
"BG_123","BG",32,"C23",23.32,42.600227,26.6897128,"BG343","BG34",0,0
"BG_122","BG",32,"C23",23.2,43.8719698,25.9987411,"BG323","BG32",1605,1626
"BG_145","BG",32,"C23",23.32,43.1663564,27.6357856,"BG331","BG33",0,0
"BG_201534","BG",21,"C19-C20",19.2,43.7979981,25.9053209,"BG323","BG32",0,0
"BG_151","BG",30,"C23",23.51,42.4766965,27.4429347,"BG341","BG34",6673,4488
"BG_150","BG",32,"C23",23.32,43.080557,25.630629,"BG321","BG32",0,157
"BG_148","BG",32,"C23",23.32,43.3488529,26.2120729,"BG334","BG33",542,1587
"BG_210588","BG",31,"C23",NA,43.2567931,26.5310588,"BG334","BG33",95407,80684
"BG_220040","BG",33,"C23",NA,43.2607094,26.5225694,"BG334","BG33",2648,0
"HR_205247","HR",21,"C19-C20",19.2,45.4668943,16.3819077,"HR028","HR04",0,0
"HR_205185","HR",32,"C23",23.32,45.5207733,18.8391154,"HR025","HR04",0,0
"HR_205184","HR",32,"C23",23.32,45.4596987,18.5736075,"HR025","HR04",0,0
"HR_205183","HR",32,"C23",23.32,45.2014933,19.3944953,"HR026","HR04",0,0
"HR_205176","HR",32,"C23",23.32,45.5505369,18.7390848,"HR025","HR04",0,0
"HR_205104","HR",32,"C23",23.32,45.4946861,18.0951118,"HR025","HR04",6066,4492
"HR_214880","HR",32,"C23",NA,45.5196723,18.8363592,"HR025","HR04",2620,1746
"HR_211261","HR",36,"C16-C18",NA,46.1727435,16.8299476,"HR063","HR04",13400,3091
"HR_211258","HR",27,"C24",NA,43.7053538,15.9181186,"HR034","HR03",15151,11507
"HR_206369","HR",32,"C23",23.32,45.5730927,16.9198881,"HR021","HR04",0,0
"HR_206341","HR",33,"C23",23.99,46.1900347,16.3452105,"HR062","HR04",36071,20741
"CZ_171","CZ",24,"C24",24.1,49.7181588,13.6424483,"CZ032","CZ03",2681,2310
"CZ_256","CZ",32,"C23",23.32,50.069238,15.9925068,"CZ053","CZ05",7619,21601
"CZ_253","CZ",32,"C23",23.32,50.1688323,13.4227036,"CZ042","CZ04",0,0
"CZ_250","CZ",32,"C23",23.32,49.2192817,14.4099806,"CZ031","CZ03",5966,25577
"CZ_248","CZ",32,"C23",23.32,48.8370397,16.4927372,"CZ064","CZ06",6729,17060
"CZ_271","CZ",32,"C23",23.32,49.1725803,16.7266812,"CZ064","CZ06",3214,16199
"CZ_270","CZ",32,"C23",23.32,49.5612636,17.7566051,"CZ071","CZ07",13515,11196
"CZ_269","CZ",32,"C23",23.32,49.4945856,12.9903716,"CZ032","CZ03",0,0
"CZ_333","CZ",30,"C23",23.52,49.2173163,16.7527874,"CZ064","CZ06",76,24226
"CZ_32","CZ",36,"C16-C18",17.29,49.2556588,15.7793481,"CZ063","CZ06",12206,2838
"CZ_331","CZ",32,"C23",23.32,49.334608,17.6255652,"CZ072","CZ07",788,1669
"CZ_329","CZ",32,"C23",23.32,50.4067423,14.0311098,"CZ042","CZ04",10592,26934
"CZ_330","CZ",31,"C23",23.13,49.7107583,13.0846431,"CZ032","CZ03",20024,14871
"CZ_325","CZ",29,"C23",23.51,49.9973701,14.3373645,"CZ010","CZ01",390322,384067
"CZ_324","CZ",29,"C23",23.51,49.2173163,16.7527874,"CZ064","CZ06",460795,650754
"CZ_159","CZ",36,"C16-C18",17.12,49.992426,16.8847182,"CZ071","CZ07",3479,3118
"CZ_157","CZ",36,"C16-C18",17.12,50.2119681,16.3023424,"CZ052","CZ05",6855,5901
"CZ_202753","CZ",42,"C19-C20",20.14,50.2553041,14.3233625,"CZ020","CZ02",11834,55830
"CZ_202610","CZ",27,"C24",24.42,50.7648734,14.2038045,"CZ042","CZ04",20233,18301
"CZ_202754","CZ",42,"C19-C20",20.14,50.2553041,14.3233625,"CZ020","CZ02",18140,41
"CZ_202156","CZ",42,"C19-C20",20.12,49.4493908,17.435652,"CZ071","CZ07",88966,112534
"CZ_201865","CZ",38,"C19-C20",20.15,49.8349058,18.2325933,"CZ080","CZ08",119248,132703
"CZ_206785","CZ",24,"C24",24.1,50.1442604,14.1456332,"CZ020","CZ02",0,0
"CZ_205946","CZ",33,"C23",23.14,50.658656,13.8089325,"CZ042","CZ04",2575,2460
"CZ_210084","CZ",36,"C16-C18",NA,50.7995123,14.4379167,"CZ042","CZ04",113,534
"DK_336","DK",32,"C23",23.32,54.9258241,9.6670976,"DK032","DK03",7217,9348
"DK_306","DK",21,"C19-C20",19.2,55.5915169,9.754008,"DK032","DK03",395532,314068
"DK_330","DK",32,"C23",23.32,57.0623767,10.1702231,"DK050","DK05",12352,10911
"DK_318","DK",31,"C23",23.14,55.4283498,9.2991585,"DK032","DK03",11795,10072
"DK_379","DK",24,"C24",24.1,55.967392,12.0132719,"DK013","DK01",0,0
"DK_339","DK",32,"C23",23.32,55.643551,12.388494,"DK012","DK01",0,0
"DK_329","DK",32,"C23",23.32,55.1252127,10.5073649,"DK031","DK03",3986,5504
"DK_322","DK",32,"C23",23.32,56.6958477,8.3441793,"DK050","DK05",2896,4141
"EE_9","EE",21,"C19-C20",19.2,59.3920021,27.2510495,"EE00A","EE00",32604,49755
"EE_57","EE",21,"C19-C20",19.2,59.393025,27.2523182,"EE00A","EE00",721077,651433
"EE_217762","EE",36,"C16-C18",NA,58.0967428,27.4550319,"EE008","EE00",2363,1706
"EE_217700","EE",32,"C23",NA,58.0664831,24.5405139,"EE004","EE00",29591,15597
"EE_224193","EE",21,"C19-C20",NA,59.3186346,27.9158381,"EE00A","EE00",0,0
"FI_432","FI",36,"C16-C18",17.12,61.4352257,29.3479871,"FI1C5","FI1C",13725,54639
"FI_429","FI",36,"C16-C18",17.12,62.6014659,25.7278807,"FI193","FI19",0,47301
"FI_428","FI",36,"C16-C18",17.12,61.4966858,23.7626801,"FI197","FI19",45302,42296
"FI_426","FI",36,"C16-C18",17.12,60.1819865,23.9496001,"FI1B1","FI1B",0,0
"FI_7","FI",30,"C23",23.52,61.0395861,28.1804474,"FI1C5","FI1C",0,0
"FI_410","FI",35,"C16-C18",17.11,61.1269479,28.4510891,"FI1C5","FI1C",16497,51887
"FI_387","FI",32,"C23",23.99,60.8784251,26.6053342,"FI1C4","FI1C",6539,19780
"FI_393","FI",33,"C23",23.14,60.6553693,24.8470612,"FI1B1","FI1B",7928,4884
"FI_395","FI",36,"C16-C18",17.12,61.2102113,26.0457548,"FI1C3","FI1C",99929,54343
"FI_12","FI",30,"C23",23.52,65.7595071,24.155852,"FI1D7","FI1D",107877,133577
"FI_513","FI",32,"C23",23.32,60.8443933,25.1600141,"FI1C3","FI1C",0,0
"FI_554","FI",35,"C16-C18",17.11,61.92411,25.748151,"FI193","FI19",0,0
"FI_625","FI",33,"C23",23.99,61.0395861,28.1804474,"FI1C5","FI1C",0,0
"FI_624","FI",33,"C23",23.99,60.2934976,22.2622579,"FI1C1","FI1C",15285,17271
"FI_388","FI",31,"C23",23.14,60.5150917,26.9351414,"FI1C4","FI1C",0,0
"FI_443","FI",24,"C24",24.1,61.1543718,28.8018495,"FI1C5","FI1C",35192,39254
"FI_484","FI",36,"C16-C18",17.12,61.6636778,23.1866522,"FI197","FI19",3235,39647
"FI_209046","FI",21,"C19-C20",NA,60.3137158,25.5152036,"FI1B1","FI1B",239472,113787
"FI_216500","FI",42,"C19-C20",NA,60.5262445,27.161635,"FI1C4","FI1C",1852,2882
"FR_495","FR",24,"C24",24.1,49.3370869,6.1465126,"FRF33","FRF3",0,0
"FR_84","FR",31,"C23",23.13,44.8964799,-0.319015,"FRI12","FRI1",57252,48716
"FR_496","FR",35,"C16-C18",17.12,48.1950531,6.9508086,"FRF34","FRF3",0,0
"FR_500","FR",35,"C16-C18",17.12,48.1476929,6.6175246,"FRF34","FRF3",0,0
"FR_501","FR",36,"C16-C18",17.12,48.3653135,6.8747958,"FRF34","FRF3",70314,38579
"FR_502","FR",31,"C23",23.13,48.3075742,5.9172696,"FRF34","FRF3",93992,66511
"FR_503","FR",35,"C16-C18",17.12,48.2045144,6.4181315,"FRF34","FRF3",23878,140266
"FR_40","FR",31,"C23",23.11,49.4830519,2.8931615,"FRE22","FRE2",81845,81470
"FR_1130","FR",32,"C23",23.32,43.042366,2.2480199,"FRJ11","FRJ1",25514,15208
"FR_895","FR",30,"C23",23.51,50.5859614,1.6145839,"FRE12","FRE1",0,0
"FR_896","FR",31,"C23",23.11,50.3181711,3.2682247,"FRE11","FRE1",0,0
"FR_159","FR",33,"C23",23.14,46.820448,4.862584,"FRC13","FRC1",4982,3045
"FR_456","FR",35,"C16-C18",17.22,48.770667,6.1352763,"FRF31","FRF3",33649,29680
"FR_878","FR",35,"C16-C18",17.11,43.095119,0.7200689,"FRJ23","FRJ2",25654,203077
"FR_879","FR",32,"C23",23.32,43.4721723,2.5104041,"FRJ27","FRJ2",4341,2535
"FR_77","FR",35,"C16-C18",17.12,44.8149948,-0.536246,"FRI12","FRI1",695,85
"FR_857","FR",32,"C23",23.32,43.653233,1.977249,"FRJ27","FRJ2",2375,2924
"FR_449","FR",31,"C23",23.13,48.4482394,6.7426067,"FRF31","FRF3",13935,9539
"FR_860","FR",36,"C16-C18",17.12,42.969019,1.163708,"FRJ21","FRJ2",12401,11294
"FR_112","FR",32,"C23",23.32,44.612861,-0.089171,"FRI12","FRI1",13815,24245
"FR_437","FR",37,"C19-C20",20.14,45.358463,6.301654,"FRK27","FRK2",31510,24351
"FR_438","FR",35,"C16-C18",17.12,45.4523078,6.1195118,"FRK27","FRK2",9608,30712
"FR_689","FR",29,"C23",23.51,48.9802289,1.8203858,"FR103","FR10",0,126368
"FR_423","FR",30,"C23",23.52,45.335335,5.620711,"FRK24","FRK2",0,31076
"FR_4","FR",35,"C16-C18",17.11,49.0330112,3.3935335,"FRE21","FRE2",17832,3530
"FR_399","FR",24,"C24",24.1,45.527692,4.615349,"FRK25","FRK2",34623,25313
"FR_402","FR",35,"C16-C18",17.22,46.0512085,4.0977524,"FRK25","FRK2",10095,7806
"FR_1152","FR",33,"C23",23.14,47.2353417,-0.7231214,"FRG02","FRG0",20684,14212
"FR_393","FR",35,"C16-C18",13.95,45.257517,5.909708,"FRK24","FRK2",5035,4688
"FR_139","FR",24,"C24",24.1,46.8042017,4.4274648,"FRC13","FRC1",41345,31400
"FR_387","FR",35,"C16-C18",17.12,45.5275869,4.9124452,"FRK24","FRK2",35013,34912
"FR_106","FR",35,"C16-C18",17.12,45.021002,0.0395042,"FRI11","FRI1",16230,18606
"FR_364","FR",35,"C16-C18",17.12,45.2163647,4.812464,"FRK23","FRK2",67230,103699
"FR_88","FR",35,"C16-C18",17.12,44.208635,-1.2662192,"FRI13","FRI1",37205,27291
"FR_983","FR",32,"C23",23.32,50.5058789,3.021992,"FRE11","FRE1",4328,4248
"FR_355","FR",35,"C16-C18",17.12,45.2846709,4.6507566,"FRK22","FRK2",5220,3472
"FR_672","FR",25,"C24",24.1,48.3856096,2.9810297,"FR102","FR10",51058,71652
"FR_654","FR",31,"C23",23.13,48.7710179,2.5017936,"FR107","FR10",51598,42218
"FR_655","FR",31,"C23",23.19,48.2280662,2.708024,"FR102","FR10",17547,21925
"FR_657","FR",31,"C23",23.19,48.2321798,2.7188365,"FR102","FR10",3708,3276
"FR_625","FR",24,"C24",24.1,43.5425987,4.7304574,"FRL04","FRL0",34308,38241
"FR_945","FR",32,"C23",23.2,50.3474351,3.5102262,"FRE11","FRE1",0,0
"FR_626","FR",30,"C23",23.52,43.437882,4.945711,"FRL04","FRL0",134823,143344
"FR_627","FR",21,"C19-C20",19.2,43.4501876,4.9253577,"FRL04","FRL0",759896,541293
"FR_946","FR",29,"C23",23.52,50.8137629,1.7792459,"FRE12","FRE1",465513,416936
"FR_335","FR",35,"C16-C18",17.21,45.7816805,1.2016106,"FRI23","FRI2",12675,8273
"FR_628","FR",24,"C24",24.1,43.4745483,4.9143239,"FRL04","FRL0",5322283,5293470
"FR_948","FR",21,"C19-C20",19.2,51.033087,2.264309,"FRE11","FRE1",0,0
"FR_629","FR",21,"C19-C20",19.2,43.399232,5.111521,"FRL04","FRL0",254890,94945
"FR_947","FR",35,"C16-C18",17.12,50.7709882,3.0898281,"FRE11","FRE1",29163,21404
"FR_608","FR",42,"C19-C20",20.14,44.070666,5.99103,"FRL01","FRL0",11282,6717
"FR_22","FR",35,"C16-C18",17.12,49.366057,3.412241,"FRE21","FRE2",19384,53411
"FR_316","FR",35,"C16-C18",17.12,47.282282,6.130258,"FRC21","FRC2",1374,2411
"FR_1117","FR",21,"C19-C20",19.2,46.227638,2.213749,"FRI22","FRI2",113218,22338
"FR_851","FR",32,"C23",23.32,48.8980517,8.1009563,"FRF11","FRF1",21392,13067
"FR_287","FR",35,"C16-C18",17.12,49.3209192,1.1755144,"FRD21","FRD2",1228,0
"FR_838","FR",35,"C16-C18",17.12,48.6121447,7.7811679,"FRF11","FRF1",2218,1692
"FR_593","FR",29,"C23",23.51,47.2913545,-0.4877852,"FRG02","FRG0",0,0
"FR_820","FR",35,"C16-C18",17.12,47.7719299,7.3900866,"FRF12","FRF1",6936,10217
"FR_821","FR",21,"C19-C20",19.2,48.654616,7.764179,"FRF11","FRF1",0,0
"FR_595","FR",29,"C23",23.51,43.7927899,7.378415,"FRL03","FRL0",435356,401927
"FR_1068","FR",35,"C16-C18",17.12,47.2709957,0.8495139,"FRB04","FRB0",6982,8060
"FR_801","FR",31,"C23",23.13,43.3378299,3.2039194,"FRJ13","FRJ1",39220,32836
"FR_800","FR",31,"C23",23.13,43.733274,4.2411711,"FRJ12","FRJ1",40964,28733
"FR_70","FR",30,"C23",23.52,45.1493048,0.5505623,"FRI11","FRI1",29525,20507
"FR_1070","FR",35,"C16-C18",17.11,47.616124,2.515848,"FRB06","FRB0",7264,7023
"FR_785","FR",32,"C23",23.32,43.3385966,1.9550428,"FRJ11","FRJ1",10572,7841
"FR_250","FR",35,"C16-C18",17.12,48.4965201,3.4831019,"FRF22","FRF2",55241,57836
"FR_68","FR",35,"C16-C18",17.12,44.834414,0.711659,"FRI11","FRI1",2333,27088
"FR_1061","FR",29,"C23",23.51,47.574813,0.312405,"FRB04","FRB0",216406,174496
"FR_523","FR",35,"C16-C18",17.12,48.1930678,6.7047864,"FRF34","FRF3",5684,9826
"FR_226","FR",31,"C23",23.13,49.23348,4.048807,"FRF23","FRF2",58699,50001
"FR_1038","FR",29,"C23",23.51,45.2118931,-0.36825,"FRI32","FRI3",82152,271268
"FR_196","FR",30,"C23",23.51,46.254311,3.427338,"FRK11","FRK1",190857,225163
"FR_203","FR",35,"C16-C18",17.12,45.3140728,4.2527133,"FRK13","FRK1",0,0
"FR_204","FR",32,"C23",23.32,45.3688469,3.3162355,"FRK13","FRK1",0,0
"FR_205","FR",24,"C24",24.1,45.925818,2.8082569,"FRK14","FRK1",26692,28862
"FR_203713","FR",28,"C24",24.42,48.040216,7.545766,"FRF12","FRF1",113778,80679
"FR_203712","FR",28,"C24",24.42,45.553255,3.2561714,"FRK14","FRK1",39939,36760
"FR_203580","FR",35,"C16-C18",17.22,47.9955705,2.6784496,"FRB06","FRB0",18677,16426
"FR_204205","FR",38,"C19-C20",20.15,49.4195487,1.0323981,"FRD22","FRD2",43354,26651
"FR_204782","FR",38,"C19-C20",20.14,45.360759,4.79787,"FRK24","FRK2",0,0
"FR_205224","FR",28,"C24",20.13,45.234464,6.413997,"FRK27","FRK2",93559,128528
"FR_205223","FR",28,"C24",20.13,45.0725117,5.8755183,"FRK24","FRK2",89959,117567
"FR_205222","FR",28,"C24",20.13,45.913874,5.809336,"FRK21","FRK2",127196,117937
"FR_205225","FR",28,"C24",24.1,45.5243507,6.4922658,"FRK27","FRK2",0,0
"FR_204945","FR",42,"C19-C20",63.11,45.6930131,4.8430155,"FRK26","FRK2",83,6865
"FR_205506","FR",24,"C24",24.1,50.1977355,3.8049972,"FRE11","FRE1",0,0
"FR_205706","FR",43,"C19-C20",20.11,45.1331593,5.70436,"FRK24","FRK2",11627,4861
"FR_205704","FR",43,"C19-C20",20.11,43.4745483,4.9143239,"FRL04","FRL0",176484,90008
"FR_205703","FR",43,"C19-C20",20.11,49.48118,0.55243,"FRD22","FRD2",234542,172556
"FR_205745","FR",42,"C19-C20",20.13,47.036533,5.407559,"FRC22","FRC2",0,0
"FR_205702","FR",25,"C24",24.1,48.580995,7.7972202,"FRF11","FRF1",17036,14810
"FR_205670","FR",26,"C24",24.42,45.275895,6.3613061,"FRK27","FRK2",209871,236063
"FR_205686","FR",42,"C19-C20",20.5,45.5399609,4.3029206,"FRK25","FRK2",33174,34513
"FR_206026","FR",34,"C23",23.62,45.7498576,-0.3092909,"FRI31","FRI3",23619,6209
"FR_206028","FR",34,"C23",23.62,48.9370704,2.5973109,"FR102","FR10",82251,30205
"FR_206024","FR",34,"C23",23.62,45.585462,5.8887516,"FRK27","FRK2",33011,8942
"FR_206025","FR",34,"C23",23.62,48.965703,2.2099381,"FR108","FR10",12275,6914
"FR_205994","FR",28,"C24",24.1,51.0134407,2.1607139,"FRE11","FRE1",28171,33712
"FR_205960","FR",25,"C24",24.51,49.26319,2.071258,"FRE22","FRE2",30316,26524
"FR_206321","FR",32,"C23",23.31,48.7830225,3.2842501,"FR102","FR10",0,0
"FR_206318","FR",25,"C24",24.1,49.3338864,6.0544762,"FRF33","FRF3",30857,22835
"FR_210517","FR",25,"C24",NA,51.0475768,2.454348,"FRE11","FRE1",0,0
"FR_215900","FR",36,"C16-C18",NA,50.7066368,2.2226431,"FRE12","FRE1",30798,27753
"FR_215801","FR",43,"C19-C20",NA,47.3152441,-2.0670769,"FRG01","FRG0",0,0
"DE_4153","DE",36,"C16-C18",17.12,49.90297,7.90214,"DEB14","DEB1",5386,3509
"DE_4149","DE",31,"C23",23.19,48.3669211,10.9276059,"DE271","DE27",0,0
"DE_599","DE",36,"C16-C18",17.12,48.3794,10.90003,"DE271","DE27",46908,86277
"DE_3397","DE",37,"C19-C20",20.13,50.8737059,6.9181277,"DEA27","DEA2",1809,18104
"DE_4172","DE",26,"C24",24.42,53.6558531,9.493202,"DE939","DE93",192069,142859
"DE_602","DE",36,"C16-C18",17.12,50.7261833,6.472219,"DEA26","DEA2",53839,39077
"DE_3898","DE",33,"C23",23.99,51.5646719,6.9666206,"DEA36","DEA3",34649,55647
"DE_4100","DE",22,"C19-C20",35.1,50.9886678,6.6629774,"DEA27","DEA2",439211,281871
"DE_608","DE",36,"C16-C18",17.12,51.28134,12.76785,"DED52","DED5",35273,27195
"DE_368","DE",32,"C23",23.2,51.4320198,7.1317955,"DEA13","DEA1",12572,13549
"DE_613","DE",36,"C16-C18",17.12,50.007646,8.3003089,"DE714","DE71",0,0
"DE_100","DE",29,"C23",23.51,51.8101949,11.7406075,"DEE0C","DEE0",690712,746969
"DE_99","DE",29,"C23",23.51,48.3735177,9.7362731,"DE145","DE14",459994,677914
"DE_98","DE",29,"C23",23.51,51.59936,8.33582,"DEA5B","DEA5",415688,319112
"DE_386","DE",32,"C23",23.2,51.2561697,14.3019035,"DED2C","DED2",6155,5031
"DE_389","DE",32,"C23",23.49,51.591883,13.7751649,"DE407","DE40",6859,5963
"DE_953","DE",36,"C16-C18",17.12,51.5391813,7.083147,"DEA32","DEA3",0,45297
"DE_122","DE",30,"C23",23.52,50.8031421,12.0919731,"DEG0L","DEG0",101329,70555
"DE_121","DE",30,"C23",23.52,50.5902079,9.5015276,"DE732","DE73",53163,38091
"DE_391","DE",32,"C23",23.32,48.257914,11.4171716,"DE217","DE21",0,74
"DE_119","DE",29,"C23",23.51,51.5992469,8.3510809,"DEA5B","DEA5",0,0
"DE_127","DE",30,"C23",23.52,51.847343,10.1888329,"DE916","DE91",294852,212743
"DE_131","DE",30,"C23",23.52,51.24822,7.04235,"DEA1A","DEA1",228411,178610
"DE_978","DE",21,"C19-C20",35.1,51.463126,11.7204095,"DEE0A","DEE0",267450,77157
"DE_130","DE",30,"C23",23.52,48.8920922,11.9292939,"DE226","DE22",220878,190277
"DE_129","DE",30,"C23",23.52,51.7568583,10.8471133,"DEE09","DEE0",92159,74798
"DE_406","DE",32,"C23",23.32,51.5165163,10.8100618,"DEG07","DEG0",3725,3528
"DE_143","DE",30,"C23",23.52,51.3653566,7.5294542,"DEA53","DEA5",0,0
"DE_405","DE",32,"C23",23.32,50.1878729,8.7279229,"DE71E","DE71",0,0
"DE_142","DE",30,"C23",23.52,50.3353123,6.7669035,"DEB24","DEB2",46565,33280
"DE_147","DE",30,"C23",23.52,51.2804478,7.0222966,"DEA1C","DEA1",1592722,1172216
"DE_155","DE",30,"C23",23.52,52.2647544,7.3985466,"DEA37","DEA3",23089,22118
"DE_159","DE",30,"C23",10.81,53.7944009,12.2093472,"DE80K","DE80",0,0
"DE_158","DE",30,"C23",23.52,50.0292489,11.3108243,"DE24B","DE24",13299,11957
"DE_421","DE",32,"C23",23.32,52.3728109,7.9959544,"DE94E","DE94",13191,10820
"DE_420","DE",32,"C23",23.32,52.1993714,8.6861041,"DEA43","DEA4",0,0
"DE_423","DE",32,"C23",23.32,52.4941004,6.9125278,"DE94B","DE94",7405,6310
"DE_426","DE",32,"C23",23.32,50.0739289,8.9304955,"DE71C","DE71",5603,9000
"DE_171","DE",30,"C23",23.52,48.423547,9.9043348,"DE145","DE14",130339,95006
"DE_178","DE",30,"C23",10.81,51.9856953,8.8071295,"DEA45","DEA4",47713,34490
"DE_432","DE",32,"C23",23.32,52.3474961,7.9829987,"DE94E","DE94",0,0
"DE_184","DE",30,"C23",23.52,51.6058633,8.3358524,"DEA5B","DEA5",116824,87451
"DE_437","DE",32,"C23",23.31,52.2587681,7.8674531,"DEA37","DEA3",0,0
"DE_443","DE",32,"C23",23.32,48.2365452,10.4941893,"DE278","DE27",22964,25206
"DE_194","DE",31,"C23",23.11,50.0502576,12.0376845,"DE24D","DE24",16463,15565
"DE_193","DE",31,"C23",23.13,51.69705,9.43707,"DE926","DE92",16893,14495
"DE_1302","DE",42,"C19-C20",20.14,51.4236401,8.0278021,"DEA57","DEA5",0,0
"DE_197","DE",31,"C23",23.11,51.5768611,12.998105,"DED53","DED5",110861,95569
"DE_196","DE",31,"C23",23.14,50.0422752,8.214612,"DE714","DE71",0,0
"DE_201","DE",31,"C23",23.13,52.190413,9.4481324,"DE923","DE92",19434,13493
"DE_211","DE",31,"C23",23.19,51.50441,14.64819,"DED2D","DED2",0,0
"DE_462","DE",32,"C23",23.32,48.2156399,12.0598642,"DE21A","DE21",11117,17564
"DE_219","DE",31,"C23",23.13,48.7377336,11.2399785,"DE21I","DE21",63139,63090
"DE_461","DE",32,"C23",23.2,51.5452594,9.9041897,"DE91C","DE91",9660,9341
"DE_464","DE",32,"C23",23.32,49.3480132,12.5280471,"DE235","DE23",11690,10230
"DE_223","DE",31,"C23",23.11,49.6240286,12.0708103,"DE237","DE23",225582,164825
"DE_226","DE",31,"C23",23.19,49.9462135,12.2460976,"DE23A","DE23",85272,87751
"DE_467","DE",32,"C23",23.2,50.442657,7.6695424,"DEB1B","DEB1",9767,7886
"DE_225","DE",31,"C23",23.13,48.9560176,11.3991113,"DE219","DE21",34733,27424
"DE_1503","DE",36,"C16-C18",17.12,49.38941,8.04498,"DEB3C","DEB3",21520,22726
"DE_228","DE",31,"C23",23.19,51.9547256,9.7384801,"DE926","DE92",7423,5645
"DE_235","DE",31,"C23",23.13,50.5109537,11.2136483,"DEG0I","DEG0",19903,16265
"DE_234","DE",31,"C23",23.19,51.70565,9.03629,"DEA44","DEA4",0,0
"DE_473","DE",32,"C23",23.32,51.19199,14.68858,"DED2D","DED2",5904,10960
"DE_239","DE",31,"C23",23.13,50.4580412,11.2646761,"DE24A","DE24",43898,33141
"DE_476","DE",32,"C23",23.32,51.9042694,7.604307,"DEA33","DEA3",8411,6047
"DE_245","DE",31,"C23",23.19,49.6974197,12.1639186,"DE233","DE23",15260,11657
"DE_1633","DE",36,"C16-C18",35.3,47.75727,11.74438,"DE21F","DE21",10076,6948
"DE_2","DE",21,"C19-C20",19.2,49.3001547,8.4566828,"DEB38","DEB3",0,0
"DE_485","DE",32,"C23",23.49,48.5481442,12.5496008,"DE22C","DE22",0,0
"DE_255","DE",31,"C23",23.13,49.2318375,8.3726509,"DEB3E","DEB3",58803,52469
"DE_490","DE",35,"C16-C18",17.11,50.4034989,11.7007465,"DEG0K","DEG0",50074,16449
"DE_254","DE",31,"C23",23.19,51.355851,12.7333339,"DED52","DED5",35487,37547
"DE_257","DE",31,"C23",23.19,50.7291153,8.2941997,"DE722","DE72",2358,3106
"DE_10","DE",21,"C19-C20",19.2,54.1558644,9.0780935,"DEF05","DEF0",1021113,537528
"DE_492","DE",35,"C16-C18",17.12,49.5342887,8.4594526,"DE126","DE12",37788,55435
"DE_16","DE",21,"C19-C20",19.2,52.5587974,7.2987305,"DE949","DE94",936964,681827
"DE_263","DE",31,"C23",23.13,50.5885546,10.9942173,"DEG0F","DEG0",57914,48603
"DE_497","DE",36,"C16-C18",17.12,47.8799441,11.8959475,"DE21K","DE21",7895,6282
"DE_262","DE",31,"C23",23.13,50.43851,11.38205,"DE24A","DE24",116847,95358
"DE_510","DE",36,"C16-C18",17.12,51.3238213,9.8490244,"DE737","DE73",8720,8070
"DE_509","DE",36,"C16-C18",17.12,50.7227852,10.3563706,"DEG0B","DEG0",2673,3843
"DE_514","DE",36,"C16-C18",17.12,51.4089403,7.9921412,"DEA57","DEA5",19617,31173
"DE_513","DE",36,"C16-C18",17.12,51.4089403,7.9921412,"DEA57","DEA5",22750,16888
"DE_278","DE",32,"C23",23.2,50.3897854,7.3410367,"DEB17","DEB1",0,0
"DE_281","DE",32,"C23",23.32,48.3964821,11.0959458,"DE275","DE27",0,0
"DE_33","DE",21,"C19-C20",19.2,53.514497,9.9527031,"DE600","DE60",70275,55672
"DE_32","DE",21,"C19-C20",19.2,50.8539688,6.9762816,"DEA23","DEA2",1256137,881650
"DE_284","DE",32,"C23",23.2,51.3744849,7.5303406,"DEA53","DEA5",0,0
"DE_520","DE",36,"C16-C18",17.12,51.520551,6.7183511,"DEA12","DEA1",0,0
"DE_31","DE",21,"C19-C20",19.2,50.8144245,7.0065099,"DEA27","DEA2",1913907,1271806
"DE_36","DE",21,"C19-C20",19.2,51.4339188,6.8530695,"DEA16","DEA1",0,0
"DE_523","DE",36,"C16-C18",17.12,51.66144,10.35262,"DE91C","DE91",78184,60406
"DE_522","DE",36,"C16-C18",17.12,52.9798037,7.3583974,"DE949","DE94",226937,304376
"DE_530","DE",36,"C16-C18",17.12,49.089622,9.7362624,"DE11A","DE11",2877,3597
"DE_532","DE",36,"C16-C18",17.12,50.5344803,12.8091229,"DED42","DED4",19635,9816
"DE_46","DE",24,"C24",24.1,52.6470173,13.2081618,"DE40A","DE40",52091,41827
"DE_45","DE",22,"C19-C20",19.1,51.5209626,6.970655,"DEA31","DEA3",326713,289316
"DE_531","DE",36,"C16-C18",17.12,51.4058586,7.4925685,"DEA53","DEA5",61642,92279
"DE_297","DE",32,"C23",23.32,48.6108546,11.7755552,"DE226","DE22",18242,19727
"DE_56","DE",24,"C24",24.1,49.3553758,6.7317259,"DEC04","DEC0",421916,4102
"DE_541","DE",36,"C16-C18",17.12,50.7915724,6.4865655,"DEA26","DEA2",6719,4905
"DE_1864","DE",36,"C16-C18",17.12,50.7251744,10.3567027,"DEG0B","DEG0",9277,7708
"DE_55","DE",24,"C24",24.1,51.4365479,7.3256261,"DEA56","DEA5",20621,22679
"DE_544","DE",36,"C16-C18",17.12,53.1814889,11.2740457,"DE80O","DE80",3453,3566
"DE_543","DE",36,"C16-C18",17.12,50.6590366,6.6460446,"DEA28","DEA2",33237,18901
"DE_1882","DE",31,"C23",23.11,52.0427704,11.5855125,"DEE07","DEE0",139149,116850
"DE_1885","DE",36,"C16-C18",17.12,48.7960394,12.862007,"DE224","DE22",35116,80027
"DE_65","DE",22,"C19-C20",19.1,51.4984818,6.7300869,"DEA12","DEA1",1880340,553443
"DE_64","DE",24,"C24",24.1,51.472986,7.1744538,"DEA51","DEA5",0,0
"DE_311","DE",32,"C23",23.32,48.8118529,11.3296694,"DE219","DE21",423,4489
"DE_1891","DE",25,"C24",25.61,52.1611794,14.6288292,"DE40C","DE40",45922,34879
"DE_70","DE",24,"C24",24.1,52.1611794,14.6288292,"DE40C","DE40",1478439,2678779
"DE_553","DE",36,"C16-C18",17.12,51.0729358,8.0696264,"DEA59","DEA5",10870,9002
"DE_314","DE",32,"C23",23.2,52.2366,8.40057,"DE94E","DE94",9909,10507
"DE_69","DE",24,"C24",24.1,51.4913158,6.7408265,"DEA12","DEA1",7758278,14748891
"DE_552","DE",36,"C16-C18",17.21,48.0254,12.5441,"DE21M","DE21",5018,38936
"DE_313","DE",32,"C23",23.32,53.3645482,7.9942596,"DE94A","DE94",3461,3706
"DE_68","DE",24,"C24",24.1,51.3082871,6.5540923,"DEA14","DEA1",0,0
"DE_4105","DE",30,"C23",23.52,51.7671595,10.8343409,"DEE09","DEE0",110382,70376
"DE_73","DE",29,"C23",23.51,50.5902079,9.5015276,"DE732","DE73",114390,115097
"DE_316","DE",32,"C23",23.32,51.8509116,7.3492833,"DEA35","DEA3",0,0
"DE_4103","DE",31,"C23",23.13,51.3302,13.95499,"DED2C","DED2",0,0
"DE_1994","DE",32,"C23",23.2,49.453759,8.4286864,"DEB34","DEB3",3912,4018
"DE_318","DE",32,"C23",23.32,50.97504,11.86846,"DEG0J","DEG0",9024,25850
"DE_75","DE",29,"C23",23.51,52.3518914,9.889402,"DE929","DE92",549833,555006
"DE_557","DE",36,"C16-C18",17.12,48.5842747,7.8199958,"DE134","DE13",33125,98641
"DE_322","DE",32,"C23",23.32,49.2939574,10.5938745,"DE251","DE25",8447,18735
"DE_79","DE",29,"C23",23.51,51.7644039,8.0556783,"DEA38","DEA3",495048,502761
"DE_321","DE",32,"C23",23.32,51.6888811,6.8574891,"DEA1F","DEA1",5045,1550
"DE_85","DE",29,"C23",23.51,49.0157174,8.6107308,"DE123","DE12",373398,438941
"DE_2196","DE",42,"C19-C20",20.14,50.8330656,6.9669816,"DEA27","DEA2",819191,788543
"DE_566","DE",36,"C16-C18",17.12,50.3211422,7.2341629,"DEB17","DEB1",155917,133273
"DE_2298","DE",42,"C19-C20",20.14,49.4961841,8.430558,"DEB34","DEB3",56111,183969
"DE_335","DE",32,"C23",23.32,51.1845206,10.5338179,"DEG09","DEG0",6611,14161
"DE_334","DE",32,"C23",23.32,49.49918,10.79721,"DE258","DE25",0,0
"DE_339","DE",32,"C23",23.32,48.4092771,10.868755,"DE271","DE27",5735,7858
"DE_342","DE",32,"C23",23.32,50.08426,12.25146,"DE24D","DE24",7172,5623
"DE_582","DE",36,"C16-C18",17.12,51.2600542,6.4096867,"DEA1E","DEA1",0,0
"DE_581","DE",36,"C16-C18",17.12,47.8978629,10.6203586,"DE272","DE27",27564,18044
"DE_4117","DE",31,"C23",23.19,48.3654632,10.9296522,"DE271","DE27",0,0
"DE_584","DE",36,"C16-C18",17.21,53.1692419,7.3649682,"DE94C","DE94",4139,14567
"DE_345","DE",32,"C23",23.32,53.06594,8.43332,"DE94D","DE94",0,0
"DE_2694","DE",37,"C19-C20",20.13,50.8737059,6.9181277,"DEA27","DEA2",41172,32311
"DE_349","DE",32,"C23",23.32,48.9073868,12.8091933,"DE22B","DE22",7366,10370
"DE_589","DE",36,"C16-C18",17.12,50.9155578,7.5158966,"DEA2A","DEA2",0,0
"DE_363","DE",32,"C23",23.32,48.7412537,10.7595637,"DE27D","DE27",11664,11636
"DE_362","DE",32,"C23",23.2,50.6597472,8.7537094,"DE721","DE72",7925,8532
"DE_201538","DE",42,"C19-C20",20.14,50.8590711,6.8448268,"DEA27","DEA2",36706,26108
"DE_201642","DE",32,"C23",23.32,51.1804533,10.5060469,"DEG09","DEG0",9924,9477
"DE_201734","DE",25,"C24",24.1,51.4384283,6.8752402,"DEA16","DEA1",38388,27895
"DE_201681","DE",32,"C23",23.99,53.64973,9.10648,"DE932","DE93",0,0
"DE_201664","DE",25,"C24",24.51,49.549146,8.0554082,"DEB3D","DEB3",37878,30255
"DE_201895","DE",36,"C16-C18",63.11,52.46203,13.45232,"DE300","DE30",0,0
"DE_201955","DE",43,"C19-C20",20.11,49.4961841,8.430558,"DEB34","DEB3",66035,180270
"DE_201998","DE",42,"C19-C20",20.14,49.4921939,8.4363349,"DEB34","DEB3",58867,151274
"DE_201997","DE",42,"C19-C20",20.14,49.4961841,8.430558,"DEB34","DEB3",23748,11397
"DE_201995","DE",42,"C19-C20",20.14,49.4961841,8.430558,"DEB34","DEB3",383,0
"DE_201996","DE",42,"C19-C20",20.14,49.4961841,8.430558,"DEB34","DEB3",1888,35793
"DE_202029","DE",42,"C19-C20",NA,49.4961841,8.430558,"DEB34","DEB3",0,0
"DE_202030","DE",42,"C19-C20",NA,49.4961841,8.430558,"DEB34","DEB3",0,0
"DE_202009","DE",43,"C19-C20",20.11,51.4775472,13.8773562,"DE40B","DE40",0,0
"DE_202010","DE",42,"C19-C20",20.14,51.1799164,6.8431234,"DEA11","DEA1",1079,67963
"DE_202008","DE",44,"C19-C20",20.13,49.4961841,8.430558,"DEB34","DEB3",758,9816
"DE_202007","DE",44,"C19-C20",20.13,49.4961841,8.430558,"DEB34","DEB3",0,40418
"DE_202207","DE",42,"C19-C20",20.14,51.1879756,12.3546491,"DED52","DED5",0,0
"DE_202206","DE",42,"C19-C20",20.14,51.1879756,12.3546491,"DED52","DED5",1452,0
"DE_202203","DE",42,"C19-C20",20.14,51.1879756,12.3546491,"DED52","DED5",0,0
"DE_202196","DE",42,"C19-C20",20.14,48.1832866,12.7353298,"DE214","DE21",0,0
"DE_202344","DE",32,"C23",23.32,52.3556148,8.962158,"DEA46","DEA4",8699,10449
"DE_202342","DE",32,"C23",23.32,50.9978951,12.681294,"DED52","DED5",11985,21521
"DE_202335","DE",25,"C24",24.1,51.3082871,6.5540923,"DEA14","DEA1",20024,20129
"DE_202334","DE",25,"C24",24.1,51.4365479,7.3256261,"DEA56","DEA5",19588,19450
"DE_202333","DE",25,"C24",24.1,51.3590816,7.4582569,"DEA53","DEA5",14348,13377
"DE_202304","DE",25,"C24",24.1,50.9184642,8.0144406,"DEA5A","DEA5",52535,43162
"DE_202389","DE",43,"C19-C20",20.11,53.628319,9.5122236,"DE939","DE93",13300,2937
"DE_202455","DE",41,"C19-C20",20.15,51.8740944,12.5883382,"DEE0E","DEE0",457738,978393
"DE_202454","DE",38,"C19-C20",20.15,51.8740944,12.5883382,"DEE0E","DEE0",8773,32095
"DE_202457","DE",41,"C19-C20",20.15,51.8740944,12.5883382,"DEE0E","DEE0",1183746,974056
"DE_202446","DE",28,"C24",24.44,51.6064544,7.5075862,"DEA5C","DEA5",159218,126525
"DE_202439","DE",44,"C19-C20",20.13,51.79878,11.75353,"DEE0C","DEE0",162327,246670
"DE_202557","DE",28,"C24",24.42,51.4900235,6.9681579,"DEA13","DEA1",27303,26080
"DE_202642","DE",32,"C23",23.32,49.4933968,10.8101856,"DE258","DE25",8110,7424
"DE_202640","DE",42,"C19-C20",20.14,51.5253439,6.7982794,"DEA17","DEA1",0,0
"DE_202638","DE",42,"C19-C20",20.14,51.5253439,6.7982794,"DEA17","DEA1",0,468
"DE_202636","DE",42,"C19-C20",20.14,51.5253439,6.7982794,"DEA17","DEA1",0,25009
"DE_202639","DE",42,"C19-C20",20.14,51.5263558,6.7963921,"DEA17","DEA1",0,0
"DE_202696","DE",25,"C24",24.1,50.9939086,13.6391137,"DED2F","DED2",11674,9229
"DE_202695","DE",25,"C24",25.5,50.8663265,8.0065641,"DEA5A","DEA5",14677,11476
"DE_202852","DE",42,"C19-C20",NA,51.0163561,6.9847456,"DEA24","DEA2",0,0
"DE_202902","DE",28,"C24",24.42,51.1521342,6.7809902,"DEA1D","DEA1",40051,28724
"DE_202898","DE",26,"C24",24.42,51.1521342,6.7809902,"DEA1D","DEA1",91496,229854
"DE_202883","DE",36,"C16-C18",17.12,50.8619628,6.8324826,"DEA27","DEA2",6,61092
"DE_202899","DE",26,"C24",24.42,51.1521342,6.7809902,"DEA1D","DEA1",26024,27774
"DE_202878","DE",42,"C19-C20",20.14,51.6787945,7.0949199,"DEA36","DEA3",121962,192854
"DE_202874","DE",42,"C19-C20",20.16,48.7555011,11.7037456,"DE21J","DE21",1309,140
"DE_202983","DE",24,"C24",24.1,51.3638063,6.7143204,"DEA12","DEA1",0,0
"DE_202980","DE",24,"C24",24.1,51.5303631,7.4892184,"DEA52","DEA5",31330,14457
"DE_202979","DE",24,"C24",24.1,51.4707792,7.1652025,"DEA51","DEA5",17961,14844
"DE_202977","DE",24,"C24",24.1,50.9732698,7.9764274,"DEA5A","DEA5",19708,15292
"DE_202978","DE",24,"C24",24.1,50.9582441,8.0181863,"DEA5A","DEA5",20783,18511
"DE_203128","DE",32,"C23",23.32,51.2443746,6.1489972,"DEA1E","DEA1",12532,10337
"DE_203236","DE",36,"C16-C18",17.12,51.3207452,9.8499048,"DE737","DE73",0,0
"DE_203224","DE",42,"C19-C20",20.14,51.4727539,6.7976328,"DEA12","DEA1",7195,10305
"DE_203215","DE",42,"C19-C20",20.14,50.0194815,8.2368782,"DEB35","DEB3",0,15661
"DE_203214","DE",42,"C19-C20",20.14,51.4236401,8.0278021,"DEA57","DEA5",40653,38088
"DE_203190","DE",42,"C19-C20",20.14,51.6787945,7.0949199,"DEA36","DEA3",48445,44515
"DE_203347","DE",34,"C23",23.62,51.1824122,12.3803004,"DED52","DED5",24740,11361
"DE_203628","DE",36,"C16-C18",17.12,49.9873674,9.1571398,"DE261","DE26",1,82945
"DE_203618","DE",42,"C19-C20",20.14,51.5984592,6.9676687,"DEA36","DEA3",8068,160860
"DE_203617","DE",32,"C23",23.31,49.4055096,12.0902087,"DE239","DE23",14864,17551
"DE_203616","DE",32,"C23",23.31,50.5449843,7.2618943,"DEB12","DEB1",16076,18821
"DE_203615","DE",32,"C23",23.31,50.6916673,7.0262196,"DEA2C","DEA2",13813,16473
"DE_203619","DE",25,"C24",24.51,50.8868352,8.4515887,"DE724","DE72",37701,26013
"DE_203603","DE",34,"C23",23.62,51.8422852,14.4499329,"DE40G","DE40",19007,7378
"DE_203756","DE",27,"C24",24.42,50.392576,7.589225,"DEB11","DEB1",27705,23854
"DE_204156","DE",36,"C16-C18",17.12,51.2945195,6.3653187,"DEA1E","DEA1",0,0
"DE_204322","DE",43,"C19-C20",20.11,51.0873247,6.8158329,"DEA1D","DEA1",28,5767
"DE_204294","DE",32,"C23",23.31,51.1654963,13.4897067,"DED2E","DED2",0,0
"DE_204300","DE",25,"C24",24.51,51.3534187,8.3353454,"DEA57","DEA5",30340,34959
"DE_204255","DE",27,"C24",24.53,48.71552,9.39619,"DE113","DE11",15369,12694
"DE_205271","DE",42,"C19-C20",20.14,51.0670564,6.8460238,"DEA23","DEA2",20329,59036
"DE_205269","DE",25,"C24",24.2,51.2277411,6.7734556,"DEA11","DEA1",9573,10290
"DE_205270","DE",42,"C19-C20",20.14,51.0670564,6.8460238,"DEA23","DEA2",0,0
"DE_205268","DE",42,"C19-C20",20.14,51.0670564,6.8460238,"DEA23","DEA2",0,0
"DE_205241","DE",42,"C19-C20",20.14,51.3641633,6.6551144,"DEA14","DEA1",8389,31705
"DE_205246","DE",43,"C19-C20",20.11,53.901848,9.1849513,"DEF05","DEF0",32883,11234
"DE_205384","DE",42,"C19-C20",20.14,51.8334104,6.2360566,"DEA1B","DEA1",20423,42415
"DE_205362","DE",32,"C23",23.32,48.7266487,12.1874521,"DE227","DE22",0,0
"DE_205361","DE",25,"C24",24.2,51.2277411,6.7734556,"DEA11","DEA1",4379,6029
"DE_205360","DE",32,"C23",23.32,48.7266487,12.1874521,"DE227","DE22",0,0
"DE_205359","DE",32,"C23",23.49,48.7266487,12.1874521,"DE227","DE22",0,0
"DE_205544","DE",42,"C19-C20",20.14,51.6787945,7.0949199,"DEA36","DEA3",17782,28155
"DE_205543","DE",42,"C19-C20",20.14,51.6787945,7.0949199,"DEA36","DEA3",0,0
"DE_205540","DE",25,"C24",24.1,50.7583493,8.2794539,"DE722","DE72",20030,20632
"DE_205539","DE",25,"C24",24.1,51.1604387,6.8863283,"DEA11","DEA1",0,0
"DE_205538","DE",25,"C24",24.1,51.3066446,6.5456187,"DEA14","DEA1",34673,32527
"DE_205528","DE",42,"C19-C20",20.14,51.831881,6.2551895,"DEA1B","DEA1",1230,1410
"DE_205507","DE",36,"C16-C18",17.12,52.253142,11.8819181,"DEE06","DEE0",92607,88125
"DE_205504","DE",36,"C16-C18",17.12,50.63859,12.20894,"DEG0L","DEG0",0,0
"DE_205509","DE",36,"C16-C18",63.11,52.1699271,14.642246,"DE40C","DE40",11,46410
"DE_205658","DE",25,"C24",24.1,51.4397842,7.5609173,"DEA5C","DEA5",7844,7201
"DE_205985","DE",42,"C19-C20",20.14,51.0670564,6.8460238,"DEA23","DEA2",0,0
"DE_205984","DE",42,"C19-C20",20.14,51.0670564,6.8460238,"DEA23","DEA2",0,0
"DE_205983","DE",42,"C19-C20",20.14,51.0670564,6.8460238,"DEA23","DEA2",0,0
"DE_205982","DE",42,"C19-C20",20.14,51.0670564,6.8460238,"DEA23","DEA2",0,0
"DE_205981","DE",42,"C19-C20",20.14,51.0670564,6.8460238,"DEA23","DEA2",0,0
"DE_206057","DE",43,"C19-C20",20.11,51.3146879,12.018553,"DEE0B","DEE0",221192,0
"DE_206266","DE",36,"C16-C18",NA,50.9738223,11.6400332,"DEG0J","DEG0",0,0
"DE_207565","DE",24,"C24",24.1,51.3295191,13.3678983,"DED2E","DED2",11079,6623
"DE_209946","DE",42,"C19-C20",NA,49.4961841,8.430558,"DEB34","DEB3",6524,4991
"DE_209865","DE",42,"C19-C20",NA,51.0670564,6.8460238,"DEA23","DEA2",0,0
"DE_209864","DE",42,"C19-C20",NA,51.0670564,6.8460238,"DEA23","DEA2",0,0
"DE_209866","DE",42,"C19-C20",NA,51.0670564,6.8460238,"DEA23","DEA2",0,0
"DE_209764","DE",42,"C19-C20",NA,50.8330656,6.9669816,"DEA27","DEA2",738,21910
"DE_209763","DE",42,"C19-C20",NA,50.8330656,6.9669816,"DEA27","DEA2",329,334
"DE_209762","DE",42,"C19-C20",NA,50.8330656,6.9669816,"DEA27","DEA2",126,75
"DE_210124","DE",36,"C16-C18",NA,53.22474,8.45757,"DE94G","DE94",15191,17636
"DE_210164","DE",42,"C19-C20",NA,49.4961841,8.430558,"DEB34","DEB3",3998,0
"DE_210601","DE",42,"C19-C20",NA,51.5160483,10.2356712,"DE91C","DE91",585,0
"DE_210596","DE",42,"C19-C20",NA,51.5253439,6.7982794,"DEA17","DEA1",52,0
"DE_210542","DE",42,"C19-C20",NA,53.9102847,11.4491298,"DE80M","DE80",3269,2052
"DE_210525","DE",42,"C19-C20",NA,51.0459248,7.0192196,"DEA24","DEA2",5,0
"DE_210520","DE",42,"C19-C20",NA,51.3255559,12.0128312,"DEE0B","DEE0",2957,1624
"DE_211199","DE",42,"C19-C20",NA,49.4961841,8.430558,"DEB34","DEB3",0,0
"DE_211198","DE",42,"C19-C20",NA,49.4961841,8.430558,"DEB34","DEB3",35038,71571
"DE_212540","DE",42,"C19-C20",NA,53.6519197,9.5078665,"DE939","DE93",197,56098
"DE_212260","DE",21,"C19-C20",NA,53.6087071,8.0883633,"DE945","DE94",40750,40673
"DE_214200","DE",36,"C16-C18",NA,51.520172,14.3365741,"DE40G","DE40",499,27205
"DE_214101","DE",36,"C16-C18",NA,51.6368701,12.2287615,"DEE05","DEE0",102031,120551
"DE_215000","DE",32,"C23",NA,50.7502598,8.2740159,"DE722","DE72",6805,8316
"DE_217320","DE",33,"C23",NA,50.850954,12.2061027,"DEG0L","DEG0",27753,13720
"DE_218880","DE",36,"C16-C18",NA,49.0424586,13.0000891,"DE229","DE22",1271,5417
"GR_50","EL",32,"C23",23.32,38.408184,23.5299708,"EL642","EL64",0,0
"GR_115","EL",36,"C16-C18",17.12,37.9841213,22.7814049,"EL652","EL65",0,0
"GR_60","EL",29,"C23",23.51,40.6883975,22.9431571,"EL522","EL52",670319,652938
"GR_105","EL",35,"C16-C18",17.11,38.1270128,23.8435432,"EL305","EL30",0,0
"GR_59","EL",29,"C23",23.51,38.2216703,23.5014213,"EL641","EL64",1223641,1357719
"GR_104","EL",36,"C16-C18",17.12,37.9829463,23.7011341,"EL303","EL30",0,0
"GR_55","EL",29,"C23",23.51,38.3222338,21.8531095,"EL632","EL63",714374,612053
"GR_102","EL",32,"C23",23.32,40.6481435,22.8543271,"EL522","EL52",0,0
"GR_100","EL",32,"C23",35,39.6463226,22.4170035,"EL612","EL61",0,0
"GR_62","EL",32,"C23",23.32,37.725686,21.3690324,"EL633","EL63",0,0
"GR_56","EL",32,"C23",23.32,40.9880227,24.6966476,"EL515","EL51",0,0
"GR_98","EL",32,"C23",23.32,39.558555,21.7844135,"EL611","EL61",956,664
"GR_53","EL",32,"C23",23.41,40.5501072,22.9825712,"EL522","EL52",0,0
"GR_99","EL",32,"C23",23.32,40.5084884,22.9780696,"EL522","EL52",0,0
"GR_79","EL",30,"C23",23.52,39.3953238,22.8102914,"EL613","EL61",60994,45023
"GR_131","EL",32,"C23",23.32,38.2613948,21.7439534,"EL632","EL63",0,0
"GR_130","EL",32,"C23",23.32,39.5114038,20.2605444,"EL542","EL54",3352,1365
"GR_137","EL",32,"C23",23.32,37.4092209,22.3992917,"EL651","EL65",0,0
"GR_139","EL",32,"C23",23.32,37.6157871,22.730305,"EL651","EL65",0,0
"GR_116","EL",32,"C23",23.32,35.3247774,24.4581947,"EL433","EL43",820,1784
"GR_141","EL",32,"C23",23.32,36.9287049,22.5096947,"EL653","EL65",0,0
"GR_114","EL",36,"C16-C18",17.12,38.7986726,22.4694265,"EL644","EL64",13751,6694
"GR_126","EL",30,"C23",23.52,37.8163513,22.9244523,"EL652","EL65",7887,9701
"GR_124","EL",30,"C23",23.52,39.6390224,22.4191254,"EL612","EL61",0,75
"GR_117","EL",32,"C23",23.32,38.8871142,22.4387948,"EL644","EL64",0,0
"GR_129","EL",30,"C23",23.52,37.1083574,22.4312686,"EL653","EL65",5657,4751
"GR_181","EL",30,"C23",23.52,40.351255,21.8331041,"EL531","EL53",0,0
"GR_1","EL",31,"C23",23.13,37.9834162,23.6699111,"EL307","EL30",46819,34756
"GR_187","EL",36,"C16-C18",17.12,41.116098,25.3928752,"EL513","EL51",871,4062
"GR_186","EL",36,"C16-C18",17.12,40.2779448,22.5156468,"EL525","EL52",9140,6524
"GR_89","EL",21,"C19-C20",19.2,38.0484706,23.5545777,"EL306","EL30",1994867,1263154
"GR_37","EL",32,"C23",23.32,41.1266172,23.3819761,"EL526","EL52",0,0
"GR_45","EL",32,"C23",23.32,39.6463226,22.4170035,"EL612","EL61",6987,8229
"GR_97","EL",24,"C24",24.1,39.1450932,22.6913764,"EL613","EL61",38988,31909
"GR_96","EL",24,"C24",24.1,39.3953238,22.8102914,"EL613","EL61",25946,25583
"GR_40","EL",32,"C23",23.32,40.6643203,23.1107198,"EL522","EL52",0,0
"GR_33","EL",32,"C23",23.32,40.6717164,22.8015174,"EL522","EL52",4591,3122
"GR_94","EL",24,"C24",24.1,40.6827966,22.8620147,"EL522","EL52",27238,34816
"GR_29","EL",32,"C23",23.32,38.0726225,23.594131,"EL306","EL30",6861,6510
"GR_93","EL",24,"C24",24.1,38.0484706,23.5545777,"EL306","EL30",0,0
"GR_202609","EL",33,"C23",23.99,40.9165667,23.4814085,"EL526","EL52",14640,9413
"GR_203127","EL",30,"C23",8.99,40.2689678,23.4497467,"EL527","EL52",179854,166513
"GR_207652","EL",30,"C23",8.99,38.874517,23.4374244,"EL642","EL64",52981,44652
"GR_207882","EL",41,"C19-C20",20.15,40.9624179,24.5082696,"EL515","EL51",154158,248411
"GR_218120","EL",36,"C16-C18",NA,38.3380448,23.6202585,"EL641","EL64",17733,7455
"GR_217842","EL",36,"C16-C18",NA,41.052508,23.5798819,"EL526","EL52",4286,2636
"HU_17","HU",32,"C23",23.32,46.8238282,21.0087989,"HU332","HU33",0,0
"HU_14","HU",32,"C23",23.32,46.3149645,18.2432708,"HU231","HU23",0,0
"HU_18","HU",42,"C19-C20",20.16,48.248534,20.647853,"HU311","HU31",117460,438460
"HU_83","HU",36,"C16-C18",17.12,47.7176588,17.9960239,"HU212","HU21",21003,4612
"HU_78","HU",31,"C23",23.11,46.5833546,20.690614,"HU332","HU33",0,0
"HU_75","HU",31,"C23",23.19,47.5346485,19.0680144,"HU110","HU11",0,0
"HU_74","HU",31,"C23",23.19,46.8296566,16.8276543,"HU223","HU22",0,0
"HU_76","HU",31,"C23",23.19,46.4685387,16.9911028,"HU223","HU22",0,0
"HU_150","HU",32,"C23",23.32,46.4420151,16.9896037,"HU223","HU22",0,0
"HU_144","HU",32,"C23",23.32,46.2800262,18.4099453,"HU231","HU23",652,705
"HU_208","HU",32,"C23",23.42,46.410162,20.37115,"HU333","HU33",13245,12250
"HU_210","HU",32,"C23",23.32,47.5791273,19.0038738,"HU110","HU11",5099,12213
"HU_233","HU",32,"C23",23.32,46.6420909,16.5649393,"HU223","HU22",13958,18733
"HU_232","HU",32,"C23",23.32,47.570666,19.0617383,"HU110","HU11",6595,13008
"HU_264","HU",32,"C23",23.32,47.1928912,20.7485712,"HU322","HU32",0,1925
"HU_271","HU",32,"C23",23.32,46.6683789,17.3064804,"HU232","HU23",3648,13910
"HU_207499","HU",32,"C23",NA,47.0019189,20.6099491,"HU322","HU32",0,0
"IE_11","IE",21,"C19-C20",19.2,51.9143321,-8.1726276,"IE053","IE05",286922,205945
"IE_116","IE",30,"C23",23.52,52.8974957,-9.0382756,"IE051","IE05",76529,50003
"IE_35","IE",30,"C23",23.52,52.80837,-6.99415,"IE052","IE05",63157,43238
"IE_33","IE",29,"C23",23.51,52.641263,-8.6885906,"IE051","IE05",716710,591198
"IT_584","IT",32,"C23",23.32,45.5641521,8.2414193,"ITC13","ITC1",0,0
"IT_823","IT",36,"C16-C18",17.12,44.3058642,8.1208718,"ITC32","ITC3",0,0
"IT_261","IT",30,"C23",23.52,45.817509,12.2607851,"ITH34","ITH3",192233,185628
"IT_417","IT",32,"C23",35,43.5150511,11.7047483,"ITI18","ITI1",0,0
"IT_820","IT",36,"C16-C18",17.12,40.7029084,14.7776187,"ITF35","ITF3",37545,21436
"IT_325","IT",32,"C23",23.32,44.5434082,10.8594703,"ITH54","ITH5",0,0
"IT_69","IT",36,"C16-C18",17.12,44.82566,8.67993,"ITC18","ITC1",0,0
"IT_386","IT",36,"C16-C18",17.12,43.81953,10.6271,"ITI12","ITI1",31152,17435
"IT_617","IT",36,"C16-C18",17.12,44.3483946,7.8976085,"ITC16","ITC1",0,0
"IT_482","IT",31,"C23",23.13,42.5916824,13.6994152,"ITF12","ITF1",29878,26716
"IT_727","IT",36,"C16-C18",17.22,40.7299,15.7145967,"ITF51","ITF5",4995,3781
"IT_380","IT",36,"C16-C18",17.12,44.1186901,10.4052215,"ITI12","ITI1",35022,12073
"IT_807","IT",36,"C16-C18",17.12,41.675032,13.560209,"ITI45","ITI4",0,0
"IT_577","IT",35,"C16-C18",17.12,45.9673542,12.7128441,"ITH41","ITH4",17264,10262
"IT_175","IT",24,"C24",24.1,45.6490854,10.2084658,"ITC47","ITC4",61413,55811
"IT_43","IT",36,"C16-C18",17.12,45.5707713,8.5466579,"ITC15","ITC1",20803,17257
"IT_171","IT",24,"C24",24.1,45.5494697,10.0732976,"ITC47","ITC4",0,0
"IT_217","IT",35,"C16-C18",17.12,46.0671547,11.5014013,"ITH20","ITH2",0,0
"IT_167","IT",24,"C24",24.1,45.4489345,10.2313011,"ITC47","ITC4",0,0
"IT_826","IT",36,"C16-C18",17.12,44.4469989,8.7511928,"ITC33","ITC3",2952,3219
"IT_693","IT",36,"C16-C18",17.12,45.2863076,7.669188,"ITC11","ITC1",13854,12297
"IT_376","IT",36,"C16-C18",17.12,43.8826049,10.5413017,"ITI12","ITI1",39113,29730
"IT_391","IT",36,"C16-C18",17.12,43.9247387,10.649704,"ITI12","ITI1",0,0
"IT_475","IT",30,"C23",23.52,40.6328548,15.3812792,"ITF35","ITF3",93003,69796
"IT_86","IT",25,"C24",24.1,44.4198611,8.8573349,"ITC33","ITC3",61742,52007
"IT_72","IT",25,"C24",24.1,44.7726189,8.7673497,"ITC18","ITC1",58071,53663
"IT_83","IT",21,"C19-C20",19.2,44.5718677,8.9502809,"ITC33","ITC3",252794,162703
"IT_176","IT",36,"C16-C18",17.12,45.6430214,10.6172763,"ITC47","ITC4",43517,35324
"IT_388","IT",36,"C16-C18",17.12,43.9257067,10.6446603,"ITI12","ITI1",7968,6822
"IT_221","IT",30,"C23",23.52,45.57988,10.83528,"ITH31","ITH3",145472,131300
"IT_125","IT",31,"C23",23.13,45.5277005,9.2199202,"ITC4C","ITC4",50670,41401
"IT_252","IT",30,"C23",23.52,45.3900106,11.5456427,"ITH32","ITH3",0,0
"IT_803","IT",31,"C23",23.13,45.7711983,12.4121302,"ITH34","ITH3",32682,25505
"IT_66","IT",36,"C16-C18",17.12,44.5986076,7.4859489,"ITC16","ITC1",4,90892
"IT_211","IT",31,"C23",23.13,46.081258,11.2031031,"ITH20","ITH2",0,0
"IT_580","IT",31,"C23",23.13,45.9366249,12.8863772,"ITH41","ITH4",39356,26418
"IT_168","IT",24,"C24",24.1,45.6458288,10.3738524,"ITC47","ITC4",32757,28059
"IT_220","IT",31,"C23",23.19,45.4333052,11.1942875,"ITH31","ITH3",54900,42951
"IT_871","IT",36,"C16-C18",17.12,43.9976165,10.5751691,"ITI12","ITI1",9347,8734
"IT_397","IT",31,"C23",23.13,43.7129756,10.9021406,"ITI14","ITI1",79854,56832
"IT_264","IT",31,"C23",23.13,45.7689777,12.9019404,"ITH35","ITH3",116176,70102
"IT_262","IT",36,"C16-C18",17.12,45.7487626,12.2507992,"ITH34","ITH3",66324,48599
"IT_253","IT",32,"C23",23.32,46.0487274,11.9213506,"ITH33","ITH3",10556,13019
"IT_246","IT",36,"C16-C18",17.12,45.4214172,11.3960252,"ITH32","ITH3",32240,39139
"IT_227","IT",36,"C16-C18",17.12,45.3902865,10.9850379,"ITH31","ITH3",40971,24639
"IT_30","IT",36,"C16-C18",17.12,45.0703393,7.686864,"ITC11","ITC1",0,0
"IT_919","IT",30,"C23",23.52,39.4834513,9.0345271,"ITG2H","ITG2",32301,23299
"IT_165","IT",24,"C24",24.1,45.3747044,10.3294737,"ITC47","ITC4",0,0
"IT_818","IT",30,"C23",23.52,42.5320297,12.5071321,"ITI22","ITI2",159502,161068
"IT_819","IT",30,"C23",23.52,41.0778211,14.9343562,"ITF34","ITF3",20929,18254
"IT_817","IT",30,"C23",23.52,40.5953889,17.0579954,"ITF43","ITF4",46717,49587
"IT_402","IT",30,"C23",23.52,43.0692204,10.6122861,"ITI16","ITI1",0,0
"IT_632","IT",36,"C16-C18",17.12,45.9177166,11.0343063,"ITH20","ITH2",91487,50201
"IT_61","IT",30,"C23",23.52,44.5618399,7.4443986,"ITC16","ITC1",0,0
"IT_536","IT",29,"C23",23.51,38.1931114,13.2499923,"ITG12","ITG1",263673,245368
"IT_992","IT",29,"C23",23.51,38.9142365,16.4562208,"ITF63","ITF6",153984,149752
"IT_531","IT",30,"C23",23.52,38.9142365,16.4562208,"ITF63","ITF6",10096,7135
"IT_281","IT",29,"C23",23.51,45.2511657,11.7502336,"ITH36","ITH3",349657,334080
"IT_461","IT",29,"C23",23.51,41.0260997,14.4642329,"ITF31","ITF3",0,0
"IT_431","IT",29,"C23",23.51,42.7393809,12.6737945,"ITI21","ITI2",0,0
"IT_552","IT",29,"C23",23.51,36.8588355,14.7608152,"ITG18","ITG1",0,0
"IT_102","IT",35,"C16-C18",17.12,45.8990345,8.6237173,"ITC41","ITC4",28690,29748
"IT_414","IT",32,"C23",23.32,43.7087898,10.4749024,"ITI17","ITI1",0,0
"IT_605","IT",30,"C23",23.2,45.737963,10.0938801,"ITC47","ITC4",149643,154099
"IT_156","IT",24,"C24",24.1,45.9602608,10.3131445,"ITC47","ITC4",15767,15240
"IT_465","IT",30,"C23",23.32,41.0778211,14.9343562,"ITF34","ITF3",0,0
"IT_163","IT",24,"C24",24.1,45.56544,10.21755,"ITC47","ITC4",81012,76014
"IT_916","IT",36,"C16-C18",17.12,41.9555557,12.7643387,"ITI43","ITI4",18527,14531
"IT_876","IT",36,"C16-C18",17.12,39.2370559,8.9752203,"ITG2F","ITG2",4972,4066
"IT_744","IT",32,"C23",23.32,45.0162321,9.4622048,"ITH51","ITH5",0,0
"IT_547","IT",21,"C19-C20",19.2,37.0588975,14.2612156,"ITG15","ITG1",211194,93347
"IT_389","IT",35,"C16-C18",17.12,43.9232613,10.6495611,"ITI12","ITI1",9233,3343
"IT_558","IT",21,"C19-C20",19.2,37.1509259,15.1925059,"ITG19","ITG1",496580,322185
"IT_559","IT",21,"C19-C20",19.2,37.1551993,15.1913663,"ITG19","ITG1",1231081,1069177
"IT_563","IT",21,"C19-C20",35.11,37.1551993,15.1913663,"ITG19","ITG1",189774,0
"IT_46","IT",21,"C19-C20",19.2,45.440149,8.7877036,"ITC15","ITC1",947337,611102
"IT_401","IT",29,"C23",23.51,43.6158911,11.2848794,"ITI14","ITI1",0,0
"IT_109","IT",31,"C23",23.14,45.7033171,9.2803845,"ITC4D","ITC4",36936,35022
"IT_78","IT",31,"C23",23.13,44.4405596,8.3034977,"ITC32","ITC3",97055,54895
"IT_76","IT",31,"C23",23.13,44.3584369,8.2885486,"ITC32","ITC3",27226,25520
"IT_636","IT",31,"C23",23.13,45.3831556,11.3771265,"ITH32","ITH3",49443,54622
"IT_721","IT",35,"C16-C18",17.12,45.8970272,8.414268,"ITC14","ITC1",25815,14806
"IT_393","IT",31,"C23",23.13,43.868201,10.6764859,"ITI12","ITI1",60834,39662
"IT_223","IT",31,"C23",23.13,45.1440227,11.0912702,"ITH31","ITH3",116383,83027
"IT_245","IT",35,"C16-C18",17.12,45.7311524,11.7880372,"ITH32","ITH3",29397,13242
"IT_205","IT",31,"C23",23.13,45.0032964,11.1161092,"ITC4B","ITC4",86720,65465
"IT_983","IT",30,"C23",23.52,45.4602129,10.3323513,"ITC47","ITC4",203439,201951
"IT_1181","IT",34,"C23",23.62,45.0094255,8.2514264,"ITC17","ITC1",30151,6689
"IT_895","IT",36,"C16-C18",17.12,43.8295369,10.6018455,"ITI12","ITI1",24,86215
"IT_761","IT",36,"C16-C18",17.12,43.899605,10.654453,"ITI13","ITI1",25553,9000
"IT_609","IT",36,"C16-C18",17.12,43.8198022,10.6041727,"ITI12","ITI1",57771,24231
"IT_201923","IT",32,"C23",23.31,45.4664717,8.0697032,"ITC13","ITC1",0,0
"IT_201915","IT",32,"C23",23.32,42.0336283,14.8460873,"ITF22","ITF2",27270,25516
"IT_201899","IT",32,"C23",23.32,44.379051,7.807546,"ITC16","ITC1",0,0
"IT_201893","IT",32,"C23",23.31,44.4680185,10.8405284,"ITH54","ITH5",19253,15163
"IT_201873","IT",25,"C24",25.5,45.9394617,10.2609533,"ITC47","ITC4",34900,25314
"IT_201859","IT",32,"C23",23.32,42.0361335,12.6002504,"ITI43","ITI4",21009,23366
"IT_201869","IT",32,"C23",23.31,41.87194,12.56738,"ITI43","ITI4",42853,22475
"IT_201849","IT",32,"C23",23.31,44.600191,10.6935783,"ITH53","ITH5",54956,30705
"IT_201848","IT",32,"C23",23.31,44.6002144,10.6935345,"ITH53","ITH5",45446,23909
"IT_201845","IT",32,"C23",23.32,45.0406868,8.9484593,"ITC48","ITC4",0,0
"IT_201844","IT",32,"C23",23.32,45.4096724,9.8280617,"ITC4A","ITC4",0,0
"IT_202100","IT",32,"C23",23.32,45.0622903,11.6518922,"ITH37","ITH3",0,0
"IT_202099","IT",27,"C24",24.42,45.4304246,12.2350426,"ITH35","ITH3",15347,14830
"IT_202444","IT",32,"C23",23.31,44.7131324,10.5473448,"ITH53","ITH5",20204,26773
"IT_202443","IT",32,"C23",23.31,44.7703975,11.0704208,"ITH54","ITH5",28087,28291
"IT_202374","IT",32,"C23",23.31,44.9371181,10.8566276,"ITC4B","ITC4",0,0
"IT_202445","IT",32,"C23",23.31,44.5417549,10.8279794,"ITH54","ITH5",6143,6051
"IT_202352","IT",32,"C23",23.31,39.568361,8.6592114,"ITG2H","ITG2",0,0
"IT_202306","IT",32,"C23",23.31,44.5390324,10.8495792,"ITH54","ITH5",64252,37289
"IT_202302","IT",25,"C24",25.5,45.9444587,10.2791907,"ITC47","ITC4",0,0
"IT_202296","IT",25,"C24",25.5,45.94159,10.26651,"ITC47","ITC4",10336,7210
"IT_202312","IT",32,"C23",23.31,44.7704272,11.0702286,"ITH54","ITH5",5093,9782
"IT_202294","IT",32,"C23",23.31,44.8221176,11.1114076,"ITH54","ITH5",11558,8302
"IT_202295","IT",32,"C23",23.31,44.8227216,11.1114988,"ITH54","ITH5",7483,8604
"IT_202572","IT",32,"C23",23.31,44.6571796,7.7814746,"ITC16","ITC1",0,0
"IT_202998","IT",42,"C19-C20",20.16,40.6300471,17.9572381,"ITF44","ITF4",10038,19250
"IT_202936","IT",28,"C24",24.1,45.4248764,10.1828979,"ITC47","ITC4",0,0
"IT_202933","IT",36,"C16-C18",17.12,44.3624273,8.3232391,"ITC32","ITC3",38382,14997
"IT_203933","IT",32,"C23",23.32,44.8185808,9.8352246,"ITH51","ITH5",0,0
"IT_204443","IT",25,"C24",24.1,45.5284509,10.8202683,"ITH31","ITH3",9293,8609
"IT_204441","IT",25,"C24",24.1,45.418797,11.904964,"ITH36","ITH3",0,0
"IT_204442","IT",25,"C24",24.1,45.7008303,10.3653104,"ITC47","ITC4",17645,12907
"IT_204363","IT",32,"C23",23.32,44.966209,11.0614843,"ITC4B","ITC4",0,0
"IT_204382","IT",32,"C23",23.32,45.0314156,8.9107258,"ITC48","ITC4",0,0
"IT_204217","IT",25,"C24",24.1,45.6494507,10.3852483,"ITC47","ITC4",0,0
"IT_204206","IT",32,"C23",23.31,41.7136498,13.1261623,"ITI45","ITI4",0,0
"IT_204202","IT",25,"C24",24.1,38.2077506,15.3056415,"ITG13","ITG1",16397,17935
"IT_205548","IT",34,"C23",23.62,44.2432414,11.6494013,"ITH57","ITH5",0,0
"IT_205547","IT",34,"C23",23.62,41.9892524,15.0042514,"ITF22","ITF2",29527,9307
"IT_205545","IT",25,"C24",24.1,41.5443553,13.512173,"ITI45","ITI4",0,0
"IT_205541","IT",42,"C19-C20",20.14,40.2331523,9.0437734,"ITG2E","ITG2",0,0
"IT_205535","IT",32,"C23",23.32,43.9060247,12.8602462,"ITI31","ITI3",0,0
"IT_205530","IT",32,"C23",23.32,42.7649864,12.409021,"ITI21","ITI2",57151,61700
"IT_205527","IT",32,"C23",23.42,46.0831827,12.1344201,"ITH33","ITH3",17364,10237
"IT_205654","IT",32,"C23",23.31,44.5703427,10.8025085,"ITH54","ITH5",27826,28510
"IT_205624","IT",32,"C23",23.31,44.5166554,10.7351751,"ITH53","ITH5",24252,20404
"IT_205643","IT",32,"C23",23.32,42.2841078,14.0157749,"ITF13","ITF1",32221,22449
"IT_207014","IT",42,"C19-C20",20.16,40.8359774,8.3792069,"ITG2D","ITG2",14220,9581
"IT_206941","IT",32,"C23",23.32,44.5434082,10.8594703,"ITH54","ITH5",0,0
"IT_206849","IT",36,"C16-C18",17.12,43.9974511,10.428412,"ITI12","ITI1",0,0
"IT_207550","IT",36,"C16-C18",17.21,43.97625,10.7421676,"ITI13","ITI1",6082,3355
"IT_209748","IT",25,"C24",NA,45.6494507,10.3852483,"ITC47","ITC4",14293,12456
"IT_209747","IT",24,"C24",NA,46.0494622,11.443873,"ITH20","ITH2",30788,24366
"IT_209746","IT",36,"C16-C18",NA,42.0281396,13.4255637,"ITF11","ITF1",103368,40758
"IT_209723","IT",31,"C23",NA,45.468196,12.2563514,"ITH35","ITH3",111471,84549
"IT_209643","IT",28,"C24",NA,43.787681,13.012999,"ITI31","ITI3",70287,45504
"IT_210415","IT",25,"C24",NA,45.5849561,10.2974639,"ITC47","ITC4",0,0
"IT_210370","IT",36,"C16-C18",NA,41.2868921,14.1670044,"ITF31","ITF3",0,0
"IT_213280","IT",27,"C24",NA,46.146463,12.7191837,"ITH41","ITH4",15651,13201
"IT_214862","IT",32,"C23",NA,42.3242703,14.0974268,"ITF14","ITF1",10612,8831
"IT_214861","IT",42,"C19-C20",NA,45.2973712,8.4117885,"ITC12","ITC1",0,0
"IT_216620","IT",29,"C23",NA,46.0380332,10.9620822,"ITH20","ITH2",101326,0
"IT_222689","IT",42,"C19-C20",NA,45.6113132,13.8117422,"ITH44","ITH4",0,0
"IT_222666","IT",34,"C23",NA,45.048094,8.2526395,"ITC17","ITC1",0,0
"LV_60","LV",32,"C23",23.31,56.7144073,22.5560812,"LV003","LV00",0,0
"LV_58","LV",36,"C16-C18",17.12,57.2372433,25.0428327,"LV008","LV00",0,0
"LV_204013","LV",34,"C23",23.62,56.9103893,24.3642295,"LV007","LV00",21113,7809
"LV_114","LV",29,"C23",23.51,56.6902271,22.5931978,"LV003","LV00",744135,762315
"LT_15","LT",36,"C16-C18",17.12,55.6993262,21.1355264,"LT023","LT02",8865,23927
"LT_14","LT",21,"C19-C20",19.2,56.381082,22.1988249,"LT028","LT02",1646257,1227864
"LT_13","LT",31,"C23",23.13,55.7511703,24.3112185,"LT025","LT02",18531,11198
"LT_12","LT",31,"C23",23.13,54.875434,23.8962889,"LT022","LT02",13695,8100
"LT_8","LT",32,"C23",23.31,54.7297952,25.3754508,"LT011","LT01",0,0
"LT_10","LT",32,"C23",23.32,54.3223644,23.9843125,"LT021","LT02",0,0
"LT_6","LT",32,"C23",23.32,54.8400299,23.9427589,"LT022","LT02",0,0
"LT_4","LT",32,"C23",23.32,55.2467806,22.3107428,"LT027","LT02",0,0
"LT_2","LT",30,"C23",23.52,56.3172048,22.9188295,"LT026","LT02",0,0
"LT_7","LT",32,"C23",23.32,54.9149388,24.065153,"LT022","LT02",1671,2492
"LT_3","LT",32,"C23",23.32,55.1803079,26.0246399,"LT011","LT01",0,0
"LT_107","LT",33,"C23",23.99,54.6599863,25.2349817,"LT011","LT01",49235,39895
"LU_12","LU",24,"C24",24.1,49.5227814,5.895576,"LU000","LU00",143590,131669
"LU_11","LU",24,"C24",24.1,49.5073758,5.9901753,"LU000","LU00",0,0
"LU_6","LU",29,"C23",23.51,49.5024342,5.9722212,"LU000","LU00",381202,509196
"LU_5","LU",31,"C23",23.11,49.5054134,6.089412,"LU000","LU00",0,0
"LU_4","LU",31,"C23",23.11,49.5522273,5.8523089,"LU000","LU00",13333,46697
"LU_13","LU",24,"C24",24.1,49.4998982,5.9535519,"LU000","LU00",156347,143234
"LU_205707","LU",27,"C24",24.42,49.4909181,6.1126413,"LU000","LU00",12059,14548
"LU_205662","LU",25,"C24",24.1,49.5054134,6.089412,"LU000","LU00",304,3867
"NL_366","NL",28,"C24",24.43,51.2365165,5.5983105,"NL414","NL41",18632,88462
"NL_407","NL",42,"C19-C20",20.14,51.3345937,3.7913142,"NL341","NL34",3213618,2425951
"NL_65","NL",30,"C23",10.81,51.6189741,4.4312904,"NL411","NL41",121281,81774
"NL_91","NL",36,"C16-C18",17.12,50.859984,5.6938542,"NL423","NL42",85564,68257
"NL_90","NL",36,"C16-C18",17.12,51.968269,5.7259997,"NL226","NL22",80875,137557
"NL_128","NL",41,"C19-C20",20.15,51.2721691,3.8497955,"NL341","NL34",2750148,2753618
"NL_136","NL",31,"C23",23.14,53.1749715,6.6785661,"NL113","NL11",18763,19059
"NL_92","NL",36,"C16-C18",17.12,51.8435493,5.8192345,"NL226","NL22",0,0
"NL_218","NL",32,"C23",23.32,50.9444381,5.785724,"NL423","NL42",7977,5395
"NL_257","NL",32,"C23",23.32,51.9109421,5.9870565,"NL226","NL22",23601,13833
"NL_277","NL",32,"C23",23.32,51.9507694,5.6573371,"NL224","NL22",11226,8116
"NL_275","NL",32,"C23",23.32,51.1580318,5.8609579,"NL422","NL42",9496,7980
"NL_336","NL",32,"C23",20.13,53.297754,6.9650201,"NL112","NL11",73986,74576
"NL_328","NL",31,"C23",20.3,50.8796217,5.7181628,"NL423","NL42",2740,2739
"NL_203196","NL",43,"C19-C20",20.11,51.8695544,4.2864087,"NL33C","NL33",627199,482842
"NL_203650","NL",32,"C23",23.32,51.3089983,6.1082679,"NL421","NL42",0,0
"NL_204314","NL",32,"C23",23.32,51.3397759,6.1487308,"NL421","NL42",11814,8490
"NL_204966","NL",42,"C19-C20",20.14,51.9299013,4.1828388,"NL33C","NL33",10541,10841
"NL_204962","NL",43,"C19-C20",20.11,53.305202,6.9740498,"NL112","NL11",1,316793
"NL_204781","NL",24,"C24",24.1,52.47385,4.6236046,"NL323","NL32",0,0
"NL_205348","NL",32,"C23",23.32,51.3376157,6.1407452,"NL421","NL42",8731,5876
"NL_205765","NL",42,"C19-C20",8.93,53.3174317,6.9514701,"NL112","NL11",1389,235524
"NL_205725","NL",42,"C19-C20",20.14,51.8748036,4.279118,"NL33C","NL33",87511,90352
"NL_206225","NL",27,"C24",24.53,50.8780084,6.0384888,"NL423","NL42",13528,14032
"NL_206186","NL",26,"C24",24.42,53.3056965,6.975574,"NL112","NL11",21,51072
"NL_206069","NL",27,"C24",24.42,51.4587367,3.7029145,"NL342","NL34",56008,51852
"NL_206128","NL",27,"C24",24.42,51.4587367,3.7029145,"NL342","NL34",7668,12589
"NL_214480","NL",23,"C24",NA,51.8839316,4.250368,"NL33C","NL33",9236,5917
"PL_941","PL",31,"C23",23.11,51.6186655,19.9337435,"PL713","PL71",297674,248888
"PL_948","PL",33,"C23",23.99,52.5647969,17.8153141,"PL414","PL41",14478,14667
"PL_946","PL",31,"C23",23.11,50.305538,19.2966958,"PL22B","PL22",101868,90377
"PL_945","PL",25,"C24",24.1,50.4915071,19.4493099,"PL22B","PL22",31684,26595
"PL_272","PL",30,"C23",35.1,52.3156566,16.4038154,"PL417","PL41",59064,21343
"PL_621","PL",32,"C23",23.32,52.3259629,18.298126,"PL414","PL41",3812,10286
"PL_617","PL",32,"C23",23.32,52.9937365,18.6515824,"PL613","PL61",0,0
"PL_632","PL",36,"C16-C18",17.12,50.5739043,19.3206566,"PL224","PL22",0,0
"PL_644","PL",21,"C19-C20",19.2,49.708968,21.653076,"PL821","PL82",10922,14335
"PL_641","PL",36,"C16-C18",17.12,49.883498,19.504129,"PL21A","PL21",9149,5298
"PL_640","PL",21,"C19-C20",19.2,49.726297,21.452671,"PL821","PL82",0,0
"PL_638","PL",32,"C23",23.32,50.4544704,22.7550185,"PL812","PL81",16130,14153
"PL_653","PL",22,"C19-C20",19.1,50.3383289,19.3415709,"PL22B","PL22",462451,570265
"PL_652","PL",22,"C19-C20",19.1,50.3411945,18.8710883,"PL228","PL22",54035,48941
"PL_650","PL",21,"C19-C20",19.2,49.726297,21.452671,"PL821","PL82",5092,3764
"PL_670","PL",30,"C23",10.81,52.677667,18.3187888,"PL617","PL61",0,0
"PL_689","PL",31,"C23",23.19,52.481683,17.2877364,"PL418","PL41",10304,8120
"PL_361","PL",21,"C19-C20",19.2,54.3411237,18.7333524,"PL633","PL63",2160470,1526394
"PL_710","PL",32,"C23",23.2,50.943037,16.4976238,"PL517","PL51",8912,7743
"PL_370","PL",22,"C19-C20",19.1,50.421521,18.129973,"PL524","PL52",405904,811845
"PL_737","PL",32,"C23",23.32,53.9769962,21.1558469,"PL622","PL62",0,0
"PL_376","PL",29,"C23",23.51,51.1369381,23.5394646,"PL812","PL81",853978,1077148
"PL_375","PL",23,"C24",7.1,50.3455391,19.2690252,"PL22B","PL22",786577,716891
"PL_733","PL",24,"C24",24.2,50.2748099,18.941391,"PL22A","PL22",11770,11662
"PL_374","PL",23,"C24",7.1,50.0866911,20.0654551,"PL213","PL21",0,0
"PL_373","PL",24,"C24",24.1,50.5585034,22.0538125,"PL824","PL82",38137,31416
"PL_372","PL",24,"C24",24.1,50.355619,18.612635,"PL229","PL22",19052,26581
"PL_394","PL",30,"C23",10.81,52.3156566,16.4038154,"PL417","PL41",0,0
"PL_762","PL",31,"C23",23.13,51.760223,16.8164541,"PL417","PL41",8812,4005
"PL_809","PL",21,"C19-C20",19.2,50.1576957,19.4492147,"PL21A","PL21",11575,13468
"PL_412","PL",31,"C23",23.13,50.6795191,18.2237961,"PL524","PL52",65653,51043
"PL_411","PL",31,"C23",23.11,50.3374902,19.608885,"PL21A","PL21",10743,11099
"PL_429","PL",32,"C23",23.32,51.440007,15.092808,"PL432","PL43",6368,5721
"PL_427","PL",32,"C23",23.32,50.2689926,18.7209688,"PL229","PL22",0,0
"PL_835","PL",30,"C23",23.52,50.529013,18.0060809,"PL524","PL52",182593,159606
"PL_445","PL",36,"C16-C18",17.12,50.1721956,18.8954442,"PL22C","PL22",0,0
"PL_444","PL",36,"C16-C18",17.12,53.7125293,18.9322593,"PL638","PL63",364918,185400
"PL_849","PL",36,"C16-C18",17.12,53.3354488,16.8660227,"PL411","PL41",0,0
"PL_865","PL",32,"C23",23.32,50.276068,18.46816,"PL229","PL22",6144,10062
"PL_869","PL",32,"C23",35,50.4461808,16.6245431,"PL517","PL51",0,0
"PL_880","PL",42,"C19-C20",20.14,52.5887593,19.655524,"PL923","PL92",0,0
"PL_488","PL",24,"C24",24.1,50.7873895,19.1699708,"PL224","PL22",11658,39080
"PL_494","PL",30,"C23",23.52,50.763671,19.095296,"PL224","PL22",136559,92495
"PL_886","PL",24,"C24",24.1,50.3455391,19.2690252,"PL22B","PL22",1742009,4619798
"PL_495","PL",30,"C23",23.52,50.569218,18.0779708,"PL524","PL52",78317,163777
"PL_500","PL",30,"C23",10.81,50.7702557,17.0528398,"PL518","PL51",0,0
"PL_499","PL",30,"C23",10.81,50.085223,21.592631,"PL823","PL82",0,0
"PL_892","PL",25,"C24",24.1,50.948851,21.431556,"PL721","PL72",66623,80770
"PL_507","PL",30,"C23",10.81,52.2177249,17.2784183,"PL418","PL41",0,0
"PL_900","PL",25,"C24",24.1,50.2885072,18.9137651,"PL22A","PL22",32858,28846
"PL_899","PL",25,"C24",24.1,50.2649289,19.153432,"PL22B","PL22",34406,43911
"PL_505","PL",30,"C23",10.81,51.8825998,17.0185411,"PL417","PL41",0,0
"PL_504","PL",30,"C23",10.81,50.757096,23.7748269,"PL812","PL81",0,0
"PL_898","PL",25,"C24",24.1,50.0866911,20.0654551,"PL213","PL21",163295,171478
"PL_518","PL",31,"C23",20.13,50.8754222,19.2184874,"PL224","PL22",31926,37097
"PL_517","PL",31,"C23",23.19,51.5032685,15.2005239,"PL432","PL43",13397,16699
"PL_202140","PL",32,"C23",23.31,51.3840699,20.263206,"PL713","PL71",22684,29530
"PL_202139","PL",32,"C23",23.31,51.3840699,20.263206,"PL713","PL71",30182,29171
"PL_202107","PL",42,"C19-C20",20.14,50.0363862,19.2542053,"PL21A","PL21",10933,43838
"PL_202141","PL",32,"C23",23.31,51.378874,20.246006,"PL713","PL71",14722,14405
"PL_202096","PL",37,"C19-C20",20.13,49.7269067,21.4526163,"PL821","PL82",81708,72677
"PL_202095","PL",32,"C23",23.31,51.21467,20.282518,"PL721","PL72",4521,3890
"PL_202081","PL",32,"C23",23.31,51.18985,20.426678,"PL721","PL72",13201,11169
"PL_202534","PL",42,"C19-C20",20.14,53.692531,16.708205,"PL427","PL42",3504,4222
"PL_202510","PL",42,"C19-C20",20.15,51.4518429,21.9808619,"PL815","PL81",1471776,2283141
"PL_202473","PL",42,"C19-C20",20.14,52.5887593,19.655524,"PL923","PL92",0,0
"PL_202453","PL",32,"C23",23.31,51.0650101,21.0645887,"PL721","PL72",9254,10985
"PL_202435","PL",42,"C19-C20",20.59,50.300161,18.265256,"PL524","PL52",11472,13846
"PL_204402","PL",32,"C23",23.99,53.85188,18.808991,"PL638","PL63",19398,35348
"PL_203865","PL",28,"C24",24.43,50.502351,18.9259138,"PL228","PL22",376724,316381
"PL_203846","PL",25,"C24",24.1,50.4187523,19.2942989,"PL22B","PL22",17308,16707
"PL_206075","PL",32,"C23",23.32,52.04227,16.586056,"PL417","PL41",8391,16283
"PL_206072","PL",32,"C23",23.32,51.3755143,20.633372,"PL921","PL92",0,0
"PL_206039","PL",25,"C24",24.1,50.2894395,18.8744711,"PL22A","PL22",0,0
"PL_205935","PL",31,"C23",23.13,50.8410675,19.1616944,"PL224","PL22",50818,36261
"PL_207726","PL",33,"C23",23.99,50.3420056,18.8720943,"PL228","PL22",34462,22128
"PL_209148","PL",36,"C16-C18",17.12,53.5172369,14.61593,"PL424","PL42",12056,16918
"PL_210474","PL",24,"C24",NA,50.929466,21.3771169,"PL721","PL72",12262,8012
"PL_210351","PL",31,"C23",NA,51.2052313,20.8562397,"PL921","PL92",28070,22514
"PL_210352","PL",32,"C23",NA,51.205429,20.412513,"PL721","PL72",11869,11881
"PL_209782","PL",32,"C23",NA,51.5932485,18.665378,"PL714","PL71",12915,11682
"PL_215420","PL",25,"C24",NA,50.4915071,19.4493099,"PL22B","PL22",24927,21864
"PL_218861","PL",32,"C23",NA,50.5125138,21.6569698,"PL824","PL82",21710,19160
"PL_217761","PL",38,"C19-C20",NA,52.7055491,18.9524709,"PL619","PL61",5700,0
"PL_223742","PL",42,"C19-C20",NA,50.117525,21.520492,"PL824","PL82",0,0
"PL_223263","PL",34,"C23",NA,52.2811539,18.27003,"PL414","PL41",0,0
"PT_91","PT",36,"C16-C18",17.22,38.8603802,-9.126352,"PT170","PT17",3703,794
"PT_84","PT",32,"C23",23.32,39.402583,-8.1762595,"PT16I","PT16",0,0
"PT_86","PT",31,"C23",23.13,39.7360243,-8.9207866,"PT16F","PT16",105894,102729
"PT_82","PT",32,"C23",23.32,39.4468399,-8.7627937,"PT185","PT18",127,2574
"PT_152","PT",32,"C23",23.32,40.5012099,-8.6105703,"PT16D","PT16",0,0
"PT_150","PT",32,"C23",23.32,38.4554513,-9.1225057,"PT170","PT17",0,0
"PT_147","PT",32,"C23",23.32,41.594945,-8.523533,"PT112","PT11",261,6141
"PT_157","PT",36,"C16-C18",17.12,39.4927855,-8.6113639,"PT16I","PT16",4653,3324
"PT_141","PT",35,"C16-C18",17.12,40.639425,-7.8201291,"PT16G","PT16",0,0
"PT_140","PT",24,"C24",24.1,38.6266038,-9.0822038,"PT170","PT17",89697,70428
"PT_214","PT",32,"C23",35,37.1555034,-8.3063498,"PT150","PT15",0,0
"PT_212","PT",32,"C23",35,39.1239523,-8.8175474,"PT185","PT18",0,0
"PT_204","PT",29,"C23",23.52,40.1650315,-8.874357,"PT16E","PT16",0,0
"PT_203","PT",29,"C23",23.51,40.2949653,-8.4192243,"PT16E","PT16",841708,830333
"PT_202","PT",29,"C23",23.51,37.1379187,-8.020216,"PT150","PT15",233746,236796
"PT_201","PT",29,"C23",23.51,38.9296355,-9.0117904,"PT170","PT17",897204,1007152
"PT_236","PT",32,"C23",23.32,39.8902471,-8.6659509,"PT16F","PT16",8144,4683
"PT_179","PT",32,"C23",23.32,39.3564086,-8.4786825,"PT185","PT18",0,0
"PT_5","PT",30,"C23",23.52,38.6410676,-9.0975,"PT170","PT17",24434,15348
"PT_6","PT",36,"C16-C18",17.12,40.0876651,-8.2322355,"PT16E","PT16",4106,5535
"PT_22","PT",32,"C23",23.32,39.5959474,-8.8812859,"PT16F","PT16",0,0
"PT_21","PT",32,"C23",23.32,38.6805556,-8.923648,"PT170","PT17",0,0
"PT_44","PT",35,"C16-C18",17.12,40.9949867,-8.5875532,"PT11A","PT11",2728,2367
"PT_87","PT",21,"C19-C20",19.2,41.2015026,-8.6963376,"PT11A","PT11",0,0
"PT_39","PT",21,"C19-C20",19.2,37.9627051,-8.8717981,"PT181","PT18",2359568,1507213
"PT_205169","PT",32,"C23",23.42,40.576821,-8.5705242,"PT16D","PT16",5687,7863
"PT_205168","PT",32,"C23",23.31,40.215695,-8.437333,"PT16E","PT16",7507,5196
"PT_205147","PT",32,"C23",23.32,39.8489113,-8.7132189,"PT16F","PT16",10148,8585
"PT_205102","PT",32,"C23",23.31,40.6534469,-8.6044741,"PT16D","PT16",5978,4521
"PT_205083","PT",32,"C23",23.31,39.399872,-8.224454,"PT16I","PT16",17260,10866
"PT_205123","PT",32,"C23",23.42,40.4269995,-8.4333161,"PT16D","PT16",13301,10338
"PT_205127","PT",32,"C23",23.32,41.5802229,-8.5176471,"PT112","PT11",0,0
"PT_205642","PT",32,"C23",23.31,40.1134529,-8.8476189,"PT16E","PT16",5747,4831
"PT_205629","PT",42,"C19-C20",20.14,40.6383917,-8.6957855,"PT16D","PT16",5852,15714
"PT_205623","PT",32,"C23",23.32,40.2968785,-8.1338406,"PT16E","PT16",0,0
"PT_205572","PT",32,"C23",23.32,39.6002247,-8.8769845,"PT16F","PT16",0,0
"PT_205566","PT",32,"C23",23.31,40.5169666,-8.5174171,"PT16D","PT16",10077,10794
"PT_205553","PT",32,"C23",23.31,40.4269995,-8.4333161,"PT16D","PT16",13630,15422
"PT_205552","PT",32,"C23",23.31,40.3466933,-8.4460277,"PT16E","PT16",7485,9127
"PT_207706","PT",36,"C16-C18",17.12,41.6414685,-8.7426101,"PT111","PT11",7012,6135
"PT_206231","PT",32,"C23",23.31,40.1220181,-8.4943435,"PT16E","PT16",0,0
"RO_7","RO",29,"C23",23.51,44.2488927,28.2596515,"RO223","RO22",853512,773747
"RO_68","RO",32,"C23",23.32,47.142481,27.644238,"RO213","RO21",22701,25236
"RO_67","RO",32,"C23",23.41,44.6418234,27.6316315,"RO315","RO31",0,0
"RO_273","RO",32,"C23",23.32,46.7795758,23.6139584,"RO113","RO11",19352,24741
"RO_66","RO",32,"C23",23.32,47.1935092,23.0626642,"RO116","RO11",0,0
"RO_69","RO",32,"C23",23.32,46.5652078,23.8832234,"RO113","RO11",0,0
"RO_92","RO",32,"C23",23.32,47.0306708,23.9264008,"RO113","RO11",0,0
"RO_133","RO",29,"C23",23.51,45.2934847,25.0940484,"RO311","RO31",931733,920552
"RO_132","RO",32,"C23",23.2,47.0229573,22.3993913,"RO111","RO11",6420,4342
"RO_150","RO",25,"C24",24.1,46.5562022,23.8742717,"RO113","RO11",0,0
"RO_151","RO",24,"C24",24.1,46.3086633,23.724558,"RO121","RO12",0,0
"RO_149","RO",25,"C24",24.1,44.8935614,25.443716,"RO313","RO31",7447,1464
"RO_147","RO",32,"C23",23.32,45.0468798,23.2273466,"RO412","RO41",2918,4549
"RO_146","RO",35,"C16-C18",17.12,46.5430744,26.9192235,"RO211","RO21",0,0
"RO_172","RO",21,"C19-C20",19.2,45.1298649,25.7399137,"RO316","RO31",0,0
"RO_171","RO",21,"C19-C20",19.2,44.91797,26.03642,"RO316","RO31",0,0
"RO_170","RO",24,"C24",24.1,45.2914193,27.9655509,"RO221","RO22",55,105
"RO_192","RO",25,"C24",24.1,44.3435337,24.1449843,"RO414","RO41",0,0
"RO_191","RO",23,"C24",NA,46.3138308,23.7355934,"RO121","RO12",0,0
"RO_190","RO",30,"C23",23.52,45.0478898,23.2324067,"RO412","RO41",36676,53311
"RO_186","RO",32,"C23",23.32,46.2405431,24.8107221,"RO125","RO12",36196,34038
"RO_184","RO",23,"C24",24.51,45.6272634,25.6246042,"RO122","RO12",0,0
"RO_183","RO",24,"C24",24.51,46.1090899,23.5828454,"RO121","RO12",2034,1358
"RO_182","RO",32,"C23",23.31,46.7847087,23.6388957,"RO113","RO11",32010,26060
"RO_181","RO",31,"C23",23.11,44.2701454,27.0910242,"RO312","RO31",100946,91770
"RO_187","RO",25,"C24",24.2,47.2114229,23.0379863,"RO116","RO11",53718,39918
"RO_179","RO",21,"C19-C20",19.2,44.9626149,26.0243033,"RO316","RO31",41553,43289
"RO_178","RO",21,"C19-C20",19.2,44.343315,28.641562,"RO223","RO22",835562,736387
"RO_239","RO",32,"C23",23.2,45.235044,25.636645,"RO316","RO31",0,0
"RO_238","RO",36,"C16-C18",17.12,46.1070065,27.1781696,"RO226","RO22",23978,29229
"RO_262","RO",32,"C23",23.32,45.6493683,21.8514275,"RO424","RO42",0,0
"RO_263","RO",32,"C23",23.32,46.7564321,24.1568939,"RO125","RO12",0,0
"RO_258","RO",32,"C23",23.32,45.267657,25.025716,"RO311","RO31",474,2184
"RO_46","RO",29,"C23",23.52,45.8291548,22.9420191,"RO423","RO42",0,0
"RO_275","RO",25,"C24",24.1,45.2436009,27.9572875,"RO221","RO22",0,0
"RO_290","RO",25,"C24",24.1,45.3228302,26.359266,"RO222","RO22",0,273
"RO_286","RO",41,"C19-C20",20.15,46.870645,26.4662685,"RO214","RO21",0,0
"RO_285","RO",25,"C24",24.1,44.9049251,25.4477787,"RO313","RO31",9153,11663
"RO_209044","RO",36,"C16-C18",17.12,47.1090641,23.9019721,"RO113","RO11",10289,5228
"RO_207680","RO",32,"C23",23.32,47.1935092,23.0626642,"RO116","RO11",4478,6013
"RO_207679","RO",42,"C19-C20",63.11,47.853807,25.9690344,"RO215","RO21",3304,5388
"RO_207646","RO",34,"C23",63.11,44.667066,23.3955514,"RO412","RO41",18705,7690
"RO_207235","RO",36,"C16-C18",17.12,47.1090641,23.9019721,"RO113","RO11",9107,5907
"RO_216262","RO",36,"C16-C18",NA,47.1180663,23.8889886,"RO113","RO11",16531,0
"RO_214780","RO",33,"C23",NA,44.9552279,25.9061894,"RO316","RO31",18004,19125
"SK_152","SK",31,"C23",23.13,48.9668089,18.1216,"SK022","SK02",57556,53339
"SK_163","SK",24,"C24",24.2,48.8092114,19.5287299,"SK032","SK03",64290,66164
"SK_159","SK",32,"C23",23.32,48.391638,18.378214,"SK023","SK02",5304,12887
"SK_156","SK",29,"C23",23.51,48.6004045,20.8776599,"SK042","SK04",316295,494330
"SK_158","SK",32,"C23",23.32,48.4657012,17.4938478,"SK021","SK02",6903,19376
"SK_186","SK",26,"C24",24.42,48.5771231,18.8713984,"SK032","SK03",23618,202121
"SK_198","SK",32,"C23",23.32,48.8655297,18.6337772,"SK022","SK02",0,0
"SK_197","SK",32,"C23",23.32,48.9120455,21.2592976,"SK041","SK04",3795,7353
"SK_199","SK",36,"C16-C18",17.22,48.71231,20.284925,"SK042","SK04",3978,3224
"SK_195","SK",30,"C23",23.2,48.64436,20.21705,"SK032","SK03",5001,8329
"SK_205082","SK",28,"C24",24.44,48.9225205,20.8749926,"SK042","SK04",12774,13814
"SK_204252","SK",38,"C19-C20",20.15,48.8710658,21.8222128,"SK042","SK04",9614,14220
"SK_203784","SK",24,"C24",24.1,48.8777811,21.8136782,"SK042","SK04",0,0
"SI_18","SI",32,"C23",23.31,45.9006583,13.6768766,"SI043","SI04",0,0
"SI_17","SI",30,"C23",23.52,46.1026495,14.7925876,"SI035","SI03",0,0
"SI_15","SI",30,"C23",23.52,46.1215684,14.9920272,"SI035","SI03",55756,53971
"SI_16","SI",32,"C23",23.32,46.3942048,15.6636801,"SI032","SI03",0,0
"SI_12","SI",31,"C23",23.13,46.2255026,15.646504,"SI034","SI03",0,0
"SI_10","SI",29,"C23",23.51,46.0577384,13.6180474,"SI043","SI04",677478,648100
"SI_9","SI",24,"C24",24.1,46.2202438,15.3211166,"SI034","SI03",29129,27889
"SI_8","SI",24,"C24",24.1,46.5442007,14.9496143,"SI033","SI03",69739,63488
"SI_7","SI",24,"C24",24.1,46.4255681,14.0933788,"SI042","SI04",72758,75909
"SI_11","SI",29,"C23",23.51,46.12953,15.0353447,"SI035","SI03",0,0
"SI_48","SI",27,"C24",24.53,46.3959836,15.5531853,"SI032","SI03",33494,24816
"SI_96","SI",31,"C23",23.13,46.1208128,15.0912398,"SI035","SI03",22627,21783
"SI_95","SI",32,"C23",23.31,46.3596894,15.0991575,"SI034","SI03",0,0
"ES_48928881","ES",36,"C16-C18",17.12,43.3061225,-3.08392,"ES213","ES21",0,0
"ES_758","ES",31,"C23",23.11,42.1248429,-1.6657451,"ES220","ES22",110343,92494
"ES_754","ES",32,"C23",23.32,42.0659813,-1.6168155,"ES220","ES22",0,0
"ES_697","ES",30,"C23",23.52,40.2607712,-3.3881801,"ES300","ES30",110362,79231
"ES_692","ES",32,"C23",23.32,40.4167754,-3.7037902,"ES300","ES30",0,0
"ES_675","ES",29,"C23",23.51,39.7183392,2.8689332,"ES532","ES53",0,200
"ES_668","ES",32,"C23",23.32,43.2772405,-8.6036502,"ES111","ES11",0,0
"ES_671","ES",32,"C23",23.32,42.4432749,-8.8422559,"ES114","ES11",0,0
"ES_97","ES",32,"C23",23.32,38.090178,-3.7830182,"ES616","ES61",0,0
"ES_88","ES",32,"C23",23.32,37.7795941,-3.7849057,"ES616","ES61",0,0
"ES_198","ES",29,"C23",23.51,43.5647589,-5.7183006,"ES120","ES12",532935,558556
"ES_186","ES",32,"C23",23.32,40.3598973,-1.140956,"ES242","ES24",0,0
"ES_184","ES",36,"C16-C18",17.12,41.6918252,-0.8245456,"ES243","ES24",69687,53253
"ES_187","ES",32,"C23",23.32,41.7216066,0.1154401,"ES241","ES24",0,0
"ES_190","ES",32,"C23",23.32,41.6536141,-0.8693607,"ES243","ES24",0,0
"ES_157","ES",30,"C23",23.52,41.3836473,-0.8526212,"ES243","ES24",56011,56159
"ES_277","ES",35,"C16-C18",17.12,42.3438149,-3.6501763,"ES412","ES41",15723,7907
"ES_233","ES",30,"C23",23.52,43.3461113,-3.2099379,"ES130","ES13",45911,43270
"ES_285","ES",32,"C23",23.32,40.8731982,-4.9695293,"ES411","ES41",0,0
"ES_380","ES",31,"C23",23.13,38.7121918,-0.9698206,"ES421","ES42",115744,82928
"ES_376","ES",32,"C23",23.32,40.5713726,-3.2156192,"ES424","ES42",0,0
"ES_478","ES",32,"C23",23.32,41.489592,2.085602,"ES511","ES51",0,0
"ES_477","ES",24,"C24",24.1,41.4443167,1.9877733,"ES511","ES51",161000,139160
"ES_357","ES",32,"C23",23.32,40.0448315,-3.8362694,"ES425","ES42",0,0
"ES_463","ES",36,"C16-C18",17.12,41.4527421,1.6866499,"ES511","ES51",0,0
"ES_353","ES",32,"C23",23.32,38.6421688,-3.4586543,"ES422","ES42",0,0
"ES_440","ES",36,"C16-C18",17.12,42.2445647,1.9753088,"ES511","ES51",0,0
"ES_330","ES",32,"C23",23.32,39.9645148,-4.837377,"ES425","ES42",0,0
"ES_354","ES",32,"C23",23.32,38.6448056,-3.4531607,"ES422","ES42",0,0
"ES_539","ES",32,"C23",35.1,39.959534,-0.2165526,"ES522","ES52",35378,33608
"ES_587","ES",21,"C19-C20",19.2,40.5940024,-0.1120696,"ES522","ES52",1075259,736583
"ES_660","ES",32,"C23",23.32,42.2252498,-8.022975,"ES113","ES11",0,0
"ES_634","ES",27,"C24",24.42,42.7842757,-8.8882891,"ES111","ES11",0,0
"ES_570","ES",31,"C23",20.3,39.9478215,-0.1659587,"ES522","ES52",0,0
"ES_565","ES",31,"C23",20.3,40.0183242,-0.3150755,"ES522","ES52",9493,13450
"ES_624","ES",32,"C23",23.32,38.7175522,-5.2193272,"ES431","ES43",0,0
"ES_545","ES",29,"C23",23.51,39.6657776,-0.2551343,"ES523","ES52",524546,529500
"ES_552","ES",31,"C23",20.3,39.8307315,-0.1680012,"ES522","ES52",2523,1051
"ES_651","ES",35,"C16-C18",17.11,42.3922276,-8.6593258,"ES114","ES11",77663,30511
"ES_800","ES",24,"C24",24.1,43.1775075,-2.2566447,"ES212","ES21",0,0
"ES_843","ES",32,"C23",23.32,42.29253,-5.5191198,"ES413","ES41",28926,27846
"ES_837","ES",32,"C23",23.32,40.0153189,-3.8026876,"ES425","ES42",0,0
"ES_61373717","ES",31,"C23",20.3,42.8318217,-2.7420538,"ES211","ES21",0,0
"ES_12667697","ES",32,"C23",23.31,40.9703642,-0.5285543,"ES242","ES24",0,0
"ES_989","ES",32,"C23",23.31,40.0550837,-0.1735422,"ES522","ES52",0,0
"ES_382","ES",31,"C23",23.13,40.5614276,-3.2559221,"ES424","ES42",103749,59950
"ES_375","ES",32,"C23",23.32,40.0317824,-3.8448319,"ES425","ES42",0,0
"ES_374","ES",32,"C23",23.32,40.0593106,-3.8411186,"ES425","ES42",0,0
"ES_114","ES",32,"C23",23.32,37.2038495,-3.5974547,"ES614","ES61",0,0
"ES_363","ES",32,"C23",23.32,40.0317824,-3.8448319,"ES425","ES42",0,0
"ES_335","ES",32,"C23",23.32,40.075707,-3.8604247,"ES425","ES42",0,0
"ES_304","ES",29,"C23",23.51,39.949634,-3.738774,"ES300","ES30",248359,286800
"ES_302","ES",31,"C23",23.13,42.3496946,-3.6537709,"ES412","ES41",86256,71935
"ES_351","ES",32,"C23",23.32,39.9467579,-4.8320211,"ES425","ES42",0,0
"ES_156","ES",32,"C23",23.31,40.9774233,-0.4485077,"ES242","ES24",0,0
"ES_696","ES",32,"C23",23.32,42.1738774,-1.7491036,"ES230","ES23",0,0
"ES_217","ES",32,"C23",23.32,43.3917142,-6.3261553,"ES120","ES12",0,0
"ES_658","ES",32,"C23",23.31,42.0735315,-8.6264926,"ES114","ES11",0,0
"ES_214","ES",22,"C19-C20",19.1,43.3406791,-5.981779,"ES120","ES12",18892,18863
"ES_656","ES",32,"C23",23.32,43.0883334,-8.2041034,"ES111","ES11",0,0
"ES_211","ES",35,"C16-C18",17.11,43.5191858,-6.7228476,"ES120","ES12",66588,52527
"ES_829","ES",36,"C16-C18",17.12,41.285816,1.253858,"ES514","ES51",38342,33585
"ES_975","ES",32,"C23",23.31,40.0746462,-0.2139151,"ES522","ES52",0,0
"ES_378","ES",32,"C23",23.32,38.6410776,-3.4675075,"ES422","ES42",0,0
"ES_389","ES",30,"C23",23.52,42.0114825,2.8254734,"ES512","ES51",24692,30539
"ES_1500","ES",37,"C19-C20",20.13,43.4106811,-3.777798,"ES130","ES13",117708,107651
"ES_388","ES",30,"C23",23.52,41.3464912,1.8490409,"ES511","ES51",52330,41197
"ES_1051","ES",32,"C23",23.31,39.9761352,-0.1088428,"ES522","ES52",63420,59021
"ES_1033","ES",42,"C19-C20",20.16,37.6156944,-0.9892242,"ES620","ES62",24393,304597
"ES_369","ES",32,"C23",23.32,38.6448103,-3.4637397,"ES422","ES42",0,0
"ES_368","ES",32,"C23",23.32,40.0408884,-3.8881697,"ES425","ES42",0,0
"ES_359","ES",32,"C23",23.32,39.8414098,-3.7623479,"ES425","ES42",0,0
"ES_348","ES",32,"C23",23.32,39.5811405,-3.8693481,"ES425","ES42",0,0
"ES_347","ES",32,"C23",23.32,38.9195312,-1.7252937,"ES421","ES42",0,0
"ES_338","ES",32,"C23",23.32,40.0298597,-3.916699,"ES425","ES42",0,0
"ES_331","ES",32,"C23",23.32,40.0448315,-3.8362694,"ES425","ES42",0,0
"ES_557","ES",31,"C23",20.3,40.0581543,-0.1831813,"ES522","ES52",0,0
"ES_520","ES",31,"C23",23.13,41.4830268,2.3265148,"ES511","ES51",11157,8309
"ES_527","ES",32,"C23",23.31,40.0669909,-0.1951648,"ES522","ES52",51549,46527
"ES_785","ES",36,"C16-C18",17.12,43.1897162,-2.0543232,"ES212","ES21",21619,11919
"ES_596","ES",32,"C23",23.32,38.4155805,-0.5792692,"ES521","ES52",0,0
"ES_860","ES",42,"C19-C20",20.14,36.2430427618328,-5.43193029765947,"ES612","ES61",87764,266918
"ES_661","ES",32,"C23",23.32,43.296251,-8.3207431,"ES111","ES11",0,0
"ES_825","ES",36,"C16-C18",17.22,41.543976,-0.6807359,"ES243","ES24",37814,35042
"ES_1059","ES",36,"C16-C18",17.12,41.9787667,-1.4446772,"ES220","ES22",25418,21889
"ES_452","ES",36,"C16-C18",17.12,41.5872063,1.6183046,"ES511","ES51",0,0
"ES_482","ES",32,"C23",23.32,41.607366,1.0352786,"ES513","ES51",0,0
"ES_408","ES",42,"C19-C20",20.14,41.128586,1.3408979,"ES514","ES51",941646,880454
"ES_372","ES",32,"C23",23.32,40.0157274,-3.8076405,"ES425","ES42",0,0
"ES_365","ES",32,"C23",23.32,40.0274015,-3.9036975,"ES425","ES42",0,0
"ES_358","ES",32,"C23",23.31,40.0139565,-3.800219,"ES425","ES42",0,0
"ES_350","ES",32,"C23",23.32,38.5909581,-1.6930787,"ES421","ES42",0,0
"ES_621","ES",24,"C24",24.1,38.3262895,-6.7641446,"ES431","ES43",0,0
"ES_720","ES",29,"C23",23.51,37.6940275,-1.7038285,"ES620","ES62",0,0
"ES_796","ES",35,"C16-C18",17.11,43.2634461,-2.2364283,"ES212","ES21",0,0
"ES_818","ES",44,"C19-C20",20.13,43.3488503,-4.0501505,"ES130","ES13",855879,715565
"ES_781","ES",36,"C16-C18",17.22,43.2110404,-3.1165019,"ES213","ES21",17686,11530
"ES_782","ES",36,"C16-C18",17.12,43.0476348,-2.0867844,"ES212","ES21",43602,26428
"ES_757","ES",32,"C23",23.32,42.0645575,-1.6145231,"ES220","ES22",0,0
"ES_18668079","ES",29,"C23",23.51,37.2912138,-3.0075642,"ES614","ES61",0,0
"ES_919","ES",42,"C19-C20",20.14,38.6884458,-4.1078877,"ES422","ES42",9188,29282
"ES_385","ES",32,"C23",23.31,41.7325486,1.5135421,"ES511","ES51",0,0
"ES_377","ES",32,"C23",23.32,40.0390929,-3.915016,"ES425","ES42",0,0
"ES_371","ES",32,"C23",23.32,40.0317824,-3.8448319,"ES425","ES42",0,0
"ES_360","ES",32,"C23",23.32,40.0593106,-3.8411186,"ES425","ES42",0,0
"ES_356","ES",32,"C23",23.32,40.0448315,-3.8362694,"ES425","ES42",0,0
"ES_349","ES",27,"C24",23.32,40.0390929,-3.915016,"ES425","ES42",0,0
"ES_306","ES",29,"C23",23.51,40.0244365,-3.9081967,"ES425","ES42",476375,529074
"ES_180","ES",36,"C16-C18",17.12,41.7213895,0.1149925,"ES241","ES24",63644,22396
"ES_148","ES",32,"C23",23.32,37.5094907,-4.6564204,"ES613","ES61",31252,25964
"ES_339","ES",32,"C23",23.32,40.075707,-3.8604247,"ES425","ES42",0,0
"ES_522","ES",31,"C23",23.11,41.2646885,1.6023975,"ES514","ES51",0,0
"ES_525","ES",31,"C23",23.13,41.355064,2.0835862,"ES511","ES51",0,0
"ES_528","ES",32,"C23",23.31,39.9768196,-0.2344074,"ES522","ES52",40954,64872
"ES_689","ES",32,"C23",23.32,42.46353,-2.5606706,"ES230","ES23",0,0
"ES_616","ES",31,"C23",23.19,38.9114824,-0.5529002,"ES523","ES52",0,0
"ES_654","ES",21,"C19-C20",19.2,43.34079,-8.434873,"ES111","ES11",918798,595796
"ES_201796","ES",32,"C23",23.31,39.9714884,-0.241922,"ES522","ES52",13621,22681
"ES_201766","ES",43,"C19-C20",20.11,43.34079,-8.434873,"ES111","ES11",186228,131057
"ES_201765","ES",43,"C19-C20",20.11,38.679102,-4.0973699,"ES422","ES42",336986,218705
"ES_201760","ES",25,"C24",24.1,42.5565428,-6.5780391,"ES413","ES41",11213,16492
"ES_202200","ES",32,"C23",23.31,40.0728306,-0.2171675,"ES522","ES52",0,0
"ES_202181","ES",32,"C23",23.31,40.1368846,-0.281068,"ES522","ES52",0,0
"ES_202476","ES",28,"C24",20.13,43.314521,-8.5000668,"ES111","ES11",44346,99937
"ES_202442","ES",32,"C23",23.31,39.9717006,-0.2407491,"ES522","ES52",11439,8325
"ES_202441","ES",32,"C23",23.31,39.9717006,-0.2407491,"ES522","ES52",7966,7186
"ES_202466","ES",32,"C23",23.31,40.0593823,-0.1389682,"ES522","ES52",2605,3257
"ES_202436","ES",32,"C23",23.31,39.8030294,-0.2191903,"ES522","ES52",8205,13537
"ES_202373","ES",32,"C23",23.31,40.0581543,-0.1831813,"ES522","ES52",0,0
"ES_202339","ES",28,"C24",24.1,43.0121815,-9.1185278,"ES111","ES11",45667,123995
"ES_202307","ES",32,"C23",23.31,39.8088264,-0.1470569,"ES522","ES52",0,0
"ES_202630","ES",32,"C23",23.31,40.065494,-0.1930377,"ES522","ES52",0,0
"ES_202627","ES",32,"C23",23.31,39.9612284,-0.2600304,"ES522","ES52",0,0
"ES_203223","ES",32,"C23",23.31,39.9531165,-0.1914323,"ES522","ES52",27057,31661
"ES_203222","ES",32,"C23",23.32,39.6227319,-0.686432,"ES523","ES52",25300,18195
"ES_203623","ES",27,"C24",24.42,39.8477354,-0.4979096,"ES522","ES52",12031,11991
"ES_203622","ES",32,"C23",23.31,40.0223809,-0.2760389,"ES522","ES52",6034,6748
"ES_203954","ES",32,"C23",23.31,40.0581543,-0.1831813,"ES522","ES52",0,0
"ES_203952","ES",32,"C23",23.31,39.9762659,-0.2358532,"ES522","ES52",0,0
"ES_204947","ES",32,"C23",23.31,40.0746462,-0.2139151,"ES522","ES52",14585,13564
"ES_204941","ES",32,"C23",23.31,40.1368846,-0.281068,"ES522","ES52",1525,4602
"ES_204923","ES",32,"C23",23.31,40.0746462,-0.2139151,"ES522","ES52",0,0
"ES_204946","ES",32,"C23",23.31,40.1369353,0.0293207,"ES522","ES52",0,0
"ES_204640","ES",42,"C19-C20",20.14,42.5984165,-8.6470095,"ES114","ES11",6149,22445
"ES_205747","ES",25,"C24",24.1,42.5125046,-1.6782333,"ES220","ES22",35594,26134
"ES_205744","ES",32,"C23",23.31,40.0581543,-0.1831813,"ES522","ES52",0,0
"ES_205633","ES",32,"C23",23.31,39.8895925,-0.0848302,"ES522","ES52",0,0
"ES_205622","ES",32,"C23",23.31,40.1138985,-0.0519081999999999,"ES522","ES52",16835,20675
"ES_205577","ES",42,"C19-C20",20.16,41.4859096,1.919275,"ES511","ES51",29373,58510
"ES_205770","ES",32,"C23",23.31,39.9611128,-0.2169018,"ES522","ES52",25196,35672
"ES_205549","ES",32,"C23",23.31,39.9604442,-0.2432307,"ES522","ES52",0,0
"ES_205568","ES",25,"C24",24.1,43.2473876,-1.7021937,"ES220","ES22",11381,15420
"ES_206725","ES",32,"C23",23.31,40.0715896,-0.2210954,"ES522","ES52",0,0
"ES_206584","ES",32,"C23",23.31,39.9576,-0.2128789,"ES522","ES52",0,0
"ES_206381","ES",32,"C23",23.31,40.0550837,-0.1735422,"ES522","ES52",0,0
"ES_206349","ES",32,"C23",23.31,39.9464525,-0.1401213,"ES522","ES52",0,0
"ES_206310","ES",32,"C23",23.31,40.0746462,-0.2139151,"ES522","ES52",10315,10453
"ES_212500","ES",32,"C23",NA,41.2854449,1.2494589,"ES514","ES51",0,0
"ES_215941","ES",32,"C23",NA,40.1175715,-0.2373331,"ES522","ES52",13083,11562
"ES_216720","ES",32,"C23",NA,40.1161168,-0.2338213,"ES522","ES52",0,0
"ES_220694","ES",32,"C23",NA,38.090178,-3.7830182,"ES616","ES61",3383,0
"SE_431","SE",36,"C16-C18",17.12,59.4818097,15.3244099,"SE124","SE12",21584,97743
"SE_168","SE",37,"C19-C20",20.13,55.6361994,13.0334778,"SE224","SE22",74920,61288
"SE_430","SE",36,"C16-C18",17.12,58.4772307,11.6839351,"SE232","SE23",8910,16553
"SE_440","SE",36,"C16-C18",17.22,59.028612,12.226943,"SE232","SE23",13311,13407
"SE_439","SE",36,"C16-C18",17.22,59.028612,12.226943,"SE232","SE23",0,0
"SE_481","SE",35,"C16-C18",17.11,62.773703,17.9164936,"SE321","SE32",0,0
"SE_486","SE",24,"C24",24.1,60.3827559,17.2445883,"SE121","SE12",0,0
"SE_485","SE",24,"C24",24.1,59.6132041,16.2294755,"SE125","SE12",1292,564
"SE_449","SE",36,"C16-C18",17.11,56.7512642,15.2700008,"SE212","SE21",283,6747
"SE_448","SE",36,"C16-C18",17.22,56.1200932,13.1442866,"SE224","SE22",5952,4162
"SE_484","SE",36,"C16-C18",17.12,59.7581427,12.3518934,"SE311","SE31",0,0
"SE_447","SE",36,"C16-C18",17.12,65.316698,21.4800364,"SE332","SE33",10405,199439
"SE_408","SE",30,"C23",23.52,57.8334656,18.8017021,"SE214","SE21",135417,82169
"SE_468","SE",36,"C16-C18",17.12,60.6855411,15.4847976,"SE312","SE31",6,0
"SE_407","SE",32,"C23",23.2,56.0871019,12.9125047,"SE224","SE22",555,1718
"SE_425","SE",21,"C19-C20",19.2,57.70887,11.97456,"SE232","SE23",477527,388090
"SE_467","SE",35,"C16-C18",17.12,58.9893363,12.2617325,"SE232","SE23",13606,19775
"SE_426","SE",21,"C19-C20",19.2,58.275573,11.435558,"SE232","SE23",1567625,1392876
"SE_406","SE",29,"C23",23.51,57.7077202,18.8035155,"SE214","SE21",1337734,1456455
"SE_405","SE",29,"C23",23.51,58.3842275,13.8319438,"SE232","SE23",323397,306575
"SE_404","SE",29,"C23",23.51,56.3526907,16.4079765,"SE213","SE21",0,0
"SE_414","SE",33,"C23",23.14,56.0597658,12.9748334,"SE224","SE22",12372,10167
"SE_712","SE",33,"C23",23.99,58.3826768,13.8320853,"SE232","SE23",49512,34375
"SE_795","SE",30,"C23",23.62,55.930433,14.324853,"SE224","SE22",20229,4202
"SE_791","SE",34,"C23",23.62,59.5669027,17.5300882,"SE121","SE12",16998,5403
"SE_201843","SE",33,"C23",23.99,56.1589145,13.7667655,"SE224","SE22",25740,22384
"SE_205316","SE",26,"C24",24.42,62.3765292,17.3639245,"SE321","SE32",210920,183147
"SE_216020","SE",35,"C16-C18",NA,60.128161,18.643501,"SE110","SE11",0,0
"SE_224380","SE",43,"C19-C20",NA,57.8541253,12.0119641,"SE232","SE23",0,0
"SE_224010","SE",43,"C19-C20",NA,62.4959236,15.4819825,"SE321","SE32",0,0
"SK_206154","SK",24,"C24",24.51,48.9668491,18.184495,"SK022","SK02",0,0
"SE_216041","SE",35,"C16-C18",NA,63.3369882,19.167396,"SE321","SE32",71793,20589
"SE_205634","SE",28,"C24",24.1,58.3566216,12.3888324,"SE232","SE23",140838,132143
"SE_205193","SE",42,"C19-C20",20.16,56.1206843,13.3850038,"SE224","SE22",1106,1813
"SE_205002","SE",42,"C19-C20",63.11,56.137972,13.3949862,"SE224","SE22",30,1160
"SE_204256","SE",38,"C19-C20",20.15,59.5120962,15.9945102,"SE125","SE12",5349,58897
"SE_87","SE",30,"C23",35.3,57.7037347,18.8027633,"SE214","SE21",0,0
"SE_729","SE",25,"C24",24.1,59.4275022,16.4580629,"SE122","SE12",13463,9446
"SE_732","SE",25,"C24",24.1,58.1937229,15.0470273,"SE123","SE12",19200,14750
"SE_728","SE",25,"C24",24.1,59.989144,15.8166418,"SE125","SE12",7670,5494
"SE_773","SE",32,"C23",23.42,56.0743618,14.477659,"SE224","SE22",0,0
"SE_478","SE",35,"C16-C18",17.11,57.0415797,16.44312,"SE213","SE21",6743,48733
"SE_416","SE",30,"C23",23.52,58.6754851,17.0749546,"SE122","SE12",46817,36869
"SE_418","SE",30,"C23",23.52,60.9044693,15.1670635,"SE312","SE31",77664,52204
"SE_417","SE",30,"C23",23.52,61.049837,15.1963019,"SE312","SE31",71447,47914
"SE_419","SE",30,"C23",23.52,61.2599818,17.1472249,"SE313","SE31",16447,0
"SE_413","SE",31,"C23",23.13,57.5411813,13.3543809,"SE232","SE23",64164,48654
"SE_420","SE",32,"C23",23.99,58.410807,15.6213727,"SE123","SE12",0,0
"SE_412","SE",31,"C23",23.11,56.6743748,12.8577884,"SE231","SE23",0,0
"SE_421","SE",32,"C23",23.32,59.6026087,17.0600648,"SE121","SE12",0,0
"SE_411","SE",30,"C23",23.52,65.584819,22.1567026,"SE332","SE33",91775,43895
"SE_423","SE",21,"C19-C20",19.2,57.6991978,11.8967957,"SE232","SE23",26867,12801
"SE_422","SE",21,"C19-C20",19.2,58.9187041,17.9613104,"SE110","SE11",100999,98032
"SE_410","SE",30,"C23",23.52,59.501023,16.0087826,"SE125","SE12",149462,108307
"SE_409","SE",32,"C23",23.32,59.9060095,17.0491496,"SE121","SE12",4517,2701
"SE_470","SE",36,"C16-C18",17.12,56.9980145,13.2352212,"SE231","SE23",3047,46415
"SE_469","SE",36,"C16-C18",17.21,60.2073765,16.3137373,"SE312","SE31",70,73453
"SE_424","SE",21,"C19-C20",19.2,57.7128038,11.8382308,"SE232","SE23",479781,406022
"SE_499","SE",23,"C24",7.1,65.584819,22.1567026,"SE332","SE33",107791,103415
"SE_464","SE",35,"C16-C18",17.11,58.7569703,14.800976,"SE124","SE12",13501,8460
"SE_498","SE",23,"C24",7.1,65.584819,22.1567026,"SE332","SE33",87402,208848
"SE_497","SE",23,"C24",7.1,65.584819,22.1567026,"SE332","SE33",405579,461855
"SE_463","SE",36,"C16-C18",17.12,63.7023607,20.3205102,"SE331","SE33",28088,92575
"SE_462","SE",36,"C16-C18",17.12,65.2832576,21.4962857,"SE332","SE33",9205,108269
"SE_496","SE",24,"C24",24.1,60.03437,13.694508,"SE311","SE31",20354,28243
"SE_461","SE",36,"C16-C18",17.12,58.132158,12.1241336,"SE232","SE23",1849,26343
"SE_495","SE",24,"C24",24.1,65.5602203,22.2017505,"SE332","SE33",3155921,2767060
"SE_459","SE",36,"C16-C18",17.12,62.390811,17.306927,"SE321","SE32",9972,27068
"SE_494","SE",24,"C24",24.1,58.6754851,17.0749546,"SE122","SE12",1586733,1435245
"SE_460","SE",35,"C16-C18",17.11,62.4798828,17.3293714,"SE321","SE32",61505,48402
"SE_457","SE",35,"C16-C18",17.11,59.5292076,15.44461,"SE124","SE12",415,17795
"SE_493","SE",24,"C24",24.1,59.2418475,14.2403132,"SE311","SE31",7134,5338
"SE_492","SE",24,"C24",24.1,60.557521,16.2982002,"SE313","SE31",54102,51796
"SE_456","SE",36,"C16-C18",17.12,59.132661,12.930107,"SE311","SE31",1682,18817
"SE_491","SE",24,"C24",24.1,59.2391027,14.4339179,"SE124","SE12",34362,23254
"SE_490","SE",24,"C24",24.1,60.14533,16.1738399,"SE312","SE31",115474,87981
"SE_455","SE",36,"C16-C18",17.12,63.3369882,19.167396,"SE321","SE32",8035,109263
"SE_454","SE",36,"C16-C18",17.12,58.7101119,13.8213327,"SE232","SE23",8035,6531
"SE_453","SE",36,"C16-C18",17.12,58.7101119,13.8213327,"SE232","SE23",7049,7110
"SE_458","SE",35,"C16-C18",17.11,59.7953706,13.1153272,"SE311","SE31",1483,18970
"SE_452","SE",36,"C16-C18",17.12,58.7022938,13.8342825,"SE232","SE23",13752,20338
"SE_489","SE",24,"C24",24.1,56.2049233,12.5521836,"SE224","SE22",147194,182443
"SE_451","SE",36,"C16-C18",17.12,60.6748796,17.1412726,"SE313","SE31",17792,167764
"SE_487","SE",24,"C24",24.1,60.139556,15.408574,"SE312","SE31",32342,35105
"SE_483","SE",35,"C16-C18",17.11,61.1844295,17.1844774,"SE313","SE31",5709,10214
"SE_450","SE",36,"C16-C18",17.12,58.132158,12.1241336,"SE232","SE23",0,0
"SE_446","SE",36,"C16-C18",17.12,61.6426114,17.0751266,"SE313","SE31",10651,82903
"SE_527","SE",30,"C23",23.52,62.390811,17.306927,"SE321","SE32",31154,23736
"SE_482","SE",35,"C16-C18",17.11,57.4877497,14.1129603,"SE211","SE21",7649,17218
"SE_444","SE",36,"C16-C18",17.12,60.059927,18.596667,"SE110","SE11",4,102839
"SE_443","SE",36,"C16-C18",17.12,58.6397012,16.2565263,"SE123","SE12",13358,110886
"SE_488","SE",24,"C24",24.1,56.6608532,12.8684447,"SE231","SE23",12761,16532
"SE_442","SE",36,"C16-C18",17.12,62.9750111,17.7151608,"SE321","SE32",18951,73216
"SE_480","SE",35,"C16-C18",17.11,57.2243365,12.1769718,"SE231","SE23",27881,55330
"SE_479","SE",35,"C16-C18",17.11,56.1602459,14.7631922,"SE221","SE22",8422,153377
"SE_441","SE",36,"C16-C18",17.12,58.5983622,16.0998259,"SE123","SE12",39487,26403
"SE_521","SE",24,"C24",24.1,55.8703477,12.8300802,"SE224","SE22",29214,27750
"SE_477","SE",36,"C16-C18",17.12,57.9773334,15.61328,"SE123","SE12",9379,13530
"SE_438","SE",35,"C16-C18",17.11,63.2721516,18.7026069,"SE321","SE32",4714,140998
"SE_476","SE",36,"C16-C18",17.12,59.1797715,12.5556581,"SE311","SE31",0,0
"SE_475","SE",35,"C16-C18",17.12,59.3246275,13.4693947,"SE311","SE31",59390,173339
"SE_437","SE",36,"C16-C18",35.3,59.20184,17.8247581,"SE110","SE11",937,1152
"SE_518","SE",31,"C23",23.13,56.8382228,15.7468572,"SE213","SE21",0,0
"SE_436","SE",24,"C24",24.1,60.6169726,16.7863972,"SE313","SE31",63874,61392
"SE_474","SE",35,"C16-C18",17.11,60.6255911,17.4135581,"SE121","SE12",341,305415
"SE_435","SE",36,"C16-C18",17.12,59.1604691,14.1842458,"SE311","SE31",13191,32696
"SE_434","SE",36,"C16-C18",17.12,58.5796156,15.9050799,"SE123","SE12",17384,123659
"SE_433","SE",36,"C16-C18",17.11,65.7942531,23.2803753,"SE332","SE33",8783,73802
"SE_471","SE",36,"C16-C18",17.12,60.5164731,15.4165905,"SE312","SE31",1867,10571
"SE_432","SE",36,"C16-C18",17.12,59.3399428,13.1170034,"SE311","SE31",12413,167090
"SE_472","SE",36,"C16-C18",17.12,56.0422981,14.476192,"SE224","SE22",23748,109501
"SE_428","SE",36,"C16-C18",17.12,57.3681898,16.5555734,"SE213","SE21",8640,1879
"ES_222046","ES",34,"C23",NA,37.7182399,-3.9699874,"ES616","ES61",0,0
"ES_221942","ES",34,"C23",NA,39.8120311,-0.4304419,"ES522","ES52",0,0
"ES_221994","ES",32,"C23",NA,39.9764365,-0.1423874,"ES522","ES52",0,0
"ES_221201","ES",34,"C23",NA,42.6693018,-1.862321,"ES220","ES22",0,0
"ES_218702","ES",25,"C24",NA,38.4920781,-6.6815057,"ES431","ES43",11314,0
"ES_218700","ES",32,"C23",NA,40.1323433,-0.0107509,"ES522","ES52",8668,0
"ES_218382","ES",32,"C23",NA,40.0727969,-0.2142858,"ES522","ES52",0,0
"ES_218763","ES",36,"C16-C18",NA,41.53412,1.68372,"ES511","ES51",11384,0
"ES_218800","ES",32,"C23",NA,41.3604149,-5.7104977,"ES419","ES41",6525,0
"ES_214800","ES",32,"C23",NA,39.7517574,-0.2235953,"ES522","ES52",156165,75319
"ES_214520","ES",32,"C23",NA,40.0746462,-0.2139151,"ES522","ES52",7660,5524
"ES_213800","ES",32,"C23",NA,40.9379439,-0.3560076,"ES242","ES24",3561,2402
"ES_210703","ES",34,"C23",NA,41.4305365,-0.403094,"ES243","ES24",22651,5065
"ES_210557","ES",24,"C24",NA,42.9917193,-4.1391937,"ES130","ES13",40164,37148
"ES_210605","ES",36,"C16-C18",NA,42.127858,-1.1700982,"ES243","ES24",0,0
"ES_210364","ES",32,"C23",NA,39.9698314,-0.1298159,"ES522","ES52",29987,25631
"ES_209945","ES",32,"C23",NA,40.1399526,-0.0123503,"ES522","ES52",33013,30742
"ES_209566","ES",32,"C23",NA,40.153564,0.0404222,"ES522","ES52",0,0
"ES_207505","ES",25,"C24",25.5,43.31172,-3.00039,"ES213","ES21",0,0
"ES_209006","ES",35,"C16-C18",NA,43.3600687,-4.0676181,"ES130","ES13",0,0
"ES_208983","ES",25,"C24",NA,39.6567522,-0.2291565,"ES523","ES52",20881,14915
"ES_208922","ES",32,"C23",NA,43.309084,-4.23766,"ES130","ES13",0,0
"ES_208782","ES",32,"C23",NA,39.7906412,-0.160513,"ES522","ES52",0,0
"ES_208924","ES",25,"C24",NA,43.1734489,-2.0585673,"ES212","ES21",0,0
"ES_206315","ES",35,"C16-C18",17.12,42.348258,-3.736814,"ES412","ES41",2714,1822
"ES_207695","ES",32,"C23",23.31,39.9662895,-0.2286486,"ES522","ES52",31501,31068
"ES_207264","ES",31,"C23",23.13,38.9072757,-0.5332263,"ES523","ES52",0,0
"ES_207043","ES",36,"C16-C18",17.12,43.2715921,-1.9689732,"ES212","ES21",6834,5096
"ES_207302","ES",32,"C23",23.31,39.7891384,-0.1739314,"ES522","ES52",127898,133135
"ES_206979","ES",32,"C23",23.31,40.0499965,-0.1658723,"ES522","ES52",0,0
"ES_206038","ES",33,"C23",23.14,42.3385304,-1.6516052,"ES220","ES22",53068,51004
"ES_206293","ES",32,"C23",23.32,36.3067976,-5.2619458,"ES612","ES61",0,0
"ES_206294","ES",32,"C23",23.31,39.96355,-0.24213,"ES522","ES52",36694,35941
"ES_206276","ES",32,"C23",23.31,40.1746959,-0.0361533,"ES522","ES52",63928,60507
"ES_206275","ES",32,"C23",23.31,40.1138985,-0.0519081999999999,"ES522","ES52",27409,26749
"ES_206224","ES",32,"C23",23.31,40.0581543,-0.1831813,"ES522","ES52",0,0
"ES_206130","ES",32,"C23",23.31,39.94394,-0.1221708,"ES522","ES52",0,0
"ES_206100","ES",32,"C23",23.31,40.0550837,-0.1735422,"ES522","ES52",0,0
"ES_206101","ES",32,"C23",23.31,40.0550837,-0.1735422,"ES522","ES52",0,0
"ES_206079","ES",24,"C24",24.1,41.7795976,-1.9844648,"ES417","ES41",2599,2284
"ES_206061","ES",32,"C23",23.31,40.0728306,-0.2171675,"ES522","ES52",0,0
"ES_206027","ES",32,"C23",23.31,39.9478215,-0.1659587,"ES522","ES52",0,0
"ES_206015","ES",32,"C23",23.31,40.0581543,-0.1831813,"ES522","ES52",0,0
"ES_205897","ES",38,"C19-C20",20.13,41.1148813,1.2030827,"ES514","ES51",0,0
"ES_205866","ES",32,"C23",23.99,37.352402,-2.1927313,"ES611","ES61",57692,32981
"ES_205951","ES",31,"C23",35.11,38.6182797,-6.7962032,"ES431","ES43",0,0
"ES_205841","ES",42,"C19-C20",20.16,41.6759954,2.7902289,"ES512","ES51",14714,16580
"ES_205817","ES",30,"C23",23.2,40.9407849,-0.2315018,"ES242","ES24",66975,75964
"ES_205814","ES",34,"C23",23.62,43.4040041,-3.7378563,"ES130","ES13",0,0
"ES_205813","ES",25,"C24",24.1,41.6584556,1.1736213,"ES513","ES51",0,0
"ES_205776","ES",32,"C23",23.42,40.4852635,-3.3780568,"ES300","ES30",0,0
"ES_205394","ES",32,"C23",23.31,39.9902736,-0.072699,"ES522","ES52",5320,8887
"ES_205388","ES",32,"C23",23.31,40.0746462,-0.2139151,"ES522","ES52",0,0
"ES_205306","ES",25,"C24",24.1,43.1684668,-2.3275097,"ES212","ES21",20314,18161
"ES_205285","ES",34,"C23",23.62,40.2375052,-3.6967718,"ES300","ES30",36753,8765
"ES_205233","ES",32,"C23",23.31,40.0446292,-0.1526022,"ES522","ES52",0,0
"ES_205232","ES",32,"C23",23.31,39.9773063,-0.2357531,"ES522","ES52",11810,9847
"ES_205190","ES",25,"C24",24.1,43.2477458,-8.5801795,"ES111","ES11",22456,25623
"ES_204982","ES",32,"C23",23.31,39.959534,-0.2165526,"ES522","ES52",55163,53771
"ES_204990","ES",25,"C24",24.1,42.8765756,-2.6520966,"ES211","ES21",0,0
"ES_204968","ES",25,"C24",24.1,42.8594569,-2.6622325,"ES211","ES21",0,0
"ES_203891","ES",42,"C19-C20",20.14,42.3412844,-3.6995217,"ES412","ES41",30483,32017
"ES_203876","ES",32,"C23",23.31,39.9568351,-0.0829242,"ES522","ES52",0,0
"ES_203821","ES",32,"C23",23.31,40.0715589,-0.2194109,"ES522","ES52",0,0
"ES_203774","ES",32,"C23",23.31,39.9729144,-0.0652247,"ES522","ES52",0,0
"ES_203775","ES",32,"C23",23.31,39.9729144,-0.0652247,"ES522","ES52",0,0
"ES_203769","ES",32,"C23",23.31,40.1746959,-0.0361533,"ES522","ES52",20482,31875
"ES_203737","ES",42,"C19-C20",20.14,40.6257689,0.5777109,"ES514","ES51",42819,195482
"ES_203692","ES",32,"C23",23.31,40.0727969,-0.2142858,"ES522","ES52",0,0
"ES_203673","ES",43,"C19-C20",20.11,41.0735441,0.8895125,"ES514","ES51",312122,255199
"ES_203664","ES",32,"C23",23.31,39.9636111,-0.2442938,"ES522","ES52",0,0
"ES_203672","ES",25,"C24",24.1,39.6567522,-0.2291565,"ES523","ES52",0,0
"ES_203660","ES",42,"C19-C20",20.17,43.4106811,-3.777798,"ES130","ES13",0,0
"ES_203662","ES",32,"C23",23.31,40.0727969,-0.2142858,"ES522","ES52",0,0
"ES_203653","ES",32,"C23",23.31,40.0739264,-0.2187438,"ES522","ES52",0,0
"ES_203629","ES",30,"C23",8.99,42.6915559,-7.4563434,"ES112","ES11",113379,94529
"ES_203627","ES",32,"C23",23.31,40.0183242,-0.3150755,"ES522","ES52",0,0
"ES_203651","ES",32,"C23",23.31,40.0499965,-0.1658723,"ES522","ES52",0,0
"ES_203734","ES",32,"C23",23.31,39.8539503,-0.1553504,"ES522","ES52",2537,5087
"ES_203626","ES",32,"C23",23.31,39.96513,-0.2625949,"ES522","ES52",0,0
"ES_203625","ES",32,"C23",23.31,40.0746462,-0.2139151,"ES522","ES52",19444,14600
"ES_203624","ES",32,"C23",23.31,39.965614,-0.2378711,"ES522","ES52",0,0
"ES_203074","ES",32,"C23",23.31,40.0746462,-0.2139151,"ES522","ES52",0,0
"ES_203075","ES",32,"C23",23.31,40.0697854,-0.1997842,"ES522","ES52",3944,17649
"ES_202941","ES",32,"C23",23.31,40.1252527,-0.0275248,"ES522","ES52",4861,4582
"ES_202928","ES",32,"C23",23.31,39.7843486,-0.1841388,"ES522","ES52",0,0
"ES_202939","ES",25,"C24",24.51,43.2561683,-4.0633021,"ES130","ES13",24925,11907
"ES_202885","ES",28,"C24",24.1,41.9157808,0.1927395,"ES241","ES24",23658,51693
"ES_202882","ES",32,"C23",23.31,40.0767685,-0.210125,"ES522","ES52",4976,6212
"ES_202790","ES",32,"C23",23.31,39.9568351,-0.0829242,"ES522","ES52",0,0
"ES_202795","ES",32,"C23",23.31,40.0581543,-0.1831813,"ES522","ES52",0,0
"ES_202766","ES",32,"C23",23.31,40.0648634,-0.1939868,"ES522","ES52",0,0
"ES_202768","ES",32,"C23",23.31,40.0581543,-0.1831813,"ES522","ES52",110,12855
"ES_202771","ES",32,"C23",23.31,40.0499965,-0.1658723,"ES522","ES52",0,0
"ES_202337","ES",28,"C24",24.1,42.9759621,-9.1732936,"ES111","ES11",24501,44377
"ES_202470","ES",32,"C23",23.31,40.0727969,-0.2142858,"ES522","ES52",2442,3344
"ES_202474","ES",32,"C23",23.31,40.0581543,-0.1831813,"ES522","ES52",1289,2146
"ES_202631","ES",32,"C23",23.31,41.32758,1.65699,"ES511","ES51",0,0
"ES_202605","ES",32,"C23",23.31,37.9752754,-1.2368537,"ES620","ES62",0,0
"ES_202615","ES",25,"C24",24.1,43.4155295,-3.8412378,"ES130","ES13",28702,87829
"ES_202604","ES",32,"C23",23.31,39.9721831,-0.2304757,"ES522","ES52",0,0
"ES_202635","ES",32,"C23",23.31,39.9676967,-0.059496,"ES522","ES52",0,0
"ES_202598","ES",32,"C23",23.31,37.9752754,-1.2368537,"ES620","ES62",0,0
"ES_202554","ES",32,"C23",23.31,40.0669909,-0.1951648,"ES522","ES52",0,0
"ES_202532","ES",32,"C23",23.31,39.9531165,-0.1914323,"ES522","ES52",5891,14087
"ES_202524","ES",32,"C23",23.31,41.2841606,-0.3266073,"ES243","ES24",0,0
"ES_202499","ES",32,"C23",23.31,41.0510353,-0.1335373,"ES242","ES24",5167,4588
"ES_202496","ES",32,"C23",23.31,40.0681069,-0.1982404,"ES522","ES52",0,0
"ES_202495","ES",32,"C23",23.31,40.0681069,-0.1982404,"ES522","ES52",0,0
"ES_202522","ES",32,"C23",23.31,39.9660978,-0.2538447,"ES522","ES52",0,0
"ES_202305","ES",32,"C23",23.31,39.991699,-0.0800440999999999,"ES522","ES52",16027,15203
"ES_202256","ES",32,"C23",23.31,39.9521555,-0.1990218,"ES522","ES52",8455,11063
"ES_202255","ES",32,"C23",23.31,39.8895925,-0.0848302,"ES522","ES52",6575,8530
"ES_202235","ES",32,"C23",23.31,39.9271423,-0.1986798,"ES522","ES52",6508,8565
"ES_202179","ES",32,"C23",23.31,40.0746462,-0.2139151,"ES522","ES52",0,0
"ES_202258","ES",32,"C23",23.31,39.989834,-0.1051739,"ES522","ES52",0,0
"ES_202177","ES",25,"C24",24.51,43.4436478,-3.8383457,"ES130","ES13",35318,31381
"ES_202176","ES",26,"C24",24.42,43.3600125,-8.4116761,"ES111","ES11",0,0
"ES_202173","ES",32,"C23",23.31,40.0550837,-0.1735422,"ES522","ES52",0,0
"ES_202175","ES",26,"C24",24.42,43.5757754,-5.93965,"ES120","ES12",0,0
"ES_202172","ES",27,"C24",24.42,38.320036,-0.516499,"ES521","ES52",0,0
"ES_202171","ES",27,"C24",24.42,43.2026214,-2.7118886,"ES213","ES21",0,0
"ES_202276","ES",32,"C23",23.31,40.0581543,-0.1831813,"ES522","ES52",0,0
"ES_202159","ES",26,"C24",24.42,43.6938309,-7.4415158,"ES112","ES11",382719,456800
"ES_202153","ES",26,"C24",24.42,43.6938309,-7.4415158,"ES112","ES11",15317,189642
"ES_202151","ES",28,"C24",24.43,43.3026302,-2.9467358,"ES213","ES21",69757,72557
"ES_202114","ES",32,"C23",23.31,40.0541311,-0.3504199,"ES522","ES52",5214,5709
"ES_202106","ES",32,"C23",23.31,40.0746462,-0.2139151,"ES522","ES52",0,0
"ES_202102","ES",32,"C23",23.31,40.0183242,-0.3150755,"ES522","ES52",5247,5725
"ES_202054","ES",32,"C23",23.31,40.0581543,-0.1831813,"ES522","ES52",0,0
"ES_202025","ES",32,"C23",23.31,39.9598673,-0.2098127,"ES522","ES52",0,0
"ES_202016","ES",32,"C23",23.31,39.9568207,-0.0781806999999999,"ES522","ES52",0,0
"ES_202021","ES",32,"C23",23.31,39.9598673,-0.2098127,"ES522","ES52",0,0
"ES_201993","ES",32,"C23",23.31,40.0550837,-0.1735422,"ES522","ES52",21495,29333
"ES_201986","ES",32,"C23",23.31,39.9462841,-0.0884739,"ES522","ES52",5867,5331
"ES_201944","ES",32,"C23",23.31,40.0728306,-0.2171675,"ES522","ES52",0,0
"ES_201940","ES",30,"C23",8.99,42.9310485,-1.5044005,"ES220","ES22",326628,309719
"ES_201856","ES",38,"C19-C20",20.15,38.6884458,-4.1078877,"ES422","ES42",378977,300955
"ES_201855","ES",41,"C19-C20",20.15,37.19983,-6.9348,"ES615","ES61",510028,401193
"ES_201854","ES",38,"C19-C20",20.15,43.5757754,-5.93965,"ES120","ES12",27345,47185
"ES_201858","ES",28,"C24",24.44,42.0172312,2.244446,"ES511","ES51",38419,29924
"ES_201834","ES",42,"C19-C20",20.14,37.9752754,-1.2368537,"ES620","ES62",0,0
"ES_201894","ES",32,"C23",23.31,40.0446309,-0.1477435,"ES522","ES52",0,0
"ES_201910","ES",32,"C23",23.42,41.3037812,2.0103708,"ES511","ES51",0,0
"ES_609","ES",32,"C23",23.32,38.2973112,-0.742722,"ES521","ES52",0,0
"ES_605","ES",32,"C23",23.32,39.7008653,-0.806557,"ES523","ES52",0,0
"ES_576","ES",36,"C16-C18",17.12,39.9397706,-0.1005932,"ES522","ES52",0,0
"ES_589","ES",32,"C23",23.32,38.6293148,-0.7710328,"ES521","ES52",0,0
"ES_555","ES",31,"C23",20.3,40.1252527,-0.0275248,"ES522","ES52",27586,55766
"ES_554","ES",31,"C23",20.3,40.0189388,-0.2766779,"ES522","ES52",0,0
"ES_551","ES",42,"C19-C20",20.14,39.8872135,-0.0796008,"ES522","ES52",81820,157244
"ES_553","ES",31,"C23",20.3,40.1031575,-0.2089337,"ES522","ES52",0,0
"ES_521","ES",31,"C23",23.13,41.3883143,1.1552485,"ES514","ES51",36815,27643
"ES_511","ES",32,"C23",23.32,41.4707666,2.01324,"ES511","ES51",0,0
"ES_451","ES",36,"C16-C18",17.12,41.4399149,1.8672009,"ES511","ES51",4025,4055
"ES_598","ES",32,"C23",23.32,38.8649598,-0.397794,"ES523","ES52",0,0
"ES_444","ES",35,"C16-C18",17.11,40.7983295,0.5203133,"ES514","ES51",8124,11329
"ES_391","ES",29,"C23",23.51,40.5733956,0.5467599,"ES514","ES51",433428,705651
"ES_362","ES",32,"C23",23.32,40.0317824,-3.8448319,"ES425","ES42",0,0
"ES_340","ES",32,"C23",23.32,39.9467579,-4.8320211,"ES425","ES42",0,0
"ES_392","ES",29,"C23",23.51,41.4070665,2.0514589,"ES511","ES51",0,0
"ES_352","ES",32,"C23",23.32,39.7240566,-1.389393,"ES423","ES42",0,0
"ES_181","ES",36,"C16-C18",17.12,41.6701743,-0.871078,"ES243","ES24",213857,115747
"ES_334","ES",32,"C23",23.32,40.075707,-3.8604247,"ES425","ES42",0,0
"ES_333","ES",32,"C23",23.32,38.8850241,-1.7488714,"ES421","ES42",0,0
"ES_305","ES",29,"C23",23.51,40.1224113,-3.8047805,"ES425","ES42",0,0
"ES_276","ES",35,"C16-C18",17.12,41.9782201,-4.4398757,"ES414","ES41",149448,46349
"ES_236","ES",29,"C23",23.51,42.8760548,-4.1630496,"ES130","ES13",272742,359291
"ES_197","ES",29,"C23",23.51,43.3313843,-5.775156,"ES120","ES12",0,0
"ES_104","ES",32,"C23",23.32,38.0805315,-3.7781454,"ES616","ES61",0,0
"ES_57","ES",28,"C24",35.1,36.7489747,-3.5180363,"ES614","ES61",86492,0
"ES_106","ES",32,"C23",23.32,38.0985199,-3.7669214,"ES616","ES61",0,0
"ES_109","ES",32,"C23",23.32,38.0821796,-3.7561924,"ES616","ES61",0,0
"ES_524","ES",31,"C23",23.13,41.3303529,2.1290495,"ES511","ES51",38108,24453
"ES_1052","ES",42,"C19-C20",20.14,41.1921839,1.2064499,"ES514","ES51",0,0
"ES_90073","ES",24,"C24",24.1,38.3262895,-6.7641446,"ES431","ES43",121581,78739
"ES_90068","ES",32,"C23",23.31,41.7721389,-1.1146301,"ES243","ES24",0,0
"ES_514","ES",32,"C23",23.32,41.7535737,0.5854288,"ES513","ES51",0,0
"ES_489","ES",32,"C23",23.32,41.6226947,2.2474726,"ES511","ES51",0,0
"ES_468","ES",36,"C16-C18",17.12,41.4628863,1.9573489,"ES511","ES51",47296,42180
"ES_488","ES",32,"C23",23.32,41.7321109,0.744964,"ES513","ES51",0,0
"ES_461","ES",36,"C16-C18",17.12,41.4637537,1.7003706,"ES511","ES51",0,0
"ES_456","ES",36,"C16-C18",17.12,41.3178903,1.1770422,"ES514","ES51",16546,20522
"ES_455","ES",36,"C16-C18",17.12,41.5417678,1.6611487,"ES511","ES51",0,0
"ES_460","ES",36,"C16-C18",17.12,41.617526,0.887555,"ES513","ES51",24879,30085
"ES_393","ES",29,"C23",23.51,41.4926949,2.1847705,"ES511","ES51",356340,321027
"ES_296","ES",32,"C23",23.32,40.9994143,-4.1187565,"ES416","ES41",0,0
"ES_299","ES",32,"C23",23.32,40.5994005,-6.5307161,"ES415","ES41",0,0
"ES_283","ES",32,"C23",23.32,42.3432736,-5.5922005,"ES413","ES41",0,0
"ES_288","ES",32,"C23",23.32,42.5582333,-3.3207078,"ES412","ES41",0,0
"ES_282","ES",32,"C23",23.32,41.5222976,-5.3924447,"ES419","ES41",0,0
"ES_991","ES",32,"C23",23.31,39.918265,-0.1132387,"ES522","ES52",0,0
"ES_281","ES",32,"C23",23.32,41.1215111,-4.2679542,"ES416","ES41",0,0
"ES_243","ES",24,"C24",24.1,42.9917193,-4.1391937,"ES130","ES13",0,0
"ES_988","ES",25,"C24",24.1,39.4826443,-0.3751665,"ES523","ES52",58939,46972
"ES_249","ES",29,"C23",23.51,41.9297676,-4.4934572,"ES414","ES41",320939,260986
"ES_177","ES",36,"C16-C18",17.12,42.0360435,0.1284404,"ES241","ES24",0,0
"ES_149","ES",32,"C23",23.32,38.0924974,-5.8205506,"ES618","ES61",0,0
"ES_147","ES",32,"C23",23.32,37.2050359,-3.6431781,"ES614","ES61",0,0
"ES_135","ES",32,"C23",23.32,38.0881777,-3.7692644,"ES616","ES61",0,0
"ES_128","ES",32,"C23",23.32,36.9296855,-6.0861537,"ES618","ES61",0,0
"ES_85","ES",32,"C23",23.32,37.9752754,-1.2368537,"ES620","ES62",0,0
"ES_79","ES",32,"C23",23.32,37.3564999,-3.1617799,"ES614","ES61",0,0
"ES_94","ES",32,"C23",23.32,38.0989196,-3.7511032,"ES616","ES61",0,0
"ES_62","ES",36,"C16-C18",17.12,36.7489747,-3.5180363,"ES614","ES61",7969,55451
"ES_58","ES",35,"C16-C18",17.11,37.3207163,-3.1884356,"ES614","ES61",4848,5363
"ES_42","ES",23,"C24",20.12,37.19983,-6.9348,"ES615","ES61",120711,102313
"ES_96","ES",32,"C23",23.32,38.1123046,-3.7614443,"ES616","ES61",0,0
"ES_7","ES",29,"C23",23.51,37.3574374,-5.8675817,"ES618","ES61",741651,561023
"ES_6","ES",30,"C23",23.52,37.2249556,-4.8957161,"ES618","ES61",0,0
"ES_987","ES",32,"C23",23.31,39.765666,-0.1597603,"ES522","ES52",0,0
"ES_984","ES",32,"C23",23.31,40.1606244,0.0326531,"ES522","ES52",18254,25978
"ES_973","ES",32,"C23",23.31,39.8531222,-0.1527555,"ES522","ES52",151042,139450
"ES_23527781","ES",32,"C23",23.32,38.1099376,-3.7594776,"ES616","ES61",11378,17419
"ES_948","ES",42,"C19-C20",20.14,41.1102855,1.1911355,"ES514","ES51",92731,40859
"ES_736","ES",21,"C19-C20",19.2,37.5792509,-0.9099551,"ES620","ES62",2452065,1817145
"ES_735","ES",36,"C16-C18",17.12,38.2040754,-1.3469587,"ES620","ES62",2820,1758
"ES_684","ES",32,"C23",23.32,38.9855307,1.5281253,"ES531","ES53",0,0
"ES_669","ES",32,"C23",23.32,42.8112147,-7.6366723,"ES112","ES11",0,0
"ES_667","ES",32,"C23",23.32,43.2836941,-8.7902017,"ES111","ES11",0,0
"ES_655","ES",24,"C24",24.1,43.5164032,-8.1634485,"ES111","ES11",30557,27391
"ES_707","ES",36,"C16-C18",17.12,40.2692922,-3.766207,"ES300","ES30",124035,86275
"ES_492","ES",32,"C23",23.32,41.728359,1.5136123,"ES511","ES51",0,0
"ES_485","ES",32,"C23",23.32,41.7751299,0.8205663,"ES513","ES51",0,0
"ES_610","ES",32,"C23",23.32,39.6088962,-0.5696253,"ES523","ES52",0,0
"ES_591","ES",32,"C23",23.32,38.4155805,-0.5792692,"ES521","ES52",0,0
"ES_615","ES",31,"C23",23.11,39.6824199,-0.2790694,"ES523","ES52",97583,77613
"ES_502","ES",32,"C23",23.32,41.4862624,2.0391542,"ES511","ES51",0,0
"ES_567","ES",31,"C23",20.3,39.9604442,-0.2432307,"ES522","ES52",0,0
"ES_532","ES",32,"C23",23.31,40.0715589,-0.2194109,"ES522","ES52",56673,54488
"ES_838","ES",32,"C23",23.32,37.3559715,-4.842612,"ES618","ES61",0,0
"ES_832","ES",29,"C23",23.51,38.3788735,-6.4798194,"ES431","ES43",426157,435694
"ES_342","ES",32,"C23",23.32,40.1102929,-3.8013492,"ES425","ES42",0,0
"ES_337","ES",32,"C23",23.32,40.047893,-3.8376591,"ES425","ES42",0,0
"ES_332","ES",32,"C23",23.32,39.9376221,-3.9180736,"ES425","ES42",0,0
"ES_513","ES",32,"C23",23.32,42.0434905,2.9343614,"ES512","ES51",0,0
"ES_815","ES",31,"C23",23.11,43.1455294,-2.9573616,"ES211","ES21",91877,73913
"ES_295","ES",32,"C23",23.32,42.29253,-5.5191198,"ES413","ES41",38334,26320
"ES_298","ES",32,"C23",23.32,41.1215111,-4.2679542,"ES416","ES41",0,0
"ES_805","ES",24,"C24",24.1,43.0501674,-2.1899706,"ES212","ES21",0,0
"ES_248","ES",29,"C23",23.51,42.5537287,-6.7697262,"ES413","ES41",394072,414505
"ES_246","ES",32,"C23",23.32,43.4311971,-3.858338,"ES130","ES13",0,0
"ES_120","ES",32,"C23",23.32,38.0940821,-3.7751704,"ES616","ES61",0,0
"ES_804","ES",24,"C24",24.1,43.2939991,-2.9080396,"ES213","ES21",23377,19644
"ES_239","ES",35,"C16-C18",17.11,43.3600687,-4.0676181,"ES130","ES13",0,0
"ES_232","ES",31,"C23",23.13,27.9793791,-15.3866028,"ES705","ES70",0,0
"ES_231","ES",21,"C19-C20",19.2,28.4563705,-16.2596444,"ES709","ES70",24540,4263
"ES_218","ES",32,"C23",23.32,43.3792654,-5.8337142,"ES120","ES12",0,0
"ES_196","ES",30,"C23",23.52,43.3313843,-5.775156,"ES120","ES12",497110,442771
"ES_803","ES",24,"C24",24.1,43.0242028,-3.0095967,"ES211","ES21",28620,13050
"ES_178","ES",36,"C16-C18",17.12,41.8688985,-1.3120652,"ES243","ES24",3150,3135
"ES_776","ES",35,"C16-C18",17.12,43.2715921,-1.9689732,"ES212","ES21",0,0
"ES_123","ES",32,"C23",23.32,38.0912323,-3.7869168,"ES616","ES61",0,0
"ES_159","ES",29,"C23",23.51,41.4755606,-1.4785205,"ES243","ES24",298315,347644
"ES_158","ES",30,"C23",23.52,41.4725443,-1.5650636,"ES243","ES24",644,9597
"ES_133","ES",32,"C23",23.32,38.090178,-3.7830182,"ES616","ES61",0,0
"ES_2","ES",30,"C23",23.52,36.9983499,-5.5765607,"ES618","ES61",148509,132997
"ES_761","ES",29,"C23",23.51,43.208637,-2.7751137,"ES213","ES21",352355,379321
"ES_759","ES",30,"C23",23.52,43.0994843,-2.0830679,"ES212","ES21",243673,172803
"ES_756","ES",32,"C23",23.32,42.812526,-1.6457745,"ES220","ES22",0,0
"ES_981","ES",42,"C19-C20",20.14,39.3119362,-0.4011497,"ES523","ES52",29569,63456
"ES_979","ES",38,"C19-C20",20.15,39.4640456,-0.3463564,"ES523","ES52",1023,74001
"ES_755","ES",32,"C23",23.32,42.0675847,-1.6211484,"ES220","ES22",0,0
"ES_749","ES",35,"C16-C18",17.11,42.8120961,-1.641869,"ES220","ES22",0,0
"ES_969","ES",32,"C23",23.31,40.0669909,-0.1951648,"ES522","ES52",25099,9512
"ES_712","ES",24,"C24",24.1,38.2125401,-0.5748924,"ES521","ES52",28401,27171
"ES_693","ES",32,"C23",23.32,42.4198552,-2.4686248,"ES230","ES23",0,0
"ES_666","ES",32,"C23",23.32,42.1164741,-8.4568128,"ES114","ES11",0,0
"ES_657","ES",32,"C23",23.2,43.2772405,-8.6036502,"ES111","ES11",0,0
"ES_816","ES",31,"C23",23.13,43.1434506,-2.9579897,"ES211","ES21",95690,60965
"ES_813","ES",32,"C23",23.32,42.681369,-2.9148014,"ES412","ES41",0,0
"ES_802","ES",24,"C24",24.1,43.313433,-3.0109258,"ES213","ES21",63563,53641
"ES_797","ES",21,"C19-C20",19.2,43.3239044,-3.1092946,"ES213","ES21",2147154,1521840
"ES_794","ES",36,"C16-C18",17.12,43.1813999,-2.6541397,"ES213","ES21",8713,53597
"ES_601","ES",32,"C23",23.32,38.8913571,-0.2140929,"ES523","ES52",0,0
"ES_778","ES",36,"C16-C18",17.12,43.1321564,-2.5875121,"ES213","ES21",17858,13070
"ES_763","ES",29,"C23",23.51,43.1680937,-2.9216529,"ES213","ES21",253511,281016
"ES_738","ES",32,"C23",23.32,38.1481373,-1.0841118,"ES620","ES62",8384,7620
"ES_737","ES",32,"C23",23.32,37.6735925,-1.6968357,"ES620","ES62",0,0
"ES_569","ES",31,"C23",20.3,39.969706,-0.2453203,"ES522","ES52",4136,8237
"ES_568","ES",31,"C23",20.3,40.0746462,-0.2139151,"ES522","ES52",14048,30993
"ES_579","ES",36,"C16-C18",17.12,39.8761353,-0.0595988,"ES522","ES52",16479,13075
"ES_507","ES",32,"C23",23.2,41.2444897,1.6169688,"ES511","ES51",0,0
"ES_516","ES",31,"C23",23.13,41.6017857,2.0927329,"ES511","ES51",68159,51429
"ES_519","ES",33,"C23",23.99,41.3185183,1.2954606,"ES514","ES51",20897,15435
"ES_699","ES",29,"C23",23.51,40.2297403,-3.4303442,"ES300","ES30",633131,546150
"ES_541","ES",32,"C23",23.31,39.9902736,-0.072699,"ES522","ES52",106674,99403
"ES_673","ES",32,"C23",23.2,42.4432749,-8.8422559,"ES114","ES11",0,0
"ES_653","ES",35,"C16-C18",17.12,42.872455,-8.580727,"ES111","ES11",0,0
"ES_536","ES",32,"C23",23.31,39.9271423,-0.1986798,"ES522","ES52",0,0
"ES_659","ES",32,"C23",23.32,42.2231428,-8.539144,"ES114","ES11",0,0
"ES_617","ES",31,"C23",23.19,38.8863966,-0.5819443,"ES523","ES52",0,0
"ES_604","ES",32,"C23",23.32,39.2033565,-0.3113278,"ES523","ES52",0,0
"ES_530","ES",32,"C23",23.31,39.9706897,-0.2364763,"ES522","ES52",15107,15162
"ES_581","ES",36,"C16-C18",17.12,39.3814871,-0.4107509,"ES523","ES52",15666,6914
"ES_572","ES",31,"C23",20.3,37.9752754,-1.2368537,"ES620","ES62",0,0
"ES_564","ES",31,"C23",20.3,40.1746959,-0.0361533,"ES522","ES52",16358,14438
"ES_466","ES",36,"C16-C18",17.12,41.5300009,1.3908941,"ES514","ES51",0,0
"ES_509","ES",32,"C23",23.32,41.4217607,2.0080958,"ES511","ES51",0,0
"ES_384","ES",32,"C23",23.31,41.9603974,3.0421159,"ES512","ES51",0,0
"ES_390","ES",29,"C23",23.51,41.4207931,1.997352,"ES511","ES51",811969,893933
"ES_504","ES",32,"C23",23.32,42.2651664,2.9737597,"ES512","ES51",0,0
"ES_278","ES",36,"C16-C18",17.12,41.4886209,-2.5207608,"ES417","ES41",7286,8621
"ES_303","ES",32,"C23",23.31,39.579992,-3.8628843,"ES425","ES42",0,0
"ES_221","ES",31,"C23",23.11,43.5758146,-5.929888,"ES120","ES12",106701,96418
"ES_220","ES",32,"C23",23.2,43.4048546,-5.8092836,"ES120","ES12",0,0
"ES_194","ES",31,"C23",23.13,41.5953961,-0.9504133,"ES243","ES24",55538,40216
"ES_495","ES",32,"C23",23.32,42.2335098,2.9519385,"ES512","ES51",0,0
"ES_244","ES",32,"C23",23.32,43.2984512,-4.264103,"ES130","ES13",0,0
"ES_63","ES",21,"C19-C20",19.2,36.1888142,-5.3915763,"ES612","ES61",1448232,1323357
"ES_490","ES",32,"C23",23.32,41.5276909,1.7558962,"ES511","ES51",2029,6594
"ES_122","ES",32,"C23",23.32,38.1123046,-3.7614443,"ES616","ES61",0,0
"ES_476","ES",21,"C19-C20",19.2,41.1729393,1.2250727,"ES514","ES51",2033426,1605569
"ES_131","ES",32,"C23",23.32,36.7196742,-4.5338264,"ES617","ES61",0,0
"ES_472","ES",36,"C16-C18",17.12,41.5523993,1.6805029,"ES511","ES51",20160,53299
"ES_92","ES",32,"C23",23.32,38.0881777,-3.7692644,"ES616","ES61",0,0
"ES_81","ES",32,"C23",23.32,37.4618972,-6.056992,"ES618","ES61",0,0
"ES_152","ES",32,"C23",23.32,38.0999215,-3.7630715,"ES616","ES61",0,0
"ES_64","ES",21,"C19-C20",19.2,37.2288942,-6.8954258,"ES615","ES61",1136110,1186129
"ES_71","ES",32,"C23",23.32,36.7605939,-5.8137189,"ES612","ES61",0,0
"ES_409","ES",42,"C19-C20",20.14,41.128586,1.3408979,"ES514","ES51",0,0
"ES_14","ES",29,"C23",23.51,36.7141768,-4.3300843,"ES617","ES61",599491,671439
"ES_10","ES",29,"C23",23.51,36.9763337,-1.9148091,"ES611","ES61",587442,616353
"ES_5","ES",30,"C23",23.52,37.2884539,-4.8711658,"ES618","ES61",117806,111328
"ES_4","ES",30,"C23",23.52,37.2871494,-4.8716327,"ES618","ES61",0,0
"ES_3","ES",30,"C23",23.52,37.2315284,-3.5031333,"ES614","ES61",10338,8761
"ES_90062","ES",36,"C16-C18",17.29,41.5417678,1.6611487,"ES511","ES51",0,0
"ES_381","ES",31,"C23",23.14,40.5614276,-3.2559221,"ES424","ES42",26312,16778
"ES_379","ES",31,"C23",23.13,40.5614276,-3.2559221,"ES424","ES42",20876,24575
"ES_986","ES",32,"C23",23.31,39.918265,-0.1132387,"ES522","ES52",84052,78207
"ES_373","ES",32,"C23",23.32,40.0390929,-3.915016,"ES425","ES42",0,0
"ES_935","ES",42,"C19-C20",20.16,41.0802392,1.1580779,"ES514","ES51",57244,77539
"ES_364","ES",32,"C23",23.32,38.871017,-1.1054972,"ES421","ES42",0,0
"ES_921","ES",42,"C19-C20",20.14,41.1064637,1.1527108,"ES514","ES51",79784,34816
"ES_345","ES",32,"C23",23.32,38.6455429,-3.4534218,"ES422","ES42",0,0
"ES_344","ES",32,"C23",23.32,40.0219241,-3.8560503,"ES425","ES42",0,0
"ES_300","ES",31,"C23",23.13,42.5983611,-5.5718779,"ES413","ES41",88972,53734
"ES_286","ES",32,"C23",23.32,41.3927274,-5.6898468,"ES419","ES41",0,0
"ES_284","ES",32,"C23",23.32,41.1593774,-4.4880614,"ES416","ES41",0,0
"ES_793","ES",36,"C16-C18",17.12,43.1452624,-2.0129336,"ES212","ES21",9209,10096
"ES_874","ES",34,"C23",23.62,41.4251659,-0.4968106,"ES243","ES24",31077,5858
"ES_752","ES",36,"C16-C18",17.12,43.0817943,-1.9180561,"ES220","ES22",23397,17916
"ES_748","ES",36,"C16-C18",17.12,42.5660253,-2.0052739,"ES220","ES22",33013,27156
"ES_718","ES",31,"C23",23.14,40.5943969,-3.2258915,"ES424","ES42",0,0
"ES_234","ES",30,"C23",23.52,43.3619626,-3.5306765,"ES130","ES13",174644,159815
"ES_698","ES",30,"C23",23.52,40.1449952,-3.3476092,"ES300","ES30",0,0
"ES_714","ES",32,"C23",23.32,40.3896431,-3.4074971,"ES300","ES30",0,0
"ES_593","ES",32,"C23",23.31,38.5883042,-0.0681476,"ES521","ES52",0,0
"ES_582","ES",36,"C16-C18",17.12,39.4145584,-0.7818344,"ES523","ES52",0,0
"ES_580","ES",36,"C16-C18",17.12,38.7725324,-0.424154,"ES521","ES52",5193,20022
"ES_193","ES",32,"C23",23.32,41.7216066,0.1154401,"ES241","ES24",0,0
"ES_191","ES",32,"C23",23.32,41.7689166,-1.1173154,"ES243","ES24",0,0
"ES_558","ES",31,"C23",20.3,39.94394,-0.1221708,"ES522","ES52",45757,43548
"ES_556","ES",31,"C23",20.3,39.9695779,-0.2336875,"ES522","ES52",0,0
"ES_562","ES",31,"C23",20.3,39.9642787,-0.2456347,"ES522","ES52",25523,29339
"ES_183","ES",36,"C16-C18",17.12,41.5373628,-0.6838282,"ES243","ES24",183577,93094
"ES_543","ES",29,"C23",23.51,38.4102285,-0.5163312,"ES521","ES52",531417,568569
"ES_182","ES",36,"C16-C18",17.12,41.5373628,-0.6838282,"ES243","ES24",121502,83730
"ES_533","ES",32,"C23",23.31,39.8895925,-0.0848302,"ES522","ES52",79001,66835
"ES_523","ES",31,"C23",23.19,41.4284577,2.2260349,"ES511","ES51",0,0
"ES_510","ES",27,"C24",23.32,41.489592,2.085602,"ES511","ES51",0,0
"ES_501","ES",29,"C23",23.32,41.482509,2.131431,"ES511","ES51",0,0
"ES_506","ES",32,"C23",23.32,41.669674,0.554149,"ES513","ES51",13913,10674
"ES_343","ES",32,"C23",23.32,39.7827367,-4.1768309,"ES425","ES42",0,0
"ES_496","ES",32,"C23",23.32,41.6604317,2.4355038,"ES511","ES51",0,0
"ES_474","ES",36,"C16-C18",17.22,41.5411612,1.6867807,"ES511","ES51",0,0
"ES_470","ES",36,"C16-C18",17.12,42.213241,2.5167492,"ES512","ES51",3141,41803
"ES_138","ES",32,"C23",23.32,36.7489747,-3.5180363,"ES614","ES61",0,0
"ES_467","ES",36,"C16-C18",17.12,41.3176051,1.175956,"ES514","ES51",0,0
"ES_458","ES",36,"C16-C18",17.12,41.262476,1.1709847,"ES514","ES51",815,6756
"ES_450","ES",36,"C16-C18",17.12,41.3170951,1.1756127,"ES514","ES51",0,0
"ES_442","ES",36,"C16-C18",17.21,41.451069,1.6971079,"ES511","ES51",0,0
"ES_457","ES",36,"C16-C18",17.12,41.449072,2.200892,"ES511","ES51",13289,11845
"ES_394","ES",29,"C23",23.51,41.68339,2.48984,"ES511","ES51",315,58
"ES_90","ES",32,"C23",23.32,38.1123046,-3.7614443,"ES616","ES61",0,0
"ES_387","ES",30,"C23",23.52,41.364639,1.685972,"ES511","ES51",105806,72623
"ES_301","ES",31,"C23",23.13,40.9055786,-4.0048951,"ES416","ES41",32491,28043
"ES_294","ES",32,"C23",23.32,41.3604149,-5.7104977,"ES419","ES41",0,0
"ES_245","ES",32,"C23",23.32,43.323041,-4.1939408,"ES130","ES13",0,0
"ES_84","ES",32,"C23",23.32,38.090178,-3.7830182,"ES616","ES61",0,0
"ES_230","ES",21,"C19-C20",35.11,28.4563705,-16.2596444,"ES709","ES70",0,0
"ES_216","ES",32,"C23",23.32,43.3890055,-6.3309155,"ES120","ES12",0,0
"ES_80","ES",32,"C23",23.32,36.7121567,-4.629873,"ES617","ES61",0,0
"ES_179","ES",36,"C16-C18",17.11,41.6918252,-0.8245456,"ES243","ES24",0,0
"ES_139","ES",32,"C23",23.32,38.096547,-3.783498,"ES616","ES61",0,0
"ES_82","ES",32,"C23",23.32,38.090178,-3.7830182,"ES616","ES61",0,0
"ES_68","ES",24,"C24",24.1,37.3648474,-5.8793557,"ES618","ES61",78177,59427
"ES_67","ES",24,"C24",24.1,36.179738,-5.4371793,"ES612","ES61",176117,175869
"ES_16","ES",28,"C24",24.44,37.2282402,-6.9520286,"ES615","ES61",61801,53867
"ES_951","ES",34,"C23",23.62,42.1355762,1.5924955,"ES513","ES51",22945,7134
"ES_1039","ES",25,"C24",24.1,43.245637,-2.8930297,"ES213","ES21",13807,21916
"ES_974","ES",32,"C23",23.31,40.0446292,-0.1526022,"ES522","ES52",3648,20661
"ES_882","ES",28,"C24",24.43,43.5877915,-5.9356583,"ES120","ES12",9294,70106
"ES_817","ES",31,"C23",23.13,43.3214051,-3.0052973,"ES213","ES21",26410,17650
"ES_812","ES",24,"C24",24.1,43.0647017,-2.9966019,"ES211","ES21",46973,44228
"ES_819","ES",36,"C16-C18",35.11,41.5523993,1.6805029,"ES511","ES51",91344,0
"ES_799","ES",24,"C24",24.1,43.2514521,-2.0223881,"ES212","ES21",99402,84913
"ES_789","ES",35,"C16-C18",17.12,43.3132686,-1.8972182,"ES212","ES21",61028,69753
"ES_786","ES",35,"C16-C18",17.12,43.2577701,-1.9646339,"ES212","ES21",135521,57861
"ES_741","ES",29,"C23",23.51,42.8817479,-2.1873969,"ES220","ES22",268805,264697
"ES_750","ES",36,"C16-C18",17.12,42.8302006,-1.6067709,"ES220","ES22",25548,22994
"ES_690","ES",32,"C23",23.32,42.2912485,-1.9465764,"ES230","ES23",0,0
"ES_713","ES",32,"C23",23.32,40.421962,-3.377079,"ES300","ES30",0,0
"ES_637","ES",42,"C19-C20",20.52,43.4626095,-8.2403785,"ES111","ES11",66671,19798
"ES_694","ES",32,"C23",23.32,42.228398,-1.8520386,"ES230","ES23",0,0
"ES_626","ES",31,"C23",23.13,38.5632051,-6.3558468,"ES431","ES43",108602,87194
"ES_629","ES",29,"C23",23.51,42.7164855,-7.4482542,"ES112","ES11",15211,99107
"ES_625","ES",32,"C23",23.32,39.0343708,-5.71024,"ES431","ES43",0,0
"ES_620","ES",31,"C23",23.19,38.8863966,-0.5819443,"ES523","ES52",0,0
"ES_685","ES",32,"C23",23.32,39.4696851,3.148297,"ES532","ES53",0,0
"ES_602","ES",32,"C23",23.32,39.185837,-0.4828645,"ES523","ES52",0,0
"ES_592","ES",32,"C23",23.32,38.4368284,-0.6389144,"ES521","ES52",34843,26748
"ES_544","ES",29,"C23",23.51,39.434612,-0.7768106,"ES523","ES52",326988,404237
"ES_538","ES",32,"C23",23.31,40.1323433,-0.0107509,"ES522","ES52",54165,36109
"ES_607","ES",32,"C23",23.32,39.9616648,-0.0727471,"ES522","ES52",0,0
"ES_535","ES",32,"C23",23.31,39.9662895,-0.2286486,"ES522","ES52",47225,36015
"ES_537","ES",32,"C23",23.31,39.8539503,-0.1553504,"ES522","ES52",86492,62444
"ES_367","ES",32,"C23",23.32,40.0426269,-3.9024482,"ES425","ES42",0,0
"ES_606","ES",32,"C23",23.32,38.3949535,-0.5206169,"ES521","ES52",0,0
"ES_366","ES",32,"C23",23.32,40.0139565,-3.800219,"ES425","ES42",0,0
"ES_599","ES",32,"C23",23.32,39.1475014,-0.5248347,"ES523","ES52",0,0
"ES_529","ES",32,"C23",23.31,40.0746462,-0.2139151,"ES522","ES52",7808,13226
"ES_508","ES",32,"C23",23.32,41.9747181,3.0720206,"ES512","ES51",0,0
"ES_497","ES",32,"C23",23.32,41.3323554,1.7673991,"ES511","ES51",0,0
"ES_586","ES",36,"C16-C18",17.12,39.4744988,-0.4126969,"ES523","ES52",0,0
"ES_493","ES",32,"C23",23.32,41.5276909,1.7558962,"ES511","ES51",0,0
"ES_595","ES",32,"C23",23.32,38.4372517,-0.6381854,"ES521","ES52",0,0
"ES_484","ES",32,"C23",23.32,41.9158226,0.2164994,"ES241","ES24",0,0
"ES_483","ES",32,"C23",23.32,41.5582521,1.0173083,"ES513","ES51",0,0
"ES_560","ES",31,"C23",20.3,41.3873974,2.168568,"ES511","ES51",10023,27965
"ES_542","ES",30,"C23",23.52,39.780565,-0.1822792,"ES522","ES52",44877,40647
"ES_427","ES",42,"C19-C20",20.14,41.1990974,1.2196065,"ES514","ES51",834101,454989
"ES_499","ES",32,"C23",23.32,41.9075684,2.2868872,"ES511","ES51",0,0
"ES_471","ES",36,"C16-C18",17.12,42.0114372,2.8190413,"ES512","ES51",9700,22347
"ES_475","ES",21,"C19-C20",19.2,41.10441,1.198148,"ES514","ES51",76148,42599
"ES_487","ES",32,"C23",23.32,41.6325363,0.8764979,"ES513","ES51",0,0
"ES_395","ES",29,"C23",23.51,41.3149337,1.6601791,"ES511","ES51",753601,829208
"ES_479","ES",32,"C23",23.32,41.4580149,2.0197664,"ES511","ES51",0,0
"ES_386","ES",30,"C23",23.52,42.2160996,2.6415719,"ES512","ES51",62293,55534
"ES_370","ES",32,"C23",23.32,40.1183011,-3.8559073,"ES425","ES42",0,0
"ES_361","ES",32,"C23",23.32,40.0317824,-3.8448319,"ES425","ES42",0,0
"ES_346","ES",32,"C23",23.32,39.6863733,-3.766326,"ES425","ES42",0,0
"ES_250","ES",29,"C23",23.51,42.7967429,-5.6224993,"ES413","ES41",619867,632131
"ES_329","ES",21,"C19-C20",19.2,38.6835172,-4.087474,"ES422","ES42",1450546,953711
"ES_242","ES",24,"C24",24.1,43.4428796,-3.8388889,"ES130","ES13",78783,80663
"ES_293","ES",32,"C23",23.32,41.6303025,-4.6915484,"ES418","ES41",0,0
"ES_291","ES",32,"C23",23.32,42.0373522,-4.5207909,"ES414","ES41",0,0
"ES_289","ES",32,"C23",23.32,41.6003289,-4.1187687,"ES418","ES41",0,0
"ES_287","ES",32,"C23",23.32,41.9851276,-5.6058558,"ES419","ES41",0,0
"ES_290","ES",32,"C23",23.32,42.2125736,-4.43387,"ES414","ES41",0,0
"ES_275","ES",36,"C16-C18",17.22,41.0247222,-5.7609245,"ES415","ES41",12162,13775
"ES_215","ES",32,"C23",23.2,43.3028548,-5.7000148,"ES120","ES12",2278,2222
"ES_212","ES",24,"C24",24.1,43.558525,-5.8922134,"ES120","ES12",4122342,7047427
"ES_247","ES",31,"C23",23.11,43.3530973,-3.9496483,"ES130","ES13",0,0
"ES_219","ES",32,"C23",23.2,43.3832383,-5.7107828,"ES120","ES12",0,0
"ES_213","ES",22,"C19-C20",19.1,43.2615592,-5.6742538,"ES120","ES12",10557,23718
"ES_153","ES",31,"C23",23.13,37.3574374,-5.8675817,"ES618","ES61",47494,26090
"ES_154","ES",31,"C23",23.13,37.2865803,-5.9242391,"ES618","ES61",61511,35809
"ES_143","ES",32,"C23",23.32,38.0914641,-3.7885062,"ES616","ES61",0,0
"ES_145","ES",32,"C23",23.32,38.0881777,-3.7692644,"ES616","ES61",0,0
"ES_134","ES",32,"C23",23.32,37.383784,-6.8422248,"ES615","ES61",0,0
"ES_195","ES",30,"C23",23.52,43.4305024,-5.894184,"ES120","ES12",11613,41818
"ES_113","ES",32,"C23",23.32,38.0047885,-3.9151847,"ES616","ES61",0,0
"ES_95","ES",32,"C23",23.32,38.087786,-3.7784787,"ES616","ES61",0,0
"ES_86","ES",32,"C23",23.32,38.0992926,-3.7623783,"ES616","ES61",0,0
"ES_141","ES",32,"C23",23.32,36.6670407,-6.1312443,"ES612","ES61",0,0
"ES_74","ES",32,"C23",23.32,38.1123046,-3.7614443,"ES616","ES61",0,0
"ES_125","ES",32,"C23",23.32,37.3596577,-4.8221964,"ES618","ES61",0,0
"ES_13","ES",29,"C23",23.51,37.3640191,-6.6815182,"ES615","ES61",273434,318646
"ES_9","ES",29,"C23",23.51,36.666609,-6.115514,"ES612","ES61",270,29894
"ES_124","ES",32,"C23",23.32,38.1123046,-3.7614443,"ES616","ES61",0,0
"ES_102","ES",32,"C23",23.32,37.2393246,-3.5647044,"ES614","ES61",0,0
"ES_101","ES",32,"C23",23.32,38.0881777,-3.7692644,"ES616","ES61",0,0
"ES_982","ES",32,"C23",23.31,37.9752754,-1.2368537,"ES620","ES62",23857,15535
"ES_970","ES",32,"C23",23.31,40.0403351,-0.1806126,"ES522","ES52",25367,16771
"ES_87","ES",32,"C23",23.32,36.9474773,-3.5528045,"ES614","ES61",0,0
"ES_868","ES",42,"C19-C20",20.14,36.1888142,-5.3915763,"ES612","ES61",236922,229457
"ES_831","ES",32,"C23",23.31,39.9613914,-0.2185127,"ES522","ES52",79928,58040
"ES_78","ES",32,"C23",23.32,36.9898027,-2.5873053,"ES611","ES61",0,0
"ES_826","ES",36,"C16-C18",17.12,41.5373628,-0.6838282,"ES243","ES24",182431,110121
"ES_810","ES",24,"C24",24.1,43.2913189,-3.0166329,"ES213","ES21",19798,15596
"ES_762","ES",29,"C23",23.51,43.2853846,-2.000398,"ES212","ES21",242292,240178
"ES_665","ES",32,"C23",23.32,42.2973167,-7.642266,"ES113","ES11",0,0
"ES_623","ES",32,"C23",23.32,40.0510607,-6.2156962,"ES432","ES43",0,0
"ES_60","ES",36,"C16-C18",17.12,37.9760968,-3.7979065,"ES616","ES61",117607,46258
"ES_612","ES",32,"C23",23.32,39.5992885,-0.5600058,"ES523","ES52",0,0
"ES_603","ES",32,"C23",23.32,39.4638903,-0.3921336,"ES523","ES52",0,0
"ES_594","ES",32,"C23",23.32,38.9906707,-0.5053644,"ES523","ES52",0,0
"ES_566","ES",31,"C23",23.14,40.1484377,0.0332822,"ES522","ES52",0,0
"ES_559","ES",31,"C23",20.3,40.0581543,-0.1831813,"ES522","ES52",6849,7363
"ES_12","ES",29,"C23",23.51,37.9018009,-4.7622871,"ES613","ES61",4196,176470
"ES_11","ES",29,"C23",23.51,36.9529106,-2.4919499,"ES611","ES61",0,0
"ES_1","ES",32,"C23",23.31,38.1897769,-5.0195462,"ES613","ES61",0,0
"ES_1061","ES",24,"C24",24.1,41.5692735,-0.8551979,"ES243","ES24",49503,42030
"ES_971","ES",32,"C23",23.31,39.9710761,-0.2423142,"ES522","ES52",25425,16819
"ES_912","ES",34,"C23",23.52,40.0145188,-3.8053173,"ES425","ES42",0,0
"ES_861","ES",34,"C23",23.62,37.0692268,-3.8203738,"ES614","ES61",26344,6906
"ES_852","ES",42,"C19-C20",20.14,37.19983,-6.9348,"ES615","ES61",119076,255253
"ES_811","ES",24,"C24",24.1,43.2607963,-2.9300568,"ES213","ES21",112193,86888
"ES_808","ES",24,"C24",24.1,43.3133007,-3.0343704,"ES213","ES21",41394,53135
"ES_801","ES",24,"C24",24.1,43.085954,-2.3147677,"ES212","ES21",0,0
"ES_795","ES",36,"C16-C18",17.22,43.2129797,-3.1340551,"ES213","ES21",0,0
"ES_791","ES",36,"C16-C18",17.12,43.1540413,-2.0162044,"ES212","ES21",0,0
"ES_798","ES",25,"C24",24.1,43.1043395,-2.4241524,"ES212","ES21",18741,15240
"ES_751","ES",36,"C16-C18",17.12,42.0627004,-1.6022514,"ES220","ES22",6228,9156
"ES_739","ES",30,"C23",23.52,42.6942305,-1.6386841,"ES220","ES22",90943,86510
"ES_753","ES",35,"C16-C18",17.12,42.5797254,-1.2863571,"ES220","ES22",12725,47840
"SI_201483","SI",27,"C24",24.42,46.3957894,15.7977529,"SI032","SI03",0,0
"SI_201439","SI",26,"C24",24.42,46.3957894,15.7977529,"SI032","SI03",39812,73183
"SI_201484","SI",27,"C24",24.42,46.3957894,15.7977529,"SI032","SI03",0,0
"SI_75","SI",33,"C23",23.99,46.1744858,14.336552,"SI042","SI04",84206,52516
"SI_62","SI",43,"C19-C20",20.11,46.5492122,16.4505,"SI031","SI03",0,0
"SI_13","SI",32,"C23",23.32,45.888034,13.6617651,"SI043","SI04",0,0
"SI_32","SI",36,"C16-C18",17.12,46.3690577,14.3188516,"SI042","SI04",0,0
"SI_31","SI",36,"C16-C18",17.12,46.0642665,15.1443086,"SI036","SI03",11625,8076
"SI_30","SI",36,"C16-C18",17.12,46.1442615,14.3972797,"SI041","SI04",20261,20831
"SI_29","SI",36,"C16-C18",17.12,46.6977639,15.7351329,"SI032","SI03",20271,17572
"SI_27","SI",36,"C16-C18",17.12,46.1609463,14.607061,"SI041","SI04",39955,61657
"SI_26","SI",36,"C16-C18",17.12,45.9561765,15.4921437,"SI036","SI03",57681,24844
"SI_25","SI",31,"C23",23.13,46.1274904,15.093624,"SI035","SI03",0,0
"SI_28","SI",36,"C16-C18",17.12,46.0462972,14.592592,"SI041","SI04",38357,32579
"SI_22","SI",32,"C23",23.32,46.5558541,16.1344451,"SI031","SI03",0,0
"SI_20","SI",31,"C23",23.14,45.8124854,15.1439975,"SI037","SI03",0,0
"SK_221869","SK",36,"C16-C18",NA,48.8633371,21.7287537,"SK041","SK04",0,0
"SK_212700","SK",42,"C19-C20",NA,48.8710658,21.8222128,"SK042","SK04",4800,5413
"SK_206184","SK",28,"C24",24.1,49.2620476,19.3568241,"SK031","SK03",8163,160176
"SK_193","SK",36,"C16-C18",17.12,49.2172474,18.7696716,"SK031","SK03",10581,20783
"SK_190","SK",32,"C23",23.2,48.3396394,19.6782061,"SK032","SK03",2349,2515
"SK_187","SK",42,"C19-C20",20.14,48.1281993,17.1766007,"SK010","SK01",389856,269803
"SK_181","SK",33,"C23",23.99,48.4103074,18.6418825,"SK032","SK03",54247,50250
"SK_179","SK",25,"C24",24.1,48.9668491,18.184495,"SK022","SK02",0,0
"SK_177","SK",32,"C23",23.2,48.4693866,18.9457611,"SK032","SK03",0,0
"SK_176","SK",32,"C23",23.32,48.2840478,17.277362,"SK010","SK01",4495,5160
"SK_155","SK",32,"C23",23.32,48.8721571,21.6679843,"SK041","SK04",0,0
"SK_120","SK",21,"C19-C20",19.2,48.1281993,17.1766007,"SK010","SK01",1018878,975710
"SK_117","SK",31,"C23",23.13,48.4636454,19.6352473,"SK032","SK03",4021,3843
"SK_116","SK",31,"C23",23.13,48.4266894,19.7872751,"SK032","SK03",0,0
"SK_115","SK",30,"C23",23.2,48.64436,20.21705,"SK032","SK03",198470,292653
"SK_100","SK",31,"C23",23.13,49.0686559,18.28705,"SK022","SK02",25488,23482
"SK_103","SK",36,"C16-C18",17.22,48.7951847,19.0795259,"SK032","SK03",13208,10069
"SK_92","SK",29,"C23",23.51,49.0325708,18.2989489,"SK022","SK02",397716,460887
"SK_79","SK",36,"C16-C18",17.12,49.0781557,19.3182453,"SK031","SK03",59159,212144
"SK_64","SK",32,"C23",23.32,48.3238171,19.6982885,"SK032","SK03",0,0
"SK_63","SK",32,"C23",23.32,48.4231291,19.7347017,"SK032","SK03",2240,5195
"SK_65","SK",31,"C23",23.14,48.3532173,17.5726538,"SK021","SK02",36767,53004
"SK_57","SK",29,"C23",23.51,48.4619372,17.1670972,"SK010","SK01",863884,785717
"SK_44","SK",41,"C19-C20",20.15,48.1513494,17.8757694,"SK023","SK02",794426,982724
"SK_43","SK",30,"C23",23.52,49.1978028,18.8708839,"SK031","SK03",89516,87586
"SK_21","SK",29,"C23",23.51,48.997512,18.0988511,"SK022","SK02",278483,258531
"SK_20","SK",30,"C23",23.52,48.5866277,20.4674127,"SK042","SK04",114505,106108
"SK_19","SK",30,"C23",23.52,48.6228046,21.1924367,"SK042","SK04",299923,214280
"SK_18","SK",30,"C23",23.52,48.7083164,19.9119149,"SK032","SK03",88026,63499
"SK_17","SK",30,"C23",23.52,48.3814764,18.172048,"SK023","SK02",34630,33036
"SK_16","SK",30,"C23",23.52,48.8927968,21.0140176,"SK042","SK04",0,0
"SK_14","SK",36,"C16-C18",17.11,48.8631763,21.7285607,"SK041","SK04",11673,13464
"SK_12","SK",36,"C16-C18",16.21,48.5674218,19.1568586,"SK032","SK03",10285,26967
"RO_224080","RO",34,"C23",NA,46.7950256,23.6140346,"RO113","RO11",0,0
"RO_212300","RO",36,"C16-C18",NA,44.6331868,22.6734403,"RO413","RO41",15557,16155
"RO_210324","RO",42,"C19-C20",NA,45.9640802,23.5572721,"RO121","RO12",3850,4875
"RO_206882","RO",43,"C19-C20",20.11,44.8735435,26.0063965,"RO316","RO31",39495,30017
"RO_204906","RO",44,"C19-C20",20.13,45.0408269,24.2993334,"RO415","RO41",172,232
"RO_304","RO",25,"C24",24.1,45.1383089,26.8226582,"RO222","RO22",9990,6601
"RO_279","RO",32,"C23",23.32,47.0360818,21.9385887,"RO111","RO11",0,0
"RO_256","RO",31,"C23",23.99,44.9416597,26.0634636,"RO316","RO31",29480,18441
"RO_254","RO",32,"C23",23.32,44.936664,26.0128616,"RO316","RO31",5226,16277
"RO_251","RO",25,"C24",24.1,44.211422,27.3056445,"RO312","RO31",16553,12796
"RO_253","RO",30,"C23",23.52,44.4096897,28.6592871,"RO223","RO22",81793,77228
"RO_237","RO",42,"C19-C20",20.14,45.7146639,24.7005614,"RO122","RO12",0,518
"RO_236","RO",32,"C23",23.32,45.8022996,24.1926356,"RO126","RO12",11427,13732
"RO_235","RO",32,"C23",23.32,44.9548874,25.4184489,"RO313","RO31",8605,11878
"RO_226","RO",23,"C24",NA,43.7538006,24.896396,"RO317","RO31",0,0
"RO_224","RO",24,"C24",28.92,44.9258412,26.0297702,"RO316","RO31",0,0
"RO_223","RO",25,"C24",28.22,47.7781024,22.8830276,"RO115","RO11",0,0
"RO_221","RO",24,"C24",24.52,45.3076849,21.8831323,"RO422","RO42",0,0
"RO_218","RO",24,"C24",24.51,45.1282114,25.7519269,"RO316","RO31",0,0
"RO_217","RO",32,"C23",23.2,45.1843069,28.77384,"RO225","RO22",0,0
"RO_216","RO",23,"C24",NA,45.6635803,25.6203598,"RO122","RO12",0,0
"RO_215","RO",29,"C23",23.52,45.2921396,21.903116,"RO422","RO42",0,0
"RO_213","RO",25,"C24",24.2,44.411834,24.402108,"RO414","RO41",54928,48736
"RO_214","RO",24,"C24",24.1,45.2921396,21.903116,"RO422","RO42",18763,19701
"RO_199","RO",32,"C23",23.41,47.13962,24.4813094,"RO112","RO11",0,0
"RO_196","RO",31,"C23",NA,46.2314042,24.822808,"RO125","RO12",0,0
"RO_193","RO",32,"C23",23.32,44.9786307,25.4238322,"RO313","RO31",8168,17752
"RO_194","RO",32,"C23",23.32,44.7207436,26.6560829,"RO315","RO31",0,0
"RO_175","RO",32,"C23",23.2,45.0304093,25.7753749,"RO316","RO31",0,0
"RO_197","RO",31,"C23",23.13,44.4090364,26.1896477,"RO321","RO32",72838,44668
"RO_174","RO",32,"C23",23.2,45.2950688,21.9010662,"RO422","RO42",0,0
"RO_168","RO",30,"C23",23.52,45.6498989,25.5596004,"RO122","RO12",9430,16044
"RO_167","RO",32,"C23",23.32,44.0725216,28.2348176,"RO223","RO22",0,0
"RO_173","RO",21,"C19-C20",19.2,46.2410522,26.8436135,"RO211","RO21",0,0
"RO_164","RO",21,"C19-C20",19.2,46.2410522,26.8436135,"RO211","RO21",0,0
"RO_165","RO",21,"C19-C20",19.2,44.9431693,26.0736035,"RO316","RO31",758487,367699
"RO_163","RO",36,"C16-C18",17.12,46.9369499,26.3461757,"RO214","RO21",0,0
"RO_161","RO",25,"C24",24.1,44.9062713,25.4482484,"RO313","RO31",27978,19046
"RO_159","RO",31,"C23",23.11,46.3136077,24.297722,"RO125","RO12",0,0
"RO_282","RO",42,"C19-C20",20.14,44.8199447,24.9175074,"RO311","RO31",0,0
"RO_162","RO",36,"C16-C18",17.12,45.9140869,23.5627849,"RO121","RO12",17873,11924
"RO_158","RO",42,"C19-C20",20.14,45.0414084,24.2983511,"RO415","RO41",16734,117826
"RO_144","RO",25,"C24",24.1,45.6738855,27.1748364,"RO226","RO22",0,0
"RO_141","RO",32,"C23",23.32,45.2743282,26.6767781,"RO222","RO22",3984,9405
"RO_138","RO",32,"C23",NA,47.1350895,23.8989762,"RO113","RO11",0,0
"RO_134","RO",29,"C23",23.51,47.0411877,22.3541687,"RO111","RO11",892484,940952
"RO_130","RO",31,"C23",23.11,44.6418234,27.6316315,"RO315","RO31",0,0
"RO_129","RO",31,"C23",NA,46.1185316,24.2610507,"RO126","RO12",0,0
"RO_128","RO",31,"C23",23.11,46.3170685,24.2965853,"RO125","RO12",0,0
"RO_125","RO",32,"C23",23.32,46.6238223,27.6916838,"RO216","RO21",0,0
"RO_127","RO",31,"C23",23.14,44.4226873,25.9891137,"RO321","RO32",0,0
"RO_121","RO",32,"C23",23.32,47.1519576,21.9151834,"RO111","RO11",5950,10672
"RO_99","RO",32,"C23",NA,45.6493683,21.8514275,"RO424","RO42",0,0
"RO_100","RO",36,"C16-C18",17.12,45.5624631,25.3251623,"RO122","RO12",38563,38854
"RO_98","RO",24,"C24",24.1,45.5177176,22.3515075,"RO422","RO42",0,0
"RO_97","RO",24,"C24",24.1,44.3577234,26.1512338,"RO321","RO32",0,0
"RO_95","RO",24,"C24",24.1,44.211422,27.3056445,"RO312","RO31",48194,47290
"RO_85","RO",36,"C16-C18",17.12,44.1914978,27.3613888,"RO312","RO31",10203,9582
"RO_64","RO",35,"C16-C18",17.12,45.0032839,27.7074349,"RO221","RO22",0,0
"RO_65","RO",36,"C16-C18",17.12,44.6331868,22.6734403,"RO413","RO41",0,0
"RO_62","RO",32,"C23",23.32,46.5385862,24.5514392,"RO125","RO12",0,0
"RO_60","RO",29,"C23",23.51,46.9072655756362,26.0139533871379,"RO214","RO21",545740,599230
"RO_58","RO",29,"C23",23.51,45.117761,25.4152017,"RO313","RO31",648714,593214
"RO_57","RO",30,"C23",23.52,45.9546968,22.8689848,"RO423","RO42",73096,72767
"RO_56","RO",30,"C23",23.52,45.126125,25.4194412,"RO313","RO31",97381,118080
"RO_59","RO",29,"C23",23.51,45.9546968,22.8689848,"RO423","RO42",613585,444304
"RO_55","RO",30,"C23",23.52,45.2934847,25.0940484,"RO311","RO31",111919,129357
"RO_45","RO",24,"C24",24.1,45.7693244,22.9084577,"RO423","RO42",43047,27985
"RO_44","RO",24,"C24",24.1,45.4584946,27.9709465,"RO224","RO22",1424681,3098848
"RO_40","RO",41,"C19-C20",20.15,46.5337652,26.9201876,"RO211","RO21",0,0
"RO_38","RO",36,"C16-C18",17.12,47.6639751,26.2691213,"RO215","RO21",44818,42819
"RO_43","RO",25,"C24",24.2,46.9489404,26.896021,"RO214","RO21",26452,17507
"RO_36","RO",26,"C24",24.42,44.4470301,24.3888655,"RO414","RO41",160076,256863
"RO_35","RO",28,"C24",24.42,44.4199905,24.3876895,"RO414","RO41",14392,13853
"RO_6","RO",29,"C23",23.51,45.984608,25.3080583,"RO122","RO12",800896,735336
"PT_210683","PT",36,"C16-C18",NA,40.6843634,-8.5919076,"PT16D","PT16",12291,13765
"PT_212703","PT",33,"C23",NA,40.5073746,-8.6091553,"PT16D","PT16",5023,2340
"PT_219140","PT",33,"C23",NA,37.9832197,-8.8329627,"PT181","PT18",0,0
"PT_210678","PT",32,"C23",NA,40.6345523,-8.7040924,"PT16D","PT16",12984,10004
"PT_210637","PT",43,"C19-C20",NA,41.2114839,-8.4615399,"PT11A","PT11",0,0
"PT_210095","PT",36,"C16-C18",NA,39.6549926,-7.6756604,"PT16H","PT16",12155,8171
"PT_210093","PT",30,"C23",NA,39.5667491,-8.6454678,"PT16I","PT16",78390,52892
"PT_206198","PT",32,"C23",23.32,40.5239244,-8.443544,"PT16D","PT16",0,0
"PT_206190","PT",32,"C23",23.31,40.5012099,-8.6105703,"PT16D","PT16",4601,4518
"PT_205900","PT",32,"C23",23.99,39.9218622,-8.3709468,"PT16F","PT16",27608,27898
"PT_205819","PT",42,"C19-C20",20.14,37.9571555,-8.8608907,"PT181","PT18",8194,131564
"PT_206093","PT",42,"C19-C20",20.16,40.7798169,-8.5738765,"PT16D","PT16",26052,12654
"PT_205802","PT",32,"C23",NA,39.5906612,-8.8887854,"PT16F","PT16",0,0
"PT_205803","PT",32,"C23",23.31,40.5170209,-8.498208,"PT16D","PT16",12018,14496
"PT_205653","PT",44,"C19-C20",20.13,38.8590253,-9.0640383,"PT170","PT17",0,0
"PT_205680","PT",42,"C19-C20",20.16,37.9571555,-8.8608907,"PT181","PT18",3440,8141
"PT_205533","PT",32,"C23",23.31,40.5141741,-8.5289096,"PT16D","PT16",6030,6798
"PT_205390","PT",32,"C23",23.42,39.7495331,-8.807683,"PT16F","PT16",15737,14538
"PT_205284","PT",32,"C23",23.31,40.1760939,-8.5101691,"PT16E","PT16",0,0
"PT_205242","PT",32,"C23",23.32,40.5169666,-8.5174171,"PT16D","PT16",3240,7328
"PT_205231","PT",32,"C23",23.32,39.1924242,-9.179255,"PT16B","PT16",915,274
"PT_205196","PT",32,"C23",23.31,40.9962879,-8.5369606,"PT11A","PT11",11284,8971
"PT_205195","PT",32,"C23",23.31,40.3592313,-8.4322621,"PT16E","PT16",9683,11420
"PT_205189","PT",34,"C23",23.62,40.1298086,-8.8553847,"PT16E","PT16",0,4913
"PT_205551","PT",32,"C23",23.31,40.4269995,-8.4333161,"PT16D","PT16",4775,8481
"PT_205188","PT",32,"C23",23.99,40.5073746,-8.6091553,"PT16D","PT16",20546,11312
"PT_205186","PT",32,"C23",23.31,40.6025607,-8.6533002,"PT16D","PT16",29536,24130
"PT_205078","PT",32,"C23",23.31,39.399872,-8.224454,"PT16I","PT16",0,0
"PT_205077","PT",32,"C23",23.31,40.6336111,-8.7035998,"PT16D","PT16",8478,9826
"PT_205178","PT",32,"C23",23.31,40.6025607,-8.6533002,"PT16D","PT16",11110,13597
"PT_205074","PT",32,"C23",23.31,40.6589385,-8.6131339,"PT16D","PT16",0,0
"PT_205076","PT",32,"C23",23.32,39.399872,-8.224454,"PT16I","PT16",0,0
"PT_205023","PT",38,"C19-C20",20.15,38.6674396,-9.0677031,"PT170","PT17",9824,23156
"PT_203829","PT",43,"C19-C20",20.11,40.7528385,-8.5709856,"PT16D","PT16",65668,38700
"PT_71","PT",32,"C23",23.32,41.7950888,-7.4814163,"PT11B","PT11",0,0
"PT_70","PT",32,"C23",23.32,40.5162201,-8.4272197,"PT16D","PT16",0,0
"PT_38","PT",29,"C23",23.52,39.4533466,-8.8509955,"PT185","PT18",310681,282324
"PT_67","PT",32,"C23",23.32,39.5911484,-8.8885754,"PT16F","PT16",20277,18078
"PT_69","PT",32,"C23",23.32,40.5287213,-8.4471571,"PT16D","PT16",6105,4164
"PT_66","PT",32,"C23",35,40.4989104,-8.3788067,"PT16D","PT16",0,0
"PT_60","PT",36,"C16-C18",17.12,39.6433879,-8.4015868,"PT16I","PT16",0,0
"PT_62","PT",36,"C16-C18",17.12,40.9805961,-8.5829675,"PT11A","PT11",2067,2588
"PT_58","PT",31,"C23",23.13,39.753089,-8.9312993,"PT16F","PT16",106555,51153
"PT_55","PT",35,"C16-C18",17.12,40.9657088,-8.5743631,"PT11A","PT11",5098,3249
"PT_53","PT",35,"C16-C18",17.11,40.0561147,-8.8874194,"PT16E","PT16",53121,66128
"PT_51","PT",31,"C23",23.13,40.146329,-8.8217159,"PT16E","PT16",66008,46087
"PT_50","PT",32,"C23",23.32,39.8494257,-8.8416426,"PT16F","PT16",0,0
"PT_48","PT",31,"C23",23.11,38.8429577,-9.0816889,"PT170","PT17",0,0
"PT_37","PT",32,"C23",23.32,40.5922248,-8.6135056,"PT16D","PT16",2349,6268
"PT_34","PT",32,"C23",23.32,40.5424815,-8.446272,"PT16D","PT16",0,3630
"PT_33","PT",36,"C16-C18",17.12,41.5454486,-8.426507,"PT112","PT11",0,0
"PT_31","PT",36,"C16-C18",17.29,39.9235891,-8.6322612,"PT16F","PT16",0,0
"PT_28","PT",32,"C23",23.41,39.1340863,-9.3814444,"PT16B","PT16",0,0
"PT_27","PT",32,"C23",23.32,40.4287977,-8.7381261,"PT16E","PT16",0,0
"PT_18","PT",32,"C23",23.32,39.5848024,-8.8966696,"PT16F","PT16",398,5072
"PT_17","PT",32,"C23",23.32,40.5119996,-8.4536128,"PT16D","PT16",224,3556
"PT_15","PT",29,"C23",23.52,39.4508954,-8.8300443,"PT185","PT18",29808,25387
"PT_14","PT",32,"C23",23.32,40.4789826,-8.4527014,"PT16D","PT16",0,0
"PT_10","PT",32,"C23",23.32,40.4789826,-8.4527014,"PT16D","PT16",0,0
"PT_8","PT",36,"C16-C18",17.12,40.9817008,-8.6157727,"PT11A","PT11",0,0
"PT_293","PT",36,"C16-C18",17.12,38.5188183,-8.8343443,"PT170","PT17",0,0
"PT_294","PT",35,"C16-C18",17.11,40.1521398,-8.857583,"PT16E","PT16",114279,6516
"PT_2","PT",32,"C23",23.32,39.1906671,-9.266593,"PT16B","PT16",2278,11439
"PT_129","PT",32,"C23",23.32,39.1940683,-9.1805781,"PT16B","PT16",8726,7298
"PT_128","PT",32,"C23",23.32,39.0498204,-9.2681645,"PT16B","PT16",0,0
"PT_126","PT",32,"C23",23.32,40.5012099,-8.6105703,"PT16D","PT16",0,0
"PT_285","PT",36,"C16-C18",17.12,39.6555748,-7.6681823,"PT16H","PT16",23800,14909
"PT_284","PT",36,"C16-C18",17.12,38.5260437,-8.8909328,"PT170","PT17",185342,211524
"PT_240","PT",32,"C23",23.32,40.5287213,-8.4471571,"PT16D","PT16",12020,5857
"PT_243","PT",32,"C23",23.32,40.5949489,-8.4497131,"PT16D","PT16",895,5543
"PT_235","PT",32,"C23",23.32,39.8902471,-8.6659509,"PT16F","PT16",11343,6547
"PT_234","PT",32,"C23",23.32,40.3475143,-7.9681298,"PT16E","PT16",0,0
"PT_225","PT",32,"C23",23.41,39.3297421,-8.3745717,"PT185","PT18",0,0
"PT_223","PT",32,"C23",23.32,40.5239244,-8.443544,"PT16D","PT16",0,0
"PT_221","PT",36,"C16-C18",17.12,40.9890047,-8.5968868,"PT11A","PT11",12957,12695
"PT_220","PT",36,"C16-C18",17.21,40.9825538,-8.5963387,"PT11A","PT11",810,2626
"PT_198","PT",31,"C23",23.13,38.7547716,-9.2229439,"PT170","PT17",86055,58586
"PT_193","PT",32,"C23",23.32,38.6981643,-8.724268,"PT170","PT17",809,5061
"PT_190","PT",32,"C23",35,39.6913338,-8.9631789,"PT16B","PT16",0,0
"PT_191","PT",36,"C16-C18",17.12,41.6980571,-8.7095475,"PT111","PT11",107061,98862
"PT_188","PT",29,"C23",23.52,39.685696,-8.8841275,"PT16F","PT16",8772,7684
"PT_189","PT",35,"C16-C18",17.11,39.6473053,-7.6767492,"PT16H","PT16",29992,23004
"PT_186","PT",31,"C23",23.13,41.0860852,-8.5302055,"PT11A","PT11",105866,71610
"PT_185","PT",31,"C23",23.13,41.0991885,-8.544636,"PT11A","PT11",90097,57438
"PT_231","PT",29,"C23",23.51,39.6832131,-9.0018424,"PT16B","PT16",72336,82359
"PT_184","PT",29,"C23",23.51,38.4895156,-8.9339207,"PT170","PT17",825003,869103
"PT_180","PT",32,"C23",23.32,40.4085006,-8.2477455,"PT16E","PT16",0,0
"PT_183","PT",29,"C23",23.51,39.6888197,-8.9439597,"PT16B","PT16",434983,388160
"PT_142","PT",36,"C16-C18",17.12,39.4927855,-8.6113639,"PT16I","PT16",43808,21692
"PT_175","PT",32,"C23",23.32,39.9983075,-8.8052464,"PT16F","PT16",0,0
"PT_171","PT",24,"C24",24.1,41.2433521,-8.5583561,"PT11A","PT11",50258,41324
"PT_173","PT",32,"C23",23.32,37.1640017,-8.3042426,"PT150","PT15",0,0
"PT_170","PT",31,"C23",23.13,39.7503802,-8.9318059,"PT16F","PT16",39761,30589
"PT_168","PT",32,"C23",35,40.3068016,-8.6894798,"PT16E","PT16",0,0
"PT_169","PT",32,"C23",23.32,40.2683388,-7.980907,"PT16E","PT16",0,0
"PT_166","PT",32,"C23",23.41,39.5848024,-8.8966696,"PT16F","PT16",0,0
"PT_164","PT",32,"C23",23.31,39.4659993,-8.5488984,"PT16I","PT16",350,1117
"PT_134","PT",35,"C16-C18",17.11,39.4780719,-8.3372252,"PT16I","PT16",2959,0
"PT_131","PT",36,"C16-C18",17.12,40.1521398,-8.857583,"PT16E","PT16",1228,196525
"PT_156","PT",36,"C16-C18",17.12,41.4990419,-8.5940814,"PT112","PT11",0,0
"PT_130","PT",32,"C23",23.32,37.1379187,-8.020216,"PT150","PT15",0,0
"PT_124","PT",32,"C23",23.32,39.1523735,-9.2227492,"PT16B","PT16",0,0
"PT_125","PT",32,"C23",23.32,39.7013825,-8.872425,"PT16F","PT16",0,5984
"PT_122","PT",32,"C23",23.32,39.7152239,-8.6027354,"PT16I","PT16",0,0
"PT_121","PT",32,"C23",23.32,39.399872,-8.224454,"PT16I","PT16",0,0
"PT_118","PT",32,"C23",23.31,39.4759304,-8.4735334,"PT16I","PT16",2307,2743
"PT_115","PT",32,"C23",23.32,39.1901107,-9.1782858,"PT16B","PT16",0,0
"PT_219","PT",32,"C23",23.32,39.1901107,-9.1782858,"PT16B","PT16",9532,8076
"PT_112","PT",32,"C23",23.32,39.1910459,-9.1833587,"PT16B","PT16",2870,2256
"PT_145","PT",35,"C16-C18",17.11,40.6843634,-8.5919076,"PT16D","PT16",53099,30044
"PT_105","PT",35,"C16-C18",17.11,38.5260437,-8.8909328,"PT170","PT17",67951,31
"PL_222603","PL",34,"C23",NA,51.2680467,19.3116119,"PL713","PL71",0,0
"PL_222281","PL",34,"C23",NA,51.2689488,19.3048196,"PL713","PL71",0,0
"PL_222241","PL",34,"C23",NA,50.2030311,19.2051251,"PL22B","PL22",0,0
"PL_221620","PL",36,"C16-C18",NA,50.9379377,17.3173773,"PL518","PL51",2932,0
"PL_220650","PL",33,"C23",NA,51.2340051,15.2507038,"PL515","PL51",23735,0
"PL_219620","PL",36,"C16-C18",NA,51.7640978,22.7958924,"PL811","PL81",4103,1623
"PL_216342","PL",31,"C23",NA,52.349445,21.251536,"PL912","PL91",28,1951
"PL_215940","PL",36,"C16-C18",NA,53.0727676,16.8371253,"PL411","PL41",2110,2566
"PL_210720","PL",32,"C23",NA,52.2821442,20.2913797,"PL926","PL92",0,2425
"PL_210701","PL",32,"C23",NA,50.4564979,19.5058529,"PL22B","PL22",3395,2974
"PL_210718","PL",36,"C16-C18",NA,53.5969935,19.5890312,"PL621","PL62",9524,7609
"PL_210697","PL",36,"C16-C18",NA,50.5739043,19.3206566,"PL224","PL22",50918,28861
"PL_209565","PL",32,"C23",NA,50.8528312,15.5950017,"PL515","PL51",20908,23656
"PL_209104","PL",31,"C23",NA,52.809198,18.248316,"PL617","PL61",0,0
"PL_209024","PL",31,"C23",NA,50.953223,16.5078724,"PL517","PL51",2677,3131
"PL_208442","PL",32,"C23",NA,50.3237766,18.5959794,"PL229","PL22",32778,7939
"PL_207962","PL",36,"C16-C18",NA,52.9798794,17.0839086,"PL411","PL41",5021,4364
"PL_207783","PL",32,"C23",23.31,51.0650101,21.0645887,"PL721","PL72",44473,34038
"PL_206967","PL",31,"C23",23.13,53.2457516,20.1665605,"PL621","PL62",28260,10777
"PL_205281","PL",32,"C23",23.2,50.9895683,16.4368285,"PL517","PL51",1769,5249
"PL_204908","PL",32,"C23",23.99,51.9754832,20.5204364,"PL926","PL92",0,0
"PL_203772","PL",32,"C23",23.31,51.200936,20.405684,"PL721","PL72",0,0
"PL_203732","PL",44,"C19-C20",20.13,52.7494277,18.2496066,"PL617","PL61",192317,541566
"PL_203611","PL",32,"C23",23.31,51.3642756,20.256578,"PL713","PL71",2408,4762
"PL_203733","PL",44,"C19-C20",20.13,52.763738,18.10549,"PL617","PL61",152751,443578
"PL_203610","PL",32,"C23",23.31,51.3103979,20.1303486,"PL713","PL71",26347,27332
"PL_203609","PL",32,"C23",23.31,51.552279,20.000782,"PL713","PL71",13814,19440
"PL_203608","PL",32,"C23",23.31,51.5549062,20.0081512,"PL713","PL71",11046,11742
"PL_203607","PL",32,"C23",23.31,51.5466357,20.0014991,"PL713","PL71",9326,17883
"PL_203354","PL",42,"C19-C20",20.52,51.6322455,15.0989236,"PL432","PL43",8939,0
"PL_203186","PL",28,"C24",24.42,52.2659726,18.2796172,"PL414","PL41",31409,23127
"PL_203135","PL",34,"C23",23.62,50.5433653,20.6156102,"PL722","PL72",30730,8117
"PL_203133","PL",32,"C23",23.31,51.2133831,20.2833601,"PL721","PL72",10998,10342
"PL_203131","PL",32,"C23",23.31,51.18985,20.426678,"PL721","PL72",0,0
"PL_203129","PL",32,"C23",23.31,51.2010072,20.4066297,"PL721","PL72",6732,12524
"PL_203112","PL",38,"C19-C20",20.15,50.0143355,20.9198011,"PL217","PL21",457397,438624
"PL_203107","PL",28,"C24",24.44,51.6783893,15.9954846,"PL516","PL51",997452,866505
"PL_203089","PL",28,"C24",24.43,50.277857,19.4705589,"PL21A","PL21",157178,179896
"PL_203105","PL",28,"C24",24.44,51.1885044,16.1198787,"PL516","PL51",28832,58776
"PL_203087","PL",42,"C19-C20",20.15,50.3114784,18.2472156,"PL524","PL52",449045,837846
"PL_202433","PL",32,"C23",23.31,50.8179303,16.3119734,"PL517","PL51",45732,57005
"PL_202471","PL",42,"C19-C20",20.14,52.7092764,18.9735465,"PL619","PL61",75238,219772
"PL_202960","PL",25,"C24",24.2,50.615434,18.4778087,"PL524","PL52",10443,12336
"PL_202825","PL",32,"C23",23.32,51.2137638,16.2299847,"PL516","PL51",18546,15711
"PL_202816","PL",42,"C19-C20",20.16,52.5887593,19.655524,"PL923","PL92",44425,50472
"PL_202779","PL",34,"C23",23.62,50.4480966,20.5924492,"PL722","PL72",28230,7646
"PL_202699","PL",42,"C19-C20",20.14,52.7055491,18.9524709,"PL619","PL61",50909,60997
"PL_202698","PL",38,"C19-C20",20.15,52.7055491,18.9524709,"PL619","PL61",72308,153342
"PL_202697","PL",41,"C19-C20",20.15,52.7055491,18.9524709,"PL619","PL61",749552,670621
"PL_202682","PL",32,"C23",23.31,51.3752574,20.0452757,"PL713","PL71",3844,6443
"PL_202552","PL",32,"C23",23.32,51.3748987,19.8975554,"PL713","PL71",18774,35120
"PL_202611","PL",25,"C24",24.1,50.3047105,18.9588568,"PL22A","PL22",10057,8240
"PL_202384","PL",41,"C19-C20",20.15,53.5706506,14.5497373,"PL428","PL42",458908,580790
"PL_202292","PL",32,"C23",23.31,51.9523083,19.2743457,"PL712","PL71",21800,24554
"PL_202274","PL",32,"C23",23.31,51.6502953,18.5612383,"PL714","PL71",12695,16128
"PL_202217","PL",32,"C23",23.42,51.004402,23.1821992,"PL812","PL81",24592,22988
"PL_202232","PL",28,"C24",24.1,50.1328895,18.8347911,"PL22C","PL22",184393,251000
"PL_202080","PL",32,"C23",23.31,51.18985,20.426678,"PL721","PL72",14152,11878
"PL_202077","PL",32,"C23",23.31,51.200936,20.405684,"PL721","PL72",16221,14000
"PL_202073","PL",42,"C19-C20",20.14,50.3541808,18.2692076,"PL524","PL52",2275,10622
"PL_202074","PL",34,"C23",23.62,50.7576002,17.8783383,"PL524","PL52",16728,16157
"PL_202254","PL",25,"C24",24.32,49.9859019,20.4395864,"PL214","PL21",32476,17089
"PL_201356","PL",30,"C23",23.52,50.8060987,20.5603247,"PL721","PL72",195193,137608
"PL_930","PL",31,"C23",23.13,51.4200207,21.2000897,"PL921","PL92",20271,42196
"PL_925","PL",21,"C19-C20",19.2,52.5887593,19.655524,"PL923","PL92",0,0
"PL_926","PL",25,"C24",24.1,50.0783347,20.0673373,"PL213","PL21",0,12579
"PL_520","PL",30,"C23",10.81,50.2222275,18.1315464,"PL524","PL52",0,0
"PL_907","PL",33,"C23",23.99,52.7123015,22.0596253,"PL924","PL92",81499,90766
"PL_908","PL",33,"C23",23.99,52.5647969,17.8153141,"PL414","PL41",54712,40285
"PL_514","PL",31,"C23",23.11,50.305538,19.2966958,"PL22B","PL22",84480,99952
"PL_906","PL",33,"C23",23.99,52.0405992,15.600651,"PL432","PL43",68128,80164
"PL_513","PL",31,"C23",23.13,52.597487,21.444622,"PL924","PL92",28539,12084
"PL_905","PL",25,"C24",24.2,50.7858542,19.1577251,"PL224","PL22",8598,8471
"PL_512","PL",31,"C23",27.4,53.168086,16.7772279,"PL411","PL41",27193,26778
"PL_511","PL",31,"C23",23.13,51.5126373,15.0842008,"PL432","PL43",12963,15776
"PL_903","PL",25,"C24",24.1,50.2696804,18.9473863,"PL22A","PL22",6467,10992
"PL_510","PL",31,"C23",23.13,52.6439105,16.0888669,"PL417","PL41",77429,44845
"PL_509","PL",31,"C23",23.13,51.948197,21.59189,"PL925","PL92",36009,28683
"PL_508","PL",31,"C23",23.11,50.7762114,19.1911265,"PL224","PL22",249668,252996
"PL_897","PL",25,"C24",24.1,50.3455391,19.2690252,"PL22B","PL22",247000,133534
"PL_503","PL",30,"C23",10.81,51.0110648,23.2002977,"PL812","PL81",0,0
"PL_896","PL",25,"C24",24.1,50.7873895,19.1699708,"PL224","PL22",14812,33983
"PL_895","PL",25,"C24",24.1,52.2926243,20.9277718,"PL911","PL91",23269,25967
"PL_501","PL",29,"C23",10.81,50.8406442,24.0320711,"PL812","PL81",0,0
"PL_894","PL",25,"C24",24.2,50.2748099,18.941391,"PL22A","PL22",15119,16124
"PL_891","PL",25,"C24",24.1,50.4915071,19.4493099,"PL22B","PL22",28859,26264
"PL_497","PL",30,"C23",10.81,53.1830511,18.5995822,"PL613","PL61",0,0
"PL_887","PL",30,"C23",23.52,50.3455391,19.2690252,"PL22B","PL22",274319,256079
"PL_496","PL",30,"C23",23.52,50.947226,15.923599,"PL515","PL51",0,0
"PL_885","PL",24,"C24",24.1,50.0866911,20.0654551,"PL213","PL21",500,0
"PL_490","PL",29,"C23",23.51,50.532965,17.973278,"PL524","PL52",2514017,2373221
"PL_493","PL",30,"C23",23.52,50.857943,20.204069,"PL722","PL72",245031,257619
"PL_492","PL",29,"C23",23.51,51.1028163,18.9357881,"PL714","PL71",1342563,1219975
"PL_491","PL",29,"C23",23.51,50.929127,21.6796155,"PL722","PL72",1600705,1546377
"PL_862","PL",36,"C16-C18",17.22,52.67156,14.884629,"PL431","PL43",4601,6750
"PL_463","PL",30,"C23",35.1,53.1830511,18.5995822,"PL613","PL61",99414,29174
"PL_847","PL",30,"C23",23.52,50.0866911,20.0654551,"PL213","PL21",0,0
"PL_846","PL",30,"C23",23.52,50.0866911,20.0654551,"PL213","PL21",0,0
"PL_844","PL",32,"C23",23.32,50.4572804,16.9850374,"PL523","PL52",2387,8025
"PL_848","PL",32,"C23",23.2,50.0866911,20.0654551,"PL213","PL21",9959,11317
"PL_447","PL",36,"C16-C18",17.12,50.6489386,18.394605,"PL524","PL52",5479,5317
"PL_441","PL",36,"C16-C18",17.12,53.3943298,18.3849496,"PL618","PL61",150587,414948
"PL_439","PL",36,"C16-C18",17.12,52.4808276,16.9769484,"PL418","PL41",4761,4427
"PL_438","PL",36,"C16-C18",17.12,52.862334,20.610136,"PL922","PL92",28955,21041
"PL_433","PL",32,"C23",23.32,52.2821442,20.2913797,"PL926","PL92",0,0
"PL_434","PL",32,"C23",23.32,50.98155,18.408341,"PL524","PL52",10477,10637
"PL_435","PL",32,"C23",23.32,51.1559454,16.6031427,"PL518","PL51",34304,37317
"PL_430","PL",32,"C23",23.32,51.3255831,23.0247064,"PL814","PL81",0,0
"PL_827","PL",36,"C16-C18",17.22,52.594206,14.630343,"PL431","PL43",11466,8501
"PL_825","PL",32,"C23",23.32,50.2484197,20.4945794,"PL722","PL72",0,0
"PL_824","PL",32,"C23",23.32,50.2484197,20.4945794,"PL722","PL72",0,0
"PL_424","PL",32,"C23",23.2,50.0726111,21.5958408,"PL823","PL82",18614,12177
"PL_422","PL",31,"C23",20.13,51.59705,15.159631,"PL432","PL43",0,0
"PL_423","PL",32,"C23",23.2,49.9777862,19.820604,"PL214","PL21",0,0
"PL_421","PL",33,"C23",23.99,50.2660398,18.7051161,"PL229","PL22",22251,9536
"PL_420","PL",33,"C23",23.14,50.2660398,18.7051161,"PL229","PL22",23597,20550
"PL_419","PL",31,"C23",23.13,51.8858784,17.0033141,"PL417","PL41",52736,46156
"PL_418","PL",31,"C23",23.11,50.6650564,21.7502458,"PL722","PL72",90716,61993
"PL_816","PL",32,"C23",23.32,51.9384435,17.5611055,"PL416","PL41",0,0
"PL_416","PL",31,"C23",23.13,50.001964,22.71296,"PL822","PL82",169103,113449
"PL_417","PL",31,"C23",23.13,52.4075446,17.0328275,"PL415","PL41",36564,23339
"PL_814","PL",32,"C23",23.32,51.7085161,17.446689,"PL416","PL41",0,0
"PL_415","PL",31,"C23",23.13,49.7023895,21.7345668,"PL821","PL82",31249,35606
"PL_812","PL",32,"C23",23.32,51.9654717,17.4314664,"PL416","PL41",0,0
"PL_414","PL",31,"C23",23.11,50.8011679,16.2932403,"PL517","PL51",0,0
"PL_811","PL",31,"C23",23.14,50.3694193,19.2655549,"PL22B","PL22",9481,9655
"PL_413","PL",31,"C23",23.13,53.0536452,16.7232863,"PL411","PL41",21057,20107
"PL_810","PL",31,"C23",23.13,50.8410675,19.1616944,"PL224","PL22",28384,27977
"PL_410","PL",31,"C23",23.13,53.2360878,20.172655,"PL621","PL62",25738,20421
"PL_407","PL",30,"C23",10.81,51.6469899,16.9464791,"PL417","PL41",0,0
"PL_781","PL",36,"C16-C18",17.12,52.602055,14.62459,"PL431","PL43",58956,43257
"PL_400","PL",30,"C23",10.81,54.0326611,19.0399799,"PL638","PL63",0,0
"PL_779","PL",36,"C16-C18",17.22,50.2945436,16.5772263,"PL517","PL51",333,2754
"PL_782","PL",36,"C16-C18",17.22,52.6549024,19.0927016,"PL619","PL61",3837,3707
"PL_783","PL",36,"C16-C18",17.12,53.1005297,21.6074919,"PL924","PL92",14224,58051
"PL_761","PL",32,"C23",23.32,50.042413,21.0891377,"PL217","PL21",25118,45370
"PL_398","PL",30,"C23",10.81,52.2268641,19.6006236,"PL715","PL71",0,0
"PL_768","PL",32,"C23",23.32,50.0256999,19.9418183,"PL213","PL21",0,0
"PL_772","PL",32,"C23",23.32,49.591011,20.706361,"PL218","PL21",0,0
"PL_766","PL",31,"C23",23.13,51.0125366,18.0502698,"PL524","PL52",9381,6661
"PL_392","PL",30,"C23",10.81,53.29728,15.020934,"PL428","PL42",0,0
"PL_747","PL",31,"C23",23.13,50.0394565,20.9760125,"PL217","PL21",0,0
"PL_756","PL",31,"C23",23.13,50.8901389,20.6012061,"PL721","PL72",6358,5168
"PL_754","PL",31,"C23",23.13,51.0337676,19.5400777,"PL713","PL71",82209,58551
"PL_388","PL",30,"C23",10.81,52.840077,20.267588,"PL922","PL92",0,0
"PL_730","PL",21,"C19-C20",19.2,50.1576957,19.4492147,"PL21A","PL21",926,1551
"PL_384","PL",30,"C23",23.52,50.8060987,20.5603247,"PL721","PL72",152111,180990
"PL_383","PL",29,"C23",23.51,50.8246936,20.281637,"PL722","PL72",799155,846617
"PL_382","PL",29,"C23",23.51,52.820556,18.038611,"PL617","PL61",1095760,1074965
"PL_381","PL",29,"C23",23.51,50.8735727,19.2525359,"PL224","PL22",247404,342317
"PL_380","PL",29,"C23",23.51,51.1204756,23.2327007,"PL812","PL81",0,0
"PL_379","PL",29,"C23",23.51,50.6796237,17.9133096,"PL524","PL52",275853,264902
"PL_378","PL",29,"C23",23.51,50.8147247,20.5362639,"PL721","PL72",824372,813061
"PL_371","PL",24,"C24",24.1,50.4915071,19.4493099,"PL22B","PL22",113826,134884
"PL_368","PL",22,"C19-C20",19.1,50.7579128,16.2414634,"PL517","PL51",82987,98976
"PL_367","PL",22,"C19-C20",19.1,50.0866911,20.0654551,"PL213","PL21",81316,136369
"PL_366","PL",22,"C19-C20",19.1,50.3308591,18.8278287,"PL229","PL22",75974,81229
"PL_365","PL",22,"C19-C20",19.1,50.0387901,18.4904192,"PL227","PL22",227838,196822
"PL_364","PL",22,"C19-C20",19.1,50.1603777,18.6701584,"PL227","PL22",0,0
"PL_363","PL",22,"C19-C20",19.1,50.7991486,19.1872745,"PL224","PL22",130552,152760
"PL_720","PL",32,"C23",35,54.339471,20.3499649,"PL622","PL62",0,0
"PL_362","PL",21,"C19-C20",19.2,52.5887593,19.655524,"PL923","PL92",6577479,3381578
"PL_699","PL",32,"C23",23.32,50.2085752,21.8295156,"PL823","PL82",7336,25659
"PL_682","PL",31,"C23",23.19,51.387061,20.26001,"PL713","PL71",1491,2002
"PL_674","PL",30,"C23",23.52,50.925872,21.3668793,"PL721","PL72",0,0
"PL_672","PL",30,"C23",10.81,53.1421352,17.6157715,"PL617","PL61",0,0
"PL_657","PL",24,"C24",24.1,50.948851,21.431556,"PL721","PL72",45813,65989
"PL_661","PL",30,"C23",23.52,52.8266379,18.013939,"PL617","PL61",134389,122183
"PL_660","PL",24,"C24",24.1,52.2926243,20.9277718,"PL911","PL91",42906,45913
"PL_649","PL",36,"C16-C18",17.12,49.6782493,19.1929824,"PL225","PL22",0,0
"PL_647","PL",36,"C16-C18",17.12,50.1601112,19.0113264,"PL22C","PL22",36313,14833
"PL_648","PL",21,"C19-C20",19.2,54.3411237,18.7333524,"PL633","PL63",0,174079
"PL_633","PL",21,"C19-C20",19.2,52.5887593,19.655524,"PL923","PL92",0,0
"PL_634","PL",32,"C23",23.32,50.322598,21.737981,"PL823","PL82",0,0
"PL_629","PL",36,"C16-C18",17.22,50.3515083,19.5610533,"PL21A","PL21",44909,30342
"PL_626","PL",36,"C16-C18",17.22,50.8561378,15.6243122,"PL515","PL51",30689,13640
"PL_623","PL",32,"C23",23.32,52.2946333,21.6669102,"PL912","PL91",10329,13364
"PL_611","PL",32,"C23",23.32,51.56756,15.182179,"PL432","PL43",0,0
"PL_595","PL",32,"C23",23.32,54.5499956,17.7484481,"PL636","PL63",12606,24388
"PL_593","PL",32,"C23",23.32,53.2904229,17.943701,"PL613","PL61",0,0
"PL_592","PL",32,"C23",23.32,50.797683,19.0508126,"PL224","PL22",11512,21179
"PL_577","PL",32,"C23",23.32,50.471275,22.5008099,"PL824","PL82",0,0
"PL_263","PL",36,"C16-C18",17.12,50.893792,15.8064647,"PL515","PL51",0,0
"PL_262","PL",36,"C16-C18",17.12,52.3959009,16.9704603,"PL415","PL41",28239,23924
"PL_261","PL",36,"C16-C18",17.12,50.3721298,17.3614653,"PL523","PL52",12678,12066
"PL_572","PL",32,"C23",23.32,52.43238,21.156386,"PL912","PL91",0,0
"PL_260","PL",36,"C16-C18",35.1,52.594206,14.630343,"PL431","PL43",118825,89227
"PL_259","PL",32,"C23",23.32,50.7935219,18.600794,"PL228","PL22",0,0
"PL_954","PL",36,"C16-C18",17.12,51.5143739,23.591629,"PL811","PL81",0,0
"PL_953","PL",36,"C16-C18",35.1,53.1005297,21.6074919,"PL924","PL92",194872,107128
"PL_952","PL",33,"C23",23.99,53.3700721,20.4106709,"PL622","PL62",0,0
"PL_543","PL",32,"C23",23.32,52.8851502,23.6887895,"PL842","PL84",4044,4950
"PL_950","PL",33,"C23",23.99,52.7123015,22.0596253,"PL924","PL92",0,0
"PL_536","PL",32,"C23",23.32,53.861295,20.907453,"PL622","PL62",0,0
"PL_940","PL",32,"C23",23.32,50.4348249,21.056089,"PL722","PL72",28342,34008
"NL_218982","NL",42,"C19-C20",NA,51.8156833,4.7288372,"NL33A","NL33",21434,0
"NL_205970","NL",42,"C19-C20",20.14,51.8760535,4.3466309,"NL33C","NL33",26244,114713
"NL_205971","NL",42,"C19-C20",20.14,51.8760535,4.3466309,"NL33C","NL33",0,0
"NL_205952","NL",34,"C23",23.62,53.3030226,6.9835574,"NL112","NL11",37153,9980
"NL_205926","NL",42,"C19-C20",20.14,51.8833934,4.2538177,"NL33C","NL33",219057,415735
"NL_205924","NL",42,"C19-C20",20.14,51.9650382,4.015557,"NL33C","NL33",7653,310629
"NL_205868","NL",42,"C19-C20",20.14,51.8760535,4.3466309,"NL33C","NL33",25171,171288
"NL_205387","NL",32,"C23",23.32,52.0851666,4.8687593,"NL310","NL31",9825,9718
"NL_205142","NL",42,"C19-C20",20.16,51.6692314,4.5772303,"NL411","NL41",9786,17068
"NL_204694","NL",41,"C19-C20",20.15,51.2721691,3.8497955,"NL341","NL34",0,0
"NL_204693","NL",41,"C19-C20",20.15,51.2721691,3.8497955,"NL341","NL34",0,0
"NL_204691","NL",41,"C19-C20",20.15,51.2721691,3.8497955,"NL341","NL34",0,0
"NL_204687","NL",42,"C19-C20",20.16,51.3345937,3.7913142,"NL341","NL34",0,0
"NL_204686","NL",42,"C19-C20",20.14,51.3345937,3.7913142,"NL341","NL34",0,0
"NL_204688","NL",42,"C19-C20",20.14,51.3345937,3.7913142,"NL341","NL34",0,0
"NL_204684","NL",42,"C19-C20",20.14,51.3345937,3.7913142,"NL341","NL34",0,0
"NL_204685","NL",42,"C19-C20",20.14,51.3345937,3.7913142,"NL341","NL34",0,0
"NL_204692","NL",41,"C19-C20",20.15,51.2721691,3.8497955,"NL341","NL34",0,0
"NL_204695","NL",41,"C19-C20",20.15,51.2721691,3.8497955,"NL341","NL34",0,0
"NL_204682","NL",42,"C19-C20",20.14,51.3345937,3.7913142,"NL341","NL34",0,0
"NL_204683","NL",42,"C19-C20",20.14,51.3345937,3.7913142,"NL341","NL34",0,0
"NL_204681","NL",42,"C19-C20",20.14,51.3345937,3.7913142,"NL341","NL34",0,0
"NL_204315","NL",32,"C23",23.32,51.3371989,6.1579128,"NL421","NL42",8517,6886
"NL_204316","NL",32,"C23",23.32,51.8911211,5.6734141,"NL226","NL22",9383,6880
"NL_204522","NL",42,"C19-C20",20.14,51.8708333,4.2813828,"NL33C","NL33",27113,49840
"NL_204521","NL",42,"C19-C20",20.14,51.8703507,4.3008665,"NL33C","NL33",0,0
"NL_204445","NL",43,"C19-C20",20.11,51.9435466,4.4099375,"NL33C","NL33",79976,44455
"NL_203881","NL",43,"C19-C20",20.11,51.9435466,4.4099375,"NL33C","NL33",888486,630396
"NL_203877","NL",32,"C23",23.31,50.8555487,5.706246,"NL423","NL42",11518,9945
"NL_203791","NL",43,"C19-C20",20.11,51.4312563,5.4380626,"NL414","NL41",0,0
"NL_324","NL",36,"C16-C18",17.29,53.1816638,5.5423206,"NL124","NL12",13768,4160
"NL_292","NL",37,"C19-C20",20.13,51.890748,4.2632225,"NL33C","NL33",200975,105728
"NL_269","NL",32,"C23",23.32,51.8737301,6.0570961,"NL226","NL22",10759,10665
"NL_268","NL",32,"C23",23.32,51.9689244,5.7431931,"NL226","NL22",7918,9274
"NL_256","NL",32,"C23",23.32,51.737156,5.2081468,"NL413","NL41",11783,11472
"NL_253","NL",32,"C23",23.32,51.9618249,6.6888976,"NL225","NL22",0,0
"NL_252","NL",32,"C23",23.32,51.8988555,6.3062152,"NL225","NL22",3068,9787
"NL_145","NL",24,"C24",24.1,51.8500073,4.6695729,"NL33A","NL33",0,0
"NL_144","NL",24,"C24",24.1,52.47385,4.6236046,"NL323","NL32",4543687,10224070
"NL_139","NL",33,"C23",23.99,51.1714005,6.0418604,"NL422","NL42",100914,94561
"NL_138","NL",33,"C23",23.14,51.5660293,4.6064923,"NL411","NL41",42861,34490
"NL_133","NL",31,"C23",23.13,51.9137566,4.4054435,"NL33C","NL33",0,0
"NL_134","NL",31,"C23",23.11,51.9111081,5.442658,"NL224","NL22",0,0
"NL_131","NL",31,"C23",23.13,51.8882771,5.0873423,"NL33A","NL33",98712,88605
"NL_132","NL",31,"C23",23.13,50.8599964,5.7036938,"NL423","NL42",81119,63338
"NL_135","NL",31,"C23",23.13,51.6771049,4.5949383,"NL411","NL41",62855,47871
"NL_137","NL",31,"C23",23.13,51.6106751,4.9940274,"NL412","NL41",80284,81631
"NL_110","NL",42,"C19-C20",20.14,51.8862332,4.2608008,"NL33C","NL33",70553,45619
"NL_104","NL",43,"C19-C20",20.11,51.8735716,4.2601995,"NL33C","NL33",85287,27241
"NL_199","NL",42,"C19-C20",20.59,51.9598425,4.0935848,"NL33C","NL33",109452,98720
"NL_101","NL",21,"C19-C20",19.2,51.909467,4.2221893,"NL33C","NL33",135905,124444
"NL_98","NL",21,"C19-C20",19.2,51.9391364,4.1130531,"NL33C","NL33",2137686,1463326
"NL_97","NL",21,"C19-C20",19.2,51.9324722,4.168111,"NL33C","NL33",232774,152303
"NL_113","NL",42,"C19-C20",20.14,51.9277524,4.186295,"NL33C","NL33",46772,55599
"NL_96","NL",21,"C19-C20",19.2,51.8703507,4.3008665,"NL33C","NL33",2489829,2044965
"NL_95","NL",36,"C16-C18",17.12,51.2327509,6.0305237,"NL422","NL42",7731,6878
"NL_100","NL",21,"C19-C20",19.2,51.449565,3.727221,"NL342","NL34",1464690,1276019
"NL_94","NL",36,"C16-C18",17.12,52.097043,6.0535701,"NL225","NL22",91593,77219
"NL_88","NL",36,"C16-C18",17.12,51.9602705,6.2938653,"NL225","NL22",19587,19424
"NL_87","NL",36,"C16-C18",17.12,50.8851629,5.7341074,"NL423","NL42",0,0
"NL_86","NL",36,"C16-C18",17.12,52.1016497,6.0620452,"NL225","NL22",39137,30424
"NL_85","NL",36,"C16-C18",17.12,53.1829159,7.2040501,"NL111","NL11",20409,29008
"NL_83","NL",36,"C16-C18",17.12,51.2066432,6.00094,"NL422","NL42",146724,128647
"NL_84","NL",36,"C16-C18",17.12,52.6576602,6.7392218,"NL132","NL13",11686,13243
"NL_82","NL",36,"C16-C18",17.12,53.1621534,6.8056933,"NL113","NL11",19182,29783
"NL_81","NL",36,"C16-C18",17.12,53.1630097,6.751428,"NL113","NL11",25767,38511
"NL_79","NL",36,"C16-C18",17.12,53.093093,6.9871052,"NL111","NL11",10189,12583
"NL_76","NL",36,"C16-C18",17.12,52.4657337,4.6351596,"NL323","NL32",41513,44255
"NL_78","NL",36,"C16-C18",17.12,51.7517447,5.8584333,"NL413","NL41",10774,12930
"NL_143","NL",29,"C23",23.51,50.8202976,5.6921421,"NL423","NL42",0,0
"NL_404","NL",32,"C23",23.32,50.8919706,6.0733121,"NL423","NL42",1187,1
"NL_402","NL",36,"C16-C18",17.12,52.0910449,6.0390585,"NL225","NL22",7998,6283
"NL_389","NL",32,"C23",23.32,53.0907161,6.9891184,"NL111","NL11",5516,2386
"NL_388","NL",32,"C23",23.32,50.8535003,6.0199772,"NL423","NL42",2760,2824
"NL_385","NL",36,"C16-C18",17.12,52.1316654,6.0431996,"NL221","NL22",12435,14486
"NL_383","NL",42,"C19-C20",20.14,51.6816518,4.5694758,"NL411","NL41",2248288,1726016
"NL_384","NL",36,"C16-C18",17.12,53.2136489,6.5108119,"NL113","NL11",7424,12694
"LU_205996","LU",27,"C24",24.42,50.0649791,5.9890427,"LU000","LU00",20259,16359
"LU_205713","LU",25,"C24",24.1,49.5512294,5.8424059,"LU000","LU00",17845,15085
"LT_18","LT",41,"C19-C20",20.15,55.0673849,24.3326259,"LT022","LT02",1363398,1277776
"LT_16","LT",36,"C16-C18",17.22,54.7681085,25.3324694,"LT011","LT01",7786,28953
"LT_1","LT",29,"C23",23.51,56.3079315,22.8984497,"LT026","LT02",783849,855103
"LV_69","LV",32,"C23",23.32,56.6423569,23.806189,"LV009","LV00",10681,13697
"LV_65","LV",24,"C24",24.51,56.960842,24.13183,"LV006","LV00",1,0
"LV_63","LV",32,"C23",23.32,57.3865334,25.4079199,"LV008","LV00",8051,8099
"IT_223085","IT",43,"C19-C20",NA,43.3860855,10.443274,"ITI16","ITI1",0,0
"IT_223084","IT",34,"C23",NA,43.0104047,11.1677727,"ITI1A","ITI1",0,0
"IT_223082","IT",34,"C23",NA,43.0088218,11.1687603,"ITI1A","ITI1",0,0
"IT_219761","IT",32,"C23",NA,44.5886267,11.9399104,"ITH56","ITH5",25881,6870
"IT_218740","IT",36,"C16-C18",NA,43.8826378,10.5633617,"ITI12","ITI1",0,0
"IT_218320","IT",36,"C16-C18",NA,43.324083,12.892052,"ITI32","ITI3",68809,40909
"IT_217542","IT",31,"C23",NA,45.7751739,13.2346498,"ITH42","ITH4",36110,0
"IT_217420","IT",25,"C24",NA,45.7693832,13.2336349,"ITH42","ITH4",30716,0
"IT_217220","IT",32,"C23",NA,44.5548834,10.7970355,"ITH54","ITH5",11757,0
"IT_217200","IT",36,"C16-C18",NA,45.5420724,9.2936895,"ITC4C","ITC4",13924,0
"IT_216280","IT",32,"C23",NA,44.394745,10.8007396,"ITH54","ITH5",38851,24536
"IT_215800","IT",36,"C16-C18",NA,40.816866,14.7978083,"ITF34","ITF3",22812,7970
"IT_214980","IT",36,"C16-C18",NA,43.820203,10.691318,"ITI12","ITI1",4612,0
"IT_212501","IT",31,"C23",NA,41.8287249,15.7745484,"ITF46","ITF4",100189,85179
"IT_210938","IT",32,"C23",NA,45.1915946,9.6414763,"ITC49","ITC4",5918,7935
"IT_210898","IT",32,"C23",NA,41.7125216,13.130674,"ITI45","ITI4",22890,19335
"IT_210840","IT",32,"C23",NA,44.9314142,10.8628771,"ITC4B","ITC4",16055,13289
"IT_210679","IT",32,"C23",NA,44.4896673,10.7011334,"ITH53","ITH5",38238,25175
"IT_210667","IT",36,"C16-C18",NA,40.6439072,14.8347683,"ITF35","ITF3",11495,0
"IT_210668","IT",32,"C23",NA,43.7321349,10.9312133,"ITI14","ITI1",8603,11545
"IT_210541","IT",32,"C23",NA,44.5278815,10.9244833,"ITH54","ITH5",43920,23875
"IT_210125","IT",25,"C24",NA,45.2030361,10.5777693,"ITC4B","ITC4",1928,4286
"IT_209324","IT",36,"C16-C18",NA,45.17763,10.7984,"ITC4B","ITC4",94760,45834
"IT_208767","IT",36,"C16-C18",NA,43.9976538,10.4285975,"ITI12","ITI1",0,0
"IT_208744","IT",32,"C23",NA,44.8185808,9.8352246,"ITH51","ITH5",24072,22650
"IT_208742","IT",31,"C23",NA,46.1182658,11.0962459,"ITH20","ITH2",24203,19245
"IT_208382","IT",25,"C24",NA,45.5832619,10.2684817,"ITC47","ITC4",0,0
"IT_207703","IT",42,"C19-C20",NA,45.0266271,12.0720666,"ITH37","ITH3",22874,15452
"IT_207572","IT",36,"C16-C18",17.12,44.3149376,7.4689766,"ITC16","ITC1",29695,20875
"IT_207570","IT",32,"C23",23.32,44.592282,11.953975,"ITH56","ITH5",0,0
"IT_207442","IT",25,"C24",63.11,45.7891429,13.2287449,"ITH42","ITH4",39492,28724
"IT_207403","IT",32,"C23",23.31,44.5656701,10.8162926,"ITH54","ITH5",0,0
"IT_207265","IT",30,"C23",23.52,41.7825965,15.4468304,"ITF46","ITF4",0,0
"IT_207228","IT",32,"C23",23.31,43.6641669,11.3184668,"ITI14","ITI1",0,0
"IT_207229","IT",32,"C23",63.11,43.5799252,11.3168744,"ITI14","ITI1",0,0
"IT_206681","IT",32,"C23",23.31,44.3793302,10.8204572,"ITH54","ITH5",71712,46385
"IT_206662","IT",32,"C23",23.31,44.8045797,10.8160756,"ITH53","ITH5",0,0
"IT_206403","IT",36,"C16-C18",17.12,45.2542871,7.5352263,"ITC11","ITC1",0,0
"IT_206271","IT",25,"C24",25.5,45.1565658,10.376087,"ITC4B","ITC4",9352,7278
"IT_206238","IT",32,"C23",23.31,44.5395185,10.6581835,"ITH53","ITH5",0,0
"IT_206237","IT",32,"C23",23.31,44.5593653,10.7629989,"ITH53","ITH5",0,0
"IT_205986","IT",32,"C23",23.31,44.2904933,10.5747763,"ITH54","ITH5",0,0
"IT_205920","IT",25,"C24",24.1,45.5501099,10.13498,"ITC47","ITC4",7146,7269
"IT_205909","IT",32,"C23",23.31,44.5489112,10.8518371,"ITH54","ITH5",0,0
"IT_205908","IT",32,"C23",23.31,44.5474153,10.7818067,"ITH54","ITH5",47790,45767
"IT_205825","IT",25,"C24",25.5,45.1566512,10.3760578,"ITC4B","ITC4",9543,7502
"IT_205905","IT",28,"C24",24.53,44.8554576,7.7399754,"ITC11","ITC1",0,0
"IT_205777","IT",25,"C24",24.1,43.5664659,11.527426,"ITI18","ITI1",4721,4228
"IT_205823","IT",36,"C16-C18",17.12,44.6965388,8.6645153,"ITC18","ITC1",0,0
"IT_205661","IT",43,"C19-C20",20.11,45.0659242,11.05672,"ITC4B","ITC4",0,0
"IT_205655","IT",32,"C23",23.31,44.5638902,10.8131565,"ITH54","ITH5",0,0
"IT_205657","IT",32,"C23",23.31,44.5342041,10.6107584,"ITH53","ITH5",0,0
"IT_205615","IT",32,"C23",23.32,44.9982,8.71903,"ITC18","ITC1",0,0
"IT_205606","IT",32,"C23",23.31,44.7698068,11.0694236,"ITH54","ITH5",35082,27262
"IT_205618","IT",25,"C24",24.1,45.8499978,9.3995458,"ITC43","ITC4",0,0
"IT_205592","IT",25,"C24",24.1,45.7891241,13.2286399,"ITH42","ITH4",57165,38652
"IT_205605","IT",28,"C24",24.43,39.266055,8.7317633,"ITG2H","ITG2",183384,264212
"IT_205587","IT",25,"C24",25.5,46.0849727,13.3930069,"ITH42","ITH4",5260,6572
"IT_205601","IT",42,"C19-C20",20.14,44.3524627,9.3412107,"ITC33","ITC3",14307,12134
"IT_205586","IT",42,"C19-C20",20.14,44.4594391,12.233416,"ITH57","ITH5",115645,85555
"IT_205585","IT",25,"C24",25.5,45.8020581,11.3703741,"ITH32","ITH3",3787,16192
"IT_205573","IT",28,"C24",24.44,45.5416562,9.9265865,"ITC47","ITC4",14276,13972
"IT_205583","IT",32,"C23",23.32,45.84164,11.97619,"ITH34","ITH3",0,0
"IT_205567","IT",32,"C23",23.32,37.5397967,13.0663656,"ITG14","ITG1",0,0
"IT_205525","IT",28,"C24",25.61,40.9585184,14.2796664,"ITF33","ITF3",52017,38294
"IT_205565","IT",32,"C23",23.32,44.582084,11.9607597,"ITH57","ITH5",0,0
"IT_205517","IT",25,"C24",24.1,45.3440578,11.0667643,"ITH31","ITH3",33432,34880
"IT_205494","IT",28,"C24",24.42,45.5505137,9.9981729,"ITC47","ITC4",0,0
"IT_205493","IT",27,"C24",24.53,45.2654251,10.1228868,"ITC47","ITC4",0,0
"IT_205481","IT",25,"C24",25.5,44.4162352,7.8255138,"ITC16","ITC1",5905,4377
"IT_205400","IT",32,"C23",23.32,45.607727,12.256099,"ITH34","ITH3",0,0
"IT_205492","IT",25,"C24",24.1,45.7891429,13.2287449,"ITH42","ITH4",0,0
"IT_205399","IT",32,"C23",23.32,45.3359358,11.2285911,"ITH31","ITH3",0,0
"IT_205398","IT",32,"C23",23.32,45.6346986,11.4654473,"ITH32","ITH3",0,0
"IT_205396","IT",32,"C23",23.41,45.6634495,11.4094173,"ITH32","ITH3",0,0
"IT_205393","IT",32,"C23",23.32,43.481447,10.4442658,"ITI16","ITI1",21767,24254
"IT_205395","IT",30,"C23",23.52,45.7149856,11.4224993,"ITH32","ITH3",74025,66321
"IT_205357","IT",42,"C19-C20",20.16,43.3860989,10.4433,"ITI16","ITI1",2817,24363
"IT_205349","IT",32,"C23",23.32,40.8325862,8.3860636,"ITG2D","ITG2",0,0
"IT_205344","IT",32,"C23",23.4,42.0597618,14.7404268,"ITF14","ITF1",10554,13297
"IT_205382","IT",34,"C23",23.52,43.4222004,10.5457848,"ITI17","ITI1",31820,6973
"IT_205333","IT",25,"C24",24.51,46.1494398,12.7267416,"ITH41","ITH4",9997,22437
"IT_205332","IT",42,"C19-C20",19.2,45.2725188,9.4525656,"ITC49","ITC4",65954,34118
"IT_205330","IT",28,"C24",24.44,44.0480907,10.4721273,"ITI12","ITI1",0,0
"IT_205327","IT",32,"C23",23.32,40.8413807,16.0250854,"ITF51","ITF5",18202,19230
"IT_205326","IT",28,"C24",24.43,45.8595869,9.8691268,"ITC46","ITC4",62118,73082
"IT_205325","IT",32,"C23",23.32,40.6858436,16.590165,"ITF52","ITF5",28840,25785
"IT_205315","IT",32,"C23",23.32,45.6048401,8.3523367,"ITC12","ITC1",7573,7304
"IT_205317","IT",32,"C23",23.32,44.4183103,11.7861144,"ITH55","ITH5",33554,41809
"IT_205314","IT",32,"C23",23.32,42.5694463,12.569998,"ITI22","ITI2",12630,17137
"IT_205310","IT",32,"C23",23.32,45.5938386,12.3512399,"ITH34","ITH3",0,0
"IT_205302","IT",42,"C19-C20",20.14,45.4487715,12.2300692,"ITH35","ITH3",445,24787
"IT_205303","IT",32,"C23",23.42,45.9522637,12.7846816,"ITH41","ITH4",0,0
"IT_205283","IT",42,"C19-C20",19.2,41.6175279,13.3115782,"ITI45","ITI4",30551,14922
"IT_205262","IT",25,"C24",24.1,45.5559632,10.0661442,"ITC47","ITC4",0,0
"IT_205280","IT",25,"C24",24.2,45.6309504,9.3400059,"ITC4D","ITC4",12306,8908
"IT_205228","IT",32,"C23",23.31,44.7821404,10.6080384,"ITH53","ITH5",0,0
"IT_205187","IT",32,"C23",23.32,45.6427954,11.4349752,"ITH32","ITH3",0,0
"IT_205244","IT",32,"C23",23.31,44.326834,11.781451,"ITH57","ITH5",0,0
"IT_205126","IT",32,"C23",23.31,44.5373938,10.8699178,"ITH54","ITH5",14634,14711
"IT_205125","IT",32,"C23",23.31,44.5396464,10.8702762,"ITH54","ITH5",0,0
"IT_205172","IT",25,"C24",24.51,45.5152826,10.1137523,"ITC47","ITC4",45396,31153
"IT_203647","IT",25,"C24",25.5,45.7995256,11.3703838,"ITH32","ITH3",0,0
"IT_204523","IT",27,"C24",24.42,45.4111267,8.2006047,"ITC12","ITC1",26501,18508
"IT_204134","IT",25,"C24",24.1,45.4028655,10.3144745,"ITC47","ITC4",0,0
"IT_204133","IT",25,"C24",24.1,45.5849561,10.2974639,"ITC47","ITC4",0,0
"IT_204136","IT",24,"C24",24.1,45.5832619,10.2684817,"ITC47","ITC4",0,0
"IT_203935","IT",32,"C23",23.32,45.0397251,8.9434414,"ITC48","ITC4",0,0
"IT_203934","IT",32,"C23",23.32,45.463322,10.125288,"ITC47","ITC4",0,0
"IT_203948","IT",25,"C24",25.5,45.0165201,11.6801912,"ITH37","ITH3",21234,21027
"IT_203918","IT",32,"C23",23.31,44.4037388,11.7581079,"ITH55","ITH5",72207,50964
"IT_203932","IT",32,"C23",23.32,45.0499982,9.1046197,"ITC48","ITC4",4232,5506
"IT_203874","IT",32,"C23",23.32,44.4053026,8.2677942,"ITC32","ITC3",0,0
"IT_203885","IT",32,"C23",23.31,44.5346171,10.8478827,"ITH54","ITH5",5563,10096
"IT_203869","IT",32,"C23",23.32,44.9036425,8.0945137,"ITC17","ITC1",0,0
"IT_203843","IT",32,"C23",23.31,44.4856901,10.6847229,"ITH53","ITH5",23453,9033
"IT_203817","IT",25,"C24",24.1,45.789071,13.2296731,"ITH42","ITH4",38720,27776
"IT_203816","IT",25,"C24",24.1,45.2030361,10.5777693,"ITC4B","ITC4",91151,32118
"IT_203797","IT",42,"C19-C20",20.14,44.9299856,10.6021502,"ITC4B","ITC4",6674,13582
"IT_203813","IT",25,"C24",25.5,46.1666423,9.430212,"ITC44","ITC4",0,0
"IT_203785","IT",32,"C23",23.32,42.9782709,12.35576,"ITI21","ITI2",33705,20433
"IT_203786","IT",32,"C23",23.32,42.6708884,12.4516986,"ITI22","ITI2",24957,19703
"IT_203871","IT",32,"C23",23.31,44.603044,10.7750105,"ITH53","ITH5",0,0
"IT_203872","IT",32,"C23",23.31,44.5485139,10.8482812,"ITH54","ITH5",0,0
"IT_203637","IT",32,"C23",23.31,44.5466059,10.8103994,"ITH54","ITH5",0,0
"IT_203638","IT",32,"C23",23.31,44.5500885,10.810893,"ITH54","ITH5",0,0
"IT_203480","IT",23,"C24",20.13,44.0323107,10.1139458,"ITI11","ITI1",27615,43567
"IT_202733","IT",36,"C16-C18",17.12,43.9232613,10.6495611,"ITI12","ITI1",0,0
"IT_202672","IT",32,"C23",23.31,44.5231743,10.3506821,"ITH53","ITH5",0,0
"IT_202668","IT",32,"C23",23.31,44.6543939,10.7690037,"ITH53","ITH5",0,0
"IT_202619","IT",32,"C23",23.31,44.5077249,11.0504022,"ITH54","ITH5",41214,22815
"IT_202617","IT",32,"C23",23.31,43.9244312,12.651366,"ITH59","ITH5",22070,23477
"IT_202593","IT",25,"C24",24.1,46.0380101,8.2624929,"ITC14","ITC1",22017,19973
"IT_202578","IT",32,"C23",23.31,44.56498,10.80657,"ITH54","ITH5",0,0
"IT_202535","IT",42,"C19-C20",20.16,44.8849678,8.6758645,"ITC18","ITC1",17179,42844
"IT_202507","IT",32,"C23",23.31,44.529494,10.94201,"ITH54","ITH5",33694,32298
"IT_202500","IT",32,"C23",23.31,44.6596376,10.7716022,"ITH53","ITH5",45258,32238
"IT_202464","IT",32,"C23",23.31,44.5902298,10.7599691,"ITH53","ITH5",39450,24724
"IT_202462","IT",28,"C24",24.42,41.5889412,12.8296115,"ITI44","ITI4",28009,24064
"IT_202460","IT",32,"C23",23.31,44.5627196,10.8002073,"ITH54","ITH5",36711,25762
"IT_202459","IT",32,"C23",23.31,44.549862,10.811163,"ITH54","ITH5",0,0
"IT_202458","IT",32,"C23",23.31,44.537731,10.8475425,"ITH54","ITH5",39263,29882
"IT_202463","IT",32,"C23",23.31,44.3749046,10.8239839,"ITH54","ITH5",98812,59964
"IT_202456","IT",32,"C23",23.31,44.584107,10.7487874,"ITH53","ITH5",40762,30571
"IT_202277","IT",25,"C24",28.91,42.5629744,12.6692177,"ITI22","ITI2",0,0
"IT_202272","IT",43,"C19-C20",20.11,38.2070499,15.2579769,"ITG13","ITG1",500243,246915
"IT_202234","IT",28,"C24",25.5,45.48701,10.05385,"ITC47","ITC4",14695,12599
"IT_202223","IT",25,"C24",24.1,46.001678,10.338314,"ITC47","ITC4",15280,14681
"IT_202222","IT",25,"C24",24.1,46.0479645,10.3463169,"ITC47","ITC4",3423,5501
"IT_202257","IT",32,"C23",23.31,44.5567457,10.8001085,"ITH54","ITH5",0,0
"IT_202087","IT",43,"C19-C20",20.11,38.1382588,15.5226748,"ITG13","ITG1",142678,98021
"IT_202205","IT",32,"C23",23.32,41.055028,14.6572639,"ITF32","ITF3",0,0
"IT_202199","IT",32,"C23",23.32,41.5054806,15.3385282,"ITF46","ITF4",0,0
"IT_202198","IT",25,"C24",24.1,45.7850511,9.3147727,"ITC43","ITC4",19058,16423
"IT_202209","IT",32,"C23",23.32,41.0261792,14.6628607,"ITF34","ITF3",0,0
"IT_202162","IT",32,"C23",23.31,44.5386881,10.8297972,"ITH54","ITH5",66135,47634
"IT_202160","IT",32,"C23",23.31,44.5718858,10.7964442,"ITH54","ITH5",34684,30490
"IT_202161","IT",32,"C23",23.31,44.7691345,11.0688613,"ITH54","ITH5",0,0
"IT_202135","IT",32,"C23",23.31,44.541121,10.6546522,"ITH53","ITH5",0,0
"IT_202133","IT",32,"C23",23.31,44.5840927,10.6622173,"ITH53","ITH5",50653,41477
"IT_202117","IT",25,"C24",25.5,45.79706,11.37789,"ITH32","ITH3",30498,10385
"IT_202111","IT",27,"C24",24.42,45.6972326,10.3392451,"ITC47","ITC4",44840,40131
"IT_202109","IT",32,"C23",23.31,44.5109068,10.7315793,"ITH53","ITH5",34947,35553
"IT_202108","IT",26,"C24",24.42,39.2063711,8.4047163,"ITG2H","ITG2",0,0
"IT_202105","IT",25,"C24",25.5,45.677503,9.408161,"ITC43","ITC4",48386,36849
"IT_202103","IT",32,"C23",23.31,44.5521655,10.8094853,"ITH54","ITH5",0,0
"IT_202075","IT",32,"C23",23.31,44.5285167,10.8769528,"ITH54","ITH5",0,0
"IT_202078","IT",32,"C23",23.31,44.5402469,10.8623615,"ITH54","ITH5",50002,25704
"IT_202046","IT",25,"C24",25.5,45.53526,9.07482,"ITC4C","ITC4",15112,14162
"IT_202037","IT",32,"C23",23.31,44.5353604,10.8489057,"ITH54","ITH5",55525,49967
"IT_202041","IT",32,"C23",23.32,39.4622849,16.2020319,"ITF61","ITF6",0,0
"IT_202031","IT",32,"C23",23.32,38.2594678,16.2221115,"ITF65","ITF6",3522,4192
"IT_202053","IT",32,"C23",23.31,44.5276631,10.9260237,"ITH54","ITH5",39808,25345
"IT_202024","IT",32,"C23",23.41,44.2946819,11.6319433,"ITH55","ITH5",0,0
"IT_202023","IT",32,"C23",23.41,44.2840086,11.5961876,"ITH55","ITH5",50193,29140
"IT_202022","IT",32,"C23",23.41,44.3781881,11.7094982,"ITH55","ITH5",43411,29457
"IT_202026","IT",32,"C23",23.41,44.3242705,11.8982648,"ITH57","ITH5",44392,23993
"IT_201945","IT",32,"C23",23.31,44.7903603,11.3711547,"ITH56","ITH5",32927,20225
"IT_201931","IT",32,"C23",23.32,44.35788,12.06518,"ITH57","ITH5",0,0
"IT_201974","IT",32,"C23",23.31,44.6404357,10.772039,"ITH53","ITH5",0,0
"IT_201926","IT",32,"C23",23.31,44.4795747,10.683549,"ITH53","ITH5",22399,20167
"IT_201764","IT",32,"C23",23.31,44.5677469,10.8017585,"ITH54","ITH5",26936,17892
"IT_201759","IT",32,"C23",23.31,44.5378325,10.834996,"ITH54","ITH5",0,0
"IT_201769","IT",32,"C23",23.32,45.0713633,10.3747463,"ITC4A","ITC4",0,0
"IT_201688","IT",32,"C23",23.32,45.223894,10.2535816,"ITC4A","ITC4",0,0
"IT_201680","IT",32,"C23",23.32,43.344702,11.9187902,"ITI18","ITI1",0,0
"IT_201666","IT",32,"C23",23.32,41.5054806,15.3385282,"ITF46","ITF4",0,0
"IT_319","IT",35,"C16-C18",17.11,44.5977267,10.4096447,"ITH53","ITH5",24309,14764
"IT_1211","IT",31,"C23",23.13,43.8131776,11.2319683,"ITI14","ITI1",0,0
"IT_525","IT",24,"C24",24.1,40.6360099,15.8244481,"ITF51","ITF5",49240,37614
"IT_296","IT",24,"C24",24.1,46.2327405,13.0760425,"ITH42","ITH4",176710,140334
"IT_362","IT",21,"C19-C20",19.2,43.6385224,13.3803903,"ITI32","ITI3",435468,383535
"IT_368","IT",36,"C16-C18",17.12,43.8262507,10.6370366,"ITI12","ITI1",0,0
"IT_260","IT",30,"C23",23.52,45.79718,12.25874,"ITH34","ITH3",72084,69499
"IT_569","IT",32,"C23",23.2,39.2324878,8.9939565,"ITG2F","ITG2",176,2379
"IT_174","IT",24,"C24",24.1,45.4924052,10.2186049,"ITC47","ITC4",39500,39533
"IT_607","IT",31,"C23",23.13,40.8601082,14.4779555,"ITF33","ITF3",23539,17394
"IT_38","IT",32,"C23",23.2,45.6087378,8.3250033,"ITC12","ITC1",1228,1693
"IT_756","IT",31,"C23",23.14,45.5189738,9.640096,"ITC46","ITC4",0,0
"IT_859","IT",36,"C16-C18",17.12,45.4210258,10.9864075,"ITH31","ITH3",45611,17573
"IT_212","IT",36,"C16-C18",17.12,45.9098196,10.83806,"ITH20","ITH2",30106,13143
"IT_207","IT",36,"C16-C18",17.12,45.9020572,10.8788719,"ITH20","ITH2",45338,33549
"IT_361","IT",36,"C16-C18",17.12,43.324083,12.892052,"ITI32","ITI3",95,9781
"IT_412","IT",31,"C23",23.11,43.706376,10.3861554,"ITI17","ITI1",100769,89015
"IT_366","IT",36,"C16-C18",17.12,43.1810562,12.9741924,"ITI33","ITI3",12865,8991
"IT_377","IT",36,"C16-C18",17.12,43.892485,10.563237,"ITI12","ITI1",0,0
"IT_365","IT",29,"C23",23.51,43.203874,13.0948677,"ITI33","ITI3",0,0
"IT_479","IT",29,"C23",23.51,42.4579393,13.2542276,"ITF11","ITF1",173950,153667
"IT_718","IT",24,"C24",24.51,43.813663,12.9877705,"ITI31","ITI3",0,0
"IT_484","IT",29,"C23",23.51,42.4504066,14.1913891,"ITF13","ITF1",0,0
"IT_864","IT",29,"C23",23.51,45.7155403,10.0475688,"ITC46","ITC4",195292,151324
"IT_600","IT",36,"C16-C18",17.12,43.81927,10.55836,"ITI12","ITI1",5559,2649
"IT_604","IT",36,"C16-C18",17.12,44.1788882,10.1146675,"ITI11","ITI1",17494,8133
"IT_266","IT",31,"C23",23.14,45.540093,12.2909037,"ITH35","ITH3",0,0
"IT_37","IT",21,"C19-C20",19.2,37.2220076,15.1705457,"ITG19","ITG1",2034384,1117467
"IT_451","IT",36,"C16-C18",17.12,41.6962706,13.631797,"ITI45","ITI4",0,0
"IT_804","IT",32,"C23",23.32,43.6240747,11.5099438,"ITI18","ITI1",0,0
"IT_235","IT",24,"C24",24.1,45.42958,10.9979,"ITH31","ITH3",79859,77581
"IT_883","IT",36,"C16-C18",17.12,46.4814247,12.863037,"ITH42","ITH4",28285,22303
"IT_750","IT",36,"C16-C18",17.12,46.0866925,12.0450461,"ITH33","ITH3",63294,58917
"IT_458","IT",36,"C16-C18",17.12,41.4961967,13.7480916,"ITI45","ITI4",38277,48878
"IT_512","IT",21,"C19-C20",19.2,39.5437352,16.8543451,"ITF61","ITF6",662920,668706
"IT_403","IT",21,"C19-C20",19.2,43.5827418,10.3435837,"ITI16","ITI1",281522,275395
"IT_268","IT",21,"C19-C20",19.2,45.4642535,12.2669326,"ITH35","ITH3",295890,120692
"IT_180","IT",21,"C19-C20",19.2,45.1039513,8.9006556,"ITC48","ITC4",1627808,1076015
"IT_1161","IT",42,"C19-C20",20.17,44.8594441,11.5954038,"ITH56","ITH5",28762,64292
"IT_565","IT",42,"C19-C20",20.14,40.8332779,8.3792116,"ITG2D","ITG2",15174,9885
"IT_571","IT",42,"C19-C20",20.14,39.2183958,9.0862474,"ITG2F","ITG2",0,0
"IT_560","IT",42,"C19-C20",20.14,37.1551993,15.1913663,"ITG19","ITG1",799942,731860
"IT_554","IT",42,"C19-C20",20.16,36.9155463,14.727381,"ITG18","ITG1",19685,13423
"IT_520","IT",42,"C19-C20",20.14,40.6304046,17.9567946,"ITF44","ITF4",391612,380065
"IT_356","IT",42,"C19-C20",20.17,44.4431986,12.2315129,"ITH57","ITH5",32930,171837
"IT_195","IT",42,"C19-C20",20.14,45.1456806,10.8325678,"ITC4B","ITC4",115689,317039
"IT_271","IT",42,"C19-C20",20.14,45.4487715,12.2300692,"ITH35","ITH3",58659,317364
"IT_682","IT",36,"C16-C18",17.12,41.5069836,12.981713,"ITI44","ITI4",9030,5202
"IT_369","IT",36,"C16-C18",17.12,43.8180909,10.6916635,"ITI12","ITI1",0,0
"IT_579","IT",31,"C23",23.19,45.9451016,12.8769741,"ITH41","ITH4",13619,12367
"IT_373","IT",35,"C16-C18",17.12,43.9784081,10.5430409,"ITI12","ITI1",34781,27561
"IT_741","IT",30,"C23",23.52,40.8366588,17.3609347,"ITF44","ITF4",0,20744
"IT_740","IT",30,"C23",23.52,40.2340184,18.1652754,"ITF45","ITF4",11,40224
"IT_1228","IT",31,"C23",23.11,45.7709754,13.2310984,"ITH42","ITH4",103879,89402
"IT_612","IT",36,"C16-C18",17.12,40.6439072,14.8347683,"ITF35","ITF3",0,0
"IT_1140","IT",24,"C24",24.1,45.3428559,11.0443302,"ITH31","ITH3",0,0
"IT_852","IT",30,"C23",23.52,45.6365237,11.7549832,"ITH36","ITH3",0,0
"IT_249","IT",24,"C24",24.1,45.5222816,11.4954183,"ITH32","ITH3",103128,84188
"IT_1221","IT",42,"C19-C20",21.2,45.627895,9.049239,"ITC41","ITC4",18792,5443
"IT_1218","IT",36,"C16-C18",17.12,43.9076396,10.648626,"ITI12","ITI1",9260,4425
"IT_17","IT",24,"C24",24.1,45.1299595,7.2093462,"ITC11","ITC1",8974,8934
"IT_80","IT",21,"C19-C20",19.2,44.4592396,12.2339326,"ITH57","ITH5",27363,14119
"IT_1176","IT",36,"C16-C18",17.22,41.2865669,14.1812771,"ITF31","ITF3",0,0
"IT_601","IT",36,"C16-C18",17.12,45.2053397,7.5916238,"ITC11","ITC1",24183,21276
"IT_872","IT",31,"C23",23.11,41.8287249,15.7745484,"ITF46","ITF4",0,0
"IT_375","IT",36,"C16-C18",17.12,43.981401,10.5501935,"ITI12","ITI1",0,0
"IT_385","IT",36,"C16-C18",17.12,43.8193744,10.6079552,"ITI12","ITI1",49478,32543
"IT_408","IT",25,"C24",24.1,42.9300871,10.5317648,"ITI16","ITI1",37250,28848
"IT_306","IT",25,"C24",24.1,45.62741,13.7833122,"ITH44","ITH4",10419,9810
"IT_145","IT",24,"C24",24.2,45.6446067,9.6050201,"ITC46","ITC4",402510,149394
"IT_146","IT",24,"C24",24.1,45.8054539,10.0674553,"ITC46","ITC4",74220,51898
"IT_381","IT",36,"C16-C18",17.12,43.9974511,10.428412,"ITI12","ITI1",0,0
"IT_374","IT",36,"C16-C18",17.12,43.9768418,10.5443302,"ITI12","ITI1",0,0
"IT_115","IT",31,"C23",23.13,45.4291068,9.0925312,"ITC4C","ITC4",81333,51467
"IT_712","IT",36,"C16-C18",17.12,41.679708,13.562268,"ITI45","ITI4",0,0
"IT_94","IT",29,"C23",23.51,45.8861697,8.6673761,"ITC41","ITC4",494523,400598
"IT_583","IT",29,"C23",23.51,41.4398655,14.0638371,"ITF21","ITF2",689345,584351
"IT_821","IT",36,"C16-C18",17.12,44.6185297,10.3007481,"ITH52","ITH5",0,0
"IT_553","IT",29,"C23",23.51,36.9121839,14.7288853,"ITG18","ITG1",281353,274441
"IT_522","IT",29,"C23",23.51,40.1739595,18.18328,"ITF45","ITF4",192643,357234
"IT_427","IT",29,"C23",23.51,43.2675603,12.6163864,"ITI21","ITI2",336074,316863
"IT_415","IT",29,"C23",23.51,43.6603635,11.8371438,"ITI18","ITI1",402310,350787
"IT_1090","IT",36,"C16-C18",17.12,45.8008318,11.3524371,"ITH32","ITH3",0,0
"IT_73","IT",24,"C24",24.1,45.7336969,7.3226381,"ITC20","ITC2",87962,67413
"IT_1073","IT",25,"C24",24.1,44.4643827,12.2459164,"ITH57","ITH5",247153,113168
"IT_1065","IT",35,"C16-C18",17.12,43.8104336,10.517088,"ITI12","ITI1",7216,4991
"IT_90","IT",42,"C19-C20",20.59,45.7274447,8.8065296,"ITC41","ITC4",687,564
"IT_1028","IT",36,"C16-C18",17.12,41.7224733,13.1821906,"ITI45","ITI4",16168,17691
"IT_1030","IT",30,"C23",23.52,39.318408,8.6483399,"ITG2H","ITG2",0,0
"IT_53","IT",31,"C23",23.11,44.3853033,7.5882551,"ITC16","ITC1",102924,76965
"IT_411","IT",31,"C23",23.19,43.7247375,10.3846636,"ITI17","ITI1",26542,18508
"IT_618","IT",36,"C16-C18",17.12,42.2981143,14.0315289,"ITF13","ITF1",0,0
"IT_998","IT",30,"C23",23.52,41.0091658,14.2906613,"ITF31","ITF3",0,0
"IT_57","IT",35,"C16-C18",17.22,45.6152608,8.4033412,"ITC15","ITC1",83717,24492
"IT_578","IT",29,"C23",23.51,46.1754606,12.7407188,"ITH41","ITH4",423066,359447
"IT_984","IT",36,"C16-C18",17.12,45.4044428,10.3874613,"ITC47","ITC4",30414,14472
"IT_964","IT",24,"C24",24.1,45.3422723,11.0694537,"ITH31","ITH3",77732,59063
"IT_279","IT",29,"C23",23.51,45.2373173,11.6482017,"ITH36","ITH3",0,0
"IT_372","IT",35,"C16-C18",17.12,44.040062,10.493653,"ITI12","ITI1",75822,47885
"IT_1002","IT",29,"C23",23.51,41.9444427,12.4697214,"ITI43","ITI4",0,0
"IT_514","IT",29,"C23",23.51,40.4867088,17.2074032,"ITF43","ITF4",0,0
"IT_459","IT",29,"C23",23.51,41.0647685,14.3688594,"ITF31","ITF3",0,0
"IT_599","IT",36,"C16-C18",17.12,43.8255989,10.5728673,"ITI12","ITI1",75113,31634
"IT_960","IT",36,"C16-C18",17.12,43.9914007,10.7420746,"ITI13","ITI1",0,0
"IT_166","IT",36,"C16-C18",17.12,45.601241,10.2163194,"ITC47","ITC4",0,0
"IT_392","IT",35,"C16-C18",17.12,43.9232613,10.6495611,"ITI12","ITI1",12005,7881
"IT_155","IT",24,"C24",24.1,45.4254313,10.1785781,"ITC47","ITC4",18337,12598
"IT_448","IT",30,"C23",23.52,42.2612441,12.7484839,"ITI42","ITI4",27909,26050
"IT_738","IT",24,"C24",24.1,45.5571304,9.8330178,"ITC46","ITC4",0,0
"IT_703","IT",36,"C16-C18",17.12,44.912859,12.2316407,"ITH56","ITH5",35057,21145
"IT_702","IT",36,"C16-C18",17.12,46.4017655,13.1878026,"ITH42","ITH4",30966,23743
"IT_574","IT",29,"C23",23.51,39.4834513,9.0345271,"ITG2H","ITG2",129774,180223
"IT_527","IT",29,"C23",23.51,39.8133282,16.2395105,"ITF61","ITF6",0,0
"IT_421","IT",31,"C23",23.13,43.4635398,11.155701,"ITI19","ITI1",9731,8963
"IT_63","IT",29,"C23",23.51,44.3049882,7.5044203,"ITC16","ITC1",700973,737302
"IT_581","IT",29,"C23",23.51,46.1864587,12.8767632,"ITH41","ITH4",0,0
"IT_567","IT",29,"C23",23.51,40.5442589,9.6717262,"ITG2E","ITG2",149276,114267
"IT_526","IT",29,"C23",23.51,40.6477228,16.5918861,"ITF52","ITF5",390621,439302
"IT_555","IT",29,"C23",23.51,37.2279244,15.2212488,"ITG19","ITG1",395619,384627
"IT_506","IT",29,"C23",23.51,41.3141801,16.289314,"ITF48","ITF4",326745,278277
"IT_442","IT",29,"C23",23.51,42.0018931,12.7153317,"ITI43","ITI4",383770,455532
"IT_254","IT",29,"C23",23.51,46.1797634,12.2836011,"ITH33","ITH3",0,0
"IT_315","IT",29,"C23",23.51,44.7858863,9.8060988,"ITH51","ITH5",488155,457950
"IT_815","IT",25,"C24",24.52,41.1050162,16.8147558,"ITF47","ITF4",0,0
"IT_297","IT",24,"C24",24.1,46.0106312,13.2622654,"ITH42","ITH4",259007,178959
"IT_169","IT",24,"C24",24.1,45.64341,10.38318,"ITC47","ITC4",0,0
"IT_635","IT",31,"C23",23.13,44.3503275,8.2970826,"ITC32","ITC3",32833,32781
"IT_316","IT",31,"C23",23.13,44.8640802,10.0698443,"ITH52","ITH5",48292,43461
"IT_286","IT",31,"C23",23.13,45.059405,11.2509841,"ITH37","ITH3",51168,42210
"IT_129","IT",31,"C23",23.13,45.4185903,9.0783075,"ITC4C","ITC4",21988,33570
"IT_1055","IT",31,"C23",23.13,45.3980985,8.9508259,"ITC4C","ITC4",18720,14212
"IT_440","IT",29,"C23",23.51,41.737747,13.0052408,"ITI43","ITI4",326434,304654
"IT_678","IT",31,"C23",23.13,44.8171066,10.3242055,"ITH52","ITH5",29236,25564
"IT_677","IT",36,"C16-C18",17.12,45.8239731,9.2288169,"ITC42","ITC4",0,0
"IT_346","IT",25,"C24",28.29,44.8909578,11.8181176,"ITH56","ITH5",0,0
"IT_208","IT",24,"C24",24.1,46.0494622,11.443873,"ITH20","ITH2",0,0
"IT_812","IT",31,"C23",23.13,42.6116752,12.547853,"ITI22","ITI2",23509,16020
"IT_209","IT",29,"C23",23.51,46.0380332,10.9620822,"ITH20","ITH2",0,0
"IT_383","IT",36,"C16-C18",17.12,43.8688259,10.5329283,"ITI12","ITI1",58809,39314
"IT_667","IT",31,"C23",23.13,44.9163378,8.2721162,"ITC17","ITC1",59079,42162
"IT_606","IT",31,"C23",23.13,46.2076631,11.1203005,"ITH20","ITH2",22937,18363
"IT_532","IT",31,"C23",23.13,37.7778147,12.4875165,"ITG11","ITG1",23000,15184
"IT_576","IT",31,"C23",23.13,45.8657202,12.7641575,"ITH41","ITH4",36717,37786
"IT_504","IT",31,"C23",23.13,41.0973255,16.8050437,"ITF47","ITF4",37721,25893
"IT_432","IT",36,"C16-C18",17.12,42.8657999,12.7358901,"ITI21","ITI2",10391,11185
"IT_445","IT",31,"C23",23.13,41.5553993,12.6329241,"ITI44","ITI4",65452,37137
"IT_831","IT",36,"C16-C18",17.12,44.879826,7.3231348,"ITC11","ITC1",0,0
"IT_103","IT",31,"C23",23.13,45.5981294,9.0062715,"ITC41","ITC4",45460,38184
"IT_259","IT",31,"C23",23.13,45.8723532,12.2550314,"ITH34","ITH3",77593,54744
"IT_187","IT",24,"C24",24.1,45.1477697,9.9497445,"ITC4A","ITC4",434844,352308
"IT_173","IT",29,"C23",23.51,45.5149142,10.3440164,"ITC47","ITC4",808186,773702
"IT_139","IT",29,"C23",23.51,45.6866082,9.4684059,"ITC46","ITC4",722839,704088
"IT_285","IT",36,"C16-C18",17.21,45.03918,12.14654,"ITH37","ITH3",79254,44626
"IT_290","IT",36,"C16-C18",17.21,45.0612087,12.1921154,"ITH37","ITH3",15189,16732
"IT_277","IT",36,"C16-C18",17.21,45.6241574,11.721221,"ITH36","ITH3",25252,10227
"IT_657","IT",36,"C16-C18",17.12,45.8366723,9.348123,"ITC43","ITC4",0,0
"IT_213","IT",36,"C16-C18",17.12,45.8839603,10.8515197,"ITH20","ITH2",12820,98005
"IT_239","IT",36,"C16-C18",17.12,45.5354003,11.2987255,"ITH32","ITH3",14606,11672
"IT_802","IT",31,"C23",23.13,40.8862932,17.1643582,"ITF47","ITF4",62961,41804
"IT_478","IT",36,"C16-C18",17.12,42.0281396,13.4255637,"ITF11","ITF1",0,0
"IT_880","IT",31,"C23",23.13,45.0104144,9.4447265,"ITH51","ITH5",20893,29253
"IT_457","IT",36,"C16-C18",17.12,41.6989226,13.5823766,"ITI45","ITI4",86814,81425
"IT_302","IT",36,"C16-C18",17.12,45.7897173,13.5839449,"ITH44","ITH4",25402,53181
"IT_602","IT",36,"C16-C18",17.12,44.0338117,10.4947391,"ITI12","ITI1",27730,24546
"IT_84","IT",30,"C23",23.52,44.44068,8.85514,"ITC33","ITC3",0,0
"IT_298","IT",36,"C16-C18",17.12,46.3952,13.01538,"ITH42","ITH4",108189,63959
"IT_255","IT",36,"C16-C18",17.12,45.6894397,12.321296,"ITH34","ITH3",15797,11380
"IT_598","IT",36,"C16-C18",17.12,43.9993009,10.5522504,"ITI12","ITI1",14891,13251
"IT_240","IT",36,"C16-C18",17.12,45.7424205,11.5223739,"ITH32","ITH3",12150,13639
"IT_909","IT",30,"C23",23.52,45.8210555,9.595914,"ITC46","ITC4",231572,181208
"IT_908","IT",30,"C23",23.52,45.8398686,9.4130829,"ITC43","ITC4",116462,126733
"IT_907","IT",30,"C23",23.52,45.7771437,9.6122032,"ITC46","ITC4",48286,46411
"IT_651","IT",31,"C23",23.19,43.5620887,11.53948,"ITI18","ITI1",0,0
"IT_198","IT",36,"C16-C18",17.12,45.17763,10.7984,"ITC4B","ITC4",0,0
"IT_829","IT",36,"C16-C18",17.12,43.941361,10.6500978,"ITI12","ITI1",0,0
"IT_906","IT",30,"C23",23.52,45.7852793,9.6323146,"ITC46","ITC4",0,0
"IT_48","IT",30,"C23",23.52,44.389903,7.4276446,"ITC16","ITC1",110431,95553
"IT_310","IT",29,"C23",23.51,45.0473955,9.7192262,"ITH51","ITH5",330208,346942
"IT_258","IT",29,"C23",23.51,45.8795987,11.9642379,"ITH34","ITH3",332973,287339
"IT_699","IT",35,"C16-C18",17.12,44.4648923,8.7047231,"ITC33","ITC3",5516,5962
"IT_222","IT",29,"C23",23.51,45.5534766,10.889717,"ITH31","ITH3",0,0
"IT_698","IT",35,"C16-C18",17.12,43.9303475,10.9078587,"ITI13","ITI1",0,0
"IT_293","IT",36,"C16-C18",17.12,46.0345398,13.2162764,"ITH42","ITH4",0,0
"IT_515","IT",24,"C24",24.1,40.4919978,17.2147064,"ITF43","ITF4",4351958,6372829
"IT_39","IT",36,"C16-C18",17.12,45.7089185,8.2428655,"ITC12","ITC1",0,0
"IT_382","IT",36,"C16-C18",17.12,43.854217,10.5087572,"ITI12","ITI1",18501,11820
"IT_196","IT",21,"C19-C20",19.2,45.1496865,10.8252511,"ITC4B","ITC4",0,0
"IT_390","IT",36,"C16-C18",17.12,43.9315455,10.6481746,"ITI12","ITI1",0,0
"IT_611","IT",36,"C16-C18",17.12,44.3149376,7.4689766,"ITC16","ITC1",0,0
"IT_904","IT",36,"C16-C18",17.12,43.2097543,13.2891171,"ITI33","ITI3",27123,23949
"IT_18","IT",32,"C23",23.32,45.3230834,7.8313188,"ITC11","ITC1",0,0
"IT_379","IT",35,"C16-C18",17.12,43.8826378,10.5633617,"ITI12","ITI1",0,0
"IT_903","IT",36,"C16-C18",17.22,40.7112512,14.7034946,"ITF35","ITF3",0,0
"IT_866","IT",35,"C16-C18",17.21,42.4286295,14.1884946,"ITF14","ITF1",13675,12436
"IT_172","IT",24,"C24",24.1,45.5479263,10.087474,"ITC47","ITC4",6577,6290
"IT_97","IT",29,"C23",23.51,45.7819104,8.6816378,"ITC41","ITC4",475942,474207
"IT_104","IT",29,"C23",23.51,45.7833524,9.2432231,"ITC42","ITC4",0,0
"IT_435","IT",24,"C24",24.1,42.5629744,12.6692177,"ITI22","ITI2",306687,254691
"IT_694","IT",36,"C16-C18",17.12,43.8491166,10.6068776,"ITI12","ITI1",62156,30391
"IT_692","IT",35,"C16-C18",17.12,41.4964027,13.701446,"ITI45","ITI4",7601,9077
"IT_695","IT",36,"C16-C18",17.22,43.9784081,10.5430409,"ITI12","ITI1",71103,34863
"IT_603","IT",36,"C16-C18",17.12,45.6694527,8.8480939,"ITC41","ITC4",10091,10021
"IT_825","IT",36,"C16-C18",17.12,45.8823053,13.0581558,"ITH42","ITH4",0,0
"IT_282","IT",24,"C24",24.1,45.3798307,11.950047,"ITH36","ITH3",107235,95964
"IT_608","IT",36,"C16-C18",17.12,44.7507381,10.3493867,"ITH52","ITH5",0,0
"IT_300","IT",36,"C16-C18",17.22,45.7876281,13.5756341,"ITH43","ITH4",0,0
"IT_352","IT",36,"C16-C18",17.12,44.8604095,11.6014641,"ITH56","ITH5",22488,13494
"IT_210","IT",36,"C16-C18",17.12,45.87832,10.59137,"ITH20","ITH2",37892,15892
"IT_688","IT",36,"C16-C18",17.12,45.5584083,11.9293358,"ITH36","ITH3",48845,21038
"IT_226","IT",36,"C16-C18",17.12,45.3832379,11.0041987,"ITH31","ITH3",0,0
"IT_278","IT",36,"C16-C18",17.12,45.632265,11.7114304,"ITH36","ITH3",4574,22499
"IT_687","IT",36,"C16-C18",17.12,45.8028109,9.4172521,"ITC43","ITC4",32586,28512
"IT_329","IT",30,"C23",23.52,44.4522962,11.0020083,"ITH54","ITH5",0,0
"IT_236","IT",36,"C16-C18",17.12,45.3741413,11.0692841,"ITH31","ITH3",27945,10821
"IT_686","IT",36,"C16-C18",17.21,45.6576305,10.8941013,"ITH31","ITH3",0,0
"IT_12","IT",36,"C16-C18",17.12,45.2542871,7.5352263,"ITC11","ITC1",134240,69837
"IT_760","IT",36,"C16-C18",17.12,43.7862304,11.7216404,"ITI18","ITI1",8864,4923
"IT_685","IT",36,"C16-C18",17.12,40.655489,14.6422489,"ITF35","ITF3",0,0
"IT_724","IT",24,"C24",24.1,44.6268489,10.7790846,"ITH53","ITH5",23866,17508
"IT_684","IT",35,"C16-C18",17.12,43.9549366,10.718181,"ITI13","ITI1",12518,9340
"IT_723","IT",24,"C24",24.1,45.646106,8.934852,"ITC41","ITC4",14255,11532
"IT_21","IT",32,"C23",23.32,44.9610759,7.7807133,"ITC11","ITC1",0,0
"IT_492","IT",31,"C23",23.11,42.0222572,14.6864638,"ITF14","ITF1",89944,56548
"IT_867","IT",24,"C24",24.1,45.4626439,10.4576,"ITC47","ITC4",85815,82430
"IT_371","IT",36,"C16-C18",17.12,44.0182122,10.5430327,"ITI12","ITI1",0,0
"IT_170","IT",24,"C24",24.1,45.6429204,10.3823861,"ITC47","ITC4",46946,40219
"IE_207697","IE",32,"C23",23.32,53.9058388,-6.7817898,"IE062","IE06",4054,3140
"IE_36","IE",30,"C23",8.99,53.717856,-6.3560985,"IE062","IE06",0,73920
"IE_72","IE",29,"C23",23.51,54.1292686,-7.5755174,"IE041","IE04",609556,652465
"IE_48","IE",29,"C23",23.51,53.434056,-7.14335,"IE062","IE06",386662,371964
"IE_34","IE",29,"C23",23.51,53.6840502,-6.3878095,"IE062","IE06",989010,902727
"IE_2","IE",34,"C23",23.52,53.9068739,-6.8052229,"IE041","IE04",30890,10439
"HU_221664","HU",27,"C24",NA,47.1939318,18.473964,"HU211","HU21",0,0
"HU_217042","HU",33,"C23",NA,48.0825659,20.8840362,"HU311","HU31",15538,7455
"HU_214160","HU",36,"C16-C18",NA,47.3458427,19.1179796,"HU120","HU12",22212,8787
"HU_214120","HU",35,"C16-C18",NA,47.7603566,18.5803855,"HU212","HU21",10172,1721
"HU_210522","HU",32,"C23",NA,46.6620822,21.0896817,"HU332","HU33",2289,11962
"HU_209905","HU",42,"C19-C20",NA,48.248534,20.647853,"HU311","HU31",4225,2798
"HU_209202","HU",32,"C23",NA,47.6786234,19.2510712,"HU120","HU12",0,0
"HU_205815","HU",43,"C19-C20",20.11,48.248534,20.647853,"HU311","HU31",181572,7773
"HU_213","HU",32,"C23",23.32,47.383496,16.5570159,"HU222","HU22",2957,3276
"HU_139","HU",32,"C23",23.32,48.020088,20.819771,"HU311","HU31",0,3311
"HU_50","HU",23,"C24",7.1,46.9501484,18.9466703,"HU211","HU21",73726,111811
"HU_47","HU",29,"C23",23.51,47.7916958,19.1161959,"HU120","HU12",341718,380419
"HU_1004","HU",36,"C16-C18",17.12,47.1428504,20.1318264,"HU322","HU32",9419,5470
"HU_941","HU",29,"C23",23.51,45.9934386,17.97654,"HU231","HU23",249315,467983
"HU_261","HU",33,"C23",23.99,46.8824045,17.4181162,"HU213","HU21",25832,21986
"HU_257","HU",36,"C16-C18",17.12,46.9271538,18.9365027,"HU211","HU21",253255,154573
"HU_248","HU",37,"C19-C20",20.13,47.9159846,21.0427447,"HU311","HU31",194194,157065
"HU_246","HU",36,"C16-C18",17.12,46.9271538,18.9365027,"HU211","HU21",4531,29346
"HU_249","HU",32,"C23",24.42,47.2008492,18.2106606,"HU213","HU21",7499,9013
"HU_228","HU",32,"C23",23.31,46.6725372,16.8025655,"HU223","HU22",7762,12676
"HU_227","HU",32,"C23",23.31,47.9209769,19.2636364,"HU313","HU31",12617,8970
"HU_199","HU",32,"C23",23.32,46.6620822,21.0896817,"HU332","HU33",18326,14206
"HU_196","HU",32,"C23",23.32,47.6100965,17.2374575,"HU221","HU22",4055,4154
"HU_197","HU",32,"C23",23.32,46.6589903,21.0678703,"HU332","HU33",0,0
"HU_194","HU",42,"C19-C20",20.14,47.338278,19.040578,"HU120","HU12",879810,822594
"HU_168","HU",32,"C23",23.2,47.4882423,19.1653193,"HU110","HU11",4743,4279
"HU_189","HU",32,"C23",23.32,47.2879797,17.5124941,"HU213","HU21",1097,932
"HU_187","HU",32,"C23",35,46.6400413,20.275619,"HU333","HU33",0,0
"HU_159","HU",32,"C23",35,46.3315858,18.5312289,"HU233","HU23",0,0
"HU_155","HU",24,"C24",24.1,48.2392377,20.3303223,"HU311","HU31",30781,30073
"HU_153","HU",41,"C19-C20",20.15,47.1646307,18.1304789,"HU213","HU21",713347,672879
"HU_110","HU",31,"C23",23.19,47.624676,19.1315711,"HU120","HU12",4350,3010
"HU_108","HU",32,"C23",23.32,47.0996949,17.432598,"HU213","HU21",16730,29872
"HU_107","HU",32,"C23",23.32,47.9457456,20.076671,"HU312","HU31",25225,21508
"HU_93","HU",32,"C23",23.2,46.410162,20.37115,"HU333","HU33",4981,4230
"HU_95","HU",30,"C23",23.52,48.0678439,20.7927317,"HU311","HU31",0,0
"HU_85","HU",29,"C23",23.51,47.7504356,18.4982028,"HU212","HU21",0,0
"HU_39","HU",24,"C24",24.1,48.0947783,20.7311725,"HU311","HU31",0,0
"HU_60","HU",31,"C23",23.13,46.575898,20.685511,"HU332","HU33",60971,30684
"HU_52","HU",24,"C24",24.1,46.9501484,18.9466703,"HU211","HU21",194933,716892
"HU_51","HU",25,"C24",24.51,46.9501484,18.9466703,"HU211","HU21",26149,82977
"HU_49","HU",22,"C19-C20",19.1,46.9501484,18.9466703,"HU211","HU21",82221,138319
"HU_46","HU",36,"C16-C18",17.11,46.9271538,18.9365027,"HU211","HU21",6415,29735
"HU_48","HU",29,"C23",23.51,45.7877528,18.4322322,"HU231","HU23",222670,400310
"HU_35","HU",30,"C23",23.52,45.7877528,18.4322322,"HU231","HU23",768,40188
"HU_34","HU",30,"C23",23.52,47.7504356,18.4982028,"HU212","HU21",90927,68400
"HU_6","HU",27,"C24",24.42,47.1903179,18.4636758,"HU211","HU21",56205,46552
"GR_216502","EL",34,"C23",NA,38.8036591,21.1744058,"EL631","EL63",21352,5361
"GR_213820","EL",30,"C23",NA,40.7251622,21.7473433,"EL533","EL53",12399,29260
"GR_203073","EL",30,"C23",8.99,40.2861415,23.390846,"EL527","EL52",0,0
"GR_205542","EL",36,"C16-C18",17.12,40.26291,22.5414037,"EL525","EL52",21210,11587
"GR_204843","EL",27,"C24",24.42,38.019349,23.7238432,"EL303","EL30",123750,89938
"GR_204153","EL",28,"C24",20.13,40.6899086,22.8079274,"EL522","EL52",18338,19299
"GR_10","EL",32,"C23",23.32,40.2587728,23.3363499,"EL527","EL52",0,0
"GR_90","EL",25,"C24",24.1,38.5658197,23.284911,"EL644","EL64",3,271175
"GR_91","EL",24,"C24",24.1,38.0431833,23.5842894,"EL306","EL30",0,0
"GR_88","EL",21,"C19-C20",19.2,37.9406548,22.9472987,"EL652","EL65",2047197,1456543
"GR_87","EL",21,"C19-C20",19.2,39.5811717,22.4806116,"EL612","EL61",310474,231001
"GR_7","EL",32,"C23",23.32,41.1279534,25.2344562,"EL513","EL51",0,0
"GR_86","EL",21,"C19-C20",19.2,38.0431833,23.5842894,"EL306","EL30",1519838,914445
"GR_81","EL",25,"C24",24.1,39.3817929,22.8540473,"EL613","EL61",24693,20789
"GR_4","EL",32,"C23",23.32,37.0685255,22.06369,"EL653","EL65",0,0
"GR_3","EL",32,"C23",23.32,35.322117,25.1794788,"EL431","EL43",0,6893
"GR_179","EL",32,"C23",23.32,40.841536,22.9208045,"EL523","EL52",40891,50704
"GR_180","EL",30,"C23",23.52,39.3702397,22.7771389,"EL613","EL61",19053,14794
"GR_161","EL",30,"C23",23.52,40.8521661,22.2784649,"EL524","EL52",42228,35409
"GR_160","EL",32,"C23",23.32,40.843329,25.8741712,"EL511","EL51",0,0
"GR_162","EL",32,"C23",23.32,38.1381929,21.6304462,"EL632","EL63",0,0
"GR_159","EL",30,"C23",23.52,40.7251622,21.7473433,"EL533","EL53",0,0
"GR_166","EL",32,"C23",23.32,38.4251725,23.6720959,"EL642","EL64",0,0
"GR_147","EL",36,"C16-C18",17.12,38.141707,23.8586886,"EL305","EL30",0,0
"GR_5","EL",32,"C23",23.32,38.4251725,23.6720959,"EL642","EL64",5817,4278
"GR_6","EL",32,"C23",23.32,38.019349,23.7238432,"EL303","EL30",19078,12254
"GR_11","EL",32,"C23",23.32,38.6109481,21.3769891,"EL631","EL63",0,0
"GR_113","EL",36,"C16-C18",17.12,40.9966627,22.8693375,"EL523","EL52",5627,7098
"GR_128","EL",32,"C23",23.32,38.4979735,23.4616174,"EL642","EL64",0,0
"GR_138","EL",32,"C23",23.32,38.3303237,21.7642046,"EL631","EL63",0,0
"GR_123","EL",32,"C23",23.32,40.6400629,22.9444191,"EL522","EL52",0,0
"GR_140","EL",32,"C23",23.32,40.6262751,22.7307827,"EL522","EL52",0,0
"GR_118","EL",32,"C23",23.32,39.5552914,21.7904856,"EL611","EL61",0,0
"GR_132","EL",32,"C23",23.32,38.1380245,21.5872834,"EL632","EL63",0,0
"GR_85","EL",30,"C23",23.52,39.5858492,21.9646217,"EL611","EL61",2348,7921
"GR_83","EL",30,"C23",23.52,38.0808879,23.6981642,"EL306","EL30",0,103
"GR_80","EL",30,"C23",23.52,39.3846548,22.8063825,"EL613","EL61",4502,2475
"GR_77","EL",30,"C23",23.52,41.1502273,24.1469489,"EL514","EL51",0,0
"GR_73","EL",30,"C23",23.52,38.0454805,23.6326406,"EL306","EL30",16072,15922
"GR_72","EL",30,"C23",23.52,40.6883975,22.9431571,"EL522","EL52",35157,23993
"GR_70","EL",30,"C23",23.52,35.3560973,24.2283608,"EL434","EL43",1297,1885
"GR_75","EL",30,"C23",23.52,38.0737425,23.7048175,"EL306","EL30",0,0
"GR_111","EL",36,"C16-C18",17.12,37.5124007,22.4118947,"EL651","EL65",0,0
"GR_66","EL",30,"C23",23.52,40.9434513,24.1773588,"EL515","EL51",0,0
"GR_110","EL",36,"C16-C18",17.22,38.2145681,21.7232465,"EL632","EL63",2483,965
"GR_68","EL",30,"C23",23.52,38.0817761,23.7092935,"EL306","EL30",1794,1767
"GR_57","EL",29,"C23",23.51,38.038611,23.5353334,"EL306","EL30",0,0
"GR_65","EL",30,"C23",23.52,38.0737425,23.7048175,"EL306","EL30",0,0
"GR_109","EL",36,"C16-C18",17.12,38.9485485,22.8400018,"EL644","EL64",15240,6113
"GR_52","EL",29,"C23",23.51,38.401232,24.0393392,"EL642","EL64",828792,861776
"GR_107","EL",36,"C16-C18",17.12,39.366214,22.926274,"EL613","EL61",0,0
"GR_49","EL",29,"C23",23.51,39.366584,22.9506769,"EL613","EL61",1064367,1106255
"GR_106","EL",36,"C16-C18",17.12,38.0661811,23.5994654,"EL306","EL30",0,0
"GR_92","EL",32,"C23",23.32,38.0234457,24.0059241,"EL305","EL30",0,0
"GR_108","EL",36,"C16-C18",17.12,40.7188056,22.6874045,"EL522","EL52",7563,20631
"DE_108","DE",29,"C23",23.51,51.6058633,8.3358524,"DEA5B","DEA5",550017,504271
"GR_63","EL",29,"C23",23.51,38.0431833,23.5842894,"EL306","EL30",187736,192380
"GR_47","EL",32,"C23",23.32,39.8949802,22.1890872,"EL612","EL61",0,0
"GR_42","EL",32,"C23",23.32,37.7967917,21.3507581,"EL633","EL63",9600,6983
"DE_224664","DE",34,"C23",NA,49.6712036,10.3220783,"DE268","DE26",0,0
"DE_224663","DE",34,"C23",NA,51.2104121,6.7111992,"DEA1D","DEA1",0,0
"DE_224662","DE",34,"C23",NA,49.5157486,10.2824675,"DE25A","DE25",0,0
"DE_224290","DE",34,"C23",NA,49.1793462,10.0791173,"DE11A","DE11",0,0
"DE_224665","DE",34,"C23",NA,49.6712036,10.3220783,"DE268","DE26",0,0
"DE_224286","DE",34,"C23",NA,51.4181522,14.5810002,"DED2D","DED2",0,0
"DE_222820","DE",25,"C24",NA,47.7946776,12.9491065,"DE215","DE21",0,0
"DE_222691","DE",42,"C19-C20",NA,51.6787945,7.0949199,"DEA36","DEA3",0,0
"DE_220935","DE",32,"C23",NA,48.5481118,12.5496164,"DE22C","DE22",6003,4376
"DE_219062","DE",42,"C19-C20",NA,53.09142,14.2287,"DE40I","DE40",0,0
"DE_218660","DE",36,"C16-C18",NA,50.68154,11.33235,"DEG0I","DEG0",2,90325
"DE_216602","DE",36,"C16-C18",NA,48.8246673,10.172062,"DE11D","DE11",12286,85887
"DE_216760","DE",43,"C19-C20",NA,48.0448915,11.5087231,"DE21H","DE21",71190,57451
"DE_216160","DE",42,"C19-C20",NA,51.4066593,8.5981115,"DEA57","DEA5",3040,1490
"DE_215660","DE",25,"C24",NA,50.9939086,13.6391137,"DED2F","DED2",17479,14336
"DE_213981","DE",42,"C19-C20",NA,50.8806289,10.9283105,"DEG0F","DEG0",1733,1560
"DE_210635","DE",42,"C19-C20",NA,51.3877105,11.9690828,"DEE0B","DEE0",0,0
"DE_210639","DE",42,"C19-C20",NA,51.3870152,11.9815979,"DEE0B","DEE0",1076,0
"DE_210878","DE",42,"C19-C20",NA,51.1799164,6.8431234,"DEA11","DEA1",0,0
"DE_210681","DE",31,"C23",NA,51.6013365,13.4830117,"DE407","DE40",7309,6823
"DE_210670","DE",32,"C23",NA,50.4630295,7.8122043,"DEB1B","DEB1",65,5493
"DE_210634","DE",42,"C19-C20",NA,50.8590711,6.8448268,"DEA27","DEA2",77,0
"DE_210631","DE",42,"C19-C20",NA,50.8590711,6.8448268,"DEA27","DEA2",0,0
"DE_210632","DE",42,"C19-C20",NA,51.0216401,6.950412,"DEA23","DEA2",0,3111
"DE_210633","DE",42,"C19-C20",NA,51.0216401,6.950412,"DEA23","DEA2",24,0
"DE_210630","DE",42,"C19-C20",NA,48.178432,12.840503,"DE214","DE21",8,0
"DE_210629","DE",42,"C19-C20",NA,48.178432,12.840503,"DE214","DE21",20275,18771
"DE_210628","DE",42,"C19-C20",NA,51.6787945,7.0949199,"DEA36","DEA3",7044,0
"DE_210619","DE",42,"C19-C20",NA,51.3228697,12.0820163,"DEE0B","DEE0",739,2196
"DE_210620","DE",42,"C19-C20",NA,51.3228697,12.0820163,"DEE0B","DEE0",281,6702
"DE_210606","DE",42,"C19-C20",NA,51.389752,12.0528729,"DEE0B","DEE0",2951,2630
"DE_210617","DE",42,"C19-C20",NA,50.9374169,6.9706902,"DEA23","DEA2",1202,771
"DE_210131","DE",42,"C19-C20",NA,51.9293693,14.6994719,"DE40G","DE40",0,0
"DE_210271","DE",42,"C19-C20",NA,52.4564719,8.3843872,"DE922","DE92",299,313
"DE_210270","DE",42,"C19-C20",NA,52.4564719,8.3843872,"DE922","DE92",1066,985
"DE_210185","DE",42,"C19-C20",NA,50.102482,8.5474571,"DE712","DE71",140,0
"DE_210184","DE",42,"C19-C20",NA,50.8330656,6.9669816,"DEA27","DEA2",85,0
"DE_210182","DE",24,"C24",NA,51.1701103,7.9657545,"DEA59","DEA5",25693,19627
"DE_210104","DE",42,"C19-C20",NA,51.6787945,7.0949199,"DEA36","DEA3",4581,2377
"DE_210026","DE",42,"C19-C20",NA,48.0199789,7.8436989,"DE131","DE13",2217,2613
"DE_210019","DE",42,"C19-C20",NA,51.389752,12.0528729,"DEE0B","DEE0",0,0
"DE_209983","DE",42,"C19-C20",NA,48.178432,12.840503,"DE214","DE21",39,0
"DE_210006","DE",42,"C19-C20",NA,49.4961841,8.430558,"DEB34","DEB3",1122,0
"DE_209951","DE",42,"C19-C20",NA,49.4961841,8.430558,"DEB34","DEB3",2013,2086
"DE_209952","DE",42,"C19-C20",NA,49.4961841,8.430558,"DEB34","DEB3",1606,2905
"DE_209949","DE",42,"C19-C20",NA,49.4961841,8.430558,"DEB34","DEB3",2763,3965
"DE_209950","DE",42,"C19-C20",NA,49.4961841,8.430558,"DEB34","DEB3",8180,4897
"DE_209947","DE",42,"C19-C20",NA,49.4961841,8.430558,"DEB34","DEB3",1805,0
"DE_209948","DE",42,"C19-C20",NA,49.4961841,8.430558,"DEB34","DEB3",1557,0
"DE_209343","DE",28,"C24",NA,51.1051105,7.6339802,"DEA58","DEA5",14507,9470
"DE_210025","DE",42,"C19-C20",NA,51.371748,6.6496865,"DEA14","DEA1",2595,2259
"DE_209031","DE",25,"C24",24.1,51.5239199,7.0880552,"DEA32","DEA3",28841,24583
"DE_207699","DE",43,"C19-C20",20.11,53.4800443,9.9806205,"DE600","DE60",0,19798
"DE_207008","DE",36,"C16-C18",35,50.6930477,12.8454457,"DED42","DED4",2636,1796
"DE_207007","DE",43,"C19-C20",20.11,51.0907133,6.8118573,"DEA1D","DEA1",59421,31461
"DE_206997","DE",27,"C24",24.42,51.8161104,11.3209498,"DEE0C","DEE0",116275,95238
"DE_206843","DE",36,"C16-C18",17.12,48.1098992,10.6666486,"DE27C","DE27",30,26345
"DE_206822","DE",36,"C16-C18",17.12,52.2940666,8.0229876,"DE944","DE94",7,22278
"DE_206422","DE",42,"C19-C20",NA,51.6787945,7.0949199,"DEA36","DEA3",0,0
"DE_206267","DE",44,"C19-C20",NA,51.5647538,6.577881,"DEA1F","DEA1",0,1355
"DE_206021","DE",42,"C19-C20",9.1,53.9143233,9.1624476,"DEF05","DEF0",159650,147106
"DE_206284","DE",21,"C19-C20",19.2,53.4736929,9.9593675,"DE600","DE60",0,0
"DE_206242","DE",42,"C19-C20",NA,51.5253439,6.7982794,"DEA17","DEA1",0,0
"DE_206241","DE",42,"C19-C20",NA,51.5274582,6.7959741,"DEA17","DEA1",0,0
"DE_206226","DE",25,"C24",24.1,51.4581606,6.7434963,"DEA12","DEA1",33727,23986
"DE_206148","DE",42,"C19-C20",NA,50.8330656,6.9669816,"DEA27","DEA2",0,0
"DE_206016","DE",25,"C24",24.1,51.4913158,6.7408265,"DEA12","DEA1",0,0
"DE_206013","DE",42,"C19-C20",20.16,50.8416221,6.9476114,"DEA27","DEA2",1765,129
"DE_206012","DE",25,"C24",24.1,51.4909418,7.2484205,"DEA51","DEA5",18073,14931
"DE_206009","DE",24,"C24",24.1,51.4215531,6.7415852,"DEA12","DEA1",168747,377137
"DE_206001","DE",25,"C24",24.51,49.2120857,7.0370778,"DEC01","DEC0",0,0
"DE_205912","DE",38,"C19-C20",20.15,51.335996,6.6687698,"DEA14","DEA1",5357,20242
"DE_205913","DE",42,"C19-C20",23.49,52.4734604,7.3261934,"DE949","DE94",0,0
"DE_205626","DE",43,"C19-C20",19.2,53.9108748,9.2100026,"DEF0E","DEF0",1244259,868951
"DE_205883","DE",36,"C16-C18",17.12,50.007646,8.3003089,"DE714","DE71",0,0
"DE_205882","DE",25,"C24",24.1,51.3453846,7.5895074,"DEA53","DEA5",83449,74233
"DE_205807","DE",42,"C19-C20",20.14,52.5965724,9.0332869,"DE927","DE92",1601,79726
"DE_205788","DE",32,"C23",23.99,48.0225052,8.6138433,"DE136","DE13",0,0
"DE_205786","DE",42,"C19-C20",20.14,51.2006946,12.3870379,"DED52","DED5",239,61892
"DE_205684","DE",26,"C24",24.42,51.6247534,6.6169161,"DEA1F","DEA1",8707,16994
"DE_205679","DE",26,"C24",24.42,51.6247534,6.6169161,"DEA1F","DEA1",54946,93735
"DE_205616","DE",28,"C24",24.43,53.5070826,8.4978426,"DE94G","DE94",89299,61011
"DE_205608","DE",28,"C24",24.43,51.9013736,10.4861263,"DE916","DE91",59938,50196
"DE_205571","DE",38,"C19-C20",20.15,54.1294143,12.3104648,"DE80K","DE80",87086,237418
"DE_205563","DE",30,"C23",23.52,47.660968,7.5436507,"DE139","DE13",0,0
"DE_205546","DE",25,"C24",25.5,51.221368,7.2416063,"DEA18","DEA1",0,0
"DE_205562","DE",30,"C23",23.52,49.0302953,12.1370048,"DE232","DE23",0,0
"DE_205491","DE",28,"C24",24.53,49.3688687,6.7061227,"DEC04","DEC0",0,0
"DE_205462","DE",28,"C24",24.44,51.6288548,11.5030054,"DEE0A","DEE0",6218,7364
"DE_205483","DE",28,"C24",24.44,52.2827272,8.0506696,"DE944","DE94",8060,9877
"DE_205422","DE",38,"C19-C20",20.14,51.6787945,7.0949199,"DEA36","DEA3",0,0
"DE_205427","DE",42,"C19-C20",20.14,51.6787945,7.0949199,"DEA36","DEA3",0,0
"DE_205421","DE",42,"C19-C20",20.14,51.6787945,7.0949199,"DEA36","DEA3",0,0
"DE_205385","DE",25,"C24",25.5,50.5938801,6.7862995,"DEA28","DEA2",15295,15113
"DE_205356","DE",25,"C24",24.2,51.2277411,6.7734556,"DEA11","DEA1",0,0
"DE_205355","DE",25,"C24",24.2,51.2277411,6.7734556,"DEA11","DEA1",20511,23164
"DE_205358","DE",32,"C23",23.32,48.7266487,12.1874521,"DE227","DE22",40121,35570
"DE_205343","DE",32,"C23",23.32,52.2116671,7.9198686,"DE94E","DE94",0,0
"DE_205322","DE",42,"C19-C20",20.16,51.371748,6.6496865,"DEA14","DEA1",327,0
"DE_205321","DE",42,"C19-C20",20.14,51.0936851,6.8289112,"DEA1D","DEA1",4979,51961
"DE_205275","DE",42,"C19-C20",20.14,51.0670564,6.8460238,"DEA23","DEA2",2333,54509
"DE_205274","DE",41,"C19-C20",20.14,51.0670564,6.8460238,"DEA23","DEA2",301689,519041
"DE_205273","DE",38,"C19-C20",20.14,51.0670564,6.8460238,"DEA23","DEA2",3341,82206
"DE_205272","DE",42,"C19-C20",20.14,51.0670564,6.8460238,"DEA23","DEA2",0,0
"DE_205276","DE",42,"C19-C20",20.14,51.0670564,6.8460238,"DEA23","DEA2",9979,109405
"DE_205062","DE",25,"C24",24.51,49.4630224,11.8407848,"DE231","DE23",0,0
"DE_205004","DE",25,"C24",30.2,51.4811273,7.206931,"DEA51","DEA5",0,0
"DE_205003","DE",25,"C24",24.2,51.2277411,6.7734556,"DEA11","DEA1",19274,35597
"DE_204904","DE",25,"C24",24.51,49.2154318,7.0342969,"DEC01","DEC0",0,0
"DE_204882","DE",32,"C23",23.31,49.4502261,6.6570167,"DEC02","DEC0",0,0
"DE_204862","DE",42,"C19-C20",20.59,52.3117612,7.6325468,"DEA37","DEA3",0,0
"DE_205042","DE",34,"C23",23.62,51.8407569,10.1911472,"DE916","DE91",14661,4003
"DE_204785","DE",42,"C19-C20",20.14,51.8740944,12.5883382,"DEE0E","DEE0",18916,20535
"DE_204725","DE",44,"C19-C20",20.13,51.8632017,11.5760315,"DEE0C","DEE0",142274,366809
"DE_204581","DE",35,"C16-C18",17.11,49.5342887,8.4594526,"DE126","DE12",0,0
"DE_204582","DE",36,"C16-C18",17.12,49.5342887,8.4594526,"DE126","DE12",0,0
"DE_204565","DE",42,"C19-C20",20.14,53.6519197,9.5078665,"DE939","DE93",3604,46607
"DE_204564","DE",42,"C19-C20",20.14,53.6519197,9.5078665,"DE939","DE93",0,0
"DE_204563","DE",42,"C19-C20",20.14,53.6519197,9.5078665,"DE939","DE93",0,0
"DE_204562","DE",42,"C19-C20",20.14,53.6519197,9.5078665,"DE939","DE93",782,13615
"DE_204544","DE",25,"C24",24.1,53.5248106,9.9001723,"DE600","DE60",44200,35611
"DE_204543","DE",25,"C24",24.1,53.5248106,9.9001723,"DE600","DE60",41922,155183
"DE_204423","DE",25,"C24",24.2,51.7454217,8.7146683,"DEA47","DEA4",25568,20778
"DE_204424","DE",25,"C24",24.2,51.574491,6.740669,"DEA1F","DEA1",39279,33666
"DE_204421","DE",25,"C24",24.1,50.7981557,7.1578878,"DEA2C","DEA2",17364,15580
"DE_204401","DE",39,"C19-C20",20.14,51.069139,12.1910808,"DEE08","DEE0",51385,222757
"DE_204253","DE",25,"C24",24.51,50.8422678,6.9143261,"DEA27","DEA2",114660,76013
"DE_204254","DE",27,"C24",24.53,48.2502757,12.5912313,"DE214","DE21",25406,25112
"DE_204219","DE",27,"C24",24.53,51.0782768,6.6174661,"DEA1D","DEA1",35870,31483
"DE_204198","DE",28,"C24",24.43,50.7550502,6.2407835,"DEA2D","DEA2",52998,12770
"DE_204194","DE",25,"C24",24.1,53.1409357,8.6834813,"DE501","DE50",15595,13615
"DE_204192","DE",25,"C24",25.61,53.1409357,8.6834813,"DE501","DE50",22610,17012
"DE_204196","DE",27,"C24",24.42,51.4386352,12.3814466,"DED53","DED5",19926,14091
"DE_203873","DE",25,"C24",24.51,50.6495646,8.7013189,"DE721","DE72",17572,16636
"DE_203754","DE",32,"C23",23.99,49.7688,11.0223225,"DE248","DE24",60075,35304
"DE_203852","DE",32,"C23",23.31,51.91594,12.77494,"DEE0E","DEE0",2777,2504
"DE_203844","DE",28,"C24",24.43,53.5071318,8.5095725,"DE94G","DE94",2559,21189
"DE_203842","DE",25,"C24",24.2,51.3312703,13.3564767,"DED2E","DED2",22259,22810
"DE_203757","DE",28,"C24",24.42,50.392576,7.589225,"DEB11","DEB1",20743,16464
"DE_203812","DE",42,"C19-C20",20.14,51.5613225,6.5776157,"DEA1F","DEA1",23395,29119
"DE_203778","DE",42,"C19-C20",20.14,51.5613225,6.5776157,"DEA1F","DEA1",4267,56299
"DE_203800","DE",44,"C19-C20",20.13,51.5647538,6.577881,"DEA1F","DEA1",125465,360121
"DE_203770","DE",25,"C24",24.51,50.8224882,9.0054128,"DE724","DE72",179462,132006
"DE_203768","DE",28,"C24",24.42,51.0765509,6.6204463,"DEA1D","DEA1",0,0
"DE_203762","DE",42,"C19-C20",20.16,50.0910506,8.5346812,"DE712","DE71",31702,51628
"DE_203758","DE",27,"C24",24.42,51.6247534,6.6169161,"DEA1F","DEA1",18374,13378
"DE_203741","DE",25,"C24",24.51,50.56274,8.49538,"DE722","DE72",22922,25096
"DE_203739","DE",42,"C19-C20",20.14,51.4701966,6.6469383,"DEA1F","DEA1",71387,165820
"DE_203666","DE",42,"C19-C20",20.14,51.3253279,12.0129683,"DEE0B","DEE0",0,0
"DE_203667","DE",42,"C19-C20",20.14,51.3253279,12.0129683,"DEE0B","DEE0",0,0
"DE_203663","DE",38,"C19-C20",20.15,51.3253279,12.0129683,"DEE0B","DEE0",4257,1280
"DE_203665","DE",42,"C19-C20",20.14,51.3253279,12.0129683,"DEE0B","DEE0",28281,70440
"DE_203661","DE",36,"C16-C18",17.12,50.68154,11.33235,"DEG0I","DEG0",0,0
"DE_203658","DE",42,"C19-C20",20.14,50.0910506,8.5346812,"DE712","DE71",0,0
"DE_203649","DE",25,"C24",24.2,49.4931906,11.7786307,"DE234","DE23",3854,7578
"DE_203657","DE",42,"C19-C20",20.14,50.102482,8.5474571,"DE712","DE71",16654,32386
"DE_203642","DE",32,"C23",23.31,53.1719256,8.6466658,"DE501","DE50",0,0
"DE_203633","DE",25,"C24",24.51,51.24665,6.98565,"DEA1C","DEA1",74268,66254
"DE_203632","DE",25,"C24",25.61,51.312691,13.2849491,"DED2E","DED2",32352,22931
"DE_203643","DE",32,"C23",23.31,53.50222,8.5880199,"DE502","DE50",12875,23911
"DE_203346","DE",34,"C23",23.62,49.4341137,10.2390148,"DE256","DE25",21246,6270
"DE_203532","DE",28,"C24",24.44,50.7481231,6.2454198,"DEA2D","DEA2",10173,8815
"DE_203457","DE",36,"C16-C18",17.12,50.4449276,9.03615,"DE71E","DE71",0,0
"DE_203459","DE",25,"C24",24.1,50.4335177,7.4281519,"DEB17","DEB1",52170,62142
"DE_203448","DE",25,"C24",24.51,51.4457211,7.5585773,"DEA5C","DEA5",33680,23991
"DE_203444","DE",42,"C19-C20",20.14,51.5741776,7.297955,"DEA36","DEA3",63837,66011
"DE_203443","DE",25,"C24",25.5,51.4078244,13.4403526,"DED2E","DED2",0,0
"DE_203410","DE",25,"C24",25.5,51.4078244,13.4403526,"DED2E","DED2",36037,29390
"DE_203470","DE",42,"C19-C20",20.14,51.5741776,7.297955,"DEA36","DEA3",0,0
"DE_203322","DE",28,"C24",24.42,53.5152585,9.8954898,"DE600","DE60",14168,11903
"DE_203297","DE",42,"C19-C20",20.14,48.0199789,7.8436989,"DE131","DE13",14528,11749
"DE_203320","DE",27,"C24",24.42,53.5152585,9.8954898,"DE600","DE60",35940,27542
"DE_203183","DE",32,"C23",23.44,51.6887457,12.7552882,"DEE0E","DEE0",10278,14043
"DE_203182","DE",32,"C23",23.44,50.915955,6.8219189,"DEA27","DEA2",0,0
"DE_203170","DE",32,"C23",23.32,52.2724734,8.6911955,"DEA46","DEA4",0,0
"DE_203168","DE",32,"C23",23.32,52.2724734,8.6911955,"DEA46","DEA4",0,0
"DE_203153","DE",34,"C23",23.62,52.59678,12.9743894,"DE408","DE40",34906,13706
"DE_203152","DE",34,"C23",23.62,51.59941,7.0116,"DEA32","DEA3",17105,8002
"DE_203130","DE",32,"C23",23.31,53.4006122,7.9492795,"DE94A","DE94",7610,5524
"DE_203110","DE",42,"C19-C20",20.14,53.6228617,8.0585571,"DE945","DE94",113887,72603
"DE_202991","DE",24,"C24",24.1,51.4707792,7.1652025,"DEA51","DEA5",179343,125094
"DE_202990","DE",24,"C24",24.1,51.5303631,7.4892184,"DEA52","DEA5",36016,28699
"DE_202934","DE",25,"C24",24.51,47.7599637,8.8456268,"DE138","DE13",123004,86927
"DE_202931","DE",36,"C16-C18",17.12,50.3211422,7.2341629,"DEB17","DEB1",0,0
"DE_202924","DE",25,"C24",24.1,51.4913158,6.7408265,"DEA12","DEA1",61995,14424
"DE_202923","DE",25,"C24",24.1,51.563123,7.6979254,"DEA5C","DEA5",20627,16759
"DE_202866","DE",28,"C24",24.43,51.3773696,6.7352774,"DEA12","DEA1",41655,39745
"DE_202864","DE",42,"C19-C20",20.14,51.0163561,6.9847456,"DEA24","DEA2",11076,7538
"DE_202863","DE",25,"C24",24.1,51.4581606,6.7434963,"DEA12","DEA1",21376,15941
"DE_202862","DE",42,"C19-C20",20.14,51.0163561,6.9847456,"DEA24","DEA2",3305,31345
"DE_202865","DE",42,"C19-C20",20.14,51.0163561,6.9847456,"DEA24","DEA2",7905,19773
"DE_202861","DE",42,"C19-C20",20.14,51.0163561,6.9847456,"DEA24","DEA2",9456,5344
"DE_202858","DE",42,"C19-C20",20.14,51.0163561,6.9847456,"DEA24","DEA2",65501,87219
"DE_202856","DE",39,"C19-C20",20.14,51.0163561,6.9847456,"DEA24","DEA2",16453,196607
"DE_202847","DE",42,"C19-C20",20.14,50.8329729,6.9763718,"DEA27","DEA2",37001,30180
"DE_202804","DE",42,"C19-C20",20.14,51.4701966,6.6469383,"DEA1F","DEA1",0,0
"DE_202802","DE",42,"C19-C20",20.14,51.4701966,6.6469383,"DEA1F","DEA1",4577,2722
"DE_202799","DE",42,"C19-C20",20.14,51.5341953,7.2144497,"DEA55","DEA5",54923,64041
"DE_202796","DE",24,"C24",24.1,52.6470173,13.2081618,"DE40A","DE40",30431,28974
"DE_202797","DE",28,"C24",24.42,51.5519426,9.9308116,"DE91C","DE91",17720,13497
"DE_202794","DE",32,"C23",23.31,51.1565993,12.9093839,"DED43","DED4",16791,23004
"DE_202791","DE",32,"C23",23.31,48.9542548,8.8596459,"DE12B","DE12",0,0
"DE_202769","DE",42,"C19-C20",20.14,51.0163561,6.9847456,"DEA24","DEA2",1,0
"DE_202763","DE",25,"C24",24.51,49.7442439,10.1821285,"DE268","DE26",43721,32164
"DE_202760","DE",28,"C24",24.44,53.5151119,10.0342643,"DE600","DE60",161703,307310
"DE_202756","DE",36,"C16-C18",17.12,53.0875374,14.3114245,"DE40I","DE40",0,0
"DE_202709","DE",28,"C24",24.44,51.8278377,6.2650576,"DEA1B","DEA1",16327,12348
"DE_202690","DE",25,"C24",24.1,49.2374157,6.9280535,"DEC01","DEC0",38569,47108
"DE_202688","DE",25,"C24",24.1,49.3521861,7.1654049,"DEC03","DEC0",55039,60793
"DE_202686","DE",25,"C24",25.5,49.2537899,6.8466497,"DEC01","DEC0",3349,1780
"DE_202674","DE",25,"C24",24.34,52.4095922,12.4997753,"DE401","DE40",46448,46214
"DE_202667","DE",32,"C23",23.32,48.5481442,12.5496008,"DE22C","DE22",0,0
"DE_202665","DE",32,"C23",23.32,48.5481442,12.5496008,"DE22C","DE22",0,0
"DE_202664","DE",32,"C23",23.32,48.5481442,12.5496008,"DE22C","DE22",0,0
"DE_202663","DE",24,"C24",24.1,52.2121512,8.0420401,"DE94E","DE94",63897,50410
"DE_202555","DE",25,"C24",24.1,51.4146583,6.7469484,"DEA12","DEA1",0,0
"DE_202626","DE",28,"C24",20.13,48.4164742,13.3286497,"DE228","DE22",26084,116915
"DE_202616","DE",25,"C24",25.5,49.2537899,6.8466497,"DEC01","DEC0",42397,20415
"DE_202625","DE",42,"C19-C20",20.14,48.178432,12.840503,"DE214","DE21",19795,34425
"DE_202606","DE",42,"C19-C20",20.14,51.6787945,7.0949199,"DEA36","DEA3",34838,58608
"DE_202556","DE",26,"C24",24.42,51.4900235,6.9681579,"DEA13","DEA1",79982,177622
"DE_202558","DE",26,"C24",24.42,53.515527,9.8514063,"DE600","DE60",66914,152427
"DE_202603","DE",32,"C23",23.32,49.5527077,8.0696998,"DEB3D","DEB3",3103,715
"DE_202602","DE",32,"C23",23.32,49.5527077,8.0696998,"DEB3D","DEB3",6549,5193
"DE_202601","DE",32,"C23",23.32,51.1974273,14.9259297,"DED2D","DED2",3661,2923
"DE_202600","DE",32,"C23",23.32,48.8645379,12.5736433,"DE223","DE22",9760,12980
"DE_202599","DE",32,"C23",23.32,48.9136236,12.7162414,"DE22B","DE22",7441,8288
"DE_202584","DE",25,"C24",24.51,49.51911,8.48765,"DE126","DE12",21411,14853
"DE_202574","DE",42,"C19-C20",20.16,48.1945703,12.8359922,"DE214","DE21",7984,10959
"DE_202530","DE",34,"C23",23.62,51.53841,14.36184,"DE40G","DE40",25209,11225
"DE_202528","DE",34,"C23",23.62,48.1266213,8.6359983,"DE135","DE13",20541,6560
"DE_202526","DE",36,"C16-C18",17.12,50.9337804,12.7087821,"DED43","DED4",11023,7800
"DE_202559","DE",26,"C24",24.42,53.5152585,9.8954898,"DE600","DE60",13162,28856
"DE_202521","DE",34,"C23",23.52,49.6966645,10.256176,"DE268","DE26",57586,18472
"DE_202469","DE",36,"C16-C18",17.12,50.3510112,11.865336,"DE249","DE24",50963,34704
"DE_202301","DE",28,"C24",24.43,50.9091867,13.3694216,"DED43","DED4",102387,84733
"DE_202336","DE",25,"C24",24.1,51.4151366,7.1910894,"DEA51","DEA5",0,0
"DE_202382","DE",25,"C24",25.5,49.3553758,6.7317259,"DEC04","DEC0",62,79
"DE_202381","DE",43,"C19-C20",20.11,51.5253439,6.7982794,"DEA17","DEA1",47432,53798
"DE_202379","DE",32,"C23",23.32,50.3785479,10.2519831,"DE266","DE26",10414,9403
"DE_202378","DE",25,"C24",24.1,49.3553758,6.7317259,"DEC04","DEC0",39297,16071
"DE_202376","DE",32,"C23",23.32,52.225757,11.5292713,"DEE07","DEE0",20681,19010
"DE_202380","DE",27,"C24",24.42,51.1526153,6.7799002,"DEA1D","DEA1",225569,197416
"DE_202351","DE",43,"C19-C20",20.11,48.1892585,12.8457743,"DE214","DE21",56333,43806
"DE_202349","DE",43,"C19-C20",20.11,51.3254558,12.0128686,"DEE0B","DEE0",282605,234678
"DE_202350","DE",32,"C23",23.32,51.01015,12.71309,"DED52","DED5",4309,4391
"DE_202346","DE",43,"C19-C20",20.11,51.0936851,6.8289112,"DEA1D","DEA1",27646,8611
"DE_202348","DE",32,"C23",23.32,49.5349858,9.3258189,"DE127","DE12",4640,7682
"DE_202345","DE",32,"C23",23.32,53.1631721,11.7353593,"DE40F","DE40",8724,12746
"DE_202270","DE",25,"C24",24.1,50.6579237,11.4509279,"DEG0I","DEG0",59163,45559
"DE_202195","DE",42,"C19-C20",20.14,48.1832866,12.7353298,"DE214","DE21",49914,74360
"DE_202194","DE",42,"C19-C20",20.14,48.1832866,12.7353298,"DE214","DE21",0,0
"DE_202180","DE",42,"C19-C20",20.14,51.3931902,11.9313841,"DEE0B","DEE0",46241,19967
"DE_202178","DE",38,"C19-C20",20.15,51.1877032,12.3531644,"DED52","DED5",38703,15511
"DE_202145","DE",36,"C16-C18",17.12,50.8159656,6.4688387,"DEA26","DEA2",0,0
"DE_202116","DE",42,"C19-C20",20.14,51.1799164,6.8431234,"DEA11","DEA1",0,0
"DE_202113","DE",25,"C24",24.1,50.5693885,8.4944219,"DE722","DE72",6724,19662
"DE_202110","DE",25,"C24",24.1,50.5693885,8.4944219,"DE722","DE72",10953,10243
"DE_202115","DE",25,"C24",24.1,50.5693885,8.4944219,"DE722","DE72",21114,24375
"DE_202084","DE",25,"C24",24.51,52.434256,8.6259056,"DEA46","DEA4",19548,17690
"DE_202045","DE",32,"C23",23.31,51.7832226,14.0757034,"DE40B","DE40",15766,18123
"DE_202006","DE",42,"C19-C20",20.14,49.4961841,8.430558,"DEB34","DEB3",0,0
"DE_202005","DE",42,"C19-C20",20.14,49.4961841,8.430558,"DEB34","DEB3",8583,12449
"DE_202004","DE",42,"C19-C20",20.14,49.4961841,8.430558,"DEB34","DEB3",12340,444
"DE_202002","DE",42,"C19-C20",20.14,49.4961841,8.430558,"DEB34","DEB3",0,0
"DE_202000","DE",42,"C19-C20",20.14,49.4961841,8.430558,"DEB34","DEB3",0,0
"DE_202001","DE",42,"C19-C20",20.14,49.4961841,8.430558,"DEB34","DEB3",357,18092
"DE_201971","DE",42,"C19-C20",20.14,49.4961841,8.430558,"DEB34","DEB3",64,2077
"DE_201972","DE",42,"C19-C20",20.14,49.4961841,8.430558,"DEB34","DEB3",1079,31256
"DE_201969","DE",42,"C19-C20",20.14,49.4961841,8.430558,"DEB34","DEB3",55382,73691
"DE_201967","DE",42,"C19-C20",20.14,49.4961841,8.430558,"DEB34","DEB3",11378,102266
"DE_201966","DE",42,"C19-C20",20.14,49.4961841,8.430558,"DEB34","DEB3",320,9387
"DE_201968","DE",42,"C19-C20",20.14,49.4961841,8.430558,"DEB34","DEB3",32772,85008
"DE_201970","DE",42,"C19-C20",20.14,49.4961841,8.430558,"DEB34","DEB3",0,0
"DE_202003","DE",42,"C19-C20",20.14,49.4961841,8.430558,"DEB34","DEB3",6697,21795
"DE_201965","DE",42,"C19-C20",20.14,49.4961841,8.430558,"DEB34","DEB3",0,0
"DE_201964","DE",42,"C19-C20",20.14,49.4961841,8.430558,"DEB34","DEB3",80393,92689
"DE_201963","DE",42,"C19-C20",20.14,49.4961841,8.430558,"DEB34","DEB3",20622,32737
"DE_201962","DE",41,"C19-C20",20.15,49.4961841,8.430558,"DEB34","DEB3",341222,396899
"DE_201960","DE",41,"C19-C20",20.15,49.4961841,8.430558,"DEB34","DEB3",553655,814285
"DE_201959","DE",39,"C19-C20",20.14,49.4961841,8.430558,"DEB34","DEB3",0,232607
"DE_201958","DE",38,"C19-C20",20.15,49.4961841,8.430558,"DEB34","DEB3",0,4127
"DE_201956","DE",40,"C19-C20",20.14,49.4961841,8.430558,"DEB34","DEB3",0,0
"DE_201957","DE",38,"C19-C20",20.15,49.4961841,8.430558,"DEB34","DEB3",64148,133129
"DE_201867","DE",32,"C23",23.32,51.2520309,14.5991956,"DED2C","DED2",7394,12409
"DE_201954","DE",43,"C19-C20",20.11,49.4961841,8.430558,"DEB34","DEB3",153970,141171
"DE_201939","DE",25,"C24",24.1,48.5940274,7.8226076,"DE134","DE13",43410,45752
"DE_201936","DE",32,"C23",23.31,50.4638125,7.7277183,"DEB1B","DEB1",7081,5776
"DE_201937","DE",32,"C23",23.31,50.4683244,7.7416983,"DEB1B","DEB1",11234,10278
"DE_201916","DE",32,"C23",23.44,49.4531623,8.4270779,"DEB34","DEB3",12755,16746
"DE_201900","DE",42,"C19-C20",20.14,51.6787945,7.0949199,"DEA36","DEA3",632,16901
"DE_201897","DE",43,"C19-C20",20.11,51.6787945,7.0949199,"DEA36","DEA3",30151,25817
"DE_201898","DE",42,"C19-C20",20.14,51.6787945,7.0949199,"DEA36","DEA3",94,70
"DE_201896","DE",43,"C19-C20",20.11,51.6787945,7.0949199,"DEA36","DEA3",205981,164833
"DE_201754","DE",25,"C24",24.1,51.5141396,7.4381092,"DEA52","DEA5",0,0
"DE_201646","DE",42,"C19-C20",20.14,49.6542172,8.364376,"DEB39","DEB3",63873,59112
"DE_201643","DE",32,"C23",23.32,51.152612,10.5610964,"DEG09","DEG0",13566,18845
"DE_201617","DE",32,"C23",23.32,49.245075,8.660861,"DE128","DE12",0,0
"DE_201612","DE",32,"C23",23.32,48.5402687,10.6521792,"DE277","DE27",4050,5216
"DE_201608","DE",32,"C23",23.32,48.3665581,10.2588747,"DE278","DE27",4183,5407
"DE_201604","DE",25,"C24",24.1,52.1610603,10.4309086,"DE912","DE91",0,0
"DE_201603","DE",25,"C24",24.1,51.8720454,10.6993947,"DEE09","DEE0",82393,63970
"DE_201602","DE",25,"C24",24.1,52.1610603,10.4309086,"DE912","DE91",30187,26154
"DE_201541","DE",42,"C19-C20",20.14,50.8590711,6.8448268,"DEA27","DEA2",1104,0
"DE_201539","DE",42,"C19-C20",20.14,50.8590711,6.8448268,"DEA27","DEA2",27127,22543
"DE_201540","DE",42,"C19-C20",20.14,50.8590711,6.8448268,"DEA27","DEA2",1239,0
"DE_201343","DE",42,"C19-C20",20.14,50.8329729,6.9763718,"DEA27","DEA2",57762,67791
"DE_361","DE",32,"C23",23.32,48.75044,11.19375,"DE21I","DE21",1813,3730
"DE_364","DE",32,"C23",23.2,50.6995405,7.1815603,"DEA2C","DEA2",11651,9821
"DE_360","DE",32,"C23",23.32,51.9758654,6.962749,"DEA34","DEA3",2964,3060
"DE_359","DE",32,"C23",23.32,50.4716691,7.835321,"DEB1B","DEB1",11818,9846
"DE_356","DE",32,"C23",23.32,52.3551575,7.71148,"DEA37","DEA3",0,0
"DE_357","DE",32,"C23",23.32,53.2886,8.81547,"DE936","DE93",0,0
"DE_596","DE",36,"C16-C18",17.12,52.032065,6.8262791,"DEA34","DEA3",34217,23210
"DE_594","DE",36,"C16-C18",17.12,50.9871074,13.6389027,"DED2F","DED2",11,863
"DE_593","DE",36,"C16-C18",17.12,50.7786198,13.1594074,"DED43","DED4",0,0
"DE_595","DE",36,"C16-C18",17.12,51.4064753,7.8395545,"DEA58","DEA5",0,0
"DE_352","DE",32,"C23",23.41,50.4595091,7.7233928,"DEB1B","DEB1",6197,8047
"DE_592","DE",36,"C16-C18",17.12,51.3210298,8.0072235,"DEA57","DEA5",1227,1631
"DE_591","DE",36,"C16-C18",17.12,53.0780726,14.3133608,"DE40I","DE40",35695,120046
"DE_590","DE",36,"C16-C18",17.12,48.5565911,11.2621823,"DE21I","DE21",49742,28735
"DE_2699","DE",33,"C23",23.14,49.6379059,9.1974139,"DE269","DE26",16460,10826
"DE_348","DE",32,"C23",23.32,48.2671143,12.1637078,"DE21A","DE21",0,0
"DE_587","DE",36,"C16-C18",17.12,48.5156394,9.3617701,"DE141","DE14",30075,23550
"DE_588","DE",36,"C16-C18",17.22,51.165171,6.8493498,"DEA11","DEA1",3564,4900
"DE_4130","DE",31,"C23",23.13,51.7555499,9.3985344,"DE926","DE92",65227,31579
"DE_4135","DE",31,"C23",23.13,52.5386734,11.4050865,"DEE04","DEE0",40596,36588
"DE_586","DE",36,"C16-C18",17.12,51.9867772,9.8189569,"DE925","DE92",15221,99490
"DE_4131","DE",36,"C16-C18",17.12,52.2734864,8.1208078,"DE944","DE94",30,20107
"DE_585","DE",36,"C16-C18",17.12,50.8019859,6.4584151,"DEA26","DEA2",3585,7449
"DE_346","DE",32,"C23",23.32,53.06546,8.43026,"DE94D","DE94",8384,9729
"DE_583","DE",36,"C16-C18",17.12,52.8091424,9.1546764,"DE927","DE92",101174,75395
"DE_4101","DE",31,"C23",23.11,51.5749635,14.6072722,"DE40G","DE40",33310,32031
"DE_4128","DE",31,"C23",23.14,51.7988072,11.691399,"DEE0C","DEE0",26916,25455
"DE_343","DE",32,"C23",23.32,48.2815559,11.4192857,"DE217","DE21",19261,24490
"DE_580","DE",36,"C16-C18",17.12,48.737136,8.3449028,"DE124","DE12",0,38880
"DE_338","DE",32,"C23",23.32,51.4585512,10.279619,"DEG06","DEG0",3712,1676
"DE_2595","DE",37,"C19-C20",20.13,52.3805471,9.856503,"DE929","DE92",0,0
"DE_579","DE",36,"C16-C18",17.12,52.0003205,8.6179923,"DEA41","DEA4",8574,37463
"DE_2496","DE",24,"C24",24.1,49.2523344,6.8510695,"DEC01","DEC0",112419,40128
"DE_2494","DE",25,"C24",24.1,52.1537382,10.4149067,"DE912","DE91",39323,18448
"DE_2495","DE",25,"C24",24.1,52.1537382,10.4149067,"DE912","DE91",264953,251739
"DE_341","DE",32,"C23",23.31,52.324863,8.3155013,"DE94E","DE94",8788,10217
"DE_578","DE",36,"C16-C18",17.12,51.8980253,10.6487242,"DEE09","DEE0",1746,1165
"DE_575","DE",36,"C16-C18",17.12,53.7812187,9.4285707,"DEF0E","DEF0",6091,31879
"DE_337","DE",32,"C23",23.32,52.1734274,11.1583145,"DEE07","DEE0",15022,23294
"DE_333","DE",32,"C23",23.32,50.3355433,10.215494,"DE266","DE26",2873,13988
"DE_2299","DE",42,"C19-C20",20.14,49.4961841,8.430558,"DEB34","DEB3",449456,676433
"DE_572","DE",36,"C16-C18",17.12,51.5073798,8.9849629,"DE736","DE73",371,3405
"DE_2397","DE",25,"C24",24.1,52.1610603,10.4309086,"DE912","DE91",21304,20608
"DE_332","DE",32,"C23",23.32,50.70479,12.48123,"DED45","DED4",7836,14897
"DE_571","DE",36,"C16-C18",17.12,51.2201,6.6978,"DEA1D","DEA1",75577,82849
"DE_331","DE",32,"C23",23.32,51.815473,8.4863542,"DEA42","DEA4",3404,15116
"DE_567","DE",36,"C16-C18",17.12,50.7698785,7.7153584,"DEB13","DEB1",2014,1567
"DE_570","DE",36,"C16-C18",17.12,50.0289637,8.2319868,"DEB35","DEB3",5919,4712
"DE_2194","DE",24,"C24",24.1,51.4913158,6.7408265,"DEA12","DEA1",0,0
"DE_330","DE",32,"C23",23.32,49.245075,8.660861,"DE128","DE12",12426,32217
"DE_569","DE",36,"C16-C18",17.12,48.4979231,8.3739428,"DE12C","DE12",23082,19730
"DE_2294","DE",42,"C19-C20",20.14,51.0670564,6.8460238,"DEA23","DEA2",388015,523216
"DE_2198","DE",42,"C19-C20",20.14,48.7555011,11.7037456,"DE21J","DE21",325916,296367
"DE_568","DE",36,"C16-C18",17.12,51.9318774,9.7830663,"DE926","DE92",0,0
"DE_2197","DE",42,"C19-C20",20.14,50.8330656,6.9669816,"DEA27","DEA2",295874,333709
"DE_84","DE",29,"C23",23.51,49.9575397,9.7670501,"DE26A","DE26",543135,572057
"DE_563","DE",36,"C16-C18",17.12,47.8819016,9.6431685,"DE148","DE14",0,0
"DE_2095","DE",42,"C19-C20",20.14,51.0670564,6.8460238,"DEA23","DEA2",628407,716027
"DE_2094","DE",33,"C23",23.99,50.789161,12.6145217,"DED45","DED4",70775,67311
"DE_325","DE",32,"C23",23.32,51.0276003,11.014064,"DEG01","DEG0",0,0
"DE_562","DE",36,"C16-C18",17.12,48.5953382,8.1170505,"DE134","DE13",11554,6667
"DE_83","DE",29,"C23",23.51,51.27187,11.658,"DEE08","DEE0",744579,743110
"DE_82","DE",29,"C23",23.51,48.6533897,10.1614621,"DE11C","DE11",392981,468428
"DE_324","DE",32,"C23",23.32,51.7169324,13.996713,"DE40B","DE40",11317,12307
"DE_81","DE",29,"C23",23.51,52.4889197,13.8096282,"DE409","DE40",843819,1162530
"DE_80","DE",29,"C23",23.51,48.3319003,9.7309042,"DE145","DE14",630437,669485
"DE_77","DE",29,"C23",23.51,50.3353123,6.7669035,"DEB24","DEB2",146963,131513
"DE_559","DE",36,"C16-C18",17.12,48.743857,8.3465896,"DE124","DE12",70506,59611
"DE_319","DE",32,"C23",23.32,51.77386,11.7849,"DEE0C","DEE0",0,0
"DE_558","DE",36,"C16-C18",17.12,48.52806,8.08694,"DE134","DE13",3884,45674
"DE_76","DE",29,"C23",23.51,48.8853224,10.9990827,"DE25C","DE25",243406,264300
"DE_74","DE",29,"C23",23.51,53.8770226,9.5799219,"DEF0E","DEF0",982119,899463
"DE_556","DE",36,"C16-C18",17.12,49.4659663,8.2616696,"DEB3C","DEB3",9,34
"DE_4108","DE",24,"C24",24.1,51.3082871,6.5540923,"DEA14","DEA1",0,0
"DE_72","DE",24,"C24",24.1,51.4078244,13.4403526,"DED2E","DED2",11061,6283
"DE_555","DE",36,"C16-C18",17.12,49.4516071,8.0616346,"DEB3C","DEB3",0,0
"DE_71","DE",24,"C24",24.1,50.9177192,8.0143921,"DEA5A","DEA5",44382,38139
"DE_554","DE",36,"C16-C18",17.12,50.0045547,8.31481,"DE714","DE71",64181,49317
"DE_551","DE",36,"C16-C18",17.12,50.9707437,13.8793851,"DED2F","DED2",18097,10555
"DE_1892","DE",25,"C24",24.1,52.1611794,14.6288292,"DE40C","DE40",103712,80938
"DE_1889","DE",31,"C23",23.11,50.9224999,11.5755738,"DEG03","DEG0",11876,11787
"DE_67","DE",24,"C24",24.1,53.5248106,9.9001723,"DE600","DE60",32903,49930
"DE_63","DE",24,"C24",24.1,51.312691,13.2849491,"DED2E","DED2",34236,43526
"DE_66","DE",23,"C24",7.1,51.4215531,6.7415852,"DEA12","DEA1",62486,70010
"DE_308","DE",32,"C23",23.32,48.8280893,11.6723335,"DE219","DE21",5933,6543
"DE_547","DE",36,"C16-C18",17.12,48.7718526,8.3389664,"DE124","DE12",61707,44458
"DE_61","DE",24,"C24",24.1,49.7885801,6.6900177,"DEB21","DEB2",9730,13054
"DE_60","DE",24,"C24",24.1,53.1409357,8.6834813,"DE501","DE50",2274086,4340328
"DE_546","DE",36,"C16-C18",17.12,49.8494528,7.8751619,"DEB14","DEB1",8996,6057
"DE_1877","DE",24,"C24",24.1,49.2529984,6.8469117,"DEC01","DEC0",6839,4117
"DE_58","DE",24,"C24",24.1,52.46864,7.31542,"DE949","DE94",40377,39731
"DE_306","DE",32,"C23",23.32,48.252279,10.1015774,"DE279","DE27",21039,25154
"DE_1875","DE",30,"C23",23.52,50.9445823,11.9883073,"DEG0L","DEG0",63974,44495
"DE_1871","DE",36,"C16-C18",17.12,52.7168092,12.021848,"DEE0D","DEE0",19957,15322
"DE_59","DE",24,"C24",24.1,49.2537899,6.8466497,"DEC01","DEC0",164617,3632
"DE_545","DE",36,"C16-C18",17.12,50.6446631,12.632647,"DED45","DED4",0,0
"DE_305","DE",32,"C23",23.32,49.75837,9.73266,"DE26C","DE26",0,0
"DE_1870","DE",36,"C16-C18",17.12,49.3632804,9.3451357,"DE118","DE11",3673,2052
"DE_303","DE",32,"C23",23.32,48.1866436,10.7614261,"DE276","DE27",4719,4779
"DE_542","DE",36,"C16-C18",17.12,50.5590879,6.496089,"DEA28","DEA2",1444,1469
"DE_57","DE",24,"C24",24.1,50.9939086,13.6391137,"DED2F","DED2",11619,9290
"DE_302","DE",32,"C23",23.32,48.1866436,10.7614261,"DE276","DE27",4422,6425
"DE_540","DE",36,"C16-C18",17.12,49.33074,9.35378,"DE118","DE11",4553,4175
"DE_54","DE",24,"C24",24.1,52.2121512,8.0420401,"DE94E","DE94",96794,75346
"DE_539","DE",36,"C16-C18",17.21,50.7057729,6.6523005,"DEA28","DEA2",156589,103411
"DE_53","DE",24,"C24",24.1,51.3703495,6.7266738,"DEA12","DEA1",4344314,6285294
"DE_538","DE",36,"C16-C18",17.12,51.5064068,8.9793228,"DE736","DE73",66563,61077
"DE_52","DE",24,"C24",24.1,49.3553758,6.7317259,"DEC04","DEC0",3983499,6263974
"DE_299","DE",32,"C23",23.32,49.8967207,10.2736587,"DE26B","DE26",4735,4296
"DE_537","DE",36,"C16-C18",17.12,50.7438599,6.4865777,"DEA26","DEA2",93224,64073
"DE_51","DE",24,"C24",24.1,52.4095922,12.4997753,"DE401","DE40",80373,73578
"DE_298","DE",32,"C23",23.32,48.4282365,12.043322,"DE227","DE22",12329,17165
"DE_536","DE",36,"C16-C18",17.12,50.9123254,14.0528256,"DED2F","DED2",11274,8821
"DE_50","DE",24,"C24",24.1,48.5940274,7.8226076,"DE134","DE13",76429,125748
"DE_535","DE",36,"C16-C18",17.12,50.7636416,6.490697,"DEA26","DEA2",0,0
"DE_1858","DE",31,"C23",23.19,50.0136839,8.2465642,"DEB35","DEB3",1052,1642
"DE_49","DE",22,"C19-C20",19.1,49.3553758,6.7317259,"DEC04","DEC0",677886,249819
"DE_296","DE",32,"C23",23.32,48.1108343,10.2505993,"DE27C","DE27",19674,29284
"DE_48","DE",24,"C24",24.1,50.8665012,8.0071898,"DEA5A","DEA5",13028,11495
"DE_534","DE",36,"C16-C18",17.12,52.8091424,9.1546764,"DE927","DE92",0,19634
"DE_47","DE",24,"C24",24.1,50.5693885,8.4944219,"DE722","DE72",18330,20726
"DE_43","DE",24,"C24",24.1,52.1610603,10.4309086,"DE912","DE91",3337320,6057157
"DE_533","DE",36,"C16-C18",17.12,48.7236271,8.3557998,"DE124","DE12",5425,4190
"DE_44","DE",24,"C24",24.1,51.4581606,6.7434963,"DEA12","DEA1",204563,15873
"DE_529","DE",36,"C16-C18",17.12,48.8163177,10.1315446,"DE11D","DE11",41359,22154
"DE_528","DE",36,"C16-C18",17.12,47.9057812,8.2260375,"DE132","DE13",27478,17866
"DE_41","DE",24,"C24",24.1,48.5131763,10.8520333,"DE276","DE27",107880,106929
"DE_40","DE",24,"C24",24.1,52.3157448,10.2414444,"DE91A","DE91",125981,110478
"DE_526","DE",36,"C16-C18",17.12,50.8696713,13.3933513,"DED43","DED4",0,20572
"DE_527","DE",36,"C16-C18",17.12,47.82107,10.43401,"DE27B","DE27",729,14074
"DE_289","DE",32,"C23",23.32,48.5242744,13.3325016,"DE228","DE22",15182,20549
"DE_39","DE",24,"C24",24.1,50.6579237,11.4509279,"DEG0I","DEG0",45032,43451
"DE_525","DE",36,"C16-C18",17.12,52.2734864,8.1208078,"DE944","DE94",89,14104
"DE_38","DE",24,"C24",24.1,49.2742024,6.7946182,"DEC04","DEC0",19441,17788
"DE_1894","DE",33,"C23",23.14,51.6123142,9.988476,"DE91C","DE91",5351,2969
"DE_37","DE",21,"C19-C20",19.2,52.4167132,10.1782698,"DE929","DE92",21665,15307
"DE_34","DE",21,"C19-C20",19.2,53.6087071,8.0883633,"DE945","DE94",0,0
"DE_518","DE",36,"C16-C18",17.12,47.6427498,10.818298,"DE27B","DE27",4593,3664
"DE_517","DE",36,"C16-C18",17.24,51.258096,7.2771809,"DEA56","DEA5",1698,1095
"DE_28","DE",21,"C19-C20",19.2,53.4774765,9.9521096,"DE600","DE60",606381,581919
"DE_516","DE",36,"C16-C18",17.12,53.403795,8.1353616,"DE94A","DE94",246125,174781
"DE_515","DE",36,"C16-C18",17.12,51.046185,13.0170709,"DED43","DED4",25915,21453
"DE_512","DE",36,"C16-C18",17.12,49.0388123,8.3117376,"DE122","DE12",115259,111541
"DE_511","DE",36,"C16-C18",17.12,51.2091843,6.7152388,"DEA1D","DEA1",33185,28672
"DE_274","DE",31,"C23",23.13,52.6603107,9.2147596,"DE927","DE92",0,0
"DE_275","DE",32,"C23",23.32,48.5608651,10.6708047,"DE277","DE27",6496,5976
"DE_273","DE",31,"C23",23.13,52.6603107,9.2147596,"DE927","DE92",0,0
"DE_779","DE",36,"C16-C18",17.12,51.3919437,8.0724797,"DEA57","DEA5",128654,53043
"DE_507","DE",36,"C16-C18",17.12,49.2092996,7.936382,"DEB3H","DEB3",53569,52874
"DE_506","DE",36,"C16-C18",17.12,53.679743,9.6785387,"DEF09","DEF0",20952,17761
"DE_505","DE",36,"C16-C18",17.12,50.6047358,12.9915898,"DED42","DED4",1192,2947
"DE_504","DE",36,"C16-C18",17.12,52.2940666,8.0229876,"DE944","DE94",2688,32459
"DE_503","DE",36,"C16-C18",17.12,50.7227852,10.3563706,"DEG0B","DEG0",4090,5014
"DE_20","DE",21,"C19-C20",19.2,51.2880396,12.0224799,"DEE0B","DEE0",1692681,1854677
"DE_270","DE",31,"C23",23.11,51.5704571,6.9431724,"DEA36","DEA3",103198,71535
"DE_268","DE",31,"C23",23.14,50.5045457,11.1402608,"DEG0H","DEG0",0,3198
"DE_267","DE",31,"C23",23.19,50.6984047,10.9384315,"DEG0F","DEG0",0,0
"DE_501","DE",36,"C16-C18",17.12,48.823243,10.1155016,"DE11D","DE11",0,0
"DE_19","DE",21,"C19-C20",19.2,53.0780699,14.2435621,"DE40I","DE40",3123277,1735280
"DE_266","DE",31,"C23",23.13,50.5222061,10.7583986,"DEG0E","DEG0",85200,61599
"DE_500","DE",36,"C16-C18",17.12,49.0676214,8.302001,"DEB3E","DEB3",35504,134116
"DE_265","DE",31,"C23",23.14,50.4863214,11.1562741,"DEG0H","DEG0",9835,14240
"DE_499","DE",36,"C16-C18",17.12,49.9843344,10.652143,"DE267","DE26",33179,131956
"DE_264","DE",31,"C23",23.11,51.9115787,10.4652536,"DE916","DE91",0,0
"DE_1774","DE",36,"C16-C18",17.12,49.5342887,8.4594526,"DE126","DE12",35110,42122
"DE_498","DE",36,"C16-C18",17.12,51.0511431,13.0166057,"DED43","DED4",0,13357
"DE_261","DE",31,"C23",23.13,51.4833247,8.817324,"DEA57","DEA5",19565,16104
"DE_496","DE",36,"C16-C18",17.12,47.87986,11.89633,"DE21K","DE21",5900,6472
"DE_14","DE",21,"C19-C20",19.2,53.4800443,9.9806205,"DE600","DE60",23889,71147
"DE_495","DE",36,"C16-C18",35.11,48.5543544,9.4700827,"DE113","DE11",0,0
"DE_13","DE",21,"C19-C20",19.2,52.3163358,7.3522066,"DE949","DE94",79698,41616
"DE_260","DE",31,"C23",23.13,50.71605,7.0354239,"DEA22","DEA2",38444,20824
"DE_494","DE",36,"C16-C18",17.12,50.9955244,8.5342147,"DE736","DE73",1618,1732
"DE_493","DE",35,"C16-C18",17.12,49.5342887,8.4594526,"DE126","DE12",122745,118230
"DE_258","DE",31,"C23",20.13,49.4478836,8.4113953,"DEB34","DEB3",26100,20431
"DE_11","DE",21,"C19-C20",19.2,49.05311,8.33646,"DE122","DE12",2569583,1800550
"DE_9","DE",21,"C19-C20",19.2,48.7637293,11.6065319,"DE21J","DE21",355070,276268
"DE_491","DE",35,"C16-C18",17.11,51.9867772,9.8189569,"DE925","DE92",3325,2017
"DE_256","DE",31,"C23",23.13,52.2627346,9.1400848,"DE928","DE92",42482,39363
"DE_7","DE",21,"C19-C20",19.2,48.7900242,11.7506292,"DE226","DE22",813834,690202
"DE_253","DE",31,"C23",23.11,52.2750844,11.4417533,"DEE07","DEE0",129762,99723
"DE_489","DE",35,"C16-C18",17.11,48.26968,9.72748,"DE145","DE14",51835,77857
"DE_252","DE",31,"C23",23.13,52.1971545,9.0694503,"DE928","DE92",50084,31647
"DE_6","DE",21,"C19-C20",19.2,53.9024485,9.1150566,"DEF05","DEF0",35828,24798
"DE_488","DE",35,"C16-C18",17.11,52.726328,12.011216,"DEE0D","DEE0",78232,44567
"DE_5","DE",21,"C19-C20",19.2,48.1945703,12.8359922,"DE214","DE21",1071986,819904
"DE_249","DE",31,"C23",23.13,48.628681,8.0666083,"DE134","DE13",0,0
"DE_4","DE",21,"C19-C20",19.2,51.5968243,7.0337238,"DEA32","DEA3",2679170,2300160
"DE_1691","DE",36,"C16-C18",17.12,50.39167,7.58522,"DEB11","DEB1",12286,10961
"DE_250","DE",31,"C23",23.13,51.3710544,14.0701302,"DED2C","DED2",11918,9903
"DE_3","DE",21,"C19-C20",19.2,51.5968243,7.0337238,"DEA32","DEA3",899437,593793
"DE_486","DE",32,"C23",23.49,48.5481442,12.5496008,"DE22C","DE22",0,0
"DE_1","DE",21,"C19-C20",19.2,48.7917097,11.4831875,"DE219","DE21",573123,472661
"DE_247","DE",31,"C23",23.19,48.9869112,13.3021098,"DE229","DE22",0,0
"DE_246","DE",31,"C23",23.19,49.4274618,11.8862632,"DE234","DE23",8417,10292
"DE_244","DE",31,"C23",23.13,51.00636,13.65729,"DED2F","DED2",17648,8514
"DE_480","DE",32,"C23",23.32,48.8391052,11.2136198,"DE219","DE21",0,0
"DE_242","DE",31,"C23",23.14,53.47576,12.02623,"DE80O","DE80",17213,11361
"DE_241","DE",31,"C23",23.14,49.2902714,8.4686497,"DEB38","DEB3",44612,31767
"DE_478","DE",32,"C23",23.32,48.280587,9.7096692,"DE145","DE14",0,0
"DE_240","DE",31,"C23",23.14,50.9912802,7.1169843,"DEA2B","DEA2",33831,19115
"DE_238","DE",31,"C23",23.13,51.439215,7.0880323,"DEA13","DEA1",58706,43261
"DE_1577","DE",36,"C16-C18",17.12,50.9598323,12.7563372,"DED43","DED4",391,300
"DE_237","DE",31,"C23",23.13,49.9844057,9.5785243,"DE26A","DE26",62582,48239
"DE_236","DE",31,"C23",23.13,50.5105464,11.2132921,"DEG0I","DEG0",0,0
"DE_474","DE",32,"C23",23.32,52.3264515,7.6679529,"DEA37","DEA3",0,0
"DE_233","DE",31,"C23",23.13,51.5041309,14.6356911,"DED2D","DED2",15404,11722
"DE_232","DE",31,"C23",23.11,51.5704571,6.9431724,"DEA36","DEA3",138310,115147
"DE_471","DE",32,"C23",23.32,52.25752,9.9693324,"DE925","DE92",0,0
"DE_231","DE",31,"C23",23.13,50.4721057,11.2843749,"DE24A","DE24",12855,10976
"DE_230","DE",31,"C23",23.13,51.806435,9.4433216,"DE926","DE92",48985,30952
"DE_470","DE",32,"C23",23.32,52.563543,9.0770413,"DE927","DE92",0,0
"DE_229","DE",31,"C23",23.19,50.0136839,8.2465642,"DEB35","DEB3",39912,32421
"DE_227","DE",31,"C23",23.19,51.8813922,10.0294287,"DE918","DE91",6896,5119
"DE_468","DE",32,"C23",23.32,48.30295,12.37924,"DE21G","DE21",2635,3231
"DE_224","DE",31,"C23",23.11,49.4340664,6.8529251,"DEC04","DEC0",0,0
"DE_222","DE",31,"C23",23.11,51.6537948,12.2407838,"DEE05","DEE0",103755,87200
"DE_221","DE",31,"C23",20.13,51.1747932,6.8421497,"DEA11","DEA1",75123,82830
"DE_463","DE",32,"C23",23.32,48.4670458,11.1199256,"DE275","DE27",7436,13424
"DE_220","DE",31,"C23",23.13,47.9067729,9.8754117,"DE148","DE14",83343,67107
"DE_1469","DE",35,"C16-C18",17.11,49.9773198,9.0663252,"DE264","DE26",16471,6666
"DE_218","DE",31,"C23",23.13,50.46801,7.78243,"DEB1B","DEB1",62270,47280
"DE_460","DE",32,"C23",23.2,49.109699,8.7409874,"DE123","DE12",8290,7977
"DE_217","DE",31,"C23",23.13,51.5293489,6.999907,"DEA13","DEA1",90558,74719
"DE_215","DE",31,"C23",23.13,49.0175409,13.2279637,"DE229","DE22",17939,16024
"DE_214","DE",31,"C23",23.14,51.509583,12.303699,"DED53","DED5",18511,14251
"DE_1434","DE",42,"C19-C20",20.16,50.86159,6.8581925,"DEA27","DEA2",7520,4482
"DE_458","DE",32,"C23",23.32,48.2855234,12.904915,"DE22A","DE22",20924,30688
"DE_210","DE",31,"C23",23.13,50.4906476,11.1716572,"DEG0H","DEG0",83372,63376
"DE_209","DE",31,"C23",23.13,52.6603107,9.2147596,"DE927","DE92",84935,80995
"DE_1401","DE",36,"C16-C18",17.12,50.9895497,7.1244733,"DEA2B","DEA2",0,0
"DE_207","DE",31,"C23",23.13,53.9479221,10.196462,"DEF0D","DEF0",37815,29847
"DE_205","DE",31,"C23",23.13,52.6603107,9.2147596,"DE927","DE92",0,0
"DE_453","DE",32,"C23",23.32,51.6810818,7.4129903,"DEA35","DEA3",0,0
"DE_206","DE",31,"C23",23.19,50.7729531,6.4903969,"DEA26","DEA2",14320,17337
"DE_200","DE",31,"C23",23.11,50.8733379,7.0663166,"DEA23","DEA2",1783,115082
"DE_1366","DE",36,"C16-C18",17.12,50.3073736,7.6062956,"DEB1A","DEB1",5892,7669
"DE_203","DE",31,"C23",23.13,51.6247935,7.5138617,"DEA5C","DEA5",54191,39200
"DE_204","DE",31,"C23",23.13,52.53672,13.71558,"DE409","DE40",36313,29805
"DE_202","DE",31,"C23",23.13,51.6503278,14.2274502,"DE40G","DE40",45464,29576
"DE_195","DE",31,"C23",23.11,50.8762723,6.0928674,"DEA2D","DEA2",72206,66880
"DE_199","DE",31,"C23",23.11,49.520415,8.4777823,"DE126","DE12",0,0
"DE_198","DE",31,"C23",23.11,50.7859,6.21884,"DEA2D","DEA2",95408,84433
"DE_450","DE",32,"C23",23.32,51.7931088,9.7782447,"DE918","DE91",5277,4360
"DE_1327","DE",36,"C16-C18",17.12,51.2046152,6.7820606,"DEA11","DEA1",19324,17212
"DE_192","DE",31,"C23",23.14,51.3179055,13.1019774,"DED53","DED5",0,0
"DE_191","DE",31,"C23",23.19,50.5319328,11.2255308,"DEG0I","DEG0",0,0
"DE_445","DE",32,"C23",23.32,51.5565508,9.0483794,"DEA44","DEA4",18602,20223
"DE_189","DE",31,"C23",23.19,50.87692,13.31923,"DED43","DED4",0,0
"DE_187","DE",31,"C23",23.19,49.7861138,9.4961989,"DE26A","DE26",1120,1452
"DE_441","DE",32,"C23",23.32,47.7747474,9.2085559,"DE147","DE14",6636,8443
"DE_440","DE",32,"C23",23.32,53.5901118,7.5004186,"DE94H","DE94",2953,2654
"DE_185","DE",30,"C23",23.52,52.1611794,14.6288292,"DE40C","DE40",131481,110502
"DE_438","DE",32,"C23",23.32,50.0862472,9.0843434,"DE264","DE26",8975,9348
"DE_436","DE",32,"C23",23.32,49.8171365,7.9584216,"DEB3B","DEB3",21192,28887
"DE_183","DE",30,"C23",10.81,51.7001245,11.7584153,"DEE0C","DEE0",35371,53809
"DE_180","DE",30,"C23",10.81,51.72954,6.3586,"DEA1B","DEA1",58870,28221
"DE_1204","DE",36,"C16-C18",17.12,53.69535,9.71502,"DEF09","DEF0",17193,17027
"DE_435","DE",32,"C23",23.32,51.836717,9.0733504,"DEA44","DEA4",12998,11541
"DE_434","DE",32,"C23",23.32,51.815175,9.4012566,"DEA44","DEA4",0,0
"DE_433","DE",32,"C23",23.32,52.1006369,8.9323033,"DEA45","DEA4",0,0
"DE_431","DE",32,"C23",23.32,52.212511,7.9197717,"DE94E","DE94",7028,5656
"DE_177","DE",30,"C23",10.81,50.6579256,6.8102255,"DEA28","DEA2",47882,37872
"DE_430","DE",32,"C23",23.32,52.3122578,7.612612,"DEA37","DEA3",0,0
"DE_176","DE",30,"C23",10.81,50.9165474,6.3730099,"DEA26","DEA2",67391,56936
"DE_429","DE",32,"C23",23.32,52.3072077,7.2157084,"DE94B","DE94",0,0
"DE_428","DE",32,"C23",23.32,52.1131398,8.0894099,"DE94E","DE94",14768,12214
"DE_174","DE",30,"C23",23.52,50.5556168,9.5568935,"DE732","DE73",0,0
"DE_1147","DE",36,"C16-C18",17.12,49.4648466,8.109916,"DEB3C","DEB3",471,0
"DE_173","DE",30,"C23",23.52,49.364899,11.6040131,"DE236","DE23",41982,35006
"DE_427","DE",32,"C23",23.32,52.7122306,8.2824378,"DE94F","DE94",11800,9701
"DE_425","DE",32,"C23",23.32,49.0344536,9.0939045,"DE115","DE11",2704,4292
"DE_679","DE",36,"C16-C18",35.3,52.6175416,7.8596637,"DE94E","DE94",0,0
"DE_166","DE",30,"C23",10.81,52.2349459,10.0320912,"DE91A","DE91",63010,34774
"DE_169","DE",30,"C23",23.52,51.1995486,9.9079084,"DE737","DE73",47991,26224
"DE_168","DE",30,"C23",23.52,51.7568583,10.8471133,"DEE09","DEE0",174931,134690
"DE_422","DE",32,"C23",23.32,51.2807209,6.1765321,"DEA1E","DEA1",6008,4224
"DE_419","DE",32,"C23",23.32,51.9241622,7.367513,"DEA35","DEA3",8148,14947
"DE_165","DE",30,"C23",10.81,52.9752347,10.5574351,"DE93A","DE93",168356,77966
"DE_163","DE",30,"C23",10.81,52.07334,11.38529,"DEE07","DEE0",84552,55418
"DE_161","DE",30,"C23",10.81,52.16921,9.7909,"DE925","DE92",126571,72861
"DE_162","DE",30,"C23",10.81,52.02288,10.5453069,"DE91B","DE91",60545,42925
"DE_157","DE",30,"C23",23.52,52.1622763,7.9701408,"DEA37","DEA3",122118,93913
"DE_156","DE",30,"C23",23.52,48.7767663,10.6975233,"DE27D","DE27",133632,116161
"DE_153","DE",30,"C23",23.52,47.92532,7.7718271,"DE132","DE13",0,0
"DE_412","DE",32,"C23",23.32,51.0113206,13.650685,"DED2F","DED2",3625,16480
"DE_411","DE",32,"C23",23.32,51.65639,8.67815,"DEA47","DEA4",0,0
"DE_151","DE",30,"C23",23.52,52.061304,9.5869083,"DE923","DE92",0,0
"DE_410","DE",32,"C23",23.32,48.5481442,12.5496008,"DE22C","DE22",31604,28626
"DE_149","DE",30,"C23",23.52,51.397676,7.8417271,"DEA58","DEA5",579842,494915
"DE_150","DE",30,"C23",23.52,51.3744849,7.5303406,"DEA53","DEA5",0,0
"DE_148","DE",30,"C23",23.52,51.3950719,8.6855389,"DEA57","DEA5",0,0
"DE_146","DE",30,"C23",23.52,50.2287619,6.6786922,"DEB24","DEB2",0,0
"DE_144","DE",30,"C23",23.52,52.040365,8.39818,"DEA42","DEA4",6989,7267
"DE_141","DE",30,"C23",23.52,49.0302953,12.1370048,"DE232","DE23",79655,110064
"DE_140","DE",30,"C23",23.52,51.4368092,8.3739874,"DEA5B","DEA5",119544,90250
"DE_400","DE",32,"C23",23.32,52.81951,8.01814,"DE948","DE94",0,0
"DE_139","DE",30,"C23",23.52,50.3045551,8.065263,"DEB1A","DEB1",260593,245319
"DE_138","DE",30,"C23",23.52,50.4107702,8.1285068,"DE723","DE72",270478,170283
"DE_137","DE",30,"C23",23.52,51.1402578,8.021981,"DEA59","DEA5",17375,12329
"DE_402","DE",32,"C23",23.32,53.147394,7.9699344,"DE946","DE94",32949,22740
"DE_136","DE",30,"C23",23.52,52.22184,7.31746,"DEA37","DEA3",0,0
"DE_401","DE",32,"C23",23.32,53.00367,8.89296,"DE922","DE92",0,0
"DE_133","DE",30,"C23",23.52,47.660968,7.5436507,"DE139","DE13",79337,117508
"DE_134","DE",30,"C23",23.52,49.008932,11.8250025,"DE226","DE22",8021,10001
"DE_132","DE",30,"C23",23.52,51.7568583,10.8471133,"DEE09","DEE0",85788,59637
"DE_398","DE",32,"C23",23.32,48.262174,11.1838503,"DE21C","DE21",12183,15146
"DE_128","DE",30,"C23",23.52,51.7568583,10.8471133,"DEE09","DEE0",18892,31448
"DE_126","DE",30,"C23",23.52,51.7568583,10.8471133,"DEE09","DEE0",95701,148083
"DE_125","DE",30,"C23",23.52,51.7568583,10.8471133,"DEE09","DEE0",112184,109333
"DE_124","DE",30,"C23",23.52,52.4889197,13.8096282,"DE409","DE40",171790,140745
"DE_123","DE",30,"C23",23.52,51.6510486,10.0936577,"DE918","DE91",38968,30658
"DE_390","DE",32,"C23",23.32,48.4869875,11.7313889,"DE21B","DE21",5053,5698
"DE_117","DE",29,"C23",23.51,47.7999471,12.1841456,"DE21K","DE21",597861,643781
"DE_388","DE",32,"C23",23.32,51.8361532,6.2183076,"DEA1B","DEA1",8152,7658
"DE_113","DE",29,"C23",23.51,48.2292246,8.7794706,"DE143","DE14",170430,195380
"DE_384","DE",32,"C23",23.32,51.6406237,10.1621819,"DE91C","DE91",14690,16372
"DE_116","DE",29,"C23",23.51,51.3612084,10.48521,"DEG06","DEG0",850176,858768
"DE_112","DE",29,"C23",23.51,48.2292246,8.7794706,"DE143","DE14",413577,426586
"DE_110","DE",29,"C23",23.51,48.7767663,10.6975233,"DE27D","DE27",629801,531648
"DE_111","DE",29,"C23",23.51,52.3743164,9.8719192,"DE929","DE92",400527,459868
"DE_109","DE",29,"C23",23.51,49.2116849,12.0296401,"DE239","DE23",668563,861686
"DE_107","DE",29,"C23",23.51,51.6228547,8.5013468,"DEA5B","DEA5",297602,245880
"DE_105","DE",29,"C23",23.51,52.1739052,7.8842066,"DEA37","DEA3",590309,608428
"DE_104","DE",29,"C23",23.51,52.1739052,7.8842066,"DEA37","DEA3",224277,253892
"DE_103","DE",29,"C23",23.51,49.5980898,8.0322101,"DEB3D","DEB3",622749,554087
"DE_102","DE",29,"C23",23.51,50.0304293,8.2540567,"DE714","DE71",163500,158174
"DE_379","DE",32,"C23",23.32,52.1089156,12.3823936,"DE40E","DE40",9990,39936
"DE_97","DE",29,"C23",23.51,51.7602203,8.0727508,"DEA38","DEA3",227374,267334
"DE_95","DE",29,"C23",23.51,49.3575728,8.6890082,"DE125","DE12",19193,230247
"DE_618","DE",36,"C16-C18",17.12,51.2874173,12.0197431,"DEE0B","DEE0",12051,7265
"DE_94","DE",29,"C23",23.51,49.8070215,9.6128625,"DE26A","DE26",611954,551386
"DE_617","DE",36,"C16-C18",17.21,48.69288,11.4759,"DE21J","DE21",2201,596
"DE_93","DE",29,"C23",23.51,50.5267986,6.5448019,"DEA28","DEA2",0,0
"DE_616","DE",36,"C16-C18",17.12,49.9773198,9.0663252,"DE264","DE26",107271,55764
"DE_615","DE",36,"C16-C18",35.1,50.7783747,6.4892562,"DEA26","DEA2",82141,95976
"DE_614","DE",36,"C16-C18",17.12,48.5543544,9.4700827,"DE113","DE11",0,0
"DE_90","DE",29,"C23",23.51,51.6963705,8.7503867,"DEA47","DEA4",63244,202623
"DE_371","DE",32,"C23",23.32,49.5754278,11.7729926,"DE234","DE23",11294,16199
"DE_612","DE",36,"C16-C18",17.12,54.7786316,9.4318283,"DEF01","DEF0",18541,9638
"DE_89","DE",29,"C23",23.51,51.6206,8.51264,"DEA5B","DEA5",481643,531141
"DE_611","DE",36,"C16-C18",17.12,50.5674403,9.6820759,"DE732","DE73",136013,106469
"DE_88","DE",29,"C23",23.51,51.8572901,8.027695,"DEA38","DEA3",447756,462591
"DE_610","DE",36,"C16-C18",17.12,48.1098992,10.6666486,"DE27C","DE27",55022,64392
"DE_87","DE",29,"C23",23.51,51.59643,8.341,"DEA5B","DEA5",443273,430243
"DE_609","DE",36,"C16-C18",17.12,48.7960394,12.862007,"DE224","DE22",11717,47345
"DE_3902","DE",24,"C24",24.1,49.3553758,6.7317259,"DEC04","DEC0",262566,153999
"DE_3900","DE",33,"C23",23.99,48.7438961,11.241525,"DE21I","DE21",72507,91024
"DE_3901","DE",33,"C23",23.99,52.348475,11.2577241,"DEE07","DEE0",43118,50299
"DE_607","DE",36,"C16-C18",17.12,51.4639646,12.5937448,"DED53","DED5",50254,55242
"DE_3697","DE",30,"C23",10.81,49.2419407,9.1854558,"DE118","DE11",53540,41076
"DE_606","DE",36,"C16-C18",17.12,49.7070679,9.2434875,"DE269","DE26",47669,24481
"DE_3895","DE",30,"C23",10.81,49.5991255,8.2209774,"DEB3C","DEB3",124647,88970
"DE_3797","DE",30,"C23",10.81,51.4912096,9.1664164,"DEA44","DEA4",0,0
"DE_3799","DE",30,"C23",10.81,53.854429,13.7079198,"DE80N","DE80",86640,54943
"DE_605","DE",36,"C16-C18",17.12,48.2870332,11.47285,"DE217","DE21",0,0
"DE_3698","DE",30,"C23",10.81,51.4601157,13.2229854,"DE407","DE40",0,0
"DE_3695","DE",30,"C23",10.81,48.7905963,12.8869801,"DE224","DE22",80733,69999
"DE_3694","DE",30,"C23",10.81,48.6976879,10.9093367,"DE27D","DE27",72830,55480
"DE_604","DE",36,"C16-C18",17.12,50.8159656,6.4688387,"DEA26","DEA2",16825,16870
"DE_3599","DE",30,"C23",10.81,51.1015733,9.3592123,"DE735","DE73",41592,33165
"DE_3597","DE",37,"C19-C20",20.13,51.54388,7.43884,"DEA52","DEA5",271876,186833
"DE_3596","DE",42,"C19-C20",20.14,51.2006946,12.3870379,"DED52","DED5",945346,682045
"DE_3595","DE",30,"C23",10.81,51.0539394,12.1103479,"DEE08","DEE0",288831,106802
"DE_3399","DE",30,"C23",10.81,49.6655132,10.0797251,"DE26C","DE26",94972,62335
"DE_3398","DE",37,"C19-C20",20.13,50.8737059,6.9181277,"DEA27","DEA2",214265,183579
"DE_4170","DE",36,"C16-C18",17.12,51.520172,14.3365741,"DE40G","DE40",2926,48494
"DE_4159","DE",30,"C23",23.52,50.02722,11.30862,"DE24B","DE24",33881,35455
"DE_4168","DE",31,"C23",23.13,50.4721057,11.2843749,"DE24A","DE24",0,0
"DE_4160","DE",36,"C16-C18",17.12,52.6253424,10.2460495,"DE931","DE93",2708,46794
"DE_600","DE",36,"C16-C18",17.12,47.8081365,10.9023531,"DE21N","DE21",205,171123
"DE_4154","DE",30,"C23",23.52,48.0112198,7.6720602,"DE132","DE13",36226,26769
"DE_598","DE",36,"C16-C18",17.12,50.6352009,6.8123916,"DEA28","DEA2",7705,5337
"DE_597","DE",36,"C16-C18",17.12,50.7261833,6.472219,"DEA26","DEA2",23239,14701
"DE_4151","DE",24,"C24",24.1,53.1409357,8.6834813,"DE501","DE50",488166,218265
"DE_4150","DE",25,"C24",25.61,52.1611794,14.6288292,"DE40C","DE40",21385,17831
"DE_4139","DE",31,"C23",23.11,52.0594816,11.5683208,"DEE07","DEE0",104544,102391
"DE_4134","DE",30,"C23",23.52,52.2222789,7.7537892,"DEA37","DEA3",0,0
"DE_2797","DE",33,"C23",23.99,49.4818867,8.5803626,"DE128","DE12",36306,27941
"FR_222741","FR",43,"C19-C20",NA,48.5847827,2.9454811,"FR102","FR10",0,0
"FR_218440","FR",43,"C19-C20",NA,49.4797438,0.2589221,"FRD22","FRD2",513645,237993
"FR_210723","FR",21,"C19-C20",NA,43.399426,5.1040251,"FRL04","FRL0",327,6627
"FR_210395","FR",35,"C16-C18",NA,47.6295026,-2.1635541,"FRH04","FRH0",22345,17948
"FR_210163","FR",25,"C24",NA,50.6183162,2.4722946,"FRE12","FRE1",25060,21787
"FR_210099","FR",31,"C23",NA,50.0664613,1.467968,"FRE23","FRE2",7032,6760
"FR_209262","FR",35,"C16-C18",17.22,45.25671,4.682211,"FRK22","FRK2",9271,7329
"FR_207494","FR",32,"C23",23.31,49.0094208,4.0421459,"FRF23","FRF2",9455,19497
"FR_207223","FR",32,"C23",23.31,50.2660209,3.9354817,"FRE11","FRE1",19461,10185
"FR_206804","FR",33,"C23",23.99,45.497422,4.1838232,"FRK25","FRK2",1196,982
"FR_206703","FR",28,"C24",20.12,47.8062951,7.1130463,"FRF12","FRF1",19248,28100
"FR_206382","FR",38,"C19-C20",20.15,50.4692254,2.7391395,"FRE12","FRE1",0,0
"FR_206374","FR",25,"C24",25.5,46.8053426,4.4325252,"FRC13","FRC1",11557,8955
"FR_206361","FR",24,"C24",24.51,50.4276491,2.7449079,"FRE12","FRE1",3268,411
"FR_206360","FR",42,"C19-C20",20.16,51.034008,2.236494,"FRE11","FRE1",2301,4974
"FR_206305","FR",25,"C24",24.33,48.802939,4.954217,"FRF32","FRF3",11814,1623
"FR_206303","FR",25,"C24",24.33,48.802939,4.954217,"FRF32","FRF3",23346,4349
"FR_206232","FR",41,"C19-C20",20.15,47.78719,7.506512,"FRF12","FRF1",200110,401011
"FR_206160","FR",25,"C24",27.51,48.677554,5.799582,"FRF31","FRF3",29737,26412
"FR_206159","FR",25,"C24",27.51,48.5524324,5.0724253,"FRF24","FRF2",14495,13596
"FR_206132","FR",42,"C19-C20",20.16,49.0051072,6.4083278,"FRF33","FRF3",9805,4899
"FR_206099","FR",42,"C19-C20",20.14,44.926321,-0.520603,"FRI12","FRI1",5527,4047
"FR_206056","FR",42,"C19-C20",20.14,43.388073,5.030569,"FRL04","FRL0",48073,165125
"FR_206055","FR",42,"C19-C20",20.14,43.4354762,4.8308344,"FRL04","FRL0",0,0
"FR_206065","FR",25,"C24",24.1,49.2592378,6.1459908,"FRF33","FRF3",22489,19910
"FR_206047","FR",25,"C24",24.1,50.2670938,3.9570972,"FRE11","FRE1",42888,28434
"FR_206041","FR",24,"C24",24.51,46.5453305,3.7043065,"FRK11","FRK1",37223,22720
"FR_205948","FR",28,"C24",24.2,49.4668394,1.0484141,"FRD22","FRD2",0,0
"FR_205947","FR",25,"C24",24.2,50.3925963,3.5626247,"FRE11","FRE1",0,0
"FR_205949","FR",24,"C24",24.2,50.193238,3.822462,"FRE11","FRE1",12052,9722
"FR_205944","FR",28,"C24",24.2,47.6170267,4.3290274,"FRC11","FRC1",6963,7533
"FR_205940","FR",42,"C19-C20",20.14,45.360759,4.79787,"FRK24","FRK2",5608,103971
"FR_205923","FR",42,"C19-C20",20.14,43.388073,5.030569,"FRL04","FRL0",0,0
"FR_205796","FR",28,"C24",24.43,50.43289,2.8897475,"FRE12","FRE1",74617,62017
"FR_205787","FR",33,"C23",23.99,46.1672622,2.8461652,"FRK14","FRK1",107034,85572
"FR_205769","FR",26,"C24",24.42,50.9968938,2.1635072,"FRE11","FRE1",483577,455214
"FR_205768","FR",29,"C23",23.51,51.0330656,2.2642807,"FRE11","FRE1",136930,116372
"FR_205766","FR",30,"C23",23.51,44.55061,4.683794,"FRK22","FRK2",0,0
"FR_205775","FR",29,"C23",23.51,45.372151,5.749914,"FRK24","FRK2",23772,20653
"FR_205752","FR",42,"C19-C20",20.13,47.0563537,5.4136285,"FRC22","FRC2",0,0
"FR_205767","FR",29,"C23",23.51,43.4608807,4.9204842,"FRL04","FRL0",157296,119679
"FR_205749","FR",42,"C19-C20",20.13,47.036533,5.407559,"FRC22","FRC2",0,0
"FR_205750","FR",42,"C19-C20",20.14,47.036533,5.407559,"FRC22","FRC2",0,0
"FR_205751","FR",42,"C19-C20",20.13,47.036533,5.407559,"FRC22","FRC2",5764,41430
"FR_205746","FR",42,"C19-C20",20.16,47.036533,5.407559,"FRC22","FRC2",0,0
"FR_205748","FR",42,"C19-C20",20.14,47.036533,5.407559,"FRC22","FRC2",57823,180610
"FR_205584","FR",32,"C23",23.31,43.9244283,4.6054169,"FRJ12","FRJ1",13069,9984
"FR_204944","FR",42,"C19-C20",20.13,43.388073,5.030569,"FRL04","FRL0",60193,105887
"FR_205532","FR",38,"C19-C20",20.15,47.305705,-2.117028,"FRG01","FRG0",8997,55008
"FR_205531","FR",38,"C19-C20",20.15,43.36779,-0.586227,"FRI15","FRI1",0,0
"FR_205226","FR",28,"C24",24.1,44.105296,4.657439,"FRJ12","FRJ1",153157,198740
"FR_205436","FR",32,"C23",23.31,45.21103,4.81337,"FRK23","FRK2",21090,13015
"FR_205428","FR",25,"C24",24.1,51.0191681,2.1533167,"FRE11","FRE1",54925,71121
"FR_205423","FR",42,"C19-C20",20.11,47.8197789,7.539769,"FRF12","FRF1",83366,95306
"FR_204907","FR",42,"C19-C20",20.16,45.6880118,4.8466628,"FRK26","FRK2",11057,13725
"FR_204921","FR",42,"C19-C20",20.16,45.360759,4.79787,"FRK24","FRK2",7781,59527
"FR_204319","FR",37,"C19-C20",20.16,43.392365,-0.652134,"FRI15","FRI1",2106,21513
"FR_204318","FR",37,"C19-C20",20.14,43.413249,-0.61914,"FRI15","FRI1",4228,30862
"FR_204293","FR",24,"C24",24.1,45.3857945,5.9985849,"FRK24","FRK2",17404,14694
"FR_204214","FR",25,"C24",24.1,51.0356949,2.272138,"FRE11","FRE1",125301,185114
"FR_204211","FR",41,"C19-C20",20.15,48.610984,2.888184,"FR102","FR10",33238,275020
"FR_204210","FR",38,"C19-C20",20.15,48.610984,2.888184,"FR102","FR10",6312,44633
"FR_204207","FR",41,"C19-C20",20.15,49.4195487,1.0323981,"FRD22","FRD2",0,0
"FR_204209","FR",38,"C19-C20",20.15,49.4195487,1.0323981,"FRD22","FRD2",50148,75567
"FR_118","FR",29,"C23",23.51,49.2101484,-0.3243742,"FRD11","FRD1",266511,231900
"FR_10","FR",36,"C16-C18",17.12,49.4448402,4.0453472,"FRE21","FRE2",3154,11968
"FR_195","FR",24,"C24",24.1,46.287397,2.744096,"FRK11","FRK1",12867,9429
"FR_92","FR",35,"C16-C18",17.11,43.8313863,-0.8266102,"FRI13","FRI1",35062,156751
"FR_213","FR",31,"C23",23.13,45.954169,3.47848,"FRK14","FRK1",82911,50355
"FR_1028","FR",32,"C23",23.32,45.9119502,0.5916408,"FRI31","FRI3",17799,14001
"FR_215","FR",35,"C16-C18",17.12,45.6620806,3.2053832,"FRK14","FRK1",3828,3436
"FR_1029","FR",29,"C23",23.51,45.608466,0.101397,"FRI31","FRI3",0,0
"FR_1030","FR",29,"C23",23.51,46.82465,-0.138802,"FRI33","FRI3",487076,432486
"FR_1032","FR",31,"C23",23.13,45.6988963,-0.3387733,"FRI31","FRI3",79160,55674
"FR_1033","FR",36,"C16-C18",17.12,45.6408257,0.1074325,"FRI31","FRI3",14937,12671
"FR_218","FR",29,"C23",23.51,48.758552,4.571769,"FRF23","FRF2",617722,558258
"FR_220","FR",32,"C23",23.32,48.7540968,4.8437272,"FRF23","FRF2",16860,13190
"FR_223","FR",35,"C16-C18",17.12,49.499397,4.3645953,"FRF21","FRF2",12975,13244
"FR_93","FR",42,"C19-C20",20.14,43.9473762,-1.2979545,"FRI13","FRI1",11083,34643
"FR_233","FR",31,"C23",23.13,48.9525887,4.0297361,"FRF23","FRF2",32029,33876
"FR_237","FR",32,"C23",23.32,48.7540968,4.8437272,"FRF23","FRF2",0,0
"FR_123","FR",35,"C16-C18",17.22,49.0201232,-1.5023599,"FRD12","FRD1",3075,1989
"FR_517","FR",31,"C23",23.11,49.11371,6.831219,"FRF33","FRF3",130014,118450
"FR_519","FR",29,"C23",23.52,48.711667,5.633576,"FRF32","FRF3",272555,200471
"FR_771","FR",32,"C23",23.32,48.5835493,2.0808858,"FR104","FR10",0,0
"FR_534","FR",29,"C23",23.51,48.1074919,-1.0361049,"FRG03","FRG0",820945,807767
"FR_95","FR",30,"C23",23.52,44.573892,0.978546,"FRI14","FRI1",12525,12287
"FR_246","FR",35,"C16-C18",17.22,48.2807631,3.9262063,"FRF22","FRF2",10940,7705
"FR_1057","FR",30,"C23",23.52,46.640391,1.4230129,"FRB03","FRB0",35086,53348
"FR_549","FR",35,"C16-C18",17.12,47.833387,0.753144,"FRG04","FRG0",0,0
"FR_1058","FR",31,"C23",23.13,46.7996078,1.7315418,"FRB03","FRB0",9724,10531
"FR_559","FR",21,"C19-C20",19.2,47.3423462,-2.0634367,"FRG01","FRG0",827252,222496
"FR_253","FR",21,"C19-C20",19.2,49.4828428,0.2354024,"FRD22","FRD2",1722996,687044
"FR_786","FR",32,"C23",23.32,43.34024,1.835209,"FRJ11","FRJ1",17317,18830
"FR_1062","FR",35,"C16-C18",17.12,46.9778049,0.6882433,"FRB04","FRB0",1325,42742
"FR_561","FR",35,"C16-C18",17.12,47.2005399,-1.5519903,"FRG01","FRG0",14017,11072
"FR_787","FR",32,"C23",23.32,43.2934978,2.0501309,"FRJ11","FRJ1",12170,13457
"FR_562","FR",35,"C16-C18",17.11,48.0346051,0.3688806,"FRG04","FRG0",2682,7112
"FR_789","FR",29,"C23",23.51,43.0220105,3.0332187,"FRJ11","FRJ1",381688,388561
"FR_564","FR",30,"C23",23.52,48.1581605,-0.4267085,"FRG03","FRG0",155925,153255
"FR_790","FR",32,"C23",23.32,43.3183074,2.0120871,"FRJ11","FRJ1",13293,12726
"FR_567","FR",35,"C16-C18",17.12,47.66665,0.263697,"FRG04","FRG0",3004,17352
"FR_254","FR",31,"C23",23.13,49.4957158,0.1559594,"FRD22","FRD2",63195,41167
"FR_793","FR",29,"C23",23.51,43.7886979,4.5387,"FRJ12","FRJ1",398279,399356
"FR_96","FR",29,"C23",23.52,44.5868677,1.0079443,"FRI14","FRI1",0,0
"FR_69","FR",36,"C16-C18",17.12,45.124619,1.2262951,"FRI11","FRI1",21138,52851
"FR_579","FR",32,"C23",23.32,47.2348987,-1.217408,"FRG01","FRG0",2096,2374
"FR_796","FR",31,"C23",23.14,44.1010119,4.7079101,"FRJ12","FRJ1",24920,29084
"FR_259","FR",21,"C19-C20",19.2,49.48118,0.55243,"FRD22","FRD2",1850114,1150342
"FR_804","FR",35,"C16-C18",17.12,42.48278,2.686041,"FRJ15","FRJ1",1561,0
"FR_1071","FR",35,"C16-C18",17.12,47.692792,2.702926,"FRB06","FRB0",48367,59206
"FR_1073","FR",35,"C16-C18",17.12,47.8907922,1.8405473,"FRB06","FRB0",0,0
"FR_584","FR",26,"C24",24.42,43.4427053,5.4655625,"FRL04","FRL0",43591,108902
"FR_583","FR",29,"C23",23.52,48.021007,-0.444699,"FRG03","FRG0",24246,29864
"FR_264","FR",21,"C19-C20",19.2,49.3707028,1.01579,"FRD22","FRD2",0,0
"FR_812","FR",35,"C16-C18",17.12,48.2609738,7.2234543,"FRF12","FRF1",10646,11878
"FR_815","FR",35,"C16-C18",17.12,48.825269,7.7402132,"FRF11","FRF1",7554,9242
"FR_71","FR",29,"C23",23.52,45.101828,1.320041,"FRI11","FRI1",36865,39624
"FR_596","FR",31,"C23",23.14,44.1294258,4.8397869,"FRL06","FRL0",29593,22021
"FR_597","FR",35,"C16-C18",17.12,43.989778,4.862841,"FRL06","FRL0",12140,15846
"FR_1081","FR",31,"C23",23.13,47.8956522,1.8255424,"FRB06","FRB0",19003,20290
"FR_599","FR",35,"C16-C18",17.12,43.95318,4.935293,"FRL06","FRL0",0,0
"FR_828","FR",31,"C23",23.11,47.759769,7.504542,"FRF12","FRF1",72584,87816
"FR_829","FR",36,"C16-C18",17.12,48.1528598,7.2393157,"FRF12","FRF1",43825,31655
"FR_98","FR",30,"C23",23.52,44.5980377,1.02092,"FRI14","FRI1",33958,44338
"FR_830","FR",32,"C23",23.32,48.8993372,7.910627,"FRF11","FRF1",13922,13475
"FR_277","FR",31,"C23",23.13,49.8848,1.70195,"FRD22","FRD2",53186,39004
"FR_278","FR",35,"C16-C18",17.12,49.3572004,0.5084225,"FRD21","FRD2",10511,6542
"FR_279","FR",29,"C23",23.51,49.49437,0.107929,"FRD22","FRD2",0,0
"FR_835","FR",32,"C23",23.32,48.580692,7.6326664,"FRF11","FRF1",16459,17401
"FR_836","FR",35,"C16-C18",17.12,48.0688821,7.5547072,"FRF12","FRF1",16629,12821
"FR_280","FR",35,"C16-C18",17.12,49.3682082,1.0086279,"FRD22","FRD2",0,63340
"FR_1091","FR",29,"C23",23.51,47.0833259,3.0035296,"FRB01","FRB0",308113,270381
"FR_128","FR",35,"C16-C18",17.22,48.264624,0.690608,"FRD13","FRD1",16296,15802
"FR_842","FR",35,"C16-C18",17.12,48.5621138,7.7958457,"FRF11","FRF1",40412,87703
"FR_289","FR",36,"C16-C18",17.12,49.405456,1.114001,"FRD22","FRD2",10670,5394
"FR_290","FR",35,"C16-C18",17.12,49.1473472,1.1504129,"FRD21","FRD2",25816,18049
"FR_847","FR",29,"C23",23.31,47.628963,7.2351664,"FRF12","FRF1",213468,207104
"FR_1101","FR",30,"C23",23.52,45.247215,5.48148,"FRK24","FRK2",76876,62581
"FR_292","FR",31,"C23",23.19,49.2431061,1.4008502,"FRD21","FRD2",2251,11913
"FR_1103","FR",32,"C23",23.32,45.497422,4.1838232,"FRK25","FRK2",0,0
"FR_297","FR",36,"C16-C18",17.12,49.3678774,1.1106799,"FRD22","FRD2",83,57409
"FR_298","FR",31,"C23",23.13,49.83549,1.719433,"FRD22","FRD2",16535,13860
"FR_302","FR",35,"C16-C18",17.12,49.4584645,0.8246351,"FRD22","FRD2",0,0
"FR_303","FR",31,"C23",23.61,49.7630209,1.7546249,"FRD22","FRD2",15833,10151
"FR_305","FR",31,"C23",23.13,50.0649177,1.3940378,"FRE23","FRE2",65653,50914
"FR_1118","FR",32,"C23",23.32,14.5345509,-61.0121526,"FRY20","FRY2",0,0
"FR_312","FR",35,"C16-C18",17.12,47.1605399,5.88687,"FRC21","FRC2",5224,3782
"FR_313","FR",32,"C23",23.32,47.2356432,5.7639285,"FRC21","FRC2",27275,16528
"FR_314","FR",36,"C16-C18",17.12,47.4527752,6.8087223,"FRC21","FRC2",8773,7266
"FR_319","FR",32,"C23",23.32,46.7991847,5.4575731,"FRC22","FRC2",6746,5011
"FR_604","FR",37,"C19-C20",20.14,43.2840401,5.501297,"FRL04","FRL0",74447,68172
"FR_321","FR",29,"C23",23.31,47.128968,5.5508224,"FRC22","FRC2",235887,222185
"FR_51","FR",35,"C16-C18",17.12,49.722329,2.5357882,"FRE23","FRE2",31558,16312
"FR_324","FR",31,"C23",23.13,47.9927867,6.0647066,"FRC23","FRC2",3594,3218
"FR_610","FR",35,"C16-C18",17.11,43.800823,4.6559435,"FRL04","FRL0",54301,167227
"FR_613","FR",30,"C23",23.52,43.3957925,5.1744903,"FRL04","FRL0",108120,115830
"FR_614","FR",21,"C19-C20",19.2,43.388073,5.030569,"FRL04","FRL0",1223463,961266
"FR_615","FR",21,"C19-C20",35.2,43.3963987,5.0130859,"FRL04","FRL0",667,80
"FR_331","FR",35,"C16-C18",17.12,45.8782338,0.8906596,"FRI23","FRI2",38683,54439
"FR_624","FR",21,"C19-C20",19.2,43.5120319,5.1536327,"FRL04","FRL0",0,0
"FR_338","FR",35,"C16-C18",17.12,45.87062,0.814777,"FRI31","FRI3",47698,74506
"FR_954","FR",35,"C16-C18",17.12,50.3374191,3.0306981,"FRE12","FRE1",0,0
"FR_639","FR",29,"C23",23.51,43.4073624,5.3641545,"FRL04","FRL0",301380,302626
"FR_955","FR",24,"C24",24.1,50.997345,2.29026,"FRE11","FRE1",57026,54378
"FR_641","FR",30,"C23",23.52,43.3641763,5.1859652,"FRL04","FRL0",37512,61735
"FR_956","FR",24,"C24",24.1,51.022422,2.2823603,"FRE11","FRE1",5170805,9378333
"FR_648","FR",32,"C23",23.32,43.3490223,5.3590383,"FRL04","FRL0",18845,9858
"FR_664","FR",21,"C19-C20",19.2,48.6062291,2.8910446,"FR102","FR10",71,2938
"FR_665","FR",35,"C16-C18",17.12,48.7896725,3.2568951,"FR102","FR10",0,0
"FR_346","FR",32,"C23",23.32,46.072833,4.042404,"FRK25","FRK2",10502,13813
"FR_1148","FR",32,"C23",23.32,46.861861,4.841776,"FRC13","FRC1",15734,10314
"FR_972","FR",35,"C16-C18",17.21,50.718374,2.127539,"FRE12","FRE1",17160,14548
"FR_684","FR",25,"C24",24.1,49.0342253,1.569175,"FR103","FR10",33673,32870
"FR_351","FR",31,"C23",23.13,45.903996,5.3486269,"FRK21","FRK2",95972,65181
"FR_352","FR",32,"C23",23.32,46.4336266,4.9458644,"FRK21","FRK2",13746,17279
"FR_357","FR",29,"C23",23.51,44.6431667,4.7563793,"FRK22","FRK2",0,101376
"FR_989","FR",35,"C16-C18",17.12,50.7070028,2.2247106,"FRE12","FRE1",0,0
"FR_358","FR",29,"C23",23.52,44.6569762,4.7651648,"FRK22","FRK2",50927,46844
"FR_359","FR",31,"C23",23.13,44.6439199,4.3703599,"FRK22","FRK2",35083,30082
"FR_990","FR",31,"C23",23.13,50.4951566,2.871049,"FRE12","FRE1",37952,32005
"FR_991","FR",32,"C23",23.32,50.6470074,3.0120263,"FRE11","FRE1",0,0
"FR_360","FR",29,"C23",23.51,44.55061,4.683794,"FRK22","FRK2",577357,546710
"FR_368","FR",29,"C23",23.51,45.8088083,5.4076138,"FRK24","FRK2",736209,682935
"FR_1004","FR",42,"C19-C20",20.14,51.024639,2.2494091,"FRE11","FRE1",423905,417766
"FR_1005","FR",24,"C24",24.1,50.3925963,3.5626247,"FRE11","FRE1",47492,30706
"FR_1006","FR",31,"C23",23.13,50.1347628,3.2156915,"FRE11","FRE1",18234,14058
"FR_1007","FR",32,"C23",23.32,50.5173499,3.1521499,"FRE11","FRE1",4622,3729
"FR_1009","FR",32,"C23",23.32,50.4877154,2.7987378,"FRE12","FRE1",0,0
"FR_1021","FR",32,"C23",23.32,45.8823114,0.6102774,"FRI31","FRI3",29435,26706
"FR_1012","FR",32,"C23",23.32,50.7003806,2.3496722,"FRE12","FRE1",10809,6842
"FR_91","FR",32,"C23",23.32,43.759429,-0.8386859,"FRI13","FRI1",20317,13397
"FR_1014","FR",32,"C23",23.32,50.5005158,2.4576199,"FRE12","FRE1",0,0
"FR_1024","FR",35,"C16-C18",17.12,45.296355,0.258508,"FRI11","FRI1",33010,21375
"FR_1025","FR",35,"C16-C18",17.12,45.6795857,0.2017074,"FRI31","FRI3",0,0
"FR_383","FR",37,"C19-C20",20.13,45.0826999,5.7403634,"FRK24","FRK2",17538,30440
"FR_389","FR",30,"C23",23.51,45.2343691,5.6712701,"FRK24","FRK2",130582,146812
"FR_391","FR",29,"C23",23.52,45.6973521,5.3082242,"FRK24","FRK2",47768,35142
"FR_390","FR",31,"C23",23.11,45.3349697,4.7954522,"FRK24","FRK2",89573,82504
"FR_395","FR",29,"C23",17.12,45.0659613,5.7685733,"FRK24","FRK2",573,4635
"FR_397","FR",24,"C24",24.1,45.392282,4.2806989,"FRK25","FRK2",8669,1908
"FR_406","FR",31,"C23",23.13,45.5577316,4.1213279,"FRK25","FRK2",52194,36804
"FR_1156","FR",32,"C23",23.32,47.6780738,-0.2628052,"FRG02","FRG0",17276,17016
"FR_407","FR",31,"C23",23.13,45.5663592,4.2952107,"FRK25","FRK2",72322,43793
"FR_410","FR",29,"C23",23.51,45.8551679,4.6810617,"FRK26","FRK2",219906,216576
"FR_1161","FR",32,"C23",23.32,49.6984629,4.41868,"FRF21","FRF2",9720,7556
"FR_415","FR",37,"C19-C20",20.13,45.7042761,4.8295032,"FRK26","FRK2",13842,12391
"FR_416","FR",32,"C23",23.32,45.9089597,4.7786793,"FRK26","FRK2",11708,11282
"FR_32","FR",31,"C23",23.13,49.6508186,1.853739,"FRE22","FRE2",55391,38899
"FR_417","FR",43,"C19-C20",20.11,45.6862682,4.8463737,"FRK26","FRK2",73241,62999
"FR_419","FR",32,"C23",23.32,45.704408,4.470519,"FRK26","FRK2",26911,25388
"FR_427","FR",21,"C19-C20",19.2,45.6730259,4.8602463,"FRK26","FRK2",1019876,594638
"FR_1163","FR",31,"C23",23.14,43.0937376,0.3834214,"FRJ26","FRJ2",31981,22405
"FR_692","FR",32,"C23",23.64,48.9842897,1.9026659,"FR103","FR10",6330,4722
"FR_695","FR",25,"C24",24.1,48.9847486,1.7588727,"FR103","FR10",41105,38125
"FR_434","FR",31,"C23",23.14,45.5815028,5.9049705,"FRK27","FRK2",32064,31586
"FR_144","FR",31,"C23",23.13,46.803915,4.841966,"FRC13","FRC1",134534,97728
"FR_439","FR",24,"C24",24.1,45.7493081,6.4315968,"FRK27","FRK2",44756,39927
"FR_145","FR",31,"C23",23.19,46.8070415,4.8607142,"FRC13","FRC1",0,0
"FR_443","FR",35,"C16-C18",17.12,46.3854137,6.5119334,"FRK28","FRK2",1277,4778
"FR_856","FR",29,"C23",23.52,43.017026,0.61231,"FRJ26","FRJ2",17021,15289
"FR_864","FR",31,"C23",23.13,43.9292244,2.1994092,"FRJ27","FRJ2",68697,55007
"FR_866","FR",35,"C16-C18",16.21,43.545272,2.260775,"FRJ27","FRJ2",411,18451
"FR_872","FR",32,"C23",23.32,43.6079576,1.3371812,"FRJ23","FRJ2",23853,24957
"FR_455","FR",44,"C19-C20",20.13,48.6271246,6.3436631,"FRF31","FRF3",504577,433487
"FR_114","FR",32,"C23",23.64,49.2248586,-0.2221663,"FRD11","FRD1",8084,4731
"FR_875","FR",37,"C19-C20",20.13,43.0918735,0.3738607,"FRJ26","FRJ2",22041,32156
"FR_880","FR",29,"C23",23.51,43.194317,0.997413,"FRJ23","FRJ2",398312,302241
"FR_882","FR",32,"C23",23.32,43.26028,0.642032,"FRJ23","FRJ2",0,0
"FR_149","FR",24,"C24",24.1,46.9339233,3.2606892,"FRC12","FRC1",21135,16323
"FR_155","FR",29,"C23",23.51,47.800807,4.089466,"FRC14","FRC1",0,0
"FR_888","FR",32,"C23",23.32,43.6122848,1.3124398,"FRJ23","FRJ2",25326,28964
"FR_889","FR",32,"C23",23.32,43.595862,1.276456,"FRJ23","FRJ2",12487,9012
"FR_78","FR",35,"C16-C18",17.12,44.6283465,-0.9773031,"FRI12","FRI1",32344,105137
"FR_465","FR",25,"C24",24.1,48.6094137,6.1035033,"FRF31","FRF3",78247,78742
"FR_466","FR",24,"C24",24.51,48.8956788,6.0520937,"FRF31","FRF3",290785,368737
"FR_894","FR",32,"C23",23.32,50.4315846,3.1676644,"FRE11","FRE1",4255,1892
"FR_160","FR",32,"C23",23.32,46.9044718,4.7545478,"FRC13","FRC1",12826,8192
"FR_470","FR",36,"C16-C18",17.12,48.72974,5.979151,"FRF31","FRF3",20033,22817
"FR_471","FR",29,"C23",23.51,48.567015,6.103611,"FRF31","FRF3",303631,276859
"FR_37","FR",32,"C23",23.32,49.4480638,1.8089524,"FRE22","FRE2",33181,24209
"FR_903","FR",35,"C16-C18",17.12,50.7106091,2.2624743,"FRE12","FRE1",12116,18006
"FR_904","FR",35,"C16-C18",17.21,50.7124037,2.337019,"FRE12","FRE1",35747,24666
"FR_902","FR",35,"C16-C18",17.12,50.7155086,2.2753615,"FRE12","FRE1",89,35101
"FR_474","FR",29,"C23",23.52,49.106984,5.38711,"FRF32","FRF3",309097,247673
"FR_475","FR",35,"C16-C18",17.12,49.4902267,5.1772967,"FRF32","FRF3",12462,19565
"FR_913","FR",21,"C19-C20",19.2,51.0419006,2.332925,"FRE11","FRE1",0,0
"FR_915","FR",31,"C23",23.13,50.7305899,2.3011795,"FRE12","FRE1",133105,196706
"FR_924","FR",24,"C24",24.1,51.0569429,2.4639201,"FRE11","FRE1",5974,5391
"FR_482","FR",24,"C24",24.1,49.2502688,6.1602329,"FRF33","FRF3",49374,51217
"FR_918","FR",29,"C23",23.52,50.1153316,3.9238056,"FRE11","FRE1",85217,85491
"FR_485","FR",24,"C24",24.1,49.3258346,6.1317195,"FRF33","FRF3",198432,227033
"FR_177","FR",35,"C16-C18",17.12,47.968022,-3.875585,"FRH02","FRH0",4764,27110
"FR_486","FR",29,"C23",23.51,48.6946811,6.9986197,"FRF33","FRF3",413713,402427
"FR_932","FR",35,"C16-C18",17.12,50.7709681,3.0840007,"FRE11","FRE1",11953,13791
"FR_497","FR",35,"C16-C18",17.12,48.114729,6.5383942,"FRF34","FRF3",20779,12280
"FR_936","FR",31,"C23",23.11,50.2929579,4.0591018,"FRE11","FRE1",816,98177
"FR_937","FR",29,"C23",23.31,50.709358,2.118958,"FRE12","FRE1",432614,394574
"FR_490","FR",31,"C23",23.14,49.1432736,6.6903334,"FRF33","FRF3",5173,3821
"FR_491","FR",42,"C19-C20",20.14,49.104408,6.705793,"FRF33","FRF3",127736,187015
"FR_9","FR",31,"C23",23.13,49.3980861,3.329592,"FRE21","FRE2",42568,32109
"FR_942","FR",24,"C24",24.1,50.3295244,3.4901221,"FRE11","FRE1",72416,58159
"FR_504","FR",35,"C16-C18",17.22,48.1893055,6.7088776,"FRF34","FRF3",21014,16230
"FR_510","FR",36,"C16-C18",35,48.0271509,6.5800067,"FRF34","FRF3",0,0
"FR_508","FR",35,"C16-C18",17.12,48.3319992,6.9861354,"FRF34","FRF3",0,0
"FR_507","FR",35,"C16-C18",17.12,48.4096339,6.832955,"FRF34","FRF3",0,3028
"FI_224300","FI",43,"C19-C20",NA,61.318991,22.0992205,"FI196","FI19",0,0
"FI_223880","FI",43,"C19-C20",NA,61.1409374,28.5504179,"FI1C5","FI1C",0,0
"FI_223881","FI",43,"C19-C20",NA,61.284826,22.7062561,"FI197","FI19",0,0
"FI_222720","FI",43,"C19-C20",NA,65.002082,25.433642,"FI1D9","FI1D",0,0
"FI_222435","FI",21,"C19-C20",NA,61.0659999,28.2345753,"FI1C5","FI1C",0,0
"FI_221146","FI",43,"C19-C20",NA,60.9314985,26.6048106,"FI1C4","FI1C",0,0
"FI_220810","FI",34,"C23",NA,61.7943415,22.4571354,"FI196","FI19",0,0
"FI_220809","FI",43,"C19-C20",NA,61.3157506,22.1241262,"FI196","FI19",0,0
"FI_206287","FI",43,"C19-C20",20.14,65.0120888,25.4650773,"FI1D9","FI1D",0,0
"FI_206136","FI",28,"C24",24.44,61.3184958,22.1198493,"FI196","FI19",71614,66846
"FI_206161","FI",38,"C19-C20",20.15,63.0973419,27.732433,"FI1D2","FI1D",24638,128922
"FI_206121","FI",23,"C24",24.43,63.8530243,23.0972557,"FI1D5","FI1D",7969,54603
"FI_206070","FI",33,"C23",23.99,65.0546802,25.5514862,"FI1D9","FI1D",0,0
"FI_205649","FI",34,"C23",23.62,60.0746153,24.390319,"FI1B1","FI1B",12029,4419
"FI_204524","FI",36,"C16-C18",17.12,60.5331129,26.9109772,"FI1C4","FI1C",0,370
"FI_204381","FI",36,"C16-C18",17.12,61.1091485,22.1553753,"FI196","FI19",0,0
"FI_511","FI",32,"C23",23.32,60.2043246,22.4676152,"FI1C1","FI1C",0,0
"FI_475","FI",38,"C19-C20",20.15,60.8026357,21.3846871,"FI1C1","FI1C",26683,117849
"FI_422","FI",36,"C16-C18",17.12,65.7334636,24.5730464,"FI1D7","FI1D",6483,75779
"FI_421","FI",36,"C16-C18",17.12,61.1091485,22.1553753,"FI196","FI19",1974,29275
"FI_389","FI",31,"C23",20.13,60.9114068,27.56189,"FI1C5","FI1C",0,0
"FI_420","FI",36,"C16-C18",17.12,61.4772371,23.5005053,"FI197","FI19",4422,12551
"FI_442","FI",24,"C24",24.1,59.8816728,23.2156011,"FI1B1","FI1B",0,0
"FI_465","FI",36,"C16-C18",35.3,60.2573832,24.0529278,"FI1B1","FI1B",0,0
"FI_532","FI",21,"C19-C20",19.2,60.4483885,22.0905073,"FI1C1","FI1C",0,0
"FI_394","FI",36,"C16-C18",17.12,61.4851393,21.7974178,"FI196","FI19",0,24658
"FI_514","FI",32,"C23",23.32,64.0050076,24.7729434,"FI1D9","FI1D",0,0
"FI_438","FI",36,"C16-C18",17.12,60.8138478,24.6259223,"FI1C2","FI1C",46671,41926
"FI_398","FI",36,"C16-C18",17.12,65.002082,25.433642,"FI1D9","FI1D",13930,80091
"FI_437","FI",36,"C16-C18",17.12,63.0682535,28.3410108,"FI1D2","FI1D",0,0
"FI_413","FI",35,"C16-C18",35.11,62.3719401,21.2397368,"FI195","FI19",6222,120435
"FI_431","FI",36,"C16-C18",17.11,62.9587799,27.6881276,"FI1D2","FI1D",90307,78823
"FI_10","FI",30,"C23",23.52,64.6839541,24.4883649,"FI1D9","FI1D",165089,129459
"FI_9","FI",30,"C23",23.52,60.2957159,22.2967328,"FI1C1","FI1C",28145,30076
"FI_11","FI",30,"C23",23.52,60.2604738,24.0656609,"FI1B1","FI1B",72286,43966
"FI_8","FI",30,"C23",23.52,61.9455765,29.0420366,"FI1D1","FI1D",0,0
"FI_423","FI",36,"C16-C18",17.12,60.2546311,24.0484471,"FI1B1","FI1B",0,0
"EE_206959","EE",21,"C19-C20",6.1,59.3538978,26.9534818,"EE00A","EE00",231542,188822
"EE_206191","EE",21,"C19-C20",19.2,59.3186346,27.9158381,"EE00A","EE00",975506,837418
"EE_51","EE",41,"C19-C20",20.15,59.4072054,27.2337047,"EE00A","EE00",0,0
"EE_45","EE",32,"C23",23.32,59.4571061,26.8624644,"EE009","EE00",3037,5031
"EE_42","EE",36,"C16-C18",17.12,59.3406353,25.3368624,"EE001","EE00",4030,66068
"EE_41","EE",32,"C23",23.32,59.4562856,26.8655071,"EE009","EE00",0,0
"EE_43","EE",35,"C16-C18",17.11,59.501988,26.5481615,"EE009","EE00",19628,19642
"EE_40","EE",31,"C23",23.13,58.7785002,24.8154738,"EE009","EE00",31320,23479
"EE_39","EE",32,"C23",23.61,58.0664831,24.5405139,"EE004","EE00",0,0
"EE_37","EE",29,"C23",23.51,59.498865,26.5277378,"EE009","EE00",0,0
"EE_38","EE",30,"C23",23.52,58.986488,26.2451953,"EE009","EE00",0,13367
"DK_354","DK",32,"C23",23.99,56.3755919,10.0433024,"DK042","DK04",59590,65836
"DK_355","DK",32,"C23",23.99,56.382278,10.0835426,"DK042","DK04",0,0
"DK_267","DK",32,"C23",8.99,56.9496183,8.8710578,"DK050","DK05",4472,9238
"DK_337","DK",32,"C23",23.32,55.4853809,8.8044924,"DK032","DK03",12,0
"DK_307","DK",21,"C19-C20",19.2,55.654811,11.103172,"DK022","DK02",532667,407990
"DK_342","DK",29,"C23",23.51,57.0623443,9.9724938,"DK050","DK05",1704342,1675181
"DK_266","DK",32,"C23",8.99,56.8399788,9.0530496,"DK041","DK04",6678,5873
"DK_323","DK",32,"C23",23.32,56.5499812,9.1149361,"DK041","DK04",5537,2971
"DK_338","DK",32,"C23",23.32,56.638489,9.8158913,"DK050","DK05",2936,4981
"DK_333","DK",32,"C23",23.32,54.908074,9.6567551,"DK032","DK03",0,0
"DK_304","DK",36,"C16-C18",17.12,55.9357308,8.5000012,"DK041","DK04",2524,15836
"DK_331","DK",32,"C23",23.32,56.4764474,9.7388642,"DK041","DK04",8475,8880
"DK_317","DK",31,"C23",23.13,55.286556,11.8173888,"DK022","DK02",48047,42954
"DK_302","DK",35,"C16-C18",17.11,55.3621669,10.3761,"DK031","DK03",0,0
"DK_334","DK",32,"C23",23.32,55.2884589,10.0115392,"DK031","DK03",19353,16850
"DK_328","DK",32,"C23",23.32,54.9087334,9.6620725,"DK032","DK03",7247,3945
"DK_325","DK",32,"C23",23.32,56.4804129,9.1719716,"DK041","DK04",0,0
"DK_321","DK",32,"C23",23.32,54.929341,9.6081095,"DK032","DK03",4268,4479
"DK_324","DK",32,"C23",23.32,57.3242078,10.426805,"DK050","DK05",2265,1961
"DK_320","DK",32,"C23",23.32,54.9092483,9.6053433,"DK032","DK03",3375,2814
"CZ_212941","CZ",42,"C19-C20",NA,49.8349058,18.2325933,"CZ080","CZ08",3365,6216
"CZ_208023","CZ",31,"C23",NA,50.401964,13.2227498,"CZ042","CZ04",6899,5454
"CZ_205490","CZ",25,"C24",24.51,49.6897629,18.6470494,"CZ080","CZ08",6352,5915
"CZ_203591","CZ",25,"C24",30.2,49.888535,18.3511474,"CZ080","CZ08",30710,27592
"CZ_202755","CZ",42,"C19-C20",20.16,50.2553041,14.3233625,"CZ020","CZ02",3729,8535
"CZ_201588","CZ",24,"C24",24.1,49.897113,18.3569783,"CZ080","CZ08",0,0
"CZ_415","CZ",31,"C23",23.99,49.9061469,18.3721059,"CZ080","CZ08",37426,25167
"CZ_414","CZ",32,"C23",23.19,50.3702961,14.4655803,"CZ020","CZ02",0,0
"CZ_410","CZ",25,"C24",24.2,49.7963502,18.3031154,"CZ080","CZ08",41000,30130
"CZ_409","CZ",31,"C23",23.11,50.6405412,13.8011176,"CZ042","CZ04",96941,90433
"CZ_392","CZ",32,"C23",35,49.8886953,17.8707724,"CZ080","CZ08",0,0
"CZ_116","CZ",36,"C16-C18",17.12,49.9548783,16.8670939,"CZ071","CZ07",30372,37777
"CZ_115","CZ",31,"C23",17.12,50.5037851,14.7986888,"CZ020","CZ02",0,0
"CZ_114","CZ",24,"C24",24.1,49.6881398,18.6472395,"CZ080","CZ08",2536457,3326092
"CZ_386","CZ",32,"C23",23.99,50.2384849,12.712963,"CZ041","CZ04",20874,16303
"CZ_385","CZ",32,"C23",23.32,49.9500947,16.1782128,"CZ053","CZ05",0,0
"CZ_381","CZ",31,"C23",23.14,48.8377067,16.1686766,"CZ064","CZ06",33334,16824
"CZ_380","CZ",32,"C23",23.32,49.5328999,17.6328423,"CZ071","CZ07",8781,41736
"CZ_105","CZ",42,"C19-C20",20.14,50.2669889,14.5244058,"CZ020","CZ02",45851,52701
"CZ_83","CZ",36,"C16-C18",17.12,50.7239649,15.400455,"CZ051","CZ05",3298,2347
"CZ_365","CZ",32,"C23",23.2,49.0684752,14.3602121,"CZ031","CZ03",0,0
"CZ_80","CZ",24,"C24",24.1,49.7452379,13.3617372,"CZ032","CZ03",0,0
"CZ_75","CZ",29,"C23",23.51,49.5615568,17.7619075,"CZ071","CZ07",427513,546005
"CZ_360","CZ",32,"C23",23.91,49.4928469,16.5164242,"CZ064","CZ06",0,0
"CZ_52","CZ",24,"C24",24.1,49.8130756,18.2557585,"CZ080","CZ08",60082,39471
"CZ_342","CZ",29,"C23",23.51,49.8937948,15.6287211,"CZ053","CZ05",451157,510994
"CZ_340","CZ",21,"C19-C20",19.2,50.2578636,14.3209211,"CZ020","CZ02",517141,306078
"CZ_336","CZ",32,"C23",23.32,49.1650995,14.5770057,"CZ031","CZ03",4785,9394
"CZ_334","CZ",32,"C23",23.32,48.7520903,16.3813139,"CZ064","CZ06",3056,12071
"CZ_24","CZ",24,"C24",24.1,49.6927395,18.332284,"CZ080","CZ08",0,0
"CZ_320","CZ",31,"C23",23.13,49.0046367,17.128425,"CZ064","CZ06",59304,54619
"CZ_319","CZ",31,"C23",23.19,50.6962617,15.2643885,"CZ051","CZ05",7283,6284
"CZ_315","CZ",32,"C23",23.2,50.151878,13.881717,"CZ020","CZ02",14799,8857
"CZ_15","CZ",25,"C24",24.1,48.9847266,14.5066679,"CZ031","CZ03",0,0
"CZ_3","CZ",21,"C19-C20",19.2,50.0429557,15.2096736,"CZ020","CZ02",6,13430
"CZ_312","CZ",31,"C23",23.13,50.1450035,15.1273047,"CZ020","CZ02",5107,4246
"CZ_311","CZ",24,"C24",24.1,50.154723,14.1243951,"CZ020","CZ02",0,0
"CZ_2","CZ",21,"C19-C20",19.2,50.0314167,15.7451779,"CZ053","CZ05",24200,15951
"CZ_310","CZ",32,"C23",23.32,50.0811904,14.5519299,"CZ010","CZ01",0,0
"CZ_300","CZ",32,"C23",23.32,50.370474,14.4734191,"CZ020","CZ02",0,0
"CZ_299","CZ",32,"C23",23.2,49.6977589,18.6411853,"CZ080","CZ08",4443,4294
"CZ_301","CZ",35,"C16-C18",17.12,50.3004094,12.9636912,"CZ041","CZ04",5258,3645
"CZ_268","CZ",32,"C23",23.32,49.6452131,13.1528269,"CZ032","CZ03",8450,7079
"CZ_283","CZ",30,"C23",23.52,49.9055,14.03428,"CZ020","CZ02",230892,251977
"CZ_284","CZ",31,"C23",23.13,49.6665457,15.4152079,"CZ063","CZ06",12657,9303
"CZ_280","CZ",35,"C16-C18",17.11,49.7184008,18.2948698,"CZ080","CZ08",8539,3929
"CZ_279","CZ",31,"C23",23.19,50.5985017,13.751164,"CZ042","CZ04",20548,23364
"CZ_277","CZ",29,"C23",23.51,50.4835333,14.0284401,"CZ042","CZ04",393232,436048
"CZ_278","CZ",30,"C23",23.52,49.585933,18.0952004,"CZ080","CZ08",109470,85648
"CZ_275","CZ",30,"C23",23.52,49.2991346,13.6679517,"CZ032","CZ03",18251,16827
"CZ_276","CZ",30,"C23",23.52,49.8592747,16.948318,"CZ071","CZ07",245936,218235
"CZ_272","CZ",31,"C23",23.14,49.8805056,16.2910839,"CZ053","CZ05",36769,25161
"CZ_266","CZ",32,"C23",23.32,50.4019574,16.0018476,"CZ052","CZ05",0,0
"CZ_263","CZ",31,"C23",23.11,50.6586676,13.8008576,"CZ042","CZ04",21932,16994
"CZ_261","CZ",32,"C23",23.42,49.3040831,14.484309,"CZ031","CZ03",10186,12825
"CZ_262","CZ",31,"C23",23.11,50.6405412,13.8011176,"CZ042","CZ04",186415,171255
"CZ_260","CZ",21,"C19-C20",19.2,50.5575524,13.6035024,"CZ042","CZ04",404764,383695
"CZ_243","CZ",32,"C23",23.32,50.4068403,14.9555669,"CZ020","CZ02",2911,4327
"CZ_237","CZ",31,"C23",23.13,50.2107789,12.7427372,"CZ041","CZ04",52122,35763
"CZ_238","CZ",31,"C23",23.13,50.6664161,13.7949143,"CZ042","CZ04",26342,21795
"CZ_233","CZ",32,"C23",23.19,50.4315043,14.289633,"CZ042","CZ04",6175,9914
"CZ_232","CZ",32,"C23",23.2,49.6088379,16.6921285,"CZ064","CZ06",11987,13503
"CZ_231","CZ",32,"C23",23.2,49.6123705,16.6794739,"CZ064","CZ06",9131,7038
"CZ_185","CZ",24,"C24",24.1,49.8730666,14.2788433,"CZ020","CZ02",0,0
"CY_212200","CY",32,"C23",NA,34.7724293,33.2959772,"CY000","CY00",10039,6920
"CY_210000000000011","CY",32,"C23",23.51,35.0195632,33.4192946,"CY000","CY00",0,0
"CY_210000000000012","CY",32,"C23",23.41,35.0566081,33.3935546,"CY000","CY00",0,0
"CY_210000000000006","CY",32,"C23",23.32,35.022874,33.3947933,"CY000","CY00",0,0
"HR_205122","HR",29,"C23",23.51,45.4604303,18.041881,"HR025","HR04",598547,542717
"HR_205194","HR",21,"C19-C20",19.2,45.2886116,14.5267688,"HR031","HR03",678325,389777
"HR_206173","HR",30,"C23",23.52,45.0609897,14.0451068,"HR036","HR03",0,0
"HR_206092","HR",24,"C24",24.1,43.5475886,16.4230281,"HR035","HR03",0,0
"HR_205956","HR",32,"C23",23.32,45.3070177,18.8136851,"HR026","HR04",6932,5429
"HR_205953","HR",32,"C23",23.32,45.2850652,18.7772824,"HR026","HR04",7591,7162
"HR_205683","HR",30,"C23",23.52,45.5406128,17.2962633,"HR021","HR04",44082,45072
"HR_205681","HR",30,"C23",23.52,44.8065363,15.3216274,"HR032","HR03",0,0
"HR_205677","HR",32,"C23",23.32,46.2592956,16.2054146,"HR062","HR04",10672,9858
"HR_205682","HR",30,"C23",23.52,45.5499694,17.3133304,"HR021","HR04",42597,44335
"HR_205675","HR",32,"C23",23.32,46.2543489,16.3615297,"HR062","HR04",5231,5178
"HR_205570","HR",29,"C23",23.51,44.967027,14.1212476,"HR036","HR03",297114,292337
"HR_205486","HR",31,"C23",23.13,46.2214249,15.7065975,"HR064","HR04",118540,74885
"HR_204403","HR",24,"C24",24.51,45.3358678,17.6835627,"HR023","HR04",0,0
"HR_204341","HR",29,"C23",23.51,44.8638584,13.8263336,"HR036","HR03",111801,80069
"HR_204321","HR",32,"C23",23.31,45.5371238,17.8787565,"HR022","HR04",0,0
"HR_204298","HR",33,"C23",23.99,45.1928971,14.0951466,"HR036","HR03",57830,59382
"HR_204295","HR",24,"C24",24.1,45.4554987,16.3886694,"HR028","HR04",33099,14168
"HR_204107","HR",41,"C19-C20",20.15,45.4684641,16.7898978,"HR028","HR04",344902,363348
"HR_203945","HR",30,"C23",23.52,43.8579903,16.1512783,"HR034","HR03",30111,27926
"HR_205463","HR",29,"C23",23.51,43.5419617,16.4432282,"HR035","HR03",781042,798487
"HR_203883","HR",24,"C24",24.51,46.3203242,16.3228807,"HR062","HR04",0,0
"HR_203867","HR",32,"C23",23.32,46.408134,16.4141211,"HR061","HR04",0,0
"HR_203870","HR",24,"C24",24.51,46.3897383,16.4379653,"HR061","HR04",0,0
"HR_203853","HR",32,"C23",23.32,45.5301704,15.5435218,"HR027","HR04",7231,9493
"BG_223447","BG",36,"C16-C18",NA,43.7030341,24.8343899,"BG314","BG31",0,0
"BG_221254","BG",30,"C23",NA,42.1496343,24.4149143,"BG423","BG42",40724,0
"BG_203535","BG",30,"C23",23.52,42.8550917,23.1020783,"BG412","BG41",0,26915
"BG_206950","BG",32,"C23",23.32,41.9304124,25.9025865,"BG422","BG42",0,0
"BG_206272","BG",36,"C16-C18",17.21,42.733883,25.48583,"BG344","BG34",929,2006
"BG_205828","BG",32,"C23",23.42,43.2999959,27.1499945,"BG333","BG33",7106,8431
"BG_205061","BG",44,"C19-C20",20.13,43.2217497,27.6540855,"BG331","BG33",1386135,1158059
"BG_202843","BG",32,"C23",23.31,43.7979981,25.9053209,"BG323","BG32",12813,15256
"BG_202233","BG",34,"C23",23.62,42.1245317,26.0029063,"BG344","BG34",24622,8085
"BG_202192","BG",34,"C23",23.62,42.2051091,24.1975884,"BG423","BG42",0,10108
"BG_135","BG",32,"C23",23.32,43.30243,25.216414,"BG321","BG32",0,0
"BG_136","BG",21,"C19-C20",19.2,43.1442227,23.6942969,"BG313","BG31",0,0
"BG_118","BG",24,"C24",25.99,42.2922585,25.9366201,"BG344","BG34",0,0
"BG_116","BG",25,"C24",24.1,42.5047926,27.4626361,"BG341","BG34",39117,27766
"BG_115","BG",28,"C24",24.43,41.6297485,25.3943623,"BG425","BG42",0,0
"BG_114","BG",32,"C23",23.32,42.3721693,22.649662,"BG415","BG41",0,0
"BG_112","BG",21,"C19-C20",19.2,42.5047926,27.4626361,"BG341","BG34",1630381,1089947
"BG_107","BG",36,"C16-C18",17.12,42.2625019,23.8287052,"BG412","BG41",0,0
"BG_106","BG",32,"C23",23.31,43.7138022,26.8320772,"BG324","BG32",47902,48265
"BG_105","BG",32,"C23",23.31,43.2496347,26.9088394,"BG333","BG33",28353,27090
"BG_102","BG",24,"C24",24.51,42.4267389,25.6318977,"BG344","BG34",619,283
"BG_100","BG",32,"C23",23.32,42.0167482,25.7214868,"BG422","BG42",0,0
"BG_99","BG",36,"C16-C18",17.12,43.9079199,26.8566102,"BG325","BG32",15849,19721
"BG_98","BG",32,"C23",23.32,43.7016762,28.0396345,"BG332","BG33",0,0
"BG_97","BG",28,"C24",24.43,42.1354079,24.7452904,"BG421","BG42",181230,164792
"BG_96","BG",31,"C23",23.13,43.3487926,27.1923904,"BG333","BG33",23788,18658
"BG_75","BG",32,"C23",23.32,43.2102375,23.5528803,"BG313","BG31",0,0
"BG_73","BG",28,"C24",24.42,43.258482,26.9380326,"BG333","BG33",23339,22710
"BG_70","BG",36,"C16-C18",17.12,42.1380234,24.5420831,"BG421","BG42",41364,40952
"BG_65","BG",24,"C24",24.51,42.4382418,23.8161718,"BG412","BG41",191,0
"BG_64","BG",21,"C19-C20",19.2,42.2646584,24.9422736,"BG421","BG42",7307,14891
"BG_63","BG",24,"C24",24.1,42.5234886,22.9640453,"BG414","BG41",87037,84365
"BG_67","BG",30,"C23",23.52,42.0133722,24.8784393,"BG421","BG42",71328,59715
"BG_62","BG",24,"C24",25.99,42.5442629,22.9615802,"BG414","BG41",106,70
"BG_60","BG",31,"C23",23.13,42.736608,23.329858,"BG411","BG41",75857,33319
"BG_61","BG",32,"C23",23.42,43.0390798,25.1049388,"BG322","BG32",16439,16645
"BG_59","BG",31,"C23",23.13,42.1687465,24.7403342,"BG421","BG42",112579,84858
"BG_39","BG",35,"C16-C18",17.11,43.1442227,23.6942969,"BG313","BG31",9186,20881
"BG_38","BG",32,"C23",23.32,42.2791003,22.7601335,"BG415","BG41",248,253
"BG_37","BG",32,"C23",23.32,42.5625385,27.532597,"BG341","BG34",5862,4471
"BG_35","BG",28,"C24",24.44,42.6977082,23.3218675,"BG411","BG41",21510,18247
"BG_30","BG",32,"C23",23.32,43.2000296,24.1690119,"BG315","BG31",27710,25189
"BG_33","BG",38,"C19-C20",20.15,43.2217497,27.6540855,"BG331","BG33",60813,118910
"BG_19","BG",28,"C24",24.44,42.7033735,24.177048,"BG412","BG41",50625,277143
"BG_20","BG",29,"C23",23.51,43.0918788,24.1504936,"BG315","BG31",355557,377357
"BG_5","BG",31,"C23",23.11,43.2567931,26.5310588,"BG334","BG33",220539,198144
"BE_222421","BE",34,"C23",NA,50.5764567,5.401705,"BE331","BE33",0,0
"BE_220832","BE",42,"C19-C20",NA,51.1835638,3.831382,"BE234","BE23",3068,0
"BE_206955","BE",37,"C19-C20",20.13,51.0700264,4.3489692,"BE212","BE21",68208,36253
"BE_205762","BE",42,"C19-C20",20.13,51.0616978,5.0938483,"BE224","BE22",649,39318
"BE_206066","BE",31,"C23",23.11,51.2163467,5.2865931,"BE225","BE22",0,0
"BE_205761","BE",38,"C19-C20",20.15,51.3639105,4.2529356,"BE211","BE21",0,0
"BE_205760","BE",38,"C19-C20",20.15,51.3639105,4.2529356,"BE211","BE21",0,0
"BE_205759","BE",38,"C19-C20",20.15,51.3639105,4.2529356,"BE211","BE21",0,0
"BE_205743","BE",43,"C19-C20",20.11,51.3639105,4.2529356,"BE211","BE21",344542,265252
"BE_205742","BE",43,"C19-C20",20.11,51.3639105,4.2529356,"BE211","BE21",0,0
"BE_205741","BE",43,"C19-C20",20.11,51.3639105,4.2529356,"BE211","BE21",396310,220425
"BE_205617","BE",42,"C19-C20",20.14,51.1372568,3.7906025,"BE234","BE23",7018,11752
"BE_203896","BE",42,"C19-C20",20.11,51.2801577,4.3340125,"BE211","BE21",4361,43616
"BE_205441","BE",28,"C24",24.42,51.0866561,4.4812079,"BE212","BE21",0,0
"BE_205440","BE",28,"C24",24.42,51.0866561,4.4812079,"BE212","BE21",0,0
"BE_205438","BE",42,"C19-C20",20.16,51.0677411,5.1625424,"BE224","BE22",6169,7838
"BE_204481","BE",42,"C19-C20",20.59,51.2432295,4.3256702,"BE211","BE21",30342,84389
"BE_204158","BE",42,"C19-C20",20.14,51.3639105,4.2529356,"BE211","BE21",40492,119054
"BE_204109","BE",42,"C19-C20",20.14,51.3639105,4.2529356,"BE211","BE21",103026,230528
"BE_204193","BE",42,"C19-C20",20.16,51.2432295,4.3256702,"BE211","BE21",3991,11628
"BE_203916","BE",42,"C19-C20",20.14,51.2801577,4.3340125,"BE211","BE21",24560,91998
"BE_203913","BE",24,"C24",24.1,51.1836104,3.8313483,"BE234","BE23",0,0
"BE_203912","BE",24,"C24",24.1,51.1836104,3.8313483,"BE234","BE23",0,0
"BE_203837","BE",42,"C19-C20",20.14,51.3639105,4.2529356,"BE211","BE21",0,0
"BE_203833","BE",42,"C19-C20",20.14,51.3639105,4.2529356,"BE211","BE21",0,0
"BE_203830","BE",42,"C19-C20",20.14,51.3639105,4.2529356,"BE211","BE21",0,0
"BE_271","BE",32,"C23",23.32,51.0804553,4.4066414,"BE211","BE21",23753,26307
"BE_270","BE",35,"C16-C18",17.11,49.556564,5.5112138,"BE345","BE34",105159,122192
"BE_263","BE",32,"C23",23.32,50.7679446,3.224613,"BE254","BE25",22335,14123
"BE_260","BE",42,"C19-C20",20.14,51.2908962,4.2723796,"BE236","BE23",4783,134424
"BE_244","BE",32,"C23",23.32,50.8602505,5.6252192,"BE223","BE22",11072,9856
"BE_242","BE",29,"C23",23.51,50.4719597,3.9972572,"BE323","BE32",715308,635917
"BE_239","BE",33,"C23",23.14,50.8979466,3.3697907,"BE257","BE25",13523,7621
"BE_245","BE",32,"C23",23.32,51.0659332,5.1599598,"BE224","BE22",0,0
"BE_228","BE",32,"C23",23.32,51.3297157,4.8677126,"BE213","BE21",19455,18815
"BE_223","BE",42,"C19-C20",20.16,51.2418643,4.3756912,"BE211","BE21",25196,21228
"BE_222","BE",42,"C19-C20",20.14,51.2548568,4.3321148,"BE211","BE21",690537,544522
"BE_221","BE",42,"C19-C20",20.16,51.2686825,4.2697553,"BE236","BE23",197006,144356
"BE_167","BE",31,"C23",23.11,50.45572,4.3999668,"BE32B","BE32",0,0
"BE_205","BE",30,"C23",23.52,50.4711149,4.9987562,"BE352","BE35",0,0
"BE_204","BE",25,"C24",25.99,50.609674,5.520468,"BE332","BE33",512,5478
"BE_201","BE",32,"C23",23.32,50.9484937,5.3417641,"BE224","BE22",4421,5009
"BE_194","BE",24,"C24",24.1,50.4080677,4.4183667,"BE32B","BE32",93868,81191
"BE_189","BE",29,"C23",23.51,50.5959744,3.4861512,"BE328","BE32",935281,963982
"BE_192","BE",36,"C16-C18",17.12,50.8810671,5.6339514,"BE223","BE22",86570,97706
"BE_185","BE",32,"C23",23.32,51.3029243,4.6679676,"BE211","BE21",6296,4650
"BE_183","BE",36,"C16-C18",13.95,50.417768,6.0007763,"BE335","BE33",6035,5228
"BE_181","BE",25,"C24",24.1,50.482155,4.1796284,"BE329","BE32",110927,76557
"BE_180","BE",24,"C24",24.1,50.482155,4.1796284,"BE329","BE32",0,0
"BE_179","BE",36,"C16-C18",17.12,51.1097913,3.7335793,"BE234","BE23",160287,135076
"BE_165","BE",31,"C23",23.11,51.1929563,5.1632051,"BE213","BE21",73689,50163
"BE_161","BE",24,"C24",24.1,50.4183604,4.3889634,"BE32B","BE32",0,0
"BE_163","BE",32,"C23",23.32,51.1027224,5.7952302,"BE225","BE22",0,0
"BE_137","BE",25,"C24",24.31,50.8155783,3.3364915,"BE254","BE25",16947,4840
"BE_157","BE",42,"C19-C20",20.16,51.138602,4.9219096,"BE213","BE21",29759,21136
"BE_152","BE",42,"C19-C20",20.14,51.3026272,4.306371,"BE211","BE21",460743,316420
"BE_149","BE",42,"C19-C20",20.13,50.5779398,5.3947535,"BE331","BE33",63210,110204
"BE_107","BE",25,"C24",24.1,50.5860208,5.4470021,"BE332","BE33",0,0
"BE_146","BE",36,"C16-C18",17.12,50.5952421,5.8904119,"BE335","BE33",24892,17189
"BE_141","BE",32,"C23",23.32,50.871119,2.966525,"BE253","BE25",28910,40716
"BE_134","BE",32,"C23",23.32,51.0076339,3.2309771,"BE257","BE25",0,0
"BE_132","BE",32,"C23",23.32,51.1656416,4.1295157,"BE236","BE23",0,0
"BE_127","BE",21,"C19-C20",19.2,51.2737269,4.3269957,"BE211","BE21",3282539,2410510
"BE_125","BE",42,"C19-C20",20.14,50.5448594,4.2304646,"BE32C","BE32",100704,83239
"BE_126","BE",21,"C19-C20",19.2,51.331643,4.2867113,"BE211","BE21",0,0
"BE_124","BE",42,"C19-C20",20.14,51.1158372,4.9878626,"BE213","BE21",175459,301818
"BE_119","BE",30,"C23",23.52,50.5672619,5.3647676,"BE334","BE33",461355,431941
"BE_106","BE",25,"C24",24.1,50.6164586,5.5315613,"BE332","BE33",69,9583
"BE_105","BE",25,"C24",24.1,50.5849529,5.4374918,"BE332","BE33",29118,20226
"BE_104","BE",24,"C24",24.1,50.4116556,4.5257157,"BE32B","BE32",153572,152424
"BE_103","BE",24,"C24",35,50.4116556,4.5257157,"BE32B","BE32",0,0
"BE_122","BE",36,"C16-C18",17.12,51.0870939,4.4927094,"BE212","BE21",24444,23149
"BE_100","BE",32,"C23",23.32,51.4431923,4.7956442,"BE213","BE21",6465,5613
"BE_98","BE",32,"C23",23.32,51.3411401,4.687683,"BE211","BE21",4848,2788
"BE_48","BE",31,"C23",23.11,50.4494875,4.6155289,"BE352","BE35",0,0
"BE_62","BE",42,"C19-C20",20.16,50.4472559,4.6583652,"BE352","BE35",351463,191018
"BE_45","BE",30,"C23",23.52,50.17382,5.28783,"BE343","BE34",368036,289504
"BE_39","BE",28,"C24",24.43,51.1968711,5.2305326,"BE213","BE21",18696,58310
"BE_42","BE",28,"C24",24.43,51.2337551,5.3969737,"BE225","BE22",0,0
"BE_41","BE",28,"C24",24.45,51.1793232,4.8894893,"BE213","BE21",62334,25715
"BE_37","BE",32,"C23",23.32,50.8397866,5.624889,"BE223","BE22",31562,20228
"BE_40","BE",28,"C24",24.43,51.1676871,4.3349951,"BE211","BE21",202979,172058
"BE_35","BE",24,"C24",24.1,50.9351249,5.5085615,"BE224","BE22",111933,134447
"BE_34","BE",32,"C23",23.32,50.726081,2.9255172,"BE328","BE32",0,0
"BE_33","BE",32,"C23",23.32,50.7104665,2.9074079,"BE328","BE32",13680,16280
"BE_32","BE",32,"C23",23.32,50.7104665,2.9074079,"BE328","BE32",22000,23169
"BE_31","BE",32,"C23",23.32,50.5937523,3.5304305,"BE328","BE32",9432,5260
"BE_30","BE",31,"C23",23.13,50.5687546,4.0766659,"BE32C","BE32",0,0
"BE_27","BE",29,"C23",23.51,50.7590734,5.6701958,"BE332","BE33",797850,924773
"BE_26","BE",29,"C23",23.51,50.4125699,4.0187126,"BE323","BE32",0,0
"BE_25","BE",29,"C23",23.51,50.5738012,3.4444914,"BE328","BE32",704458,734862
"BE_630","BE",30,"C23",23.62,51.2700147,4.2610798,"BE236","BE23",32336,8802
"BE_22","BE",25,"C24",24.1,50.6777335,4.2290238,"BE310","BE31",47627,44267
"BE_528","BE",32,"C23",23.32,51.1903338,4.3250629,"BE211","BE21",49491,40208
"BE_21","BE",36,"C16-C18",17.12,50.6414378,4.2380756,"BE310","BE31",0,0
"BE_428","BE",28,"C24",24.44,51.3196354,4.817677,"BE213","BE21",30006,27812
"BE_18","BE",32,"C23",23.32,50.1595134,5.0620298,"BE351","BE35",0,0
"BE_760","BE",42,"C19-C20",20.14,51.2031881,3.8066975,"BE233","BE23",80368,89639
"BE_16","BE",32,"C23",23.32,51.0204333,3.0453144,"BE252","BE25",24607,19799
"BE_14","BE",32,"C23",23.32,50.861261,3.6249664,"BE235","BE23",27017,18540
"BE_11","BE",24,"C24",24.1,51.1836104,3.8313483,"BE234","BE23",0,0
"BE_747","BE",28,"C24",24.44,51.177797,4.8809732,"BE213","BE21",42084,38494
"BE_319","BE",42,"C19-C20",20.14,51.2676857,4.2945699,"BE236","BE23",53621,44871
"BE_320","BE",42,"C19-C20",20.14,51.289362,4.3256813,"BE211","BE21",103633,204719
"BE_306","BE",42,"C19-C20",20.14,51.2111087,2.9778193,"BE255","BE25",35815,55218
"BE_296","BE",31,"C23",23.13,50.4741559,3.893579,"BE323","BE32",31898,22680
"BE_295","BE",31,"C23",23.14,50.6547324,5.7955049,"BE335","BE33",57176,47061
"BE_294","BE",33,"C23",23.14,50.7482779,5.7014127,"BE332","BE33",51885,39591
"BE_289","BE",42,"C19-C20",20.14,51.3149758,4.2893042,"BE211","BE21",186768,155209
"BE_288","BE",24,"C24",24.1,50.4072386,4.4387602,"BE32B","BE32",0,0
"BE_284","BE",24,"C24",24.1,50.4072386,4.4387602,"BE32B","BE32",0,0
"AT_221968","AT",34,"C23",NA,47.5682646,14.2101752,"AT222","AT22",0,0
"AT_207647","AT",42,"C19-C20",NA,48.287186,14.323669,"AT312","AT31",65248,58036
"AT_206157","AT",36,"C16-C18",17.12,47.9753394,13.6153359,"AT315","AT31",1104,24361
"AT_205911","AT",34,"C23",23.62,47.5682273,14.2101975,"AT222","AT22",0,0
"AT_205668","AT",25,"C24",24.1,47.5836005,15.7190607,"AT223","AT22",9726,9880
"AT_205701","AT",25,"C24",25.5,47.445354,15.2829018,"AT223","AT22",13105,2643
"AT_205363","AT",41,"C19-C20",20.15,48.287186,14.323669,"AT312","AT31",803052,752766
"AT_202778","AT",30,"C23",8.99,47.4704661,15.1145347,"AT223","AT22",41977,37303
"AT_202703","AT",25,"C24",24.2,47.4968141,15.4230294,"AT223","AT22",61466,50462
"AT_202677","AT",28,"C24",24.44,47.4304834,11.8737282,"AT335","AT33",31555,26307
"AT_201866","AT",27,"C24",24.42,48.226968,13.0323229,"AT311","AT31",62860,49806
"AT_201690","AT",25,"C24",24.1,47.3797905,15.0597356,"AT223","AT22",45833,33455
"AT_201691","AT",25,"C24",24.1,47.3902249,15.0438552,"AT223","AT22",35183,29707
"AT_236","AT",38,"C19-C20",20.15,48.287186,14.323669,"AT312","AT31",27802,120187
"AT_208","AT",24,"C24",24.1,48.2786073,14.3197919,"AT312","AT31",0,0
"AT_178","AT",32,"C23",23.32,47.4345534,9.6587802,"AT342","AT34",4107,4288
"AT_7","AT",32,"C23",23.32,48.371804,14.0163896,"AT312","AT31",5546,12671
"AT_180","AT",31,"C23",23.14,48.3933156,16.1883241,"AT126","AT12",0,0
"AT_174","AT",32,"C23",23.32,46.9490804,15.6841174,"AT224","AT22",3438,5462
"AT_160","AT",36,"C16-C18",17.12,46.8701799,14.8769034,"AT213","AT21",59624,101801
"AT_172","AT",35,"C16-C18",17.11,47.2161442,14.5906776,"AT226","AT22",48119,71969
"AT_182","AT",31,"C23",23.13,47.0672276,15.0788477,"AT225","AT22",48170,35400
"AT_173","AT",30,"C23",23.52,47.5490582,10.6397957,"AT331","AT33",41174,25245
"AT_156","AT",29,"C23",23.51,47.5490582,10.6397957,"AT331","AT33",133131,145667
"AT_158","AT",36,"C16-C18",17.12,47.3969568,15.1512399,"AT223","AT22",2355,3102
"AT_166","AT",36,"C16-C18",17.12,47.6090236,16.1228151,"AT122","AT12",2660,2725
"AT_169","AT",36,"C16-C18",17.12,47.8946001,15.9732505,"AT122","AT12",70711,37952
"AT_147","AT",35,"C16-C18",20.6,47.9770024,13.6216414,"AT315","AT31",101429,330187
"AT_167","AT",36,"C16-C18",17.12,47.2183504,9.6392784,"AT342","AT34",23442,27456
"AT_144","AT",36,"C16-C18",17.12,47.2850753,15.3118446,"AT221","AT22",0,0
"AT_146","AT",32,"C23",23.32,48.2963521,14.001356,"AT312","AT31",11666,13185
"AT_143","AT",32,"C23",23.2,48.2061257,15.1645718,"AT121","AT12",8185,5939
"AT_141","AT",32,"C23",23.32,48.1484123,14.2186654,"AT312","AT31",2154,1689
"AT_139","AT",24,"C24",24.1,47.445354,15.2829018,"AT223","AT22",123241,87706
"AT_138","AT",36,"C16-C18",17.12,47.7060029,16.1743538,"AT122","AT12",124597,99306
"AT_17","AT",30,"C23",23.52,48.2786073,14.3197919,"AT312","AT31",314223,256991
"AT_126","AT",35,"C16-C18",17.12,47.4153119,15.2769543,"AT223","AT22",24211,34145
"AT_124","AT",36,"C16-C18",17.12,47.70287,15.81747,"AT122","AT12",0,0
"AT_125","AT",36,"C16-C18",17.12,47.2787925,15.3271734,"AT221","AT22",127478,119556
"AT_40","AT",32,"C23",23.32,48.1365656,13.5412606,"AT311","AT31",0,0
"AT_24","AT",29,"C23",23.51,47.8736795,16.085401,"AT122","AT12",301591,287339
"AT_14","AT",22,"C19-C20",24.1,48.2786073,14.3197919,"AT312","AT31",0,0
"AT_23","AT",30,"C23",23.52,47.8736795,16.085401,"AT122","AT12",116925,102187
"AT_107","AT",32,"C23",23.32,46.74626,14.79058,"AT213","AT21",7792,9245
"AT_57","AT",30,"C23",23.52,47.2148839,15.3445597,"AT221","AT22",74752,64619
"AT_13","AT",24,"C24",24.1,47.3797905,15.0597356,"AT223","AT22",2742027,2085854
"AT_55","AT",29,"C23",23.51,46.8478815,14.5331771,"AT213","AT21",319325,364780
"AT_56","AT",29,"C23",23.51,47.2148839,15.3445597,"AT221","AT22",0,0
"AT_115","AT",32,"C23",23.32,47.0508847,16.0672842,"AT224","AT22",0,0
"AT_117","AT",32,"C23",23.32,47.4441179,16.0671225,"AT224","AT22",0,0
"AT_116","AT",32,"C23",23.32,48.2063805,13.9748923,"AT312","AT31",13677,23144
"AT_113","AT",32,"C23",23.32,48.1115518,16.35598,"AT127","AT12",23964,24198
"AT_66","AT",32,"C23",23.32,47.3537153,16.1335074,"AT113","AT11",7282,7499
"AT_112","AT",32,"C23",23.32,48.4972038,16.1222821,"AT125","AT12",8603,15533
"AT_119","AT",32,"C23",23.32,48.1521053,13.1110635,"AT311","AT31",3376,6469
"AT_111","AT",32,"C23",23.32,47.1985647,14.8397773,"AT226","AT22",0,0
"AT_77","AT",30,"C23",8.99,47.3897053,15.4378759,"AT223","AT22",191107,221555
"AT_75","AT",32,"C23",23.2,47.578,15.492,"AT223","AT22",10060,10920
"AT_74","AT",32,"C23",23.2,47.4880819,14.4893233,"AT222","AT22",0,0
"AT_72","AT",30,"C23",23.2,47.4693113,12.6310584,"AT335","AT33",288738,199588
"AT_73","AT",32,"C23",23.2,46.7987353,13.6964012,"AT212","AT21",50657,57972
"AT_67","AT",32,"C23",23.32,46.9711233,15.3914638,"AT221","AT22",0,0
"AT_82","AT",36,"C16-C18",17.12,47.2969401,11.5903582,"AT332","AT33",20207,18111
"AT_109","AT",32,"C23",23.32,47.1360819,14.3629505,"AT226","AT22",0,0
"AT_120","AT",35,"C16-C18",17.11,47.6752175,13.1104133,"AT323","AT32",3078,64513
"AT_87","AT",36,"C16-C18",17.12,48.1831442,14.2586082,"AT312","AT31",42167,71453
"AT_26","AT",21,"C19-C20",19.2,48.1481771,16.4947191,"AT127","AT12",2579589,1683799
"AT_31","AT",29,"C23",23.51,47.9167658,13.7707042,"AT315","AT31",259261,289845
"AT_121","AT",32,"C23",23.44,46.9393677,16.0185659,"AT224","AT22",1294,7808
"AT_61","AT",29,"C23",23.51,46.735433,15.5725231,"AT225","AT22",262865,272986
"AT_42","AT",30,"C23",23.52,48.5281053,16.3810317,"AT126","AT12",18643,21171
"AT_91","AT",29,"C23",23.51,47.9073116,14.1172553,"AT314","AT31",190250,208502
"AT_63","AT",29,"C23",23.51,47.9798434,16.6029924,"AT127","AT12",496219,521215
"AT_53","AT",42,"C19-C20",20.16,48.4068445,15.6324698,"AT124","AT12",16194,15830
"AT_3","AT",32,"C23",23.32,48.2192978,13.5057929,"AT311","AT31",1385,4366
